timestamp,id_segmen,direction,speed_kmh,free_flow_speed_kmh,volume_veh_per_jam,congestion_index,source,quality_flag,is_simulation
2026-09-01T06:00:00+07:00,S00,forward,24.2,30,141,0.35,SURVEI_SIMULASI,ok,True
2026-09-01T07:00:00+07:00,S00,forward,19.2,30,263,0.66,SURVEI_SIMULASI,ok,True
2026-09-01T08:00:00+07:00,S00,forward,20.3,30,235,0.59,SURVEI_SIMULASI,ok,True
2026-09-01T09:00:00+07:00,S00,forward,19.2,30,263,0.66,SURVEI_SIMULASI,ok,True
2026-09-01T10:00:00+07:00,S00,forward,23.8,30,151,0.38,SURVEI_SIMULASI,ok,True
2026-09-01T11:00:00+07:00,S00,forward,23.7,30,154,0.38,SURVEI_SIMULASI,ok,True
2026-09-01T12:00:00+07:00,S00,forward,23.9,30,148,0.37,SURVEI_SIMULASI,ok,True
2026-09-01T13:00:00+07:00,S00,forward,24.9,30,123,0.31,SURVEI_SIMULASI,ok,True
2026-09-01T14:00:00+07:00,S00,forward,24.2,30,142,0.35,SURVEI_SIMULASI,ok,True
2026-09-01T15:00:00+07:00,S00,forward,24.4,30,135,0.34,SURVEI_SIMULASI,ok,True
2026-09-01T16:00:00+07:00,S00,forward,20.2,30,238,0.6,SURVEI_SIMULASI,ok,True
2026-09-01T17:00:00+07:00,S00,forward,21.5,30,206,0.52,SURVEI_SIMULASI,ok,True
2026-09-01T18:00:00+07:00,S00,forward,21.5,30,206,0.52,SURVEI_SIMULASI,ok,True
2026-09-01T19:00:00+07:00,S00,forward,20.4,30,233,0.58,SURVEI_SIMULASI,ok,True
2026-09-02T06:00:00+07:00,S00,forward,23.5,30,158,0.4,SURVEI_SIMULASI,ok,True
2026-09-02T07:00:00+07:00,S00,forward,20.8,30,223,0.56,SURVEI_SIMULASI,ok,True
2026-09-02T08:00:00+07:00,S00,forward,19.8,30,247,0.62,SURVEI_SIMULASI,ok,True
2026-09-02T09:00:00+07:00,S00,forward,20.0,30,242,0.6,SURVEI_SIMULASI,ok,True
2026-09-02T10:00:00+07:00,S00,forward,24.0,30,147,0.37,SURVEI_SIMULASI,ok,True
2026-09-02T11:00:00+07:00,S00,forward,23.7,30,152,0.38,SURVEI_SIMULASI,ok,True
2026-09-02T12:00:00+07:00,S00,forward,24.6,30,132,0.33,SURVEI_SIMULASI,ok,True
2026-09-02T13:00:00+07:00,S00,forward,24.5,30,132,0.33,SURVEI_SIMULASI,ok,True
2026-09-02T14:00:00+07:00,S00,forward,24.3,30,137,0.34,SURVEI_SIMULASI,ok,True
2026-09-02T15:00:00+07:00,S00,forward,24.4,30,136,0.34,SURVEI_SIMULASI,ok,True
2026-09-02T16:00:00+07:00,S00,forward,20.5,30,231,0.58,SURVEI_SIMULASI,ok,True
2026-09-02T17:00:00+07:00,S00,forward,20.6,30,227,0.57,SURVEI_SIMULASI,ok,True
2026-09-02T18:00:00+07:00,S00,forward,20.4,30,233,0.58,SURVEI_SIMULASI,ok,True
2026-09-02T19:00:00+07:00,S00,forward,20.0,30,243,0.61,SURVEI_SIMULASI,ok,True
2026-09-08T06:00:00+07:00,S00,forward,23.4,30,160,0.4,SURVEI_SIMULASI,ok,True
2026-09-08T07:00:00+07:00,S00,forward,19.6,30,252,0.63,SURVEI_SIMULASI,ok,True
2026-09-08T08:00:00+07:00,S00,forward,20.7,30,226,0.56,SURVEI_SIMULASI,ok,True
2026-09-08T09:00:00+07:00,S00,forward,20.8,30,223,0.56,SURVEI_SIMULASI,ok,True
2026-09-08T10:00:00+07:00,S00,forward,24.0,30,146,0.37,SURVEI_SIMULASI,ok,True
2026-09-08T11:00:00+07:00,S00,forward,23.9,30,149,0.37,SURVEI_SIMULASI,ok,True
2026-09-08T12:00:00+07:00,S00,forward,24.7,30,129,0.32,SURVEI_SIMULASI,ok,True
2026-09-08T13:00:00+07:00,S00,forward,24.9,30,124,0.31,SURVEI_SIMULASI,ok,True
2026-09-08T14:00:00+07:00,S00,forward,23.7,30,154,0.38,SURVEI_SIMULASI,ok,True
2026-09-08T15:00:00+07:00,S00,forward,23.7,30,153,0.38,SURVEI_SIMULASI,ok,True
2026-09-08T16:00:00+07:00,S00,forward,20.7,30,225,0.56,SURVEI_SIMULASI,ok,True
2026-09-08T17:00:00+07:00,S00,forward,21.5,30,205,0.51,SURVEI_SIMULASI,ok,True
2026-09-08T18:00:00+07:00,S00,forward,20.0,30,243,0.61,SURVEI_SIMULASI,ok,True
2026-09-08T19:00:00+07:00,S00,forward,21.1,30,217,0.54,SURVEI_SIMULASI,ok,True
2026-09-09T06:00:00+07:00,S00,forward,23.8,30,151,0.38,SURVEI_SIMULASI,ok,True
2026-09-09T07:00:00+07:00,S00,forward,20.5,30,230,0.58,SURVEI_SIMULASI,ok,True
2026-09-09T08:00:00+07:00,S00,forward,20.2,30,238,0.59,SURVEI_SIMULASI,ok,True
2026-09-09T09:00:00+07:00,S00,forward,19.2,30,263,0.66,SURVEI_SIMULASI,ok,True
2026-09-09T10:00:00+07:00,S00,forward,23.7,30,152,0.38,SURVEI_SIMULASI,ok,True
2026-09-09T11:00:00+07:00,S00,forward,23.6,30,156,0.39,SURVEI_SIMULASI,ok,True
2026-09-09T12:00:00+07:00,S00,forward,24.6,30,130,0.33,SURVEI_SIMULASI,ok,True
2026-09-09T13:00:00+07:00,S00,forward,24.0,30,146,0.37,SURVEI_SIMULASI,ok,True
2026-09-09T14:00:00+07:00,S00,forward,23.6,30,156,0.39,SURVEI_SIMULASI,ok,True
2026-09-09T15:00:00+07:00,S00,forward,23.9,30,147,0.37,SURVEI_SIMULASI,ok,True
2026-09-09T16:00:00+07:00,S00,forward,20.6,30,228,0.57,SURVEI_SIMULASI,ok,True
2026-09-09T17:00:00+07:00,S00,forward,20.6,30,229,0.57,SURVEI_SIMULASI,ok,True
2026-09-09T18:00:00+07:00,S00,forward,20.5,30,230,0.57,SURVEI_SIMULASI,ok,True
2026-09-09T19:00:00+07:00,S00,forward,20.2,30,237,0.59,SURVEI_SIMULASI,ok,True
2026-09-03T06:00:00+07:00,S00,forward,24.1,30,143,0.36,SURVEI_SIMULASI,ok,True
2026-09-03T07:00:00+07:00,S00,forward,19.9,30,244,0.61,SURVEI_SIMULASI,ok,True
2026-09-03T08:00:00+07:00,S00,forward,20.6,30,229,0.57,SURVEI_SIMULASI,ok,True
2026-09-03T09:00:00+07:00,S00,forward,20.3,30,234,0.58,SURVEI_SIMULASI,ok,True
2026-09-03T10:00:00+07:00,S00,forward,23.9,30,147,0.37,SURVEI_SIMULASI,ok,True
2026-09-03T11:00:00+07:00,S00,forward,24.2,30,141,0.35,SURVEI_SIMULASI,ok,True
2026-09-03T12:00:00+07:00,S00,forward,24.8,30,127,0.32,SURVEI_SIMULASI,ok,True
2026-09-03T13:00:00+07:00,S00,forward,24.4,30,136,0.34,SURVEI_SIMULASI,ok,True
2026-09-03T14:00:00+07:00,S00,forward,23.7,30,153,0.38,SURVEI_SIMULASI,ok,True
2026-09-03T15:00:00+07:00,S00,forward,23.6,30,156,0.39,SURVEI_SIMULASI,ok,True
2026-09-03T16:00:00+07:00,S00,forward,11.5,30,317,0.79,SURVEI_SIMULASI,penerima_pengalihan,True
2026-09-03T17:00:00+07:00,S00,forward,12.4,30,283,0.71,SURVEI_SIMULASI,penerima_pengalihan,True
2026-09-03T18:00:00+07:00,S00,forward,20.0,30,242,0.6,SURVEI_SIMULASI,ok,True
2026-09-03T19:00:00+07:00,S00,forward,20.2,30,238,0.59,SURVEI_SIMULASI,ok,True
2026-09-04T06:00:00+07:00,S00,forward,24.4,30,136,0.34,SURVEI_SIMULASI,ok,True
2026-09-04T07:00:00+07:00,S00,forward,20.8,30,224,0.56,SURVEI_SIMULASI,ok,True
2026-09-04T08:00:00+07:00,S00,forward,19.4,30,256,0.64,SURVEI_SIMULASI,ok,True
2026-09-04T09:00:00+07:00,S00,forward,20.3,30,236,0.59,SURVEI_SIMULASI,ok,True
2026-09-04T10:00:00+07:00,S00,forward,24.3,30,139,0.35,SURVEI_SIMULASI,ok,True
2026-09-04T11:00:00+07:00,S00,forward,23.6,30,156,0.39,SURVEI_SIMULASI,ok,True
2026-09-04T12:00:00+07:00,S00,forward,23.9,30,147,0.37,SURVEI_SIMULASI,ok,True
2026-09-04T13:00:00+07:00,S00,forward,24.5,30,134,0.34,SURVEI_SIMULASI,ok,True
2026-09-04T14:00:00+07:00,S00,forward,23.7,30,153,0.38,SURVEI_SIMULASI,ok,True
2026-09-04T15:00:00+07:00,S00,forward,24.0,30,147,0.37,SURVEI_SIMULASI,ok,True
2026-09-04T16:00:00+07:00,S00,forward,11.2,30,326,0.82,SURVEI_SIMULASI,penerima_pengalihan,True
2026-09-04T17:00:00+07:00,S00,forward,11.1,30,331,0.83,SURVEI_SIMULASI,penerima_pengalihan,True
2026-09-04T18:00:00+07:00,S00,forward,20.4,30,232,0.58,SURVEI_SIMULASI,ok,True
2026-09-04T19:00:00+07:00,S00,forward,20.0,30,243,0.61,SURVEI_SIMULASI,ok,True
2026-09-05T06:00:00+07:00,S00,forward,24.2,30,140,0.35,SURVEI_SIMULASI,ok,True
2026-09-05T07:00:00+07:00,S00,forward,20.0,30,242,0.6,SURVEI_SIMULASI,ok,True
2026-09-05T08:00:00+07:00,S00,forward,20.8,30,223,0.56,SURVEI_SIMULASI,ok,True
2026-09-05T09:00:00+07:00,S00,forward,20.8,30,223,0.56,SURVEI_SIMULASI,ok,True
2026-09-05T10:00:00+07:00,S00,forward,24.0,30,145,0.36,SURVEI_SIMULASI,ok,True
2026-09-05T11:00:00+07:00,S00,forward,23.5,30,158,0.39,SURVEI_SIMULASI,ok,True
2026-09-05T12:00:00+07:00,S00,forward,24.2,30,141,0.35,SURVEI_SIMULASI,ok,True
2026-09-05T13:00:00+07:00,S00,forward,23.9,30,147,0.37,SURVEI_SIMULASI,ok,True
2026-09-05T14:00:00+07:00,S00,forward,23.3,30,161,0.4,SURVEI_SIMULASI,ok,True
2026-09-05T15:00:00+07:00,S00,forward,23.3,30,163,0.41,SURVEI_SIMULASI,ok,True
2026-09-05T16:00:00+07:00,S00,forward,12.3,30,290,0.72,SURVEI_SIMULASI,penerima_pengalihan,True
2026-09-05T17:00:00+07:00,S00,forward,12.0,30,300,0.75,SURVEI_SIMULASI,penerima_pengalihan,True
2026-09-05T18:00:00+07:00,S00,forward,20.3,30,234,0.58,SURVEI_SIMULASI,ok,True
2026-09-05T19:00:00+07:00,S00,forward,20.5,30,230,0.57,SURVEI_SIMULASI,ok,True
2026-09-06T06:00:00+07:00,S00,forward,24.3,30,138,0.35,SURVEI_SIMULASI,ok,True
2026-09-06T07:00:00+07:00,S00,forward,21.2,30,213,0.53,SURVEI_SIMULASI,ok,True
2026-09-06T08:00:00+07:00,S00,forward,21.4,30,208,0.52,SURVEI_SIMULASI,ok,True
2026-09-06T09:00:00+07:00,S00,forward,21.0,30,218,0.55,SURVEI_SIMULASI,ok,True
2026-09-06T10:00:00+07:00,S00,forward,24.5,30,133,0.33,SURVEI_SIMULASI,ok,True
2026-09-06T11:00:00+07:00,S00,forward,24.4,30,137,0.34,SURVEI_SIMULASI,ok,True
2026-09-06T12:00:00+07:00,S00,forward,25.4,30,111,0.28,SURVEI_SIMULASI,ok,True
2026-09-06T13:00:00+07:00,S00,forward,25.1,30,118,0.29,SURVEI_SIMULASI,ok,True
2026-09-06T14:00:00+07:00,S00,forward,25.0,30,122,0.3,SURVEI_SIMULASI,ok,True
2026-09-06T15:00:00+07:00,S00,forward,24.4,30,136,0.34,SURVEI_SIMULASI,ok,True
2026-09-06T16:00:00+07:00,S00,forward,11.9,30,304,0.76,SURVEI_SIMULASI,penerima_pengalihan,True
2026-09-06T17:00:00+07:00,S00,forward,12.0,30,299,0.75,SURVEI_SIMULASI,penerima_pengalihan,True
2026-09-06T18:00:00+07:00,S00,forward,21.3,30,211,0.53,SURVEI_SIMULASI,ok,True
2026-09-06T19:00:00+07:00,S00,forward,21.4,30,208,0.52,SURVEI_SIMULASI,ok,True
2026-09-07T06:00:00+07:00,S00,forward,23.9,30,148,0.37,SURVEI_SIMULASI,ok,True
2026-09-07T07:00:00+07:00,S00,forward,21.5,30,207,0.52,SURVEI_SIMULASI,ok,True
2026-09-07T08:00:00+07:00,S00,forward,20.9,30,221,0.55,SURVEI_SIMULASI,ok,True
2026-09-07T09:00:00+07:00,S00,forward,21.0,30,217,0.54,SURVEI_SIMULASI,ok,True
2026-09-07T10:00:00+07:00,S00,forward,24.9,30,124,0.31,SURVEI_SIMULASI,ok,True
2026-09-07T11:00:00+07:00,S00,forward,23.9,30,147,0.37,SURVEI_SIMULASI,ok,True
2026-09-07T12:00:00+07:00,S00,forward,24.5,30,133,0.33,SURVEI_SIMULASI,ok,True
2026-09-07T13:00:00+07:00,S00,forward,25.1,30,120,0.3,SURVEI_SIMULASI,ok,True
2026-09-07T14:00:00+07:00,S00,forward,24.7,30,128,0.32,SURVEI_SIMULASI,ok,True
2026-09-07T15:00:00+07:00,S00,forward,24.0,30,144,0.36,SURVEI_SIMULASI,ok,True
2026-09-07T16:00:00+07:00,S00,forward,13.1,30,260,0.65,SURVEI_SIMULASI,penerima_pengalihan,True
2026-09-07T17:00:00+07:00,S00,forward,12.2,30,292,0.73,SURVEI_SIMULASI,penerima_pengalihan,True
2026-09-07T18:00:00+07:00,S00,forward,21.5,30,207,0.52,SURVEI_SIMULASI,ok,True
2026-09-07T19:00:00+07:00,S00,forward,21.8,30,198,0.49,SURVEI_SIMULASI,ok,True
2026-09-01T06:00:00+07:00,S00,reverse,24.1,30,143,0.36,SURVEI_SIMULASI,ok,True
2026-09-01T07:00:00+07:00,S00,reverse,19.3,30,259,0.65,SURVEI_SIMULASI,ok,True
2026-09-01T08:00:00+07:00,S00,reverse,19.3,30,260,0.65,SURVEI_SIMULASI,ok,True
2026-09-01T09:00:00+07:00,S00,reverse,20.0,30,242,0.6,SURVEI_SIMULASI,ok,True
2026-09-01T10:00:00+07:00,S00,reverse,23.6,30,155,0.39,SURVEI_SIMULASI,ok,True
2026-09-01T11:00:00+07:00,S00,reverse,24.3,30,137,0.34,SURVEI_SIMULASI,ok,True
2026-09-01T12:00:00+07:00,S00,reverse,24.7,30,128,0.32,SURVEI_SIMULASI,ok,True
2026-09-01T13:00:00+07:00,S00,reverse,24.6,30,130,0.32,SURVEI_SIMULASI,ok,True
2026-09-01T14:00:00+07:00,S00,reverse,23.8,30,151,0.38,SURVEI_SIMULASI,ok,True
2026-09-01T15:00:00+07:00,S00,reverse,24.2,30,140,0.35,SURVEI_SIMULASI,ok,True
2026-09-01T16:00:00+07:00,S00,reverse,21.2,30,214,0.53,SURVEI_SIMULASI,ok,True
2026-09-01T17:00:00+07:00,S00,reverse,20.0,30,241,0.6,SURVEI_SIMULASI,ok,True
2026-09-01T18:00:00+07:00,S00,reverse,20.1,30,240,0.6,SURVEI_SIMULASI,ok,True
2026-09-01T19:00:00+07:00,S00,reverse,20.3,30,234,0.58,SURVEI_SIMULASI,ok,True
2026-09-02T06:00:00+07:00,S00,reverse,24.2,30,141,0.35,SURVEI_SIMULASI,ok,True
2026-09-02T07:00:00+07:00,S00,reverse,19.1,30,263,0.66,SURVEI_SIMULASI,ok,True
2026-09-02T08:00:00+07:00,S00,reverse,20.1,30,239,0.6,SURVEI_SIMULASI,ok,True
2026-09-02T09:00:00+07:00,S00,reverse,19.8,30,247,0.62,SURVEI_SIMULASI,ok,True
2026-09-02T10:00:00+07:00,S00,reverse,24.4,30,137,0.34,SURVEI_SIMULASI,ok,True
2026-09-02T11:00:00+07:00,S00,reverse,24.3,30,138,0.35,SURVEI_SIMULASI,ok,True
2026-09-02T12:00:00+07:00,S00,reverse,24.8,30,127,0.32,SURVEI_SIMULASI,ok,True
2026-09-02T13:00:00+07:00,S00,reverse,24.7,30,129,0.32,SURVEI_SIMULASI,ok,True
2026-09-02T14:00:00+07:00,S00,reverse,23.6,30,154,0.39,SURVEI_SIMULASI,ok,True
2026-09-02T15:00:00+07:00,S00,reverse,23.5,30,159,0.4,SURVEI_SIMULASI,ok,True
2026-09-02T16:00:00+07:00,S00,reverse,21.0,30,218,0.55,SURVEI_SIMULASI,ok,True
2026-09-02T17:00:00+07:00,S00,reverse,21.1,30,217,0.54,SURVEI_SIMULASI,ok,True
2026-09-02T18:00:00+07:00,S00,reverse,20.4,30,234,0.58,SURVEI_SIMULASI,ok,True
2026-09-02T19:00:00+07:00,S00,reverse,21.6,30,205,0.51,SURVEI_SIMULASI,ok,True
2026-09-08T06:00:00+07:00,S00,reverse,23.8,30,150,0.38,SURVEI_SIMULASI,ok,True
2026-09-08T07:00:00+07:00,S00,reverse,19.9,30,246,0.61,SURVEI_SIMULASI,ok,True
2026-09-08T08:00:00+07:00,S00,reverse,20.0,30,243,0.61,SURVEI_SIMULASI,ok,True
2026-09-08T09:00:00+07:00,S00,reverse,20.5,30,229,0.57,SURVEI_SIMULASI,ok,True
2026-09-08T10:00:00+07:00,S00,reverse,23.9,30,148,0.37,SURVEI_SIMULASI,ok,True
2026-09-08T11:00:00+07:00,S00,reverse,24.1,30,143,0.36,SURVEI_SIMULASI,ok,True
2026-09-08T12:00:00+07:00,S00,reverse,25.0,30,122,0.3,SURVEI_SIMULASI,ok,True
2026-09-08T13:00:00+07:00,S00,reverse,24.6,30,130,0.33,SURVEI_SIMULASI,ok,True
2026-09-08T14:00:00+07:00,S00,reverse,24.3,30,138,0.34,SURVEI_SIMULASI,ok,True
2026-09-08T15:00:00+07:00,S00,reverse,24.3,30,138,0.35,SURVEI_SIMULASI,ok,True
2026-09-08T16:00:00+07:00,S00,reverse,20.3,30,235,0.59,SURVEI_SIMULASI,ok,True
2026-09-08T17:00:00+07:00,S00,reverse,20.8,30,223,0.56,SURVEI_SIMULASI,ok,True
2026-09-08T18:00:00+07:00,S00,reverse,20.6,30,227,0.57,SURVEI_SIMULASI,ok,True
2026-09-08T19:00:00+07:00,S00,reverse,20.0,30,242,0.61,SURVEI_SIMULASI,ok,True
2026-09-09T06:00:00+07:00,S00,reverse,23.3,30,162,0.41,SURVEI_SIMULASI,ok,True
2026-09-09T07:00:00+07:00,S00,reverse,19.9,30,245,0.61,SURVEI_SIMULASI,ok,True
2026-09-09T08:00:00+07:00,S00,reverse,19.5,30,255,0.64,SURVEI_SIMULASI,ok,True
2026-09-09T09:00:00+07:00,S00,reverse,19.4,30,256,0.64,SURVEI_SIMULASI,ok,True
2026-09-09T10:00:00+07:00,S00,reverse,23.6,30,155,0.39,SURVEI_SIMULASI,ok,True
2026-09-09T11:00:00+07:00,S00,reverse,24.4,30,136,0.34,SURVEI_SIMULASI,ok,True
2026-09-09T12:00:00+07:00,S00,reverse,24.9,30,124,0.31,SURVEI_SIMULASI,ok,True
2026-09-09T13:00:00+07:00,S00,reverse,24.5,30,132,0.33,SURVEI_SIMULASI,ok,True
2026-09-09T14:00:00+07:00,S00,reverse,23.4,30,161,0.4,SURVEI_SIMULASI,ok,True
2026-09-09T15:00:00+07:00,S00,reverse,23.4,30,161,0.4,SURVEI_SIMULASI,ok,True
2026-09-09T16:00:00+07:00,S00,reverse,20.5,30,230,0.57,SURVEI_SIMULASI,ok,True
2026-09-09T17:00:00+07:00,S00,reverse,21.2,30,213,0.53,SURVEI_SIMULASI,ok,True
2026-09-09T18:00:00+07:00,S00,reverse,21.4,30,210,0.52,SURVEI_SIMULASI,ok,True
2026-09-09T19:00:00+07:00,S00,reverse,19.9,30,245,0.61,SURVEI_SIMULASI,ok,True
2026-09-03T06:00:00+07:00,S00,reverse,24.1,30,142,0.35,SURVEI_SIMULASI,ok,True
2026-09-03T07:00:00+07:00,S00,reverse,20.4,30,232,0.58,SURVEI_SIMULASI,ok,True
2026-09-03T08:00:00+07:00,S00,reverse,19.7,30,249,0.62,SURVEI_SIMULASI,ok,True
2026-09-03T09:00:00+07:00,S00,reverse,19.8,30,247,0.62,SURVEI_SIMULASI,ok,True
2026-09-03T10:00:00+07:00,S00,reverse,23.2,30,165,0.41,SURVEI_SIMULASI,ok,True
2026-09-03T11:00:00+07:00,S00,reverse,24.4,30,136,0.34,SURVEI_SIMULASI,ok,True
2026-09-03T12:00:00+07:00,S00,reverse,24.5,30,133,0.33,SURVEI_SIMULASI,ok,True
2026-09-03T13:00:00+07:00,S00,reverse,24.1,30,142,0.36,SURVEI_SIMULASI,ok,True
2026-09-03T14:00:00+07:00,S00,reverse,23.5,30,157,0.39,SURVEI_SIMULASI,ok,True
2026-09-03T15:00:00+07:00,S00,reverse,24.3,30,138,0.34,SURVEI_SIMULASI,ok,True
2026-09-03T16:00:00+07:00,S00,reverse,11.9,30,303,0.76,SURVEI_SIMULASI,penerima_pengalihan,True
2026-09-03T17:00:00+07:00,S00,reverse,11.7,30,309,0.77,SURVEI_SIMULASI,penerima_pengalihan,True
2026-09-03T18:00:00+07:00,S00,reverse,20.2,30,237,0.59,SURVEI_SIMULASI,ok,True
2026-09-03T19:00:00+07:00,S00,reverse,20.8,30,222,0.56,SURVEI_SIMULASI,ok,True
2026-09-04T06:00:00+07:00,S00,reverse,23.4,30,161,0.4,SURVEI_SIMULASI,ok,True
2026-09-04T07:00:00+07:00,S00,reverse,19.5,30,254,0.64,SURVEI_SIMULASI,ok,True
2026-09-04T08:00:00+07:00,S00,reverse,20.8,30,224,0.56,SURVEI_SIMULASI,ok,True
2026-09-04T09:00:00+07:00,S00,reverse,20.9,30,220,0.55,SURVEI_SIMULASI,ok,True
2026-09-04T10:00:00+07:00,S00,reverse,24.0,30,146,0.37,SURVEI_SIMULASI,ok,True
2026-09-04T11:00:00+07:00,S00,reverse,23.3,30,163,0.41,SURVEI_SIMULASI,ok,True
2026-09-04T12:00:00+07:00,S00,reverse,23.9,30,148,0.37,SURVEI_SIMULASI,ok,True
2026-09-04T13:00:00+07:00,S00,reverse,24.9,30,124,0.31,SURVEI_SIMULASI,ok,True
2026-09-04T14:00:00+07:00,S00,reverse,24.3,30,139,0.35,SURVEI_SIMULASI,ok,True
2026-09-04T15:00:00+07:00,S00,reverse,23.6,30,156,0.39,SURVEI_SIMULASI,ok,True
2026-09-04T16:00:00+07:00,S00,reverse,11.4,30,321,0.8,SURVEI_SIMULASI,penerima_pengalihan,True
2026-09-04T17:00:00+07:00,S00,reverse,10.9,30,338,0.85,SURVEI_SIMULASI,penerima_pengalihan,True
2026-09-04T18:00:00+07:00,S00,reverse,21.0,30,218,0.55,SURVEI_SIMULASI,ok,True
2026-09-04T19:00:00+07:00,S00,reverse,20.6,30,227,0.57,SURVEI_SIMULASI,ok,True
2026-09-05T06:00:00+07:00,S00,reverse,23.9,30,149,0.37,SURVEI_SIMULASI,ok,True
2026-09-05T07:00:00+07:00,S00,reverse,20.0,30,243,0.61,SURVEI_SIMULASI,ok,True
2026-09-05T08:00:00+07:00,S00,reverse,20.1,30,241,0.6,SURVEI_SIMULASI,ok,True
2026-09-05T09:00:00+07:00,S00,reverse,19.8,30,248,0.62,SURVEI_SIMULASI,ok,True
2026-09-05T10:00:00+07:00,S00,reverse,23.5,30,157,0.39,SURVEI_SIMULASI,ok,True
2026-09-05T11:00:00+07:00,S00,reverse,24.0,30,145,0.36,SURVEI_SIMULASI,ok,True
2026-09-05T12:00:00+07:00,S00,reverse,24.4,30,137,0.34,SURVEI_SIMULASI,ok,True
2026-09-05T13:00:00+07:00,S00,reverse,24.5,30,134,0.33,SURVEI_SIMULASI,ok,True
2026-09-05T14:00:00+07:00,S00,reverse,24.0,30,145,0.36,SURVEI_SIMULASI,ok,True
2026-09-05T15:00:00+07:00,S00,reverse,23.6,30,156,0.39,SURVEI_SIMULASI,ok,True
2026-09-05T16:00:00+07:00,S00,reverse,11.8,30,308,0.77,SURVEI_SIMULASI,penerima_pengalihan,True
2026-09-05T17:00:00+07:00,S00,reverse,12.5,30,282,0.71,SURVEI_SIMULASI,penerima_pengalihan,True
2026-09-05T18:00:00+07:00,S00,reverse,21.6,30,204,0.51,SURVEI_SIMULASI,ok,True
2026-09-05T19:00:00+07:00,S00,reverse,20.1,30,239,0.6,SURVEI_SIMULASI,ok,True
2026-09-06T06:00:00+07:00,S00,reverse,24.3,30,137,0.34,SURVEI_SIMULASI,ok,True
2026-09-06T07:00:00+07:00,S00,reverse,20.6,30,228,0.57,SURVEI_SIMULASI,ok,True
2026-09-06T08:00:00+07:00,S00,reverse,20.6,30,228,0.57,SURVEI_SIMULASI,ok,True
2026-09-06T09:00:00+07:00,S00,reverse,21.9,30,196,0.49,SURVEI_SIMULASI,ok,True
2026-09-06T10:00:00+07:00,S00,reverse,24.7,30,129,0.32,SURVEI_SIMULASI,ok,True
2026-09-06T11:00:00+07:00,S00,reverse,24.5,30,133,0.33,SURVEI_SIMULASI,ok,True
2026-09-06T12:00:00+07:00,S00,reverse,24.6,30,130,0.33,SURVEI_SIMULASI,ok,True
2026-09-06T13:00:00+07:00,S00,reverse,25.1,30,118,0.3,SURVEI_SIMULASI,ok,True
2026-09-06T14:00:00+07:00,S00,reverse,24.4,30,137,0.34,SURVEI_SIMULASI,ok,True
2026-09-06T15:00:00+07:00,S00,reverse,24.1,30,143,0.36,SURVEI_SIMULASI,ok,True
2026-09-06T16:00:00+07:00,S00,reverse,12.0,30,301,0.75,SURVEI_SIMULASI,penerima_pengalihan,True
2026-09-06T17:00:00+07:00,S00,reverse,11.8,30,305,0.76,SURVEI_SIMULASI,penerima_pengalihan,True
2026-09-06T18:00:00+07:00,S00,reverse,21.9,30,197,0.49,SURVEI_SIMULASI,ok,True
2026-09-06T19:00:00+07:00,S00,reverse,21.8,30,198,0.49,SURVEI_SIMULASI,ok,True
2026-09-07T06:00:00+07:00,S00,reverse,24.3,30,138,0.34,SURVEI_SIMULASI,ok,True
2026-09-07T07:00:00+07:00,S00,reverse,21.2,30,214,0.54,SURVEI_SIMULASI,ok,True
2026-09-07T08:00:00+07:00,S00,reverse,20.7,30,225,0.56,SURVEI_SIMULASI,ok,True
2026-09-07T09:00:00+07:00,S00,reverse,20.9,30,221,0.55,SURVEI_SIMULASI,ok,True
2026-09-07T10:00:00+07:00,S00,reverse,24.8,30,126,0.32,SURVEI_SIMULASI,ok,True
2026-09-07T11:00:00+07:00,S00,reverse,24.1,30,142,0.35,SURVEI_SIMULASI,ok,True
2026-09-07T12:00:00+07:00,S00,reverse,24.9,30,123,0.31,SURVEI_SIMULASI,ok,True
2026-09-07T13:00:00+07:00,S00,reverse,25.2,30,116,0.29,SURVEI_SIMULASI,ok,True
2026-09-07T14:00:00+07:00,S00,reverse,24.5,30,134,0.33,SURVEI_SIMULASI,ok,True
2026-09-07T15:00:00+07:00,S00,reverse,24.2,30,140,0.35,SURVEI_SIMULASI,ok,True
2026-09-07T16:00:00+07:00,S00,reverse,12.9,30,267,0.67,SURVEI_SIMULASI,penerima_pengalihan,True
2026-09-07T17:00:00+07:00,S00,reverse,12.8,30,271,0.68,SURVEI_SIMULASI,penerima_pengalihan,True
2026-09-07T18:00:00+07:00,S00,reverse,21.1,30,216,0.54,SURVEI_SIMULASI,ok,True
2026-09-07T19:00:00+07:00,S00,reverse,21.6,30,204,0.51,SURVEI_SIMULASI,ok,True
2026-09-01T06:00:00+07:00,S01,forward,40.1,45,158,0.2,SURVEI_SIMULASI,ok,True
2026-09-01T07:00:00+07:00,S01,forward,37.1,45,254,0.32,SURVEI_SIMULASI,ok,True
2026-09-01T08:00:00+07:00,S01,forward,37.7,45,234,0.29,SURVEI_SIMULASI,ok,True
2026-09-01T09:00:00+07:00,S01,forward,37.2,45,252,0.32,SURVEI_SIMULASI,ok,True
2026-09-01T10:00:00+07:00,S01,forward,39.9,45,165,0.21,SURVEI_SIMULASI,ok,True
2026-09-01T11:00:00+07:00,S01,forward,40.1,45,159,0.2,SURVEI_SIMULASI,ok,True
2026-09-01T12:00:00+07:00,S01,forward,40.6,45,142,0.18,SURVEI_SIMULASI,ok,True
2026-09-01T13:00:00+07:00,S01,forward,40.9,45,134,0.17,SURVEI_SIMULASI,ok,True
2026-09-01T14:00:00+07:00,S01,forward,40.2,45,155,0.19,SURVEI_SIMULASI,ok,True
2026-09-01T15:00:00+07:00,S01,forward,39.8,45,168,0.21,SURVEI_SIMULASI,ok,True
2026-09-01T16:00:00+07:00,S01,forward,38.1,45,224,0.28,SURVEI_SIMULASI,ok,True
2026-09-01T17:00:00+07:00,S01,forward,37.1,45,255,0.32,SURVEI_SIMULASI,ok,True
2026-09-01T18:00:00+07:00,S01,forward,37.7,45,237,0.3,SURVEI_SIMULASI,ok,True
2026-09-01T19:00:00+07:00,S01,forward,37.7,45,237,0.3,SURVEI_SIMULASI,ok,True
2026-09-02T06:00:00+07:00,S01,forward,39.6,45,173,0.22,SURVEI_SIMULASI,ok,True
2026-09-02T07:00:00+07:00,S01,forward,37.9,45,228,0.29,SURVEI_SIMULASI,ok,True
2026-09-02T08:00:00+07:00,S01,forward,37.9,45,231,0.29,SURVEI_SIMULASI,ok,True
2026-09-02T09:00:00+07:00,S01,forward,37.8,45,234,0.29,SURVEI_SIMULASI,ok,True
2026-09-02T10:00:00+07:00,S01,forward,40.2,45,157,0.2,SURVEI_SIMULASI,ok,True
2026-09-02T11:00:00+07:00,S01,forward,40.4,45,150,0.19,SURVEI_SIMULASI,ok,True
2026-09-02T12:00:00+07:00,S01,forward,40.8,45,134,0.17,SURVEI_SIMULASI,ok,True
2026-09-02T13:00:00+07:00,S01,forward,40.4,45,150,0.19,SURVEI_SIMULASI,ok,True
2026-09-02T14:00:00+07:00,S01,forward,39.7,45,173,0.22,SURVEI_SIMULASI,ok,True
2026-09-02T15:00:00+07:00,S01,forward,40.1,45,157,0.2,SURVEI_SIMULASI,ok,True
2026-09-02T16:00:00+07:00,S01,forward,37.4,45,245,0.31,SURVEI_SIMULASI,ok,True
2026-09-02T17:00:00+07:00,S01,forward,37.4,45,247,0.31,SURVEI_SIMULASI,ok,True
2026-09-02T18:00:00+07:00,S01,forward,38.1,45,222,0.28,SURVEI_SIMULASI,ok,True
2026-09-02T19:00:00+07:00,S01,forward,37.3,45,248,0.31,SURVEI_SIMULASI,ok,True
2026-09-08T06:00:00+07:00,S01,forward,40.3,45,153,0.19,SURVEI_SIMULASI,ok,True
2026-09-08T07:00:00+07:00,S01,forward,36.4,45,277,0.35,SURVEI_SIMULASI,ok,True
2026-09-08T08:00:00+07:00,S01,forward,37.8,45,232,0.29,SURVEI_SIMULASI,ok,True
2026-09-08T09:00:00+07:00,S01,forward,36.5,45,273,0.34,SURVEI_SIMULASI,ok,True
2026-09-08T10:00:00+07:00,S01,forward,39.7,45,171,0.21,SURVEI_SIMULASI,ok,True
2026-09-08T11:00:00+07:00,S01,forward,40.1,45,159,0.2,SURVEI_SIMULASI,ok,True
2026-09-08T12:00:00+07:00,S01,forward,40.5,45,147,0.18,SURVEI_SIMULASI,ok,True
2026-09-08T13:00:00+07:00,S01,forward,40.8,45,135,0.17,SURVEI_SIMULASI,ok,True
2026-09-08T14:00:00+07:00,S01,forward,39.8,45,169,0.21,SURVEI_SIMULASI,ok,True
2026-09-08T15:00:00+07:00,S01,forward,39.7,45,171,0.21,SURVEI_SIMULASI,ok,True
2026-09-08T16:00:00+07:00,S01,forward,37.9,45,229,0.29,SURVEI_SIMULASI,ok,True
2026-09-08T17:00:00+07:00,S01,forward,37.5,45,241,0.3,SURVEI_SIMULASI,ok,True
2026-09-08T18:00:00+07:00,S01,forward,37.5,45,244,0.3,SURVEI_SIMULASI,ok,True
2026-09-08T19:00:00+07:00,S01,forward,37.2,45,253,0.32,SURVEI_SIMULASI,ok,True
2026-09-09T06:00:00+07:00,S01,forward,39.9,45,164,0.21,SURVEI_SIMULASI,ok,True
2026-09-09T07:00:00+07:00,S01,forward,36.4,45,277,0.35,SURVEI_SIMULASI,ok,True
2026-09-09T08:00:00+07:00,S01,forward,36.4,45,277,0.35,SURVEI_SIMULASI,ok,True
2026-09-09T09:00:00+07:00,S01,forward,36.9,45,261,0.33,SURVEI_SIMULASI,ok,True
2026-09-09T10:00:00+07:00,S01,forward,40.3,45,153,0.19,SURVEI_SIMULASI,ok,True
2026-09-09T11:00:00+07:00,S01,forward,40.5,45,146,0.18,SURVEI_SIMULASI,ok,True
2026-09-09T12:00:00+07:00,S01,forward,41.0,45,128,0.16,SURVEI_SIMULASI,ok,True
2026-09-09T13:00:00+07:00,S01,forward,40.3,45,150,0.19,SURVEI_SIMULASI,ok,True
2026-09-09T14:00:00+07:00,S01,forward,39.8,45,167,0.21,SURVEI_SIMULASI,ok,True
2026-09-09T15:00:00+07:00,S01,forward,39.8,45,167,0.21,SURVEI_SIMULASI,ok,True
2026-09-09T16:00:00+07:00,S01,forward,37.2,45,252,0.31,SURVEI_SIMULASI,ok,True
2026-09-09T17:00:00+07:00,S01,forward,37.1,45,257,0.32,SURVEI_SIMULASI,ok,True
2026-09-09T18:00:00+07:00,S01,forward,37.5,45,242,0.3,SURVEI_SIMULASI,ok,True
2026-09-09T19:00:00+07:00,S01,forward,37.5,45,242,0.3,SURVEI_SIMULASI,ok,True
2026-09-03T06:00:00+07:00,S01,forward,39.9,45,164,0.21,SURVEI_SIMULASI,ok,True
2026-09-03T07:00:00+07:00,S01,forward,36.8,45,267,0.33,SURVEI_SIMULASI,ok,True
2026-09-03T08:00:00+07:00,S01,forward,37.2,45,252,0.31,SURVEI_SIMULASI,ok,True
2026-09-03T09:00:00+07:00,S01,forward,36.6,45,273,0.34,SURVEI_SIMULASI,ok,True
2026-09-03T10:00:00+07:00,S01,forward,39.9,45,166,0.21,SURVEI_SIMULASI,ok,True
2026-09-03T11:00:00+07:00,S01,forward,39.8,45,170,0.21,SURVEI_SIMULASI,ok,True
2026-09-03T12:00:00+07:00,S01,forward,40.9,45,133,0.17,SURVEI_SIMULASI,ok,True
2026-09-03T13:00:00+07:00,S01,forward,40.9,45,131,0.16,SURVEI_SIMULASI,ok,True
2026-09-03T14:00:00+07:00,S01,forward,39.8,45,169,0.21,SURVEI_SIMULASI,ok,True
2026-09-03T15:00:00+07:00,S01,forward,40.2,45,156,0.19,SURVEI_SIMULASI,ok,True
2026-09-03T16:00:00+07:00,S01,forward,0.0,45,0,1.0,SURVEI_SIMULASI,penutupan_total+penerima_pengalihan,True
2026-09-03T17:00:00+07:00,S01,forward,0.0,45,0,1.0,SURVEI_SIMULASI,penutupan_total+penerima_pengalihan,True
2026-09-03T18:00:00+07:00,S01,forward,37.5,45,242,0.3,SURVEI_SIMULASI,ok,True
2026-09-03T19:00:00+07:00,S01,forward,38.2,45,219,0.27,SURVEI_SIMULASI,ok,True
2026-09-04T06:00:00+07:00,S01,forward,40.2,45,157,0.2,SURVEI_SIMULASI,ok,True
2026-09-04T07:00:00+07:00,S01,forward,37.4,45,245,0.31,SURVEI_SIMULASI,ok,True
2026-09-04T08:00:00+07:00,S01,forward,36.4,45,278,0.35,SURVEI_SIMULASI,ok,True
2026-09-04T09:00:00+07:00,S01,forward,36.5,45,276,0.34,SURVEI_SIMULASI,ok,True
2026-09-04T10:00:00+07:00,S01,forward,40.2,45,154,0.19,SURVEI_SIMULASI,ok,True
2026-09-04T11:00:00+07:00,S01,forward,40.1,45,158,0.2,SURVEI_SIMULASI,ok,True
2026-09-04T12:00:00+07:00,S01,forward,40.2,45,156,0.19,SURVEI_SIMULASI,ok,True
2026-09-04T13:00:00+07:00,S01,forward,40.7,45,141,0.18,SURVEI_SIMULASI,ok,True
2026-09-04T14:00:00+07:00,S01,forward,40.4,45,149,0.19,SURVEI_SIMULASI,ok,True
2026-09-04T15:00:00+07:00,S01,forward,40.1,45,159,0.2,SURVEI_SIMULASI,ok,True
2026-09-04T16:00:00+07:00,S01,forward,0.0,45,0,1.0,SURVEI_SIMULASI,penutupan_total+penerima_pengalihan,True
2026-09-04T17:00:00+07:00,S01,forward,0.0,45,0,1.0,SURVEI_SIMULASI,penutupan_total+penerima_pengalihan,True
2026-09-04T18:00:00+07:00,S01,forward,37.7,45,236,0.3,SURVEI_SIMULASI,ok,True
2026-09-04T19:00:00+07:00,S01,forward,37.2,45,252,0.31,SURVEI_SIMULASI,ok,True
2026-09-05T06:00:00+07:00,S01,forward,39.9,45,165,0.21,SURVEI_SIMULASI,ok,True
2026-09-05T07:00:00+07:00,S01,forward,37.3,45,248,0.31,SURVEI_SIMULASI,ok,True
2026-09-05T08:00:00+07:00,S01,forward,36.5,45,276,0.35,SURVEI_SIMULASI,ok,True
2026-09-05T09:00:00+07:00,S01,forward,36.6,45,271,0.34,SURVEI_SIMULASI,ok,True
2026-09-05T10:00:00+07:00,S01,forward,39.8,45,169,0.21,SURVEI_SIMULASI,ok,True
2026-09-05T11:00:00+07:00,S01,forward,40.0,45,162,0.2,SURVEI_SIMULASI,ok,True
2026-09-05T12:00:00+07:00,S01,forward,41.0,45,130,0.16,SURVEI_SIMULASI,ok,True
2026-09-05T13:00:00+07:00,S01,forward,41.0,45,130,0.16,SURVEI_SIMULASI,ok,True
2026-09-05T14:00:00+07:00,S01,forward,40.1,45,157,0.2,SURVEI_SIMULASI,ok,True
2026-09-05T15:00:00+07:00,S01,forward,40.1,45,157,0.2,SURVEI_SIMULASI,ok,True
2026-09-05T16:00:00+07:00,S01,forward,0.0,45,0,1.0,SURVEI_SIMULASI,penutupan_total+penerima_pengalihan,True
2026-09-05T17:00:00+07:00,S01,forward,0.0,45,0,1.0,SURVEI_SIMULASI,penutupan_total+penerima_pengalihan,True
2026-09-05T18:00:00+07:00,S01,forward,37.5,45,241,0.3,SURVEI_SIMULASI,ok,True
2026-09-05T19:00:00+07:00,S01,forward,38.3,45,215,0.27,SURVEI_SIMULASI,ok,True
2026-09-06T06:00:00+07:00,S01,forward,40.9,45,133,0.17,SURVEI_SIMULASI,ok,True
2026-09-06T07:00:00+07:00,S01,forward,37.4,45,244,0.31,SURVEI_SIMULASI,ok,True
2026-09-06T08:00:00+07:00,S01,forward,37.9,45,231,0.29,SURVEI_SIMULASI,ok,True
2026-09-06T09:00:00+07:00,S01,forward,38.1,45,222,0.28,SURVEI_SIMULASI,ok,True
2026-09-06T10:00:00+07:00,S01,forward,40.3,45,150,0.19,SURVEI_SIMULASI,ok,True
2026-09-06T11:00:00+07:00,S01,forward,40.6,45,142,0.18,SURVEI_SIMULASI,ok,True
2026-09-06T12:00:00+07:00,S01,forward,40.7,45,138,0.17,SURVEI_SIMULASI,ok,True
2026-09-06T13:00:00+07:00,S01,forward,40.7,45,137,0.17,SURVEI_SIMULASI,ok,True
2026-09-06T14:00:00+07:00,S01,forward,40.4,45,150,0.19,SURVEI_SIMULASI,ok,True
2026-09-06T15:00:00+07:00,S01,forward,40.8,45,137,0.17,SURVEI_SIMULASI,ok,True
2026-09-06T16:00:00+07:00,S01,forward,0.0,45,0,1.0,SURVEI_SIMULASI,penutupan_total,True
2026-09-06T17:00:00+07:00,S01,forward,0.0,45,0,1.0,SURVEI_SIMULASI,penutupan_total,True
2026-09-06T18:00:00+07:00,S01,forward,37.9,45,231,0.29,SURVEI_SIMULASI,ok,True
2026-09-06T19:00:00+07:00,S01,forward,38.8,45,202,0.25,SURVEI_SIMULASI,ok,True
2026-09-07T06:00:00+07:00,S01,forward,40.2,45,155,0.19,SURVEI_SIMULASI,ok,True
2026-09-07T07:00:00+07:00,S01,forward,37.9,45,229,0.29,SURVEI_SIMULASI,ok,True
2026-09-07T08:00:00+07:00,S01,forward,37.4,45,245,0.31,SURVEI_SIMULASI,ok,True
2026-09-07T09:00:00+07:00,S01,forward,38.6,45,206,0.26,SURVEI_SIMULASI,ok,True
2026-09-07T10:00:00+07:00,S01,forward,40.8,45,136,0.17,SURVEI_SIMULASI,ok,True
2026-09-07T11:00:00+07:00,S01,forward,41.0,45,129,0.16,SURVEI_SIMULASI,ok,True
2026-09-07T12:00:00+07:00,S01,forward,41.3,45,119,0.15,SURVEI_SIMULASI,ok,True
2026-09-07T13:00:00+07:00,S01,forward,41.1,45,126,0.16,SURVEI_SIMULASI,ok,True
2026-09-07T14:00:00+07:00,S01,forward,40.6,45,141,0.18,SURVEI_SIMULASI,ok,True
2026-09-07T15:00:00+07:00,S01,forward,40.7,45,138,0.17,SURVEI_SIMULASI,ok,True
2026-09-07T16:00:00+07:00,S01,forward,0.0,45,0,1.0,SURVEI_SIMULASI,penutupan_total,True
2026-09-07T17:00:00+07:00,S01,forward,0.0,45,0,1.0,SURVEI_SIMULASI,penutupan_total,True
2026-09-07T18:00:00+07:00,S01,forward,37.8,45,233,0.29,SURVEI_SIMULASI,ok,True
2026-09-07T19:00:00+07:00,S01,forward,38.7,45,203,0.25,SURVEI_SIMULASI,ok,True
2026-09-01T06:00:00+07:00,S01,reverse,39.8,45,168,0.21,SURVEI_SIMULASI,ok,True
2026-09-01T07:00:00+07:00,S01,reverse,37.8,45,233,0.29,SURVEI_SIMULASI,ok,True
2026-09-01T08:00:00+07:00,S01,reverse,36.5,45,275,0.34,SURVEI_SIMULASI,ok,True
2026-09-01T09:00:00+07:00,S01,reverse,37.5,45,242,0.3,SURVEI_SIMULASI,ok,True
2026-09-01T10:00:00+07:00,S01,reverse,40.5,45,147,0.18,SURVEI_SIMULASI,ok,True
2026-09-01T11:00:00+07:00,S01,reverse,40.2,45,155,0.19,SURVEI_SIMULASI,ok,True
2026-09-01T12:00:00+07:00,S01,reverse,40.9,45,133,0.17,SURVEI_SIMULASI,ok,True
2026-09-01T13:00:00+07:00,S01,reverse,40.7,45,140,0.17,SURVEI_SIMULASI,ok,True
2026-09-01T14:00:00+07:00,S01,reverse,39.7,45,171,0.21,SURVEI_SIMULASI,ok,True
2026-09-01T15:00:00+07:00,S01,reverse,39.9,45,164,0.2,SURVEI_SIMULASI,ok,True
2026-09-01T16:00:00+07:00,S01,reverse,37.2,45,251,0.31,SURVEI_SIMULASI,ok,True
2026-09-01T17:00:00+07:00,S01,reverse,38.1,45,222,0.28,SURVEI_SIMULASI,ok,True
2026-09-01T18:00:00+07:00,S01,reverse,37.5,45,244,0.3,SURVEI_SIMULASI,ok,True
2026-09-01T19:00:00+07:00,S01,reverse,38.1,45,224,0.28,SURVEI_SIMULASI,ok,True
2026-09-02T06:00:00+07:00,S01,reverse,40.1,45,157,0.2,SURVEI_SIMULASI,ok,True
2026-09-02T07:00:00+07:00,S01,reverse,36.6,45,273,0.34,SURVEI_SIMULASI,ok,True
2026-09-02T08:00:00+07:00,S01,reverse,37.9,45,230,0.29,SURVEI_SIMULASI,ok,True
2026-09-02T09:00:00+07:00,S01,reverse,36.8,45,264,0.33,SURVEI_SIMULASI,ok,True
2026-09-02T10:00:00+07:00,S01,reverse,39.9,45,166,0.21,SURVEI_SIMULASI,ok,True
2026-09-02T11:00:00+07:00,S01,reverse,39.9,45,166,0.21,SURVEI_SIMULASI,ok,True
2026-09-02T12:00:00+07:00,S01,reverse,40.3,45,151,0.19,SURVEI_SIMULASI,ok,True
2026-09-02T13:00:00+07:00,S01,reverse,40.3,45,151,0.19,SURVEI_SIMULASI,ok,True
2026-09-02T14:00:00+07:00,S01,reverse,39.7,45,172,0.22,SURVEI_SIMULASI,ok,True
2026-09-02T15:00:00+07:00,S01,reverse,40.3,45,153,0.19,SURVEI_SIMULASI,ok,True
2026-09-02T16:00:00+07:00,S01,reverse,37.5,45,243,0.3,SURVEI_SIMULASI,ok,True
2026-09-02T17:00:00+07:00,S01,reverse,38.2,45,221,0.28,SURVEI_SIMULASI,ok,True
2026-09-02T18:00:00+07:00,S01,reverse,37.6,45,238,0.3,SURVEI_SIMULASI,ok,True
2026-09-02T19:00:00+07:00,S01,reverse,37.2,45,253,0.32,SURVEI_SIMULASI,ok,True
2026-09-08T06:00:00+07:00,S01,reverse,40.6,45,142,0.18,SURVEI_SIMULASI,ok,True
2026-09-08T07:00:00+07:00,S01,reverse,37.3,45,249,0.31,SURVEI_SIMULASI,ok,True
2026-09-08T08:00:00+07:00,S01,reverse,37.7,45,237,0.3,SURVEI_SIMULASI,ok,True
2026-09-08T09:00:00+07:00,S01,reverse,37.0,45,258,0.32,SURVEI_SIMULASI,ok,True
2026-09-08T10:00:00+07:00,S01,reverse,40.3,45,153,0.19,SURVEI_SIMULASI,ok,True
2026-09-08T11:00:00+07:00,S01,reverse,39.7,45,170,0.21,SURVEI_SIMULASI,ok,True
2026-09-08T12:00:00+07:00,S01,reverse,40.8,45,136,0.17,SURVEI_SIMULASI,ok,True
2026-09-08T13:00:00+07:00,S01,reverse,40.2,45,156,0.2,SURVEI_SIMULASI,ok,True
2026-09-08T14:00:00+07:00,S01,reverse,39.7,45,171,0.21,SURVEI_SIMULASI,ok,True
2026-09-08T15:00:00+07:00,S01,reverse,40.0,45,161,0.2,SURVEI_SIMULASI,ok,True
2026-09-08T16:00:00+07:00,S01,reverse,37.1,45,254,0.32,SURVEI_SIMULASI,ok,True
2026-09-08T17:00:00+07:00,S01,reverse,38.1,45,222,0.28,SURVEI_SIMULASI,ok,True
2026-09-08T18:00:00+07:00,S01,reverse,37.6,45,240,0.3,SURVEI_SIMULASI,ok,True
2026-09-08T19:00:00+07:00,S01,reverse,38.1,45,224,0.28,SURVEI_SIMULASI,ok,True
2026-09-09T06:00:00+07:00,S01,reverse,39.8,45,167,0.21,SURVEI_SIMULASI,ok,True
2026-09-09T07:00:00+07:00,S01,reverse,37.4,45,247,0.31,SURVEI_SIMULASI,ok,True
2026-09-09T08:00:00+07:00,S01,reverse,37.9,45,230,0.29,SURVEI_SIMULASI,ok,True
2026-09-09T09:00:00+07:00,S01,reverse,36.7,45,268,0.34,SURVEI_SIMULASI,ok,True
2026-09-09T10:00:00+07:00,S01,reverse,40.1,45,160,0.2,SURVEI_SIMULASI,ok,True
2026-09-09T11:00:00+07:00,S01,reverse,40.0,45,163,0.2,SURVEI_SIMULASI,ok,True
2026-09-09T12:00:00+07:00,S01,reverse,40.3,45,153,0.19,SURVEI_SIMULASI,ok,True
2026-09-09T13:00:00+07:00,S01,reverse,40.4,45,148,0.19,SURVEI_SIMULASI,ok,True
2026-09-09T14:00:00+07:00,S01,reverse,40.3,45,151,0.19,SURVEI_SIMULASI,ok,True
2026-09-09T15:00:00+07:00,S01,reverse,40.0,45,163,0.2,SURVEI_SIMULASI,ok,True
2026-09-09T16:00:00+07:00,S01,reverse,37.0,45,259,0.32,SURVEI_SIMULASI,ok,True
2026-09-09T17:00:00+07:00,S01,reverse,38.0,45,226,0.28,SURVEI_SIMULASI,ok,True
2026-09-09T18:00:00+07:00,S01,reverse,38.0,45,226,0.28,SURVEI_SIMULASI,ok,True
2026-09-09T19:00:00+07:00,S01,reverse,37.8,45,233,0.29,SURVEI_SIMULASI,ok,True
2026-09-03T06:00:00+07:00,S01,reverse,40.2,45,156,0.2,SURVEI_SIMULASI,ok,True
2026-09-03T07:00:00+07:00,S01,reverse,37.2,45,252,0.32,SURVEI_SIMULASI,ok,True
2026-09-03T08:00:00+07:00,S01,reverse,36.4,45,277,0.35,SURVEI_SIMULASI,ok,True
2026-09-03T09:00:00+07:00,S01,reverse,36.6,45,271,0.34,SURVEI_SIMULASI,ok,True
2026-09-03T10:00:00+07:00,S01,reverse,40.5,45,146,0.18,SURVEI_SIMULASI,ok,True
2026-09-03T11:00:00+07:00,S01,reverse,40.5,45,146,0.18,SURVEI_SIMULASI,ok,True
2026-09-03T12:00:00+07:00,S01,reverse,40.2,45,156,0.2,SURVEI_SIMULASI,ok,True
2026-09-03T13:00:00+07:00,S01,reverse,40.9,45,133,0.17,SURVEI_SIMULASI,ok,True
2026-09-03T14:00:00+07:00,S01,reverse,39.7,45,172,0.21,SURVEI_SIMULASI,ok,True
2026-09-03T15:00:00+07:00,S01,reverse,40.0,45,161,0.2,SURVEI_SIMULASI,ok,True
2026-09-03T16:00:00+07:00,S01,reverse,0.0,45,0,1.0,SURVEI_SIMULASI,penutupan_total+penerima_pengalihan,True
2026-09-03T17:00:00+07:00,S01,reverse,0.0,45,0,1.0,SURVEI_SIMULASI,penutupan_total+penerima_pengalihan,True
2026-09-03T18:00:00+07:00,S01,reverse,37.9,45,230,0.29,SURVEI_SIMULASI,ok,True
2026-09-03T19:00:00+07:00,S01,reverse,38.1,45,222,0.28,SURVEI_SIMULASI,ok,True
2026-09-04T06:00:00+07:00,S01,reverse,40.3,45,153,0.19,SURVEI_SIMULASI,ok,True
2026-09-04T07:00:00+07:00,S01,reverse,37.0,45,257,0.32,SURVEI_SIMULASI,ok,True
2026-09-04T08:00:00+07:00,S01,reverse,37.6,45,241,0.3,SURVEI_SIMULASI,ok,True
2026-09-04T09:00:00+07:00,S01,reverse,37.7,45,237,0.3,SURVEI_SIMULASI,ok,True
2026-09-04T10:00:00+07:00,S01,reverse,39.7,45,171,0.21,SURVEI_SIMULASI,ok,True
2026-09-04T11:00:00+07:00,S01,reverse,40.2,45,155,0.19,SURVEI_SIMULASI,ok,True
2026-09-04T12:00:00+07:00,S01,reverse,40.8,45,136,0.17,SURVEI_SIMULASI,ok,True
2026-09-04T13:00:00+07:00,S01,reverse,40.8,45,135,0.17,SURVEI_SIMULASI,ok,True
2026-09-04T14:00:00+07:00,S01,reverse,40.5,45,146,0.18,SURVEI_SIMULASI,ok,True
2026-09-04T15:00:00+07:00,S01,reverse,40.2,45,156,0.19,SURVEI_SIMULASI,ok,True
2026-09-04T16:00:00+07:00,S01,reverse,0.0,45,0,1.0,SURVEI_SIMULASI,penutupan_total+penerima_pengalihan,True
2026-09-04T17:00:00+07:00,S01,reverse,0.0,45,0,1.0,SURVEI_SIMULASI,penutupan_total+penerima_pengalihan,True
2026-09-04T18:00:00+07:00,S01,reverse,37.3,45,248,0.31,SURVEI_SIMULASI,ok,True
2026-09-04T19:00:00+07:00,S01,reverse,38.1,45,222,0.28,SURVEI_SIMULASI,ok,True
2026-09-05T06:00:00+07:00,S01,reverse,40.3,45,153,0.19,SURVEI_SIMULASI,ok,True
2026-09-05T07:00:00+07:00,S01,reverse,37.9,45,230,0.29,SURVEI_SIMULASI,ok,True
2026-09-05T08:00:00+07:00,S01,reverse,37.0,45,260,0.33,SURVEI_SIMULASI,ok,True
2026-09-05T09:00:00+07:00,S01,reverse,37.0,45,260,0.32,SURVEI_SIMULASI,ok,True
2026-09-05T10:00:00+07:00,S01,reverse,40.3,45,151,0.19,SURVEI_SIMULASI,ok,True
2026-09-05T11:00:00+07:00,S01,reverse,40.6,45,142,0.18,SURVEI_SIMULASI,ok,True
2026-09-05T12:00:00+07:00,S01,reverse,40.7,45,139,0.17,SURVEI_SIMULASI,ok,True
2026-09-05T13:00:00+07:00,S01,reverse,40.3,45,152,0.19,SURVEI_SIMULASI,ok,True
2026-09-05T14:00:00+07:00,S01,reverse,40.6,45,144,0.18,SURVEI_SIMULASI,ok,True
2026-09-05T15:00:00+07:00,S01,reverse,40.6,45,142,0.18,SURVEI_SIMULASI,ok,True
2026-09-05T16:00:00+07:00,S01,reverse,0.0,45,0,1.0,SURVEI_SIMULASI,penutupan_total+penerima_pengalihan,True
2026-09-05T17:00:00+07:00,S01,reverse,0.0,45,0,1.0,SURVEI_SIMULASI,penutupan_total+penerima_pengalihan,True
2026-09-05T18:00:00+07:00,S01,reverse,38.4,45,214,0.27,SURVEI_SIMULASI,ok,True
2026-09-05T19:00:00+07:00,S01,reverse,37.3,45,248,0.31,SURVEI_SIMULASI,ok,True
2026-09-06T06:00:00+07:00,S01,reverse,41.0,45,129,0.16,SURVEI_SIMULASI,ok,True
2026-09-06T07:00:00+07:00,S01,reverse,37.7,45,235,0.29,SURVEI_SIMULASI,ok,True
2026-09-06T08:00:00+07:00,S01,reverse,38.3,45,218,0.27,SURVEI_SIMULASI,ok,True
2026-09-06T09:00:00+07:00,S01,reverse,37.7,45,235,0.29,SURVEI_SIMULASI,ok,True
2026-09-06T10:00:00+07:00,S01,reverse,40.6,45,142,0.18,SURVEI_SIMULASI,ok,True
2026-09-06T11:00:00+07:00,S01,reverse,41.0,45,128,0.16,SURVEI_SIMULASI,ok,True
2026-09-06T12:00:00+07:00,S01,reverse,41.0,45,129,0.16,SURVEI_SIMULASI,ok,True
2026-09-06T13:00:00+07:00,S01,reverse,40.9,45,134,0.17,SURVEI_SIMULASI,ok,True
2026-09-06T14:00:00+07:00,S01,reverse,40.6,45,143,0.18,SURVEI_SIMULASI,ok,True
2026-09-06T15:00:00+07:00,S01,reverse,40.9,45,131,0.16,SURVEI_SIMULASI,ok,True
2026-09-06T16:00:00+07:00,S01,reverse,0.0,45,0,1.0,SURVEI_SIMULASI,penutupan_total,True
2026-09-06T17:00:00+07:00,S01,reverse,0.0,45,0,1.0,SURVEI_SIMULASI,penutupan_total,True
2026-09-06T18:00:00+07:00,S01,reverse,37.9,45,231,0.29,SURVEI_SIMULASI,ok,True
2026-09-06T19:00:00+07:00,S01,reverse,38.3,45,217,0.27,SURVEI_SIMULASI,ok,True
2026-09-07T06:00:00+07:00,S01,reverse,40.4,45,150,0.19,SURVEI_SIMULASI,ok,True
2026-09-07T07:00:00+07:00,S01,reverse,38.3,45,218,0.27,SURVEI_SIMULASI,ok,True
2026-09-07T08:00:00+07:00,S01,reverse,37.3,45,248,0.31,SURVEI_SIMULASI,ok,True
2026-09-07T09:00:00+07:00,S01,reverse,37.4,45,244,0.31,SURVEI_SIMULASI,ok,True
2026-09-07T10:00:00+07:00,S01,reverse,40.5,45,146,0.18,SURVEI_SIMULASI,ok,True
2026-09-07T11:00:00+07:00,S01,reverse,40.8,45,136,0.17,SURVEI_SIMULASI,ok,True
2026-09-07T12:00:00+07:00,S01,reverse,41.2,45,124,0.16,SURVEI_SIMULASI,ok,True
2026-09-07T13:00:00+07:00,S01,reverse,40.9,45,133,0.17,SURVEI_SIMULASI,ok,True
2026-09-07T14:00:00+07:00,S01,reverse,40.3,45,150,0.19,SURVEI_SIMULASI,ok,True
2026-09-07T15:00:00+07:00,S01,reverse,40.7,45,140,0.17,SURVEI_SIMULASI,ok,True
2026-09-07T16:00:00+07:00,S01,reverse,0.0,45,0,1.0,SURVEI_SIMULASI,penutupan_total,True
2026-09-07T17:00:00+07:00,S01,reverse,0.0,45,0,1.0,SURVEI_SIMULASI,penutupan_total,True
2026-09-07T18:00:00+07:00,S01,reverse,38.0,45,226,0.28,SURVEI_SIMULASI,ok,True
2026-09-07T19:00:00+07:00,S01,reverse,38.6,45,207,0.26,SURVEI_SIMULASI,ok,True
2026-09-01T06:00:00+07:00,S02,forward,39.7,45,171,0.21,SURVEI_SIMULASI,ok,True
2026-09-01T07:00:00+07:00,S02,forward,36.9,45,261,0.33,SURVEI_SIMULASI,ok,True
2026-09-01T08:00:00+07:00,S02,forward,36.5,45,275,0.34,SURVEI_SIMULASI,ok,True
2026-09-01T09:00:00+07:00,S02,forward,36.9,45,263,0.33,SURVEI_SIMULASI,ok,True
2026-09-01T10:00:00+07:00,S02,forward,40.0,45,160,0.2,SURVEI_SIMULASI,ok,True
2026-09-01T11:00:00+07:00,S02,forward,40.1,45,157,0.2,SURVEI_SIMULASI,ok,True
2026-09-01T12:00:00+07:00,S02,forward,40.7,45,140,0.17,SURVEI_SIMULASI,ok,True
2026-09-01T13:00:00+07:00,S02,forward,40.6,45,144,0.18,SURVEI_SIMULASI,ok,True
2026-09-01T14:00:00+07:00,S02,forward,39.6,45,174,0.22,SURVEI_SIMULASI,ok,True
2026-09-01T15:00:00+07:00,S02,forward,39.8,45,167,0.21,SURVEI_SIMULASI,ok,True
2026-09-01T16:00:00+07:00,S02,forward,37.1,45,254,0.32,SURVEI_SIMULASI,ok,True
2026-09-01T17:00:00+07:00,S02,forward,37.8,45,231,0.29,SURVEI_SIMULASI,ok,True
2026-09-01T18:00:00+07:00,S02,forward,37.9,45,230,0.29,SURVEI_SIMULASI,ok,True
2026-09-01T19:00:00+07:00,S02,forward,37.0,45,260,0.32,SURVEI_SIMULASI,ok,True
2026-09-02T06:00:00+07:00,S02,forward,39.5,45,176,0.22,SURVEI_SIMULASI,ok,True
2026-09-02T07:00:00+07:00,S02,forward,37.2,45,253,0.32,SURVEI_SIMULASI,ok,True
2026-09-02T08:00:00+07:00,S02,forward,36.3,45,282,0.35,SURVEI_SIMULASI,ok,True
2026-09-02T09:00:00+07:00,S02,forward,36.1,45,289,0.36,SURVEI_SIMULASI,ok,True
2026-09-02T10:00:00+07:00,S02,forward,40.4,45,150,0.19,SURVEI_SIMULASI,ok,True
2026-09-02T11:00:00+07:00,S02,forward,39.6,45,175,0.22,SURVEI_SIMULASI,ok,True
2026-09-02T12:00:00+07:00,S02,forward,40.5,45,144,0.18,SURVEI_SIMULASI,ok,True
2026-09-02T13:00:00+07:00,S02,forward,40.0,45,161,0.2,SURVEI_SIMULASI,ok,True
2026-09-02T14:00:00+07:00,S02,forward,39.4,45,181,0.23,SURVEI_SIMULASI,ok,True
2026-09-02T15:00:00+07:00,S02,forward,39.5,45,176,0.22,SURVEI_SIMULASI,ok,True
2026-09-02T16:00:00+07:00,S02,forward,37.4,45,246,0.31,SURVEI_SIMULASI,ok,True
2026-09-02T17:00:00+07:00,S02,forward,37.0,45,257,0.32,SURVEI_SIMULASI,ok,True
2026-09-02T18:00:00+07:00,S02,forward,37.3,45,249,0.31,SURVEI_SIMULASI,ok,True
2026-09-02T19:00:00+07:00,S02,forward,37.4,45,246,0.31,SURVEI_SIMULASI,ok,True
2026-09-08T06:00:00+07:00,S02,forward,39.8,45,169,0.21,SURVEI_SIMULASI,ok,True
2026-09-08T07:00:00+07:00,S02,forward,36.3,45,280,0.35,SURVEI_SIMULASI,ok,True
2026-09-08T08:00:00+07:00,S02,forward,36.0,45,292,0.37,SURVEI_SIMULASI,ok,True
2026-09-08T09:00:00+07:00,S02,forward,37.4,45,244,0.31,SURVEI_SIMULASI,ok,True
2026-09-08T10:00:00+07:00,S02,forward,39.8,45,167,0.21,SURVEI_SIMULASI,ok,True
2026-09-08T11:00:00+07:00,S02,forward,40.3,45,153,0.19,SURVEI_SIMULASI,ok,True
2026-09-08T12:00:00+07:00,S02,forward,40.0,45,163,0.2,SURVEI_SIMULASI,ok,True
2026-09-08T13:00:00+07:00,S02,forward,40.3,45,152,0.19,SURVEI_SIMULASI,ok,True
2026-09-08T14:00:00+07:00,S02,forward,39.7,45,173,0.22,SURVEI_SIMULASI,ok,True
2026-09-08T15:00:00+07:00,S02,forward,39.4,45,180,0.22,SURVEI_SIMULASI,ok,True
2026-09-08T16:00:00+07:00,S02,forward,36.9,45,263,0.33,SURVEI_SIMULASI,ok,True
2026-09-08T17:00:00+07:00,S02,forward,37.9,45,229,0.29,SURVEI_SIMULASI,ok,True
2026-09-08T18:00:00+07:00,S02,forward,37.3,45,250,0.31,SURVEI_SIMULASI,ok,True
2026-09-08T19:00:00+07:00,S02,forward,38.0,45,225,0.28,SURVEI_SIMULASI,ok,True
2026-09-09T06:00:00+07:00,S02,forward,39.8,45,169,0.21,SURVEI_SIMULASI,ok,True
2026-09-09T07:00:00+07:00,S02,forward,36.9,45,263,0.33,SURVEI_SIMULASI,ok,True
2026-09-09T08:00:00+07:00,S02,forward,36.3,45,280,0.35,SURVEI_SIMULASI,ok,True
2026-09-09T09:00:00+07:00,S02,forward,36.6,45,271,0.34,SURVEI_SIMULASI,ok,True
2026-09-09T10:00:00+07:00,S02,forward,40.2,45,154,0.19,SURVEI_SIMULASI,ok,True
2026-09-09T11:00:00+07:00,S02,forward,39.5,45,177,0.22,SURVEI_SIMULASI,ok,True
2026-09-09T12:00:00+07:00,S02,forward,40.5,45,146,0.18,SURVEI_SIMULASI,ok,True
2026-09-09T13:00:00+07:00,S02,forward,39.9,45,164,0.2,SURVEI_SIMULASI,ok,True
2026-09-09T14:00:00+07:00,S02,forward,40.2,45,156,0.19,SURVEI_SIMULASI,ok,True
2026-09-09T15:00:00+07:00,S02,forward,40.2,45,155,0.19,SURVEI_SIMULASI,ok,True
2026-09-09T16:00:00+07:00,S02,forward,37.3,45,248,0.31,SURVEI_SIMULASI,ok,True
2026-09-09T17:00:00+07:00,S02,forward,37.4,45,246,0.31,SURVEI_SIMULASI,ok,True
2026-09-09T18:00:00+07:00,S02,forward,38.0,45,226,0.28,SURVEI_SIMULASI,ok,True
2026-09-09T19:00:00+07:00,S02,forward,37.8,45,231,0.29,SURVEI_SIMULASI,ok,True
2026-09-03T06:00:00+07:00,S02,forward,39.9,45,166,0.21,SURVEI_SIMULASI,ok,True
2026-09-03T07:00:00+07:00,S02,forward,37.4,45,247,0.31,SURVEI_SIMULASI,ok,True
2026-09-03T08:00:00+07:00,S02,forward,36.1,45,289,0.36,SURVEI_SIMULASI,ok,True
2026-09-03T09:00:00+07:00,S02,forward,37.4,45,247,0.31,SURVEI_SIMULASI,ok,True
2026-09-03T10:00:00+07:00,S02,forward,39.5,45,179,0.22,SURVEI_SIMULASI,ok,True
2026-09-03T11:00:00+07:00,S02,forward,39.4,45,181,0.23,SURVEI_SIMULASI,ok,True
2026-09-03T12:00:00+07:00,S02,forward,40.8,45,136,0.17,SURVEI_SIMULASI,ok,True
2026-09-03T13:00:00+07:00,S02,forward,40.6,45,144,0.18,SURVEI_SIMULASI,ok,True
2026-09-03T14:00:00+07:00,S02,forward,40.3,45,153,0.19,SURVEI_SIMULASI,ok,True
2026-09-03T15:00:00+07:00,S02,forward,40.2,45,155,0.19,SURVEI_SIMULASI,ok,True
2026-09-03T16:00:00+07:00,S02,forward,37.6,45,240,0.3,SURVEI_SIMULASI,ok,True
2026-09-03T17:00:00+07:00,S02,forward,37.7,45,236,0.3,SURVEI_SIMULASI,ok,True
2026-09-03T18:00:00+07:00,S02,forward,36.8,45,265,0.33,SURVEI_SIMULASI,ok,True
2026-09-03T19:00:00+07:00,S02,forward,37.9,45,229,0.29,SURVEI_SIMULASI,ok,True
2026-09-04T06:00:00+07:00,S02,forward,39.5,45,177,0.22,SURVEI_SIMULASI,ok,True
2026-09-04T07:00:00+07:00,S02,forward,37.1,45,256,0.32,SURVEI_SIMULASI,ok,True
2026-09-04T08:00:00+07:00,S02,forward,37.0,45,258,0.32,SURVEI_SIMULASI,ok,True
2026-09-04T09:00:00+07:00,S02,forward,36.4,45,277,0.35,SURVEI_SIMULASI,ok,True
2026-09-04T10:00:00+07:00,S02,forward,39.5,45,177,0.22,SURVEI_SIMULASI,ok,True
2026-09-04T11:00:00+07:00,S02,forward,40.0,45,161,0.2,SURVEI_SIMULASI,ok,True
2026-09-04T12:00:00+07:00,S02,forward,40.6,45,141,0.18,SURVEI_SIMULASI,ok,True
2026-09-04T13:00:00+07:00,S02,forward,40.2,45,155,0.19,SURVEI_SIMULASI,ok,True
2026-09-04T14:00:00+07:00,S02,forward,39.8,45,169,0.21,SURVEI_SIMULASI,ok,True
2026-09-04T15:00:00+07:00,S02,forward,39.4,45,181,0.23,SURVEI_SIMULASI,ok,True
2026-09-04T16:00:00+07:00,S02,forward,38.0,45,225,0.28,SURVEI_SIMULASI,ok,True
2026-09-04T17:00:00+07:00,S02,forward,37.0,45,259,0.32,SURVEI_SIMULASI,ok,True
2026-09-04T18:00:00+07:00,S02,forward,36.6,45,273,0.34,SURVEI_SIMULASI,ok,True
2026-09-04T19:00:00+07:00,S02,forward,37.5,45,242,0.3,SURVEI_SIMULASI,ok,True
2026-09-05T06:00:00+07:00,S02,forward,39.7,45,170,0.21,SURVEI_SIMULASI,ok,True
2026-09-05T07:00:00+07:00,S02,forward,36.8,45,266,0.33,SURVEI_SIMULASI,ok,True
2026-09-05T08:00:00+07:00,S02,forward,36.1,45,288,0.36,SURVEI_SIMULASI,ok,True
2026-09-05T09:00:00+07:00,S02,forward,37.4,45,245,0.31,SURVEI_SIMULASI,ok,True
2026-09-05T10:00:00+07:00,S02,forward,40.0,45,161,0.2,SURVEI_SIMULASI,ok,True
2026-09-05T11:00:00+07:00,S02,forward,39.5,45,177,0.22,SURVEI_SIMULASI,ok,True
2026-09-05T12:00:00+07:00,S02,forward,40.7,45,139,0.17,SURVEI_SIMULASI,ok,True
2026-09-05T13:00:00+07:00,S02,forward,40.1,45,160,0.2,SURVEI_SIMULASI,ok,True
2026-09-05T14:00:00+07:00,S02,forward,39.8,45,169,0.21,SURVEI_SIMULASI,ok,True
2026-09-05T15:00:00+07:00,S02,forward,40.4,45,150,0.19,SURVEI_SIMULASI,ok,True
2026-09-05T16:00:00+07:00,S02,forward,37.0,45,259,0.32,SURVEI_SIMULASI,ok,True
2026-09-05T17:00:00+07:00,S02,forward,36.6,45,271,0.34,SURVEI_SIMULASI,ok,True
2026-09-05T18:00:00+07:00,S02,forward,36.8,45,265,0.33,SURVEI_SIMULASI,ok,True
2026-09-05T19:00:00+07:00,S02,forward,37.0,45,260,0.33,SURVEI_SIMULASI,ok,True
2026-09-06T06:00:00+07:00,S02,forward,40.8,45,135,0.17,SURVEI_SIMULASI,ok,True
2026-09-06T07:00:00+07:00,S02,forward,37.2,45,254,0.32,SURVEI_SIMULASI,ok,True
2026-09-06T08:00:00+07:00,S02,forward,37.5,45,242,0.3,SURVEI_SIMULASI,ok,True
2026-09-06T09:00:00+07:00,S02,forward,38.0,45,226,0.28,SURVEI_SIMULASI,ok,True
2026-09-06T10:00:00+07:00,S02,forward,40.0,45,162,0.2,SURVEI_SIMULASI,ok,True
2026-09-06T11:00:00+07:00,S02,forward,40.7,45,139,0.17,SURVEI_SIMULASI,ok,True
2026-09-06T12:00:00+07:00,S02,forward,40.7,45,138,0.17,SURVEI_SIMULASI,ok,True
2026-09-06T13:00:00+07:00,S02,forward,41.1,45,126,0.16,SURVEI_SIMULASI,ok,True
2026-09-06T14:00:00+07:00,S02,forward,40.7,45,139,0.17,SURVEI_SIMULASI,ok,True
2026-09-06T15:00:00+07:00,S02,forward,40.3,45,151,0.19,SURVEI_SIMULASI,ok,True
2026-09-06T16:00:00+07:00,S02,forward,37.6,45,239,0.3,SURVEI_SIMULASI,ok,True
2026-09-06T17:00:00+07:00,S02,forward,38.6,45,206,0.26,SURVEI_SIMULASI,ok,True
2026-09-06T18:00:00+07:00,S02,forward,37.6,45,240,0.3,SURVEI_SIMULASI,ok,True
2026-09-06T19:00:00+07:00,S02,forward,38.0,45,225,0.28,SURVEI_SIMULASI,ok,True
2026-09-07T06:00:00+07:00,S02,forward,40.2,45,156,0.2,SURVEI_SIMULASI,ok,True
2026-09-07T07:00:00+07:00,S02,forward,38.1,45,224,0.28,SURVEI_SIMULASI,ok,True
2026-09-07T08:00:00+07:00,S02,forward,38.1,45,223,0.28,SURVEI_SIMULASI,ok,True
2026-09-07T09:00:00+07:00,S02,forward,37.2,45,251,0.31,SURVEI_SIMULASI,ok,True
2026-09-07T10:00:00+07:00,S02,forward,40.5,45,146,0.18,SURVEI_SIMULASI,ok,True
2026-09-07T11:00:00+07:00,S02,forward,40.3,45,150,0.19,SURVEI_SIMULASI,ok,True
2026-09-07T12:00:00+07:00,S02,forward,40.6,45,142,0.18,SURVEI_SIMULASI,ok,True
2026-09-07T13:00:00+07:00,S02,forward,41.0,45,130,0.16,SURVEI_SIMULASI,ok,True
2026-09-07T14:00:00+07:00,S02,forward,40.5,45,146,0.18,SURVEI_SIMULASI,ok,True
2026-09-07T15:00:00+07:00,S02,forward,40.4,45,150,0.19,SURVEI_SIMULASI,ok,True
2026-09-07T16:00:00+07:00,S02,forward,38.1,45,223,0.28,SURVEI_SIMULASI,ok,True
2026-09-07T17:00:00+07:00,S02,forward,37.4,45,244,0.31,SURVEI_SIMULASI,ok,True
2026-09-07T18:00:00+07:00,S02,forward,38.3,45,218,0.27,SURVEI_SIMULASI,ok,True
2026-09-07T19:00:00+07:00,S02,forward,37.5,45,242,0.3,SURVEI_SIMULASI,ok,True
2026-09-01T06:00:00+07:00,S02,reverse,40.0,45,161,0.2,SURVEI_SIMULASI,ok,True
2026-09-01T07:00:00+07:00,S02,reverse,36.4,45,277,0.35,SURVEI_SIMULASI,ok,True
2026-09-01T08:00:00+07:00,S02,reverse,36.0,45,289,0.36,SURVEI_SIMULASI,ok,True
2026-09-01T09:00:00+07:00,S02,reverse,37.4,45,245,0.31,SURVEI_SIMULASI,ok,True
2026-09-01T10:00:00+07:00,S02,reverse,40.0,45,161,0.2,SURVEI_SIMULASI,ok,True
2026-09-01T11:00:00+07:00,S02,reverse,39.4,45,180,0.22,SURVEI_SIMULASI,ok,True
2026-09-01T12:00:00+07:00,S02,reverse,40.4,45,148,0.18,SURVEI_SIMULASI,ok,True
2026-09-01T13:00:00+07:00,S02,reverse,40.2,45,154,0.19,SURVEI_SIMULASI,ok,True
2026-09-01T14:00:00+07:00,S02,reverse,39.7,45,173,0.22,SURVEI_SIMULASI,ok,True
2026-09-01T15:00:00+07:00,S02,reverse,40.1,45,160,0.2,SURVEI_SIMULASI,ok,True
2026-09-01T16:00:00+07:00,S02,reverse,37.9,45,230,0.29,SURVEI_SIMULASI,ok,True
2026-09-01T17:00:00+07:00,S02,reverse,37.9,45,230,0.29,SURVEI_SIMULASI,ok,True
2026-09-01T18:00:00+07:00,S02,reverse,37.4,45,244,0.31,SURVEI_SIMULASI,ok,True
2026-09-01T19:00:00+07:00,S02,reverse,36.9,45,262,0.33,SURVEI_SIMULASI,ok,True
2026-09-02T06:00:00+07:00,S02,reverse,40.1,45,158,0.2,SURVEI_SIMULASI,ok,True
2026-09-02T07:00:00+07:00,S02,reverse,36.3,45,283,0.35,SURVEI_SIMULASI,ok,True
2026-09-02T08:00:00+07:00,S02,reverse,36.2,45,285,0.36,SURVEI_SIMULASI,ok,True
2026-09-02T09:00:00+07:00,S02,reverse,36.6,45,272,0.34,SURVEI_SIMULASI,ok,True
2026-09-02T10:00:00+07:00,S02,reverse,39.5,45,179,0.22,SURVEI_SIMULASI,ok,True
2026-09-02T11:00:00+07:00,S02,reverse,40.4,45,150,0.19,SURVEI_SIMULASI,ok,True
2026-09-02T12:00:00+07:00,S02,reverse,40.7,45,141,0.18,SURVEI_SIMULASI,ok,True
2026-09-02T13:00:00+07:00,S02,reverse,40.0,45,161,0.2,SURVEI_SIMULASI,ok,True
2026-09-02T14:00:00+07:00,S02,reverse,40.1,45,160,0.2,SURVEI_SIMULASI,ok,True
2026-09-02T15:00:00+07:00,S02,reverse,39.5,45,178,0.22,SURVEI_SIMULASI,ok,True
2026-09-02T16:00:00+07:00,S02,reverse,36.7,45,270,0.34,SURVEI_SIMULASI,ok,True
2026-09-02T17:00:00+07:00,S02,reverse,37.7,45,236,0.3,SURVEI_SIMULASI,ok,True
2026-09-02T18:00:00+07:00,S02,reverse,37.2,45,251,0.31,SURVEI_SIMULASI,ok,True
2026-09-02T19:00:00+07:00,S02,reverse,37.0,45,259,0.32,SURVEI_SIMULASI,ok,True
2026-09-08T06:00:00+07:00,S02,reverse,39.9,45,166,0.21,SURVEI_SIMULASI,ok,True
2026-09-08T07:00:00+07:00,S02,reverse,37.4,45,245,0.31,SURVEI_SIMULASI,ok,True
2026-09-08T08:00:00+07:00,S02,reverse,37.1,45,256,0.32,SURVEI_SIMULASI,ok,True
2026-09-08T09:00:00+07:00,S02,reverse,37.4,45,244,0.31,SURVEI_SIMULASI,ok,True
2026-09-08T10:00:00+07:00,S02,reverse,39.7,45,172,0.22,SURVEI_SIMULASI,ok,True
2026-09-08T11:00:00+07:00,S02,reverse,39.4,45,181,0.23,SURVEI_SIMULASI,ok,True
2026-09-08T12:00:00+07:00,S02,reverse,40.3,45,152,0.19,SURVEI_SIMULASI,ok,True
2026-09-08T13:00:00+07:00,S02,reverse,40.0,45,161,0.2,SURVEI_SIMULASI,ok,True
2026-09-08T14:00:00+07:00,S02,reverse,40.1,45,159,0.2,SURVEI_SIMULASI,ok,True
2026-09-08T15:00:00+07:00,S02,reverse,39.6,45,176,0.22,SURVEI_SIMULASI,ok,True
2026-09-08T16:00:00+07:00,S02,reverse,38.0,45,227,0.28,SURVEI_SIMULASI,ok,True
2026-09-08T17:00:00+07:00,S02,reverse,36.7,45,267,0.33,SURVEI_SIMULASI,ok,True
2026-09-08T18:00:00+07:00,S02,reverse,37.7,45,236,0.29,SURVEI_SIMULASI,ok,True
2026-09-08T19:00:00+07:00,S02,reverse,36.9,45,261,0.33,SURVEI_SIMULASI,ok,True
2026-09-09T06:00:00+07:00,S02,reverse,39.5,45,178,0.22,SURVEI_SIMULASI,ok,True
2026-09-09T07:00:00+07:00,S02,reverse,36.7,45,268,0.33,SURVEI_SIMULASI,ok,True
2026-09-09T08:00:00+07:00,S02,reverse,37.5,45,241,0.3,SURVEI_SIMULASI,ok,True
2026-09-09T09:00:00+07:00,S02,reverse,36.1,45,287,0.36,SURVEI_SIMULASI,ok,True
2026-09-09T10:00:00+07:00,S02,reverse,40.1,45,159,0.2,SURVEI_SIMULASI,ok,True
2026-09-09T11:00:00+07:00,S02,reverse,39.8,45,168,0.21,SURVEI_SIMULASI,ok,True
2026-09-09T12:00:00+07:00,S02,reverse,40.2,45,155,0.19,SURVEI_SIMULASI,ok,True
2026-09-09T13:00:00+07:00,S02,reverse,40.7,45,138,0.17,SURVEI_SIMULASI,ok,True
2026-09-09T14:00:00+07:00,S02,reverse,40.0,45,162,0.2,SURVEI_SIMULASI,ok,True
2026-09-09T15:00:00+07:00,S02,reverse,39.7,45,170,0.21,SURVEI_SIMULASI,ok,True
2026-09-09T16:00:00+07:00,S02,reverse,37.9,45,229,0.29,SURVEI_SIMULASI,ok,True
2026-09-09T17:00:00+07:00,S02,reverse,37.3,45,248,0.31,SURVEI_SIMULASI,ok,True
2026-09-09T18:00:00+07:00,S02,reverse,36.5,45,274,0.34,SURVEI_SIMULASI,ok,True
2026-09-09T19:00:00+07:00,S02,reverse,37.7,45,237,0.3,SURVEI_SIMULASI,ok,True
2026-09-03T06:00:00+07:00,S02,reverse,39.6,45,175,0.22,SURVEI_SIMULASI,ok,True
2026-09-03T07:00:00+07:00,S02,reverse,36.1,45,288,0.36,SURVEI_SIMULASI,ok,True
2026-09-03T08:00:00+07:00,S02,reverse,36.6,45,271,0.34,SURVEI_SIMULASI,ok,True
2026-09-03T09:00:00+07:00,S02,reverse,37.1,45,256,0.32,SURVEI_SIMULASI,ok,True
2026-09-03T10:00:00+07:00,S02,reverse,40.1,45,158,0.2,SURVEI_SIMULASI,ok,True
2026-09-03T11:00:00+07:00,S02,reverse,40.4,45,150,0.19,SURVEI_SIMULASI,ok,True
2026-09-03T12:00:00+07:00,S02,reverse,40.1,45,158,0.2,SURVEI_SIMULASI,ok,True
2026-09-03T13:00:00+07:00,S02,reverse,40.1,45,157,0.2,SURVEI_SIMULASI,ok,True
2026-09-03T14:00:00+07:00,S02,reverse,39.9,45,166,0.21,SURVEI_SIMULASI,ok,True
2026-09-03T15:00:00+07:00,S02,reverse,40.0,45,161,0.2,SURVEI_SIMULASI,ok,True
2026-09-03T16:00:00+07:00,S02,reverse,37.3,45,249,0.31,SURVEI_SIMULASI,ok,True
2026-09-03T17:00:00+07:00,S02,reverse,37.7,45,236,0.3,SURVEI_SIMULASI,ok,True
2026-09-03T18:00:00+07:00,S02,reverse,37.0,45,259,0.32,SURVEI_SIMULASI,ok,True
2026-09-03T19:00:00+07:00,S02,reverse,37.3,45,248,0.31,SURVEI_SIMULASI,ok,True
2026-09-04T06:00:00+07:00,S02,reverse,40.3,45,152,0.19,SURVEI_SIMULASI,ok,True
2026-09-04T07:00:00+07:00,S02,reverse,37.4,45,246,0.31,SURVEI_SIMULASI,ok,True
2026-09-04T08:00:00+07:00,S02,reverse,37.4,45,246,0.31,SURVEI_SIMULASI,ok,True
2026-09-04T09:00:00+07:00,S02,reverse,37.1,45,256,0.32,SURVEI_SIMULASI,ok,True
2026-09-04T10:00:00+07:00,S02,reverse,39.5,45,178,0.22,SURVEI_SIMULASI,ok,True
2026-09-04T11:00:00+07:00,S02,reverse,40.2,45,156,0.19,SURVEI_SIMULASI,ok,True
2026-09-04T12:00:00+07:00,S02,reverse,40.4,45,149,0.19,SURVEI_SIMULASI,ok,True
2026-09-04T13:00:00+07:00,S02,reverse,40.2,45,154,0.19,SURVEI_SIMULASI,ok,True
2026-09-04T14:00:00+07:00,S02,reverse,40.1,45,158,0.2,SURVEI_SIMULASI,ok,True
2026-09-04T15:00:00+07:00,S02,reverse,39.8,45,169,0.21,SURVEI_SIMULASI,ok,True
2026-09-04T16:00:00+07:00,S02,reverse,36.6,45,272,0.34,SURVEI_SIMULASI,ok,True
2026-09-04T17:00:00+07:00,S02,reverse,37.0,45,257,0.32,SURVEI_SIMULASI,ok,True
2026-09-04T18:00:00+07:00,S02,reverse,36.7,45,269,0.34,SURVEI_SIMULASI,ok,True
2026-09-04T19:00:00+07:00,S02,reverse,37.1,45,257,0.32,SURVEI_SIMULASI,ok,True
2026-09-05T06:00:00+07:00,S02,reverse,39.8,45,168,0.21,SURVEI_SIMULASI,ok,True
2026-09-05T07:00:00+07:00,S02,reverse,36.3,45,281,0.35,SURVEI_SIMULASI,ok,True
2026-09-05T08:00:00+07:00,S02,reverse,36.7,45,267,0.33,SURVEI_SIMULASI,ok,True
2026-09-05T09:00:00+07:00,S02,reverse,37.4,45,245,0.31,SURVEI_SIMULASI,ok,True
2026-09-05T10:00:00+07:00,S02,reverse,40.1,45,158,0.2,SURVEI_SIMULASI,ok,True
2026-09-05T11:00:00+07:00,S02,reverse,40.1,45,158,0.2,SURVEI_SIMULASI,ok,True
2026-09-05T12:00:00+07:00,S02,reverse,39.9,45,164,0.21,SURVEI_SIMULASI,ok,True
2026-09-05T13:00:00+07:00,S02,reverse,40.2,45,155,0.19,SURVEI_SIMULASI,ok,True
2026-09-05T14:00:00+07:00,S02,reverse,40.1,45,157,0.2,SURVEI_SIMULASI,ok,True
2026-09-05T15:00:00+07:00,S02,reverse,39.4,45,182,0.23,SURVEI_SIMULASI,ok,True
2026-09-05T16:00:00+07:00,S02,reverse,37.3,45,248,0.31,SURVEI_SIMULASI,ok,True
2026-09-05T17:00:00+07:00,S02,reverse,37.6,45,239,0.3,SURVEI_SIMULASI,ok,True
2026-09-05T18:00:00+07:00,S02,reverse,36.7,45,269,0.34,SURVEI_SIMULASI,ok,True
2026-09-05T19:00:00+07:00,S02,reverse,37.6,45,240,0.3,SURVEI_SIMULASI,ok,True
2026-09-06T06:00:00+07:00,S02,reverse,40.3,45,152,0.19,SURVEI_SIMULASI,ok,True
2026-09-06T07:00:00+07:00,S02,reverse,38.3,45,218,0.27,SURVEI_SIMULASI,ok,True
2026-09-06T08:00:00+07:00,S02,reverse,38.1,45,224,0.28,SURVEI_SIMULASI,ok,True
2026-09-06T09:00:00+07:00,S02,reverse,37.4,45,246,0.31,SURVEI_SIMULASI,ok,True
2026-09-06T10:00:00+07:00,S02,reverse,40.6,45,141,0.18,SURVEI_SIMULASI,ok,True
2026-09-06T11:00:00+07:00,S02,reverse,40.5,45,147,0.18,SURVEI_SIMULASI,ok,True
2026-09-06T12:00:00+07:00,S02,reverse,40.9,45,131,0.16,SURVEI_SIMULASI,ok,True
2026-09-06T13:00:00+07:00,S02,reverse,40.9,45,131,0.16,SURVEI_SIMULASI,ok,True
2026-09-06T14:00:00+07:00,S02,reverse,40.1,45,157,0.2,SURVEI_SIMULASI,ok,True
2026-09-06T15:00:00+07:00,S02,reverse,40.8,45,137,0.17,SURVEI_SIMULASI,ok,True
2026-09-06T16:00:00+07:00,S02,reverse,38.3,45,215,0.27,SURVEI_SIMULASI,ok,True
2026-09-06T17:00:00+07:00,S02,reverse,38.5,45,209,0.26,SURVEI_SIMULASI,ok,True
2026-09-06T18:00:00+07:00,S02,reverse,37.7,45,236,0.3,SURVEI_SIMULASI,ok,True
2026-09-06T19:00:00+07:00,S02,reverse,38.5,45,209,0.26,SURVEI_SIMULASI,ok,True
2026-09-07T06:00:00+07:00,S02,reverse,40.8,45,135,0.17,SURVEI_SIMULASI,ok,True
2026-09-07T07:00:00+07:00,S02,reverse,37.3,45,248,0.31,SURVEI_SIMULASI,ok,True
2026-09-07T08:00:00+07:00,S02,reverse,37.1,45,256,0.32,SURVEI_SIMULASI,ok,True
2026-09-07T09:00:00+07:00,S02,reverse,37.5,45,242,0.3,SURVEI_SIMULASI,ok,True
2026-09-07T10:00:00+07:00,S02,reverse,40.5,45,144,0.18,SURVEI_SIMULASI,ok,True
2026-09-07T11:00:00+07:00,S02,reverse,40.7,45,140,0.17,SURVEI_SIMULASI,ok,True
2026-09-07T12:00:00+07:00,S02,reverse,40.6,45,141,0.18,SURVEI_SIMULASI,ok,True
2026-09-07T13:00:00+07:00,S02,reverse,41.0,45,128,0.16,SURVEI_SIMULASI,ok,True
2026-09-07T14:00:00+07:00,S02,reverse,40.7,45,138,0.17,SURVEI_SIMULASI,ok,True
2026-09-07T15:00:00+07:00,S02,reverse,40.5,45,147,0.18,SURVEI_SIMULASI,ok,True
2026-09-07T16:00:00+07:00,S02,reverse,38.3,45,216,0.27,SURVEI_SIMULASI,ok,True
2026-09-07T17:00:00+07:00,S02,reverse,38.4,45,214,0.27,SURVEI_SIMULASI,ok,True
2026-09-07T18:00:00+07:00,S02,reverse,38.1,45,223,0.28,SURVEI_SIMULASI,ok,True
2026-09-07T19:00:00+07:00,S02,reverse,38.2,45,218,0.27,SURVEI_SIMULASI,ok,True
2026-09-01T06:00:00+07:00,S03,forward,40.0,45,161,0.2,SURVEI_SIMULASI,ok,True
2026-09-01T07:00:00+07:00,S03,forward,35.7,45,301,0.38,SURVEI_SIMULASI,ok,True
2026-09-01T08:00:00+07:00,S03,forward,35.9,45,294,0.37,SURVEI_SIMULASI,ok,True
2026-09-01T09:00:00+07:00,S03,forward,36.0,45,292,0.36,SURVEI_SIMULASI,ok,True
2026-09-01T10:00:00+07:00,S03,forward,39.6,45,176,0.22,SURVEI_SIMULASI,ok,True
2026-09-01T11:00:00+07:00,S03,forward,40.1,45,158,0.2,SURVEI_SIMULASI,ok,True
2026-09-01T12:00:00+07:00,S03,forward,40.5,45,145,0.18,SURVEI_SIMULASI,ok,True
2026-09-01T13:00:00+07:00,S03,forward,39.8,45,170,0.21,SURVEI_SIMULASI,ok,True
2026-09-01T14:00:00+07:00,S03,forward,39.9,45,166,0.21,SURVEI_SIMULASI,ok,True
2026-09-01T15:00:00+07:00,S03,forward,39.4,45,182,0.23,SURVEI_SIMULASI,ok,True
2026-09-01T16:00:00+07:00,S03,forward,36.7,45,267,0.33,SURVEI_SIMULASI,ok,True
2026-09-01T17:00:00+07:00,S03,forward,37.3,45,248,0.31,SURVEI_SIMULASI,ok,True
2026-09-01T18:00:00+07:00,S03,forward,36.9,45,263,0.33,SURVEI_SIMULASI,ok,True
2026-09-01T19:00:00+07:00,S03,forward,37.3,45,249,0.31,SURVEI_SIMULASI,ok,True
2026-09-02T06:00:00+07:00,S03,forward,39.1,45,191,0.24,SURVEI_SIMULASI,ok,True
2026-09-02T07:00:00+07:00,S03,forward,36.7,45,268,0.34,SURVEI_SIMULASI,ok,True
2026-09-02T08:00:00+07:00,S03,forward,37.1,45,254,0.32,SURVEI_SIMULASI,ok,True
2026-09-02T09:00:00+07:00,S03,forward,35.8,45,297,0.37,SURVEI_SIMULASI,ok,True
2026-09-02T10:00:00+07:00,S03,forward,40.0,45,161,0.2,SURVEI_SIMULASI,ok,True
2026-09-02T11:00:00+07:00,S03,forward,40.0,45,162,0.2,SURVEI_SIMULASI,ok,True
2026-09-02T12:00:00+07:00,S03,forward,40.4,45,150,0.19,SURVEI_SIMULASI,ok,True
2026-09-02T13:00:00+07:00,S03,forward,40.3,45,152,0.19,SURVEI_SIMULASI,ok,True
2026-09-02T14:00:00+07:00,S03,forward,39.4,45,182,0.23,SURVEI_SIMULASI,ok,True
2026-09-02T15:00:00+07:00,S03,forward,39.3,45,185,0.23,SURVEI_SIMULASI,ok,True
2026-09-02T16:00:00+07:00,S03,forward,36.7,45,267,0.33,SURVEI_SIMULASI,ok,True
2026-09-02T17:00:00+07:00,S03,forward,37.3,45,249,0.31,SURVEI_SIMULASI,ok,True
2026-09-02T18:00:00+07:00,S03,forward,36.9,45,261,0.33,SURVEI_SIMULASI,ok,True
2026-09-02T19:00:00+07:00,S03,forward,36.2,45,285,0.36,SURVEI_SIMULASI,ok,True
2026-09-08T06:00:00+07:00,S03,forward,39.9,45,164,0.2,SURVEI_SIMULASI,ok,True
2026-09-08T07:00:00+07:00,S03,forward,36.2,45,285,0.36,SURVEI_SIMULASI,ok,True
2026-09-08T08:00:00+07:00,S03,forward,36.3,45,280,0.35,SURVEI_SIMULASI,ok,True
2026-09-08T09:00:00+07:00,S03,forward,35.7,45,302,0.38,SURVEI_SIMULASI,ok,True
2026-09-08T10:00:00+07:00,S03,forward,39.1,45,191,0.24,SURVEI_SIMULASI,ok,True
2026-09-08T11:00:00+07:00,S03,forward,39.9,45,165,0.21,SURVEI_SIMULASI,ok,True
2026-09-08T12:00:00+07:00,S03,forward,39.7,45,172,0.21,SURVEI_SIMULASI,ok,True
2026-09-08T13:00:00+07:00,S03,forward,40.1,45,157,0.2,SURVEI_SIMULASI,ok,True
2026-09-08T14:00:00+07:00,S03,forward,39.4,45,182,0.23,SURVEI_SIMULASI,ok,True
2026-09-08T15:00:00+07:00,S03,forward,39.7,45,172,0.21,SURVEI_SIMULASI,ok,True
2026-09-08T16:00:00+07:00,S03,forward,36.9,45,260,0.33,SURVEI_SIMULASI,ok,True
2026-09-08T17:00:00+07:00,S03,forward,36.6,45,271,0.34,SURVEI_SIMULASI,ok,True
2026-09-08T18:00:00+07:00,S03,forward,37.6,45,240,0.3,SURVEI_SIMULASI,ok,True
2026-09-08T19:00:00+07:00,S03,forward,37.5,45,242,0.3,SURVEI_SIMULASI,ok,True
2026-09-09T06:00:00+07:00,S03,forward,39.2,45,186,0.23,SURVEI_SIMULASI,ok,True
2026-09-09T07:00:00+07:00,S03,forward,36.8,45,264,0.33,SURVEI_SIMULASI,ok,True
2026-09-09T08:00:00+07:00,S03,forward,35.6,45,303,0.38,SURVEI_SIMULASI,ok,True
2026-09-09T09:00:00+07:00,S03,forward,35.8,45,297,0.37,SURVEI_SIMULASI,ok,True
2026-09-09T10:00:00+07:00,S03,forward,39.3,45,183,0.23,SURVEI_SIMULASI,ok,True
2026-09-09T11:00:00+07:00,S03,forward,39.9,45,166,0.21,SURVEI_SIMULASI,ok,True
2026-09-09T12:00:00+07:00,S03,forward,40.6,45,142,0.18,SURVEI_SIMULASI,ok,True
2026-09-09T13:00:00+07:00,S03,forward,39.7,45,171,0.21,SURVEI_SIMULASI,ok,True
2026-09-09T14:00:00+07:00,S03,forward,39.3,45,183,0.23,SURVEI_SIMULASI,ok,True
2026-09-09T15:00:00+07:00,S03,forward,39.5,45,178,0.22,SURVEI_SIMULASI,ok,True
2026-09-09T16:00:00+07:00,S03,forward,36.7,45,269,0.34,SURVEI_SIMULASI,ok,True
2026-09-09T17:00:00+07:00,S03,forward,37.2,45,252,0.32,SURVEI_SIMULASI,ok,True
2026-09-09T18:00:00+07:00,S03,forward,36.9,45,261,0.33,SURVEI_SIMULASI,ok,True
2026-09-09T19:00:00+07:00,S03,forward,36.8,45,265,0.33,SURVEI_SIMULASI,ok,True
2026-09-03T06:00:00+07:00,S03,forward,39.4,45,183,0.23,SURVEI_SIMULASI,ok,True
2026-09-03T07:00:00+07:00,S03,forward,36.4,45,277,0.35,SURVEI_SIMULASI,ok,True
2026-09-03T08:00:00+07:00,S03,forward,35.9,45,293,0.37,SURVEI_SIMULASI,ok,True
2026-09-03T09:00:00+07:00,S03,forward,36.7,45,268,0.34,SURVEI_SIMULASI,ok,True
2026-09-03T10:00:00+07:00,S03,forward,39.5,45,178,0.22,SURVEI_SIMULASI,ok,True
2026-09-03T11:00:00+07:00,S03,forward,39.9,45,164,0.2,SURVEI_SIMULASI,ok,True
2026-09-03T12:00:00+07:00,S03,forward,40.3,45,151,0.19,SURVEI_SIMULASI,ok,True
2026-09-03T13:00:00+07:00,S03,forward,40.5,45,146,0.18,SURVEI_SIMULASI,ok,True
2026-09-03T14:00:00+07:00,S03,forward,40.1,45,159,0.2,SURVEI_SIMULASI,ok,True
2026-09-03T15:00:00+07:00,S03,forward,39.7,45,172,0.21,SURVEI_SIMULASI,ok,True
2026-09-03T16:00:00+07:00,S03,forward,29.4,45,310,0.39,SURVEI_SIMULASI,penerima_pengalihan,True
2026-09-03T17:00:00+07:00,S03,forward,28.4,45,348,0.44,SURVEI_SIMULASI,penerima_pengalihan,True
2026-09-03T18:00:00+07:00,S03,forward,36.2,45,285,0.36,SURVEI_SIMULASI,ok,True
2026-09-03T19:00:00+07:00,S03,forward,37.2,45,252,0.32,SURVEI_SIMULASI,ok,True
2026-09-04T06:00:00+07:00,S03,forward,39.2,45,189,0.24,SURVEI_SIMULASI,ok,True
2026-09-04T07:00:00+07:00,S03,forward,35.9,45,295,0.37,SURVEI_SIMULASI,ok,True
2026-09-04T08:00:00+07:00,S03,forward,36.9,45,263,0.33,SURVEI_SIMULASI,ok,True
2026-09-04T09:00:00+07:00,S03,forward,35.6,45,304,0.38,SURVEI_SIMULASI,ok,True
2026-09-04T10:00:00+07:00,S03,forward,39.2,45,187,0.23,SURVEI_SIMULASI,ok,True
2026-09-04T11:00:00+07:00,S03,forward,39.3,45,184,0.23,SURVEI_SIMULASI,ok,True
2026-09-04T12:00:00+07:00,S03,forward,40.2,45,155,0.19,SURVEI_SIMULASI,ok,True
2026-09-04T13:00:00+07:00,S03,forward,40.6,45,144,0.18,SURVEI_SIMULASI,ok,True
2026-09-04T14:00:00+07:00,S03,forward,39.2,45,187,0.23,SURVEI_SIMULASI,ok,True
2026-09-04T15:00:00+07:00,S03,forward,39.5,45,179,0.22,SURVEI_SIMULASI,ok,True
2026-09-04T16:00:00+07:00,S03,forward,28.5,45,346,0.43,SURVEI_SIMULASI,penerima_pengalihan,True
2026-09-04T17:00:00+07:00,S03,forward,29.5,45,305,0.38,SURVEI_SIMULASI,penerima_pengalihan,True
2026-09-04T18:00:00+07:00,S03,forward,36.1,45,286,0.36,SURVEI_SIMULASI,ok,True
2026-09-04T19:00:00+07:00,S03,forward,36.3,45,280,0.35,SURVEI_SIMULASI,ok,True
2026-09-05T06:00:00+07:00,S03,forward,40.0,45,161,0.2,SURVEI_SIMULASI,ok,True
2026-09-05T07:00:00+07:00,S03,forward,35.9,45,295,0.37,SURVEI_SIMULASI,ok,True
2026-09-05T08:00:00+07:00,S03,forward,36.1,45,286,0.36,SURVEI_SIMULASI,ok,True
2026-09-05T09:00:00+07:00,S03,forward,35.5,45,305,0.38,SURVEI_SIMULASI,ok,True
2026-09-05T10:00:00+07:00,S03,forward,39.5,45,179,0.22,SURVEI_SIMULASI,ok,True
2026-09-05T11:00:00+07:00,S03,forward,39.3,45,184,0.23,SURVEI_SIMULASI,ok,True
2026-09-05T12:00:00+07:00,S03,forward,40.0,45,161,0.2,SURVEI_SIMULASI,ok,True
2026-09-05T13:00:00+07:00,S03,forward,40.0,45,161,0.2,SURVEI_SIMULASI,ok,True
2026-09-05T14:00:00+07:00,S03,forward,40.1,45,159,0.2,SURVEI_SIMULASI,ok,True
2026-09-05T15:00:00+07:00,S03,forward,40.0,45,161,0.2,SURVEI_SIMULASI,ok,True
2026-09-05T16:00:00+07:00,S03,forward,29.2,45,317,0.4,SURVEI_SIMULASI,penerima_pengalihan,True
2026-09-05T17:00:00+07:00,S03,forward,28.4,45,348,0.43,SURVEI_SIMULASI,penerima_pengalihan,True
2026-09-05T18:00:00+07:00,S03,forward,36.9,45,263,0.33,SURVEI_SIMULASI,ok,True
2026-09-05T19:00:00+07:00,S03,forward,37.4,45,247,0.31,SURVEI_SIMULASI,ok,True
2026-09-06T06:00:00+07:00,S03,forward,40.2,45,156,0.19,SURVEI_SIMULASI,ok,True
2026-09-06T07:00:00+07:00,S03,forward,37.5,45,241,0.3,SURVEI_SIMULASI,ok,True
2026-09-06T08:00:00+07:00,S03,forward,36.9,45,263,0.33,SURVEI_SIMULASI,ok,True
2026-09-06T09:00:00+07:00,S03,forward,37.2,45,253,0.32,SURVEI_SIMULASI,ok,True
2026-09-06T10:00:00+07:00,S03,forward,40.3,45,153,0.19,SURVEI_SIMULASI,ok,True
2026-09-06T11:00:00+07:00,S03,forward,40.2,45,154,0.19,SURVEI_SIMULASI,ok,True
2026-09-06T12:00:00+07:00,S03,forward,41.0,45,128,0.16,SURVEI_SIMULASI,ok,True
2026-09-06T13:00:00+07:00,S03,forward,41.0,45,128,0.16,SURVEI_SIMULASI,ok,True
2026-09-06T14:00:00+07:00,S03,forward,40.3,45,152,0.19,SURVEI_SIMULASI,ok,True
2026-09-06T15:00:00+07:00,S03,forward,40.6,45,142,0.18,SURVEI_SIMULASI,ok,True
2026-09-06T16:00:00+07:00,S03,forward,37.0,45,258,0.32,SURVEI_SIMULASI,ok,True
2026-09-06T17:00:00+07:00,S03,forward,38.0,45,226,0.28,SURVEI_SIMULASI,ok,True
2026-09-06T18:00:00+07:00,S03,forward,37.2,45,251,0.31,SURVEI_SIMULASI,ok,True
2026-09-06T19:00:00+07:00,S03,forward,37.2,45,253,0.32,SURVEI_SIMULASI,ok,True
2026-09-07T06:00:00+07:00,S03,forward,40.0,45,161,0.2,SURVEI_SIMULASI,ok,True
2026-09-07T07:00:00+07:00,S03,forward,37.1,45,254,0.32,SURVEI_SIMULASI,ok,True
2026-09-07T08:00:00+07:00,S03,forward,37.5,45,243,0.3,SURVEI_SIMULASI,ok,True
2026-09-07T09:00:00+07:00,S03,forward,37.6,45,239,0.3,SURVEI_SIMULASI,ok,True
2026-09-07T10:00:00+07:00,S03,forward,39.8,45,170,0.21,SURVEI_SIMULASI,ok,True
2026-09-07T11:00:00+07:00,S03,forward,39.8,45,169,0.21,SURVEI_SIMULASI,ok,True
2026-09-07T12:00:00+07:00,S03,forward,40.7,45,140,0.17,SURVEI_SIMULASI,ok,True
2026-09-07T13:00:00+07:00,S03,forward,40.4,45,150,0.19,SURVEI_SIMULASI,ok,True
2026-09-07T14:00:00+07:00,S03,forward,40.0,45,163,0.2,SURVEI_SIMULASI,ok,True
2026-09-07T15:00:00+07:00,S03,forward,40.5,45,146,0.18,SURVEI_SIMULASI,ok,True
2026-09-07T16:00:00+07:00,S03,forward,37.6,45,239,0.3,SURVEI_SIMULASI,ok,True
2026-09-07T17:00:00+07:00,S03,forward,37.4,45,247,0.31,SURVEI_SIMULASI,ok,True
2026-09-07T18:00:00+07:00,S03,forward,37.0,45,258,0.32,SURVEI_SIMULASI,ok,True
2026-09-07T19:00:00+07:00,S03,forward,38.2,45,218,0.27,SURVEI_SIMULASI,ok,True
2026-09-01T06:00:00+07:00,S04,forward,39.5,45,179,0.22,SURVEI_SIMULASI,ok,True
2026-09-01T07:00:00+07:00,S04,forward,35.4,45,309,0.39,SURVEI_SIMULASI,ok,True
2026-09-01T08:00:00+07:00,S04,forward,36.8,45,264,0.33,SURVEI_SIMULASI,ok,True
2026-09-01T09:00:00+07:00,S04,forward,35.8,45,296,0.37,SURVEI_SIMULASI,ok,True
2026-09-01T10:00:00+07:00,S04,forward,39.7,45,171,0.21,SURVEI_SIMULASI,ok,True
2026-09-01T11:00:00+07:00,S04,forward,39.7,45,170,0.21,SURVEI_SIMULASI,ok,True
2026-09-01T12:00:00+07:00,S04,forward,39.6,45,174,0.22,SURVEI_SIMULASI,ok,True
2026-09-01T13:00:00+07:00,S04,forward,40.1,45,159,0.2,SURVEI_SIMULASI,ok,True
2026-09-01T14:00:00+07:00,S04,forward,39.7,45,170,0.21,SURVEI_SIMULASI,ok,True
2026-09-01T15:00:00+07:00,S04,forward,39.6,45,175,0.22,SURVEI_SIMULASI,ok,True
2026-09-01T16:00:00+07:00,S04,forward,36.6,45,271,0.34,SURVEI_SIMULASI,ok,True
2026-09-01T17:00:00+07:00,S04,forward,37.4,45,247,0.31,SURVEI_SIMULASI,ok,True
2026-09-01T18:00:00+07:00,S04,forward,37.1,45,255,0.32,SURVEI_SIMULASI,ok,True
2026-09-01T19:00:00+07:00,S04,forward,37.0,45,257,0.32,SURVEI_SIMULASI,ok,True
2026-09-02T06:00:00+07:00,S04,forward,39.5,45,178,0.22,SURVEI_SIMULASI,ok,True
2026-09-02T07:00:00+07:00,S04,forward,35.8,45,297,0.37,SURVEI_SIMULASI,ok,True
2026-09-02T08:00:00+07:00,S04,forward,35.9,45,293,0.37,SURVEI_SIMULASI,ok,True
2026-09-02T09:00:00+07:00,S04,forward,36.6,45,272,0.34,SURVEI_SIMULASI,ok,True
2026-09-02T10:00:00+07:00,S04,forward,39.4,45,180,0.22,SURVEI_SIMULASI,ok,True
2026-09-02T11:00:00+07:00,S04,forward,39.6,45,173,0.22,SURVEI_SIMULASI,ok,True
2026-09-02T12:00:00+07:00,S04,forward,39.6,45,173,0.22,SURVEI_SIMULASI,ok,True
2026-09-02T13:00:00+07:00,S04,forward,40.2,45,154,0.19,SURVEI_SIMULASI,ok,True
2026-09-02T14:00:00+07:00,S04,forward,39.5,45,179,0.22,SURVEI_SIMULASI,ok,True
2026-09-02T15:00:00+07:00,S04,forward,39.2,45,186,0.23,SURVEI_SIMULASI,ok,True
2026-09-02T16:00:00+07:00,S04,forward,36.9,45,263,0.33,SURVEI_SIMULASI,ok,True
2026-09-02T17:00:00+07:00,S04,forward,37.3,45,248,0.31,SURVEI_SIMULASI,ok,True
2026-09-02T18:00:00+07:00,S04,forward,36.8,45,265,0.33,SURVEI_SIMULASI,ok,True
2026-09-02T19:00:00+07:00,S04,forward,35.7,45,299,0.37,SURVEI_SIMULASI,ok,True
2026-09-08T06:00:00+07:00,S04,forward,39.6,45,173,0.22,SURVEI_SIMULASI,ok,True
2026-09-08T07:00:00+07:00,S04,forward,35.1,45,320,0.4,SURVEI_SIMULASI,ok,True
2026-09-08T08:00:00+07:00,S04,forward,35.5,45,307,0.38,SURVEI_SIMULASI,ok,True
2026-09-08T09:00:00+07:00,S04,forward,36.3,45,281,0.35,SURVEI_SIMULASI,ok,True
2026-09-08T10:00:00+07:00,S04,forward,38.9,45,196,0.25,SURVEI_SIMULASI,ok,True
2026-09-08T11:00:00+07:00,S04,forward,39.6,45,175,0.22,SURVEI_SIMULASI,ok,True
2026-09-08T12:00:00+07:00,S04,forward,40.3,45,153,0.19,SURVEI_SIMULASI,ok,True
2026-09-08T13:00:00+07:00,S04,forward,39.7,45,173,0.22,SURVEI_SIMULASI,ok,True
2026-09-08T14:00:00+07:00,S04,forward,39.2,45,187,0.23,SURVEI_SIMULASI,ok,True
2026-09-08T15:00:00+07:00,S04,forward,39.9,45,165,0.21,SURVEI_SIMULASI,ok,True
2026-09-08T16:00:00+07:00,S04,forward,36.1,45,287,0.36,SURVEI_SIMULASI,ok,True
2026-09-08T17:00:00+07:00,S04,forward,36.5,45,273,0.34,SURVEI_SIMULASI,ok,True
2026-09-08T18:00:00+07:00,S04,forward,35.9,45,293,0.37,SURVEI_SIMULASI,ok,True
2026-09-08T19:00:00+07:00,S04,forward,37.1,45,256,0.32,SURVEI_SIMULASI,ok,True
2026-09-09T06:00:00+07:00,S04,forward,38.9,45,198,0.25,SURVEI_SIMULASI,ok,True
2026-09-09T07:00:00+07:00,S04,forward,35.8,45,296,0.37,SURVEI_SIMULASI,ok,True
2026-09-09T08:00:00+07:00,S04,forward,35.2,45,317,0.4,SURVEI_SIMULASI,ok,True
2026-09-09T09:00:00+07:00,S04,forward,36.2,45,285,0.36,SURVEI_SIMULASI,ok,True
2026-09-09T10:00:00+07:00,S04,forward,39.8,45,168,0.21,SURVEI_SIMULASI,ok,True
2026-09-09T11:00:00+07:00,S04,forward,39.7,45,171,0.21,SURVEI_SIMULASI,ok,True
2026-09-09T12:00:00+07:00,S04,forward,40.3,45,151,0.19,SURVEI_SIMULASI,ok,True
2026-09-09T13:00:00+07:00,S04,forward,40.2,45,156,0.19,SURVEI_SIMULASI,ok,True
2026-09-09T14:00:00+07:00,S04,forward,39.0,45,194,0.24,SURVEI_SIMULASI,ok,True
2026-09-09T15:00:00+07:00,S04,forward,39.1,45,191,0.24,SURVEI_SIMULASI,ok,True
2026-09-09T16:00:00+07:00,S04,forward,36.4,45,277,0.35,SURVEI_SIMULASI,ok,True
2026-09-09T17:00:00+07:00,S04,forward,35.8,45,297,0.37,SURVEI_SIMULASI,ok,True
2026-09-09T18:00:00+07:00,S04,forward,36.9,45,263,0.33,SURVEI_SIMULASI,ok,True
2026-09-09T19:00:00+07:00,S04,forward,36.3,45,281,0.35,SURVEI_SIMULASI,ok,True
2026-09-03T06:00:00+07:00,S04,forward,39.2,45,186,0.23,SURVEI_SIMULASI,ok,True
2026-09-03T07:00:00+07:00,S04,forward,35.2,45,316,0.4,SURVEI_SIMULASI,ok,True
2026-09-03T08:00:00+07:00,S04,forward,35.1,45,320,0.4,SURVEI_SIMULASI,ok,True
2026-09-03T09:00:00+07:00,S04,forward,36.5,45,273,0.34,SURVEI_SIMULASI,ok,True
2026-09-03T10:00:00+07:00,S04,forward,38.8,45,199,0.25,SURVEI_SIMULASI,ok,True
2026-09-03T11:00:00+07:00,S04,forward,39.3,45,183,0.23,SURVEI_SIMULASI,ok,True
2026-09-03T12:00:00+07:00,S04,forward,40.1,45,159,0.2,SURVEI_SIMULASI,ok,True
2026-09-03T13:00:00+07:00,S04,forward,39.8,45,167,0.21,SURVEI_SIMULASI,ok,True
2026-09-03T14:00:00+07:00,S04,forward,39.9,45,165,0.21,SURVEI_SIMULASI,ok,True
2026-09-03T15:00:00+07:00,S04,forward,39.0,45,193,0.24,SURVEI_SIMULASI,ok,True
2026-09-03T16:00:00+07:00,S04,forward,36.8,45,264,0.33,SURVEI_SIMULASI,ok,True
2026-09-03T17:00:00+07:00,S04,forward,36.4,45,277,0.35,SURVEI_SIMULASI,ok,True
2026-09-03T18:00:00+07:00,S04,forward,37.3,45,249,0.31,SURVEI_SIMULASI,ok,True
2026-09-03T19:00:00+07:00,S04,forward,35.9,45,295,0.37,SURVEI_SIMULASI,ok,True
2026-09-04T06:00:00+07:00,S04,forward,39.1,45,190,0.24,SURVEI_SIMULASI,ok,True
2026-09-04T07:00:00+07:00,S04,forward,36.5,45,275,0.34,SURVEI_SIMULASI,ok,True
2026-09-04T08:00:00+07:00,S04,forward,35.3,45,313,0.39,SURVEI_SIMULASI,ok,True
2026-09-04T09:00:00+07:00,S04,forward,35.4,45,309,0.39,SURVEI_SIMULASI,ok,True
2026-09-04T10:00:00+07:00,S04,forward,39.0,45,194,0.24,SURVEI_SIMULASI,ok,True
2026-09-04T11:00:00+07:00,S04,forward,39.6,45,173,0.22,SURVEI_SIMULASI,ok,True
2026-09-04T12:00:00+07:00,S04,forward,39.6,45,173,0.22,SURVEI_SIMULASI,ok,True
2026-09-04T13:00:00+07:00,S04,forward,39.5,45,179,0.22,SURVEI_SIMULASI,ok,True
2026-09-04T14:00:00+07:00,S04,forward,39.9,45,165,0.21,SURVEI_SIMULASI,ok,True
2026-09-04T15:00:00+07:00,S04,forward,39.0,45,195,0.24,SURVEI_SIMULASI,ok,True
2026-09-04T16:00:00+07:00,S04,forward,37.1,45,254,0.32,SURVEI_SIMULASI,ok,True
2026-09-04T17:00:00+07:00,S04,forward,37.0,45,260,0.33,SURVEI_SIMULASI,ok,True
2026-09-04T18:00:00+07:00,S04,forward,36.0,45,292,0.36,SURVEI_SIMULASI,ok,True
2026-09-04T19:00:00+07:00,S04,forward,35.7,45,299,0.37,SURVEI_SIMULASI,ok,True
2026-09-05T06:00:00+07:00,S04,forward,39.0,45,194,0.24,SURVEI_SIMULASI,ok,True
2026-09-05T07:00:00+07:00,S04,forward,36.2,45,286,0.36,SURVEI_SIMULASI,ok,True
2026-09-05T08:00:00+07:00,S04,forward,36.5,45,273,0.34,SURVEI_SIMULASI,ok,True
2026-09-05T09:00:00+07:00,S04,forward,35.2,45,318,0.4,SURVEI_SIMULASI,ok,True
2026-09-05T10:00:00+07:00,S04,forward,39.3,45,184,0.23,SURVEI_SIMULASI,ok,True
2026-09-05T11:00:00+07:00,S04,forward,39.1,45,191,0.24,SURVEI_SIMULASI,ok,True
2026-09-05T12:00:00+07:00,S04,forward,39.6,45,176,0.22,SURVEI_SIMULASI,ok,True
2026-09-05T13:00:00+07:00,S04,forward,39.4,45,180,0.22,SURVEI_SIMULASI,ok,True
2026-09-05T14:00:00+07:00,S04,forward,39.6,45,176,0.22,SURVEI_SIMULASI,ok,True
2026-09-05T15:00:00+07:00,S04,forward,39.2,45,187,0.23,SURVEI_SIMULASI,ok,True
2026-09-05T16:00:00+07:00,S04,forward,37.2,45,253,0.32,SURVEI_SIMULASI,ok,True
2026-09-05T17:00:00+07:00,S04,forward,36.2,45,286,0.36,SURVEI_SIMULASI,ok,True
2026-09-05T18:00:00+07:00,S04,forward,37.0,45,258,0.32,SURVEI_SIMULASI,ok,True
2026-09-05T19:00:00+07:00,S04,forward,35.7,45,300,0.38,SURVEI_SIMULASI,ok,True
2026-09-06T06:00:00+07:00,S04,forward,39.5,45,177,0.22,SURVEI_SIMULASI,ok,True
2026-09-06T07:00:00+07:00,S04,forward,36.4,45,278,0.35,SURVEI_SIMULASI,ok,True
2026-09-06T08:00:00+07:00,S04,forward,36.1,45,287,0.36,SURVEI_SIMULASI,ok,True
2026-09-06T09:00:00+07:00,S04,forward,36.2,45,284,0.35,SURVEI_SIMULASI,ok,True
2026-09-06T10:00:00+07:00,S04,forward,40.2,45,154,0.19,SURVEI_SIMULASI,ok,True
2026-09-06T11:00:00+07:00,S04,forward,39.9,45,166,0.21,SURVEI_SIMULASI,ok,True
2026-09-06T12:00:00+07:00,S04,forward,40.6,45,141,0.18,SURVEI_SIMULASI,ok,True
2026-09-06T13:00:00+07:00,S04,forward,40.0,45,161,0.2,SURVEI_SIMULASI,ok,True
2026-09-06T14:00:00+07:00,S04,forward,39.5,45,176,0.22,SURVEI_SIMULASI,ok,True
2026-09-06T15:00:00+07:00,S04,forward,40.3,45,153,0.19,SURVEI_SIMULASI,ok,True
2026-09-06T16:00:00+07:00,S04,forward,38.0,45,227,0.28,SURVEI_SIMULASI,ok,True
2026-09-06T17:00:00+07:00,S04,forward,37.9,45,230,0.29,SURVEI_SIMULASI,ok,True
2026-09-06T18:00:00+07:00,S04,forward,37.3,45,248,0.31,SURVEI_SIMULASI,ok,True
2026-09-06T19:00:00+07:00,S04,forward,37.9,45,231,0.29,SURVEI_SIMULASI,ok,True
2026-09-07T06:00:00+07:00,S04,forward,39.7,45,172,0.21,SURVEI_SIMULASI,ok,True
2026-09-07T07:00:00+07:00,S04,forward,37.0,45,259,0.32,SURVEI_SIMULASI,ok,True
2026-09-07T08:00:00+07:00,S04,forward,37.2,45,252,0.31,SURVEI_SIMULASI,ok,True
2026-09-07T09:00:00+07:00,S04,forward,36.7,45,268,0.34,SURVEI_SIMULASI,ok,True
2026-09-07T10:00:00+07:00,S04,forward,40.3,45,152,0.19,SURVEI_SIMULASI,ok,True
2026-09-07T11:00:00+07:00,S04,forward,40.2,45,156,0.19,SURVEI_SIMULASI,ok,True
2026-09-07T12:00:00+07:00,S04,forward,40.4,45,150,0.19,SURVEI_SIMULASI,ok,True
2026-09-07T13:00:00+07:00,S04,forward,40.7,45,141,0.18,SURVEI_SIMULASI,ok,True
2026-09-07T14:00:00+07:00,S04,forward,39.7,45,172,0.21,SURVEI_SIMULASI,ok,True
2026-09-07T15:00:00+07:00,S04,forward,40.3,45,151,0.19,SURVEI_SIMULASI,ok,True
2026-09-07T16:00:00+07:00,S04,forward,37.3,45,248,0.31,SURVEI_SIMULASI,ok,True
2026-09-07T17:00:00+07:00,S04,forward,36.9,45,261,0.33,SURVEI_SIMULASI,ok,True
2026-09-07T18:00:00+07:00,S04,forward,37.6,45,238,0.3,SURVEI_SIMULASI,ok,True
2026-09-07T19:00:00+07:00,S04,forward,37.3,45,249,0.31,SURVEI_SIMULASI,ok,True
2026-09-01T06:00:00+07:00,S04,reverse,39.4,45,181,0.23,SURVEI_SIMULASI,ok,True
2026-09-01T07:00:00+07:00,S04,reverse,36.2,45,285,0.36,SURVEI_SIMULASI,ok,True
2026-09-01T08:00:00+07:00,S04,reverse,35.7,45,299,0.37,SURVEI_SIMULASI,ok,True
2026-09-01T09:00:00+07:00,S04,reverse,35.2,45,317,0.4,SURVEI_SIMULASI,ok,True
2026-09-01T10:00:00+07:00,S04,reverse,39.4,45,181,0.23,SURVEI_SIMULASI,ok,True
2026-09-01T11:00:00+07:00,S04,reverse,39.6,45,175,0.22,SURVEI_SIMULASI,ok,True
2026-09-01T12:00:00+07:00,S04,reverse,39.6,45,174,0.22,SURVEI_SIMULASI,ok,True
2026-09-01T13:00:00+07:00,S04,reverse,39.7,45,170,0.21,SURVEI_SIMULASI,ok,True
2026-09-01T14:00:00+07:00,S04,reverse,39.5,45,178,0.22,SURVEI_SIMULASI,ok,True
2026-09-01T15:00:00+07:00,S04,reverse,39.0,45,193,0.24,SURVEI_SIMULASI,ok,True
2026-09-01T16:00:00+07:00,S04,reverse,36.1,45,289,0.36,SURVEI_SIMULASI,ok,True
2026-09-01T17:00:00+07:00,S04,reverse,36.3,45,281,0.35,SURVEI_SIMULASI,ok,True
2026-09-01T18:00:00+07:00,S04,reverse,36.8,45,265,0.33,SURVEI_SIMULASI,ok,True
2026-09-01T19:00:00+07:00,S04,reverse,36.0,45,291,0.36,SURVEI_SIMULASI,ok,True
2026-09-02T06:00:00+07:00,S04,reverse,39.4,45,181,0.23,SURVEI_SIMULASI,ok,True
2026-09-02T07:00:00+07:00,S04,reverse,35.3,45,314,0.39,SURVEI_SIMULASI,ok,True
2026-09-02T08:00:00+07:00,S04,reverse,36.5,45,275,0.34,SURVEI_SIMULASI,ok,True
2026-09-02T09:00:00+07:00,S04,reverse,35.9,45,293,0.37,SURVEI_SIMULASI,ok,True
2026-09-02T10:00:00+07:00,S04,reverse,39.7,45,171,0.21,SURVEI_SIMULASI,ok,True
2026-09-02T11:00:00+07:00,S04,reverse,39.9,45,164,0.2,SURVEI_SIMULASI,ok,True
2026-09-02T12:00:00+07:00,S04,reverse,39.9,45,166,0.21,SURVEI_SIMULASI,ok,True
2026-09-02T13:00:00+07:00,S04,reverse,39.7,45,172,0.22,SURVEI_SIMULASI,ok,True
2026-09-02T14:00:00+07:00,S04,reverse,39.1,45,189,0.24,SURVEI_SIMULASI,ok,True
2026-09-02T15:00:00+07:00,S04,reverse,39.8,45,170,0.21,SURVEI_SIMULASI,ok,True
2026-09-02T16:00:00+07:00,S04,reverse,36.5,45,274,0.34,SURVEI_SIMULASI,ok,True
2026-09-02T17:00:00+07:00,S04,reverse,36.2,45,286,0.36,SURVEI_SIMULASI,ok,True
2026-09-02T18:00:00+07:00,S04,reverse,37.3,45,250,0.31,SURVEI_SIMULASI,ok,True
2026-09-02T19:00:00+07:00,S04,reverse,36.2,45,286,0.36,SURVEI_SIMULASI,ok,True
2026-09-08T06:00:00+07:00,S04,reverse,39.2,45,189,0.24,SURVEI_SIMULASI,ok,True
2026-09-08T07:00:00+07:00,S04,reverse,36.7,45,270,0.34,SURVEI_SIMULASI,ok,True
2026-09-08T08:00:00+07:00,S04,reverse,35.2,45,318,0.4,SURVEI_SIMULASI,ok,True
2026-09-08T09:00:00+07:00,S04,reverse,35.8,45,298,0.37,SURVEI_SIMULASI,ok,True
2026-09-08T10:00:00+07:00,S04,reverse,39.3,45,186,0.23,SURVEI_SIMULASI,ok,True
2026-09-08T11:00:00+07:00,S04,reverse,39.1,45,192,0.24,SURVEI_SIMULASI,ok,True
2026-09-08T12:00:00+07:00,S04,reverse,40.1,45,157,0.2,SURVEI_SIMULASI,ok,True
2026-09-08T13:00:00+07:00,S04,reverse,39.5,45,176,0.22,SURVEI_SIMULASI,ok,True
2026-09-08T14:00:00+07:00,S04,reverse,39.8,45,169,0.21,SURVEI_SIMULASI,ok,True
2026-09-08T15:00:00+07:00,S04,reverse,39.7,45,173,0.22,SURVEI_SIMULASI,ok,True
2026-09-08T16:00:00+07:00,S04,reverse,37.3,45,248,0.31,SURVEI_SIMULASI,ok,True
2026-09-08T17:00:00+07:00,S04,reverse,35.8,45,298,0.37,SURVEI_SIMULASI,ok,True
2026-09-08T18:00:00+07:00,S04,reverse,36.5,45,276,0.34,SURVEI_SIMULASI,ok,True
2026-09-08T19:00:00+07:00,S04,reverse,36.6,45,272,0.34,SURVEI_SIMULASI,ok,True
2026-09-09T06:00:00+07:00,S04,reverse,39.7,45,171,0.21,SURVEI_SIMULASI,ok,True
2026-09-09T07:00:00+07:00,S04,reverse,36.6,45,270,0.34,SURVEI_SIMULASI,ok,True
2026-09-09T08:00:00+07:00,S04,reverse,36.5,45,276,0.35,SURVEI_SIMULASI,ok,True
2026-09-09T09:00:00+07:00,S04,reverse,36.4,45,279,0.35,SURVEI_SIMULASI,ok,True
2026-09-09T10:00:00+07:00,S04,reverse,39.0,45,195,0.24,SURVEI_SIMULASI,ok,True
2026-09-09T11:00:00+07:00,S04,reverse,39.4,45,182,0.23,SURVEI_SIMULASI,ok,True
2026-09-09T12:00:00+07:00,S04,reverse,40.1,45,158,0.2,SURVEI_SIMULASI,ok,True
2026-09-09T13:00:00+07:00,S04,reverse,40.3,45,151,0.19,SURVEI_SIMULASI,ok,True
2026-09-09T14:00:00+07:00,S04,reverse,39.8,45,169,0.21,SURVEI_SIMULASI,ok,True
2026-09-09T15:00:00+07:00,S04,reverse,39.4,45,180,0.22,SURVEI_SIMULASI,ok,True
2026-09-09T16:00:00+07:00,S04,reverse,35.8,45,297,0.37,SURVEI_SIMULASI,ok,True
2026-09-09T17:00:00+07:00,S04,reverse,37.1,45,257,0.32,SURVEI_SIMULASI,ok,True
2026-09-09T18:00:00+07:00,S04,reverse,35.9,45,293,0.37,SURVEI_SIMULASI,ok,True
2026-09-09T19:00:00+07:00,S04,reverse,36.9,45,261,0.33,SURVEI_SIMULASI,ok,True
2026-09-03T06:00:00+07:00,S04,reverse,39.2,45,189,0.24,SURVEI_SIMULASI,ok,True
2026-09-03T07:00:00+07:00,S04,reverse,36.0,45,290,0.36,SURVEI_SIMULASI,ok,True
2026-09-03T08:00:00+07:00,S04,reverse,35.2,45,316,0.39,SURVEI_SIMULASI,ok,True
2026-09-03T09:00:00+07:00,S04,reverse,35.9,45,294,0.37,SURVEI_SIMULASI,ok,True
2026-09-03T10:00:00+07:00,S04,reverse,39.7,45,170,0.21,SURVEI_SIMULASI,ok,True
2026-09-03T11:00:00+07:00,S04,reverse,39.8,45,167,0.21,SURVEI_SIMULASI,ok,True
2026-09-03T12:00:00+07:00,S04,reverse,40.3,45,151,0.19,SURVEI_SIMULASI,ok,True
2026-09-03T13:00:00+07:00,S04,reverse,40.4,45,149,0.19,SURVEI_SIMULASI,ok,True
2026-09-03T14:00:00+07:00,S04,reverse,39.3,45,183,0.23,SURVEI_SIMULASI,ok,True
2026-09-03T15:00:00+07:00,S04,reverse,39.1,45,191,0.24,SURVEI_SIMULASI,ok,True
2026-09-03T16:00:00+07:00,S04,reverse,36.3,45,283,0.35,SURVEI_SIMULASI,ok,True
2026-09-03T17:00:00+07:00,S04,reverse,36.4,45,277,0.35,SURVEI_SIMULASI,ok,True
2026-09-03T18:00:00+07:00,S04,reverse,37.2,45,251,0.31,SURVEI_SIMULASI,ok,True
2026-09-03T19:00:00+07:00,S04,reverse,36.8,45,264,0.33,SURVEI_SIMULASI,ok,True
2026-09-04T06:00:00+07:00,S04,reverse,39.7,45,170,0.21,SURVEI_SIMULASI,ok,True
2026-09-04T07:00:00+07:00,S04,reverse,36.4,45,278,0.35,SURVEI_SIMULASI,ok,True
2026-09-04T08:00:00+07:00,S04,reverse,35.9,45,294,0.37,SURVEI_SIMULASI,ok,True
2026-09-04T09:00:00+07:00,S04,reverse,36.0,45,292,0.36,SURVEI_SIMULASI,ok,True
2026-09-04T10:00:00+07:00,S04,reverse,39.7,45,170,0.21,SURVEI_SIMULASI,ok,True
2026-09-04T11:00:00+07:00,S04,reverse,39.9,45,166,0.21,SURVEI_SIMULASI,ok,True
2026-09-04T12:00:00+07:00,S04,reverse,39.9,45,164,0.2,SURVEI_SIMULASI,ok,True
2026-09-04T13:00:00+07:00,S04,reverse,39.6,45,175,0.22,SURVEI_SIMULASI,ok,True
2026-09-04T14:00:00+07:00,S04,reverse,39.9,45,164,0.21,SURVEI_SIMULASI,ok,True
2026-09-04T15:00:00+07:00,S04,reverse,39.9,45,164,0.2,SURVEI_SIMULASI,ok,True
2026-09-04T16:00:00+07:00,S04,reverse,36.2,45,284,0.36,SURVEI_SIMULASI,ok,True
2026-09-04T17:00:00+07:00,S04,reverse,36.6,45,272,0.34,SURVEI_SIMULASI,ok,True
2026-09-04T18:00:00+07:00,S04,reverse,35.9,45,293,0.37,SURVEI_SIMULASI,ok,True
2026-09-04T19:00:00+07:00,S04,reverse,36.1,45,287,0.36,SURVEI_SIMULASI,ok,True
2026-09-05T06:00:00+07:00,S04,reverse,39.7,45,170,0.21,SURVEI_SIMULASI,ok,True
2026-09-05T07:00:00+07:00,S04,reverse,35.8,45,297,0.37,SURVEI_SIMULASI,ok,True
2026-09-05T08:00:00+07:00,S04,reverse,36.6,45,272,0.34,SURVEI_SIMULASI,ok,True
2026-09-05T09:00:00+07:00,S04,reverse,35.2,45,316,0.4,SURVEI_SIMULASI,ok,True
2026-09-05T10:00:00+07:00,S04,reverse,38.9,45,196,0.25,SURVEI_SIMULASI,ok,True
2026-09-05T11:00:00+07:00,S04,reverse,39.0,45,195,0.24,SURVEI_SIMULASI,ok,True
2026-09-05T12:00:00+07:00,S04,reverse,40.4,45,148,0.18,SURVEI_SIMULASI,ok,True
2026-09-05T13:00:00+07:00,S04,reverse,40.2,45,156,0.2,SURVEI_SIMULASI,ok,True
2026-09-05T14:00:00+07:00,S04,reverse,39.4,45,180,0.23,SURVEI_SIMULASI,ok,True
2026-09-05T15:00:00+07:00,S04,reverse,39.0,45,195,0.24,SURVEI_SIMULASI,ok,True
2026-09-05T16:00:00+07:00,S04,reverse,36.4,45,279,0.35,SURVEI_SIMULASI,ok,True
2026-09-05T17:00:00+07:00,S04,reverse,36.5,45,274,0.34,SURVEI_SIMULASI,ok,True
2026-09-05T18:00:00+07:00,S04,reverse,36.9,45,261,0.33,SURVEI_SIMULASI,ok,True
2026-09-05T19:00:00+07:00,S04,reverse,36.6,45,271,0.34,SURVEI_SIMULASI,ok,True
2026-09-06T06:00:00+07:00,S04,reverse,40.2,45,154,0.19,SURVEI_SIMULASI,ok,True
2026-09-06T07:00:00+07:00,S04,reverse,36.6,45,272,0.34,SURVEI_SIMULASI,ok,True
2026-09-06T08:00:00+07:00,S04,reverse,37.1,45,255,0.32,SURVEI_SIMULASI,ok,True
2026-09-06T09:00:00+07:00,S04,reverse,37.6,45,239,0.3,SURVEI_SIMULASI,ok,True
2026-09-06T10:00:00+07:00,S04,reverse,40.4,45,150,0.19,SURVEI_SIMULASI,ok,True
2026-09-06T11:00:00+07:00,S04,reverse,40.1,45,160,0.2,SURVEI_SIMULASI,ok,True
2026-09-06T12:00:00+07:00,S04,reverse,40.0,45,161,0.2,SURVEI_SIMULASI,ok,True
2026-09-06T13:00:00+07:00,S04,reverse,40.0,45,161,0.2,SURVEI_SIMULASI,ok,True
2026-09-06T14:00:00+07:00,S04,reverse,39.9,45,165,0.21,SURVEI_SIMULASI,ok,True
2026-09-06T15:00:00+07:00,S04,reverse,40.0,45,161,0.2,SURVEI_SIMULASI,ok,True
2026-09-06T16:00:00+07:00,S04,reverse,38.1,45,224,0.28,SURVEI_SIMULASI,ok,True
2026-09-06T17:00:00+07:00,S04,reverse,36.8,45,265,0.33,SURVEI_SIMULASI,ok,True
2026-09-06T18:00:00+07:00,S04,reverse,36.8,45,267,0.33,SURVEI_SIMULASI,ok,True
2026-09-06T19:00:00+07:00,S04,reverse,37.5,45,242,0.3,SURVEI_SIMULASI,ok,True
2026-09-07T06:00:00+07:00,S04,reverse,39.8,45,168,0.21,SURVEI_SIMULASI,ok,True
2026-09-07T07:00:00+07:00,S04,reverse,36.4,45,278,0.35,SURVEI_SIMULASI,ok,True
2026-09-07T08:00:00+07:00,S04,reverse,37.6,45,240,0.3,SURVEI_SIMULASI,ok,True
2026-09-07T09:00:00+07:00,S04,reverse,36.4,45,279,0.35,SURVEI_SIMULASI,ok,True
2026-09-07T10:00:00+07:00,S04,reverse,40.0,45,163,0.2,SURVEI_SIMULASI,ok,True
2026-09-07T11:00:00+07:00,S04,reverse,40.2,45,156,0.19,SURVEI_SIMULASI,ok,True
2026-09-07T12:00:00+07:00,S04,reverse,40.7,45,140,0.18,SURVEI_SIMULASI,ok,True
2026-09-07T13:00:00+07:00,S04,reverse,40.8,45,136,0.17,SURVEI_SIMULASI,ok,True
2026-09-07T14:00:00+07:00,S04,reverse,40.3,45,153,0.19,SURVEI_SIMULASI,ok,True
2026-09-07T15:00:00+07:00,S04,reverse,39.5,45,178,0.22,SURVEI_SIMULASI,ok,True
2026-09-07T16:00:00+07:00,S04,reverse,37.5,45,242,0.3,SURVEI_SIMULASI,ok,True
2026-09-07T17:00:00+07:00,S04,reverse,36.7,45,269,0.34,SURVEI_SIMULASI,ok,True
2026-09-07T18:00:00+07:00,S04,reverse,36.8,45,265,0.33,SURVEI_SIMULASI,ok,True
2026-09-07T19:00:00+07:00,S04,reverse,36.8,45,264,0.33,SURVEI_SIMULASI,ok,True
2026-09-01T06:00:00+07:00,S05,forward,39.3,45,184,0.23,SURVEI_SIMULASI,ok,True
2026-09-01T07:00:00+07:00,S05,forward,35.0,45,323,0.4,SURVEI_SIMULASI,ok,True
2026-09-01T08:00:00+07:00,S05,forward,35.3,45,312,0.39,SURVEI_SIMULASI,ok,True
2026-09-01T09:00:00+07:00,S05,forward,36.0,45,292,0.36,SURVEI_SIMULASI,ok,True
2026-09-01T10:00:00+07:00,S05,forward,39.6,45,174,0.22,SURVEI_SIMULASI,ok,True
2026-09-01T11:00:00+07:00,S05,forward,39.0,45,194,0.24,SURVEI_SIMULASI,ok,True
2026-09-01T12:00:00+07:00,S05,forward,40.1,45,158,0.2,SURVEI_SIMULASI,ok,True
2026-09-01T13:00:00+07:00,S05,forward,39.3,45,184,0.23,SURVEI_SIMULASI,ok,True
2026-09-01T14:00:00+07:00,S05,forward,39.3,45,185,0.23,SURVEI_SIMULASI,ok,True
2026-09-01T15:00:00+07:00,S05,forward,39.0,45,193,0.24,SURVEI_SIMULASI,ok,True
2026-09-01T16:00:00+07:00,S05,forward,36.8,45,264,0.33,SURVEI_SIMULASI,ok,True
2026-09-01T17:00:00+07:00,S05,forward,36.6,45,270,0.34,SURVEI_SIMULASI,ok,True
2026-09-01T18:00:00+07:00,S05,forward,36.5,45,275,0.34,SURVEI_SIMULASI,ok,True
2026-09-01T19:00:00+07:00,S05,forward,36.8,45,264,0.33,SURVEI_SIMULASI,ok,True
2026-09-02T06:00:00+07:00,S05,forward,39.1,45,192,0.24,SURVEI_SIMULASI,ok,True
2026-09-02T07:00:00+07:00,S05,forward,35.9,45,294,0.37,SURVEI_SIMULASI,ok,True
2026-09-02T08:00:00+07:00,S05,forward,35.8,45,296,0.37,SURVEI_SIMULASI,ok,True
2026-09-02T09:00:00+07:00,S05,forward,35.6,45,302,0.38,SURVEI_SIMULASI,ok,True
2026-09-02T10:00:00+07:00,S05,forward,39.2,45,186,0.23,SURVEI_SIMULASI,ok,True
2026-09-02T11:00:00+07:00,S05,forward,39.1,45,189,0.24,SURVEI_SIMULASI,ok,True
2026-09-02T12:00:00+07:00,S05,forward,39.6,45,173,0.22,SURVEI_SIMULASI,ok,True
2026-09-02T13:00:00+07:00,S05,forward,39.4,45,180,0.22,SURVEI_SIMULASI,ok,True
2026-09-02T14:00:00+07:00,S05,forward,38.7,45,205,0.26,SURVEI_SIMULASI,ok,True
2026-09-02T15:00:00+07:00,S05,forward,39.4,45,182,0.23,SURVEI_SIMULASI,ok,True
2026-09-02T16:00:00+07:00,S05,forward,35.3,45,312,0.39,SURVEI_SIMULASI,ok,True
2026-09-02T17:00:00+07:00,S05,forward,35.8,45,297,0.37,SURVEI_SIMULASI,ok,True
2026-09-02T18:00:00+07:00,S05,forward,36.4,45,279,0.35,SURVEI_SIMULASI,ok,True
2026-09-02T19:00:00+07:00,S05,forward,36.3,45,280,0.35,SURVEI_SIMULASI,ok,True
2026-09-08T06:00:00+07:00,S05,forward,39.0,45,195,0.24,SURVEI_SIMULASI,ok,True
2026-09-08T07:00:00+07:00,S05,forward,35.4,45,311,0.39,SURVEI_SIMULASI,ok,True
2026-09-08T08:00:00+07:00,S05,forward,35.4,45,310,0.39,SURVEI_SIMULASI,ok,True
2026-09-08T09:00:00+07:00,S05,forward,36.5,45,275,0.34,SURVEI_SIMULASI,ok,True
2026-09-08T10:00:00+07:00,S05,forward,38.6,45,206,0.26,SURVEI_SIMULASI,ok,True
2026-09-08T11:00:00+07:00,S05,forward,39.0,45,194,0.24,SURVEI_SIMULASI,ok,True
2026-09-08T12:00:00+07:00,S05,forward,39.5,45,179,0.22,SURVEI_SIMULASI,ok,True
2026-09-08T13:00:00+07:00,S05,forward,39.5,45,179,0.22,SURVEI_SIMULASI,ok,True
2026-09-08T14:00:00+07:00,S05,forward,38.8,45,201,0.25,SURVEI_SIMULASI,ok,True
2026-09-08T15:00:00+07:00,S05,forward,39.6,45,174,0.22,SURVEI_SIMULASI,ok,True
2026-09-08T16:00:00+07:00,S05,forward,36.8,45,265,0.33,SURVEI_SIMULASI,ok,True
2026-09-08T17:00:00+07:00,S05,forward,35.7,45,299,0.37,SURVEI_SIMULASI,ok,True
2026-09-08T18:00:00+07:00,S05,forward,36.9,45,263,0.33,SURVEI_SIMULASI,ok,True
2026-09-08T19:00:00+07:00,S05,forward,36.0,45,290,0.36,SURVEI_SIMULASI,ok,True
2026-09-09T06:00:00+07:00,S05,forward,39.6,45,175,0.22,SURVEI_SIMULASI,ok,True
2026-09-09T07:00:00+07:00,S05,forward,36.2,45,286,0.36,SURVEI_SIMULASI,ok,True
2026-09-09T08:00:00+07:00,S05,forward,36.2,45,286,0.36,SURVEI_SIMULASI,ok,True
2026-09-09T09:00:00+07:00,S05,forward,35.7,45,301,0.38,SURVEI_SIMULASI,ok,True
2026-09-09T10:00:00+07:00,S05,forward,38.9,45,196,0.25,SURVEI_SIMULASI,ok,True
2026-09-09T11:00:00+07:00,S05,forward,39.7,45,173,0.22,SURVEI_SIMULASI,ok,True
2026-09-09T12:00:00+07:00,S05,forward,40.1,45,158,0.2,SURVEI_SIMULASI,ok,True
2026-09-09T13:00:00+07:00,S05,forward,39.4,45,181,0.23,SURVEI_SIMULASI,ok,True
2026-09-09T14:00:00+07:00,S05,forward,38.9,45,199,0.25,SURVEI_SIMULASI,ok,True
2026-09-09T15:00:00+07:00,S05,forward,38.6,45,206,0.26,SURVEI_SIMULASI,ok,True
2026-09-09T16:00:00+07:00,S05,forward,35.6,45,304,0.38,SURVEI_SIMULASI,ok,True
2026-09-09T17:00:00+07:00,S05,forward,35.7,45,302,0.38,SURVEI_SIMULASI,ok,True
2026-09-09T18:00:00+07:00,S05,forward,35.6,45,305,0.38,SURVEI_SIMULASI,ok,True
2026-09-09T19:00:00+07:00,S05,forward,36.2,45,284,0.35,SURVEI_SIMULASI,ok,True
2026-09-03T06:00:00+07:00,S05,forward,39.7,45,172,0.22,SURVEI_SIMULASI,ok,True
2026-09-03T07:00:00+07:00,S05,forward,36.3,45,282,0.35,SURVEI_SIMULASI,ok,True
2026-09-03T08:00:00+07:00,S05,forward,35.8,45,298,0.37,SURVEI_SIMULASI,ok,True
2026-09-03T09:00:00+07:00,S05,forward,35.6,45,304,0.38,SURVEI_SIMULASI,ok,True
2026-09-03T10:00:00+07:00,S05,forward,38.9,45,198,0.25,SURVEI_SIMULASI,ok,True
2026-09-03T11:00:00+07:00,S05,forward,38.9,45,198,0.25,SURVEI_SIMULASI,ok,True
2026-09-03T12:00:00+07:00,S05,forward,39.2,45,186,0.23,SURVEI_SIMULASI,ok,True
2026-09-03T13:00:00+07:00,S05,forward,39.3,45,185,0.23,SURVEI_SIMULASI,ok,True
2026-09-03T14:00:00+07:00,S05,forward,38.9,45,198,0.25,SURVEI_SIMULASI,ok,True
2026-09-03T15:00:00+07:00,S05,forward,38.6,45,208,0.26,SURVEI_SIMULASI,ok,True
2026-09-03T16:00:00+07:00,S05,forward,35.6,45,302,0.38,SURVEI_SIMULASI,ok,True
2026-09-03T17:00:00+07:00,S05,forward,35.3,45,312,0.39,SURVEI_SIMULASI,ok,True
2026-09-03T18:00:00+07:00,S05,forward,35.6,45,303,0.38,SURVEI_SIMULASI,ok,True
2026-09-03T19:00:00+07:00,S05,forward,36.1,45,287,0.36,SURVEI_SIMULASI,ok,True
2026-09-04T06:00:00+07:00,S05,forward,39.3,45,184,0.23,SURVEI_SIMULASI,ok,True
2026-09-04T07:00:00+07:00,S05,forward,35.7,45,301,0.38,SURVEI_SIMULASI,ok,True
2026-09-04T08:00:00+07:00,S05,forward,34.9,45,328,0.41,SURVEI_SIMULASI,ok,True
2026-09-04T09:00:00+07:00,S05,forward,35.8,45,297,0.37,SURVEI_SIMULASI,ok,True
2026-09-04T10:00:00+07:00,S05,forward,38.7,45,204,0.25,SURVEI_SIMULASI,ok,True
2026-09-04T11:00:00+07:00,S05,forward,39.5,45,178,0.22,SURVEI_SIMULASI,ok,True
2026-09-04T12:00:00+07:00,S05,forward,39.2,45,188,0.23,SURVEI_SIMULASI,ok,True
2026-09-04T13:00:00+07:00,S05,forward,40.0,45,160,0.2,SURVEI_SIMULASI,ok,True
2026-09-04T14:00:00+07:00,S05,forward,39.4,45,182,0.23,SURVEI_SIMULASI,ok,True
2026-09-04T15:00:00+07:00,S05,forward,38.7,45,204,0.26,SURVEI_SIMULASI,ok,True
2026-09-04T16:00:00+07:00,S05,forward,35.5,45,306,0.38,SURVEI_SIMULASI,ok,True
2026-09-04T17:00:00+07:00,S05,forward,36.3,45,282,0.35,SURVEI_SIMULASI,ok,True
2026-09-04T18:00:00+07:00,S05,forward,36.5,45,276,0.34,SURVEI_SIMULASI,ok,True
2026-09-04T19:00:00+07:00,S05,forward,37.0,45,257,0.32,SURVEI_SIMULASI,ok,True
2026-09-05T06:00:00+07:00,S05,forward,38.9,45,198,0.25,SURVEI_SIMULASI,ok,True
2026-09-05T07:00:00+07:00,S05,forward,35.6,45,305,0.38,SURVEI_SIMULASI,ok,True
2026-09-05T08:00:00+07:00,S05,forward,35.2,45,317,0.4,SURVEI_SIMULASI,ok,True
2026-09-05T09:00:00+07:00,S05,forward,35.8,45,297,0.37,SURVEI_SIMULASI,ok,True
2026-09-05T10:00:00+07:00,S05,forward,39.2,45,188,0.24,SURVEI_SIMULASI,ok,True
2026-09-05T11:00:00+07:00,S05,forward,38.9,45,196,0.25,SURVEI_SIMULASI,ok,True
2026-09-05T12:00:00+07:00,S05,forward,39.8,45,170,0.21,SURVEI_SIMULASI,ok,True
2026-09-05T13:00:00+07:00,S05,forward,39.3,45,186,0.23,SURVEI_SIMULASI,ok,True
2026-09-05T14:00:00+07:00,S05,forward,39.3,45,185,0.23,SURVEI_SIMULASI,ok,True
2026-09-05T15:00:00+07:00,S05,forward,38.7,45,204,0.25,SURVEI_SIMULASI,ok,True
2026-09-05T16:00:00+07:00,S05,forward,36.4,45,277,0.35,SURVEI_SIMULASI,ok,True
2026-09-05T17:00:00+07:00,S05,forward,35.9,45,294,0.37,SURVEI_SIMULASI,ok,True
2026-09-05T18:00:00+07:00,S05,forward,37.0,45,258,0.32,SURVEI_SIMULASI,ok,True
2026-09-05T19:00:00+07:00,S05,forward,36.0,45,290,0.36,SURVEI_SIMULASI,ok,True
2026-09-06T06:00:00+07:00,S05,forward,40.1,45,157,0.2,SURVEI_SIMULASI,ok,True
2026-09-06T07:00:00+07:00,S05,forward,37.3,45,250,0.31,SURVEI_SIMULASI,ok,True
2026-09-06T08:00:00+07:00,S05,forward,35.8,45,299,0.37,SURVEI_SIMULASI,ok,True
2026-09-06T09:00:00+07:00,S05,forward,36.2,45,286,0.36,SURVEI_SIMULASI,ok,True
2026-09-06T10:00:00+07:00,S05,forward,39.2,45,187,0.23,SURVEI_SIMULASI,ok,True
2026-09-06T11:00:00+07:00,S05,forward,39.9,45,166,0.21,SURVEI_SIMULASI,ok,True
2026-09-06T12:00:00+07:00,S05,forward,40.1,45,158,0.2,SURVEI_SIMULASI,ok,True
2026-09-06T13:00:00+07:00,S05,forward,40.6,45,143,0.18,SURVEI_SIMULASI,ok,True
2026-09-06T14:00:00+07:00,S05,forward,39.9,45,165,0.21,SURVEI_SIMULASI,ok,True
2026-09-06T15:00:00+07:00,S05,forward,40.0,45,162,0.2,SURVEI_SIMULASI,ok,True
2026-09-06T16:00:00+07:00,S05,forward,37.0,45,258,0.32,SURVEI_SIMULASI,ok,True
2026-09-06T17:00:00+07:00,S05,forward,37.3,45,249,0.31,SURVEI_SIMULASI,ok,True
2026-09-06T18:00:00+07:00,S05,forward,37.5,45,244,0.3,SURVEI_SIMULASI,ok,True
2026-09-06T19:00:00+07:00,S05,forward,37.7,45,236,0.29,SURVEI_SIMULASI,ok,True
2026-09-07T06:00:00+07:00,S05,forward,39.3,45,185,0.23,SURVEI_SIMULASI,ok,True
2026-09-07T07:00:00+07:00,S05,forward,36.9,45,262,0.33,SURVEI_SIMULASI,ok,True
2026-09-07T08:00:00+07:00,S05,forward,37.3,45,250,0.31,SURVEI_SIMULASI,ok,True
2026-09-07T09:00:00+07:00,S05,forward,36.2,45,286,0.36,SURVEI_SIMULASI,ok,True
2026-09-07T10:00:00+07:00,S05,forward,39.3,45,185,0.23,SURVEI_SIMULASI,ok,True
2026-09-07T11:00:00+07:00,S05,forward,40.2,45,156,0.19,SURVEI_SIMULASI,ok,True
2026-09-07T12:00:00+07:00,S05,forward,40.2,45,154,0.19,SURVEI_SIMULASI,ok,True
2026-09-07T13:00:00+07:00,S05,forward,40.0,45,160,0.2,SURVEI_SIMULASI,ok,True
2026-09-07T14:00:00+07:00,S05,forward,40.0,45,163,0.2,SURVEI_SIMULASI,ok,True
2026-09-07T15:00:00+07:00,S05,forward,39.2,45,186,0.23,SURVEI_SIMULASI,ok,True
2026-09-07T16:00:00+07:00,S05,forward,37.7,45,236,0.29,SURVEI_SIMULASI,ok,True
2026-09-07T17:00:00+07:00,S05,forward,37.5,45,243,0.3,SURVEI_SIMULASI,ok,True
2026-09-07T18:00:00+07:00,S05,forward,37.3,45,248,0.31,SURVEI_SIMULASI,ok,True
2026-09-07T19:00:00+07:00,S05,forward,36.7,45,267,0.33,SURVEI_SIMULASI,ok,True
2026-09-01T06:00:00+07:00,S05,reverse,39.7,45,172,0.21,SURVEI_SIMULASI,ok,True
2026-09-01T07:00:00+07:00,S05,reverse,35.1,45,321,0.4,SURVEI_SIMULASI,ok,True
2026-09-01T08:00:00+07:00,S05,reverse,36.3,45,281,0.35,SURVEI_SIMULASI,ok,True
2026-09-01T09:00:00+07:00,S05,reverse,35.2,45,317,0.4,SURVEI_SIMULASI,ok,True
2026-09-01T10:00:00+07:00,S05,reverse,39.4,45,182,0.23,SURVEI_SIMULASI,ok,True
2026-09-01T11:00:00+07:00,S05,reverse,39.7,45,173,0.22,SURVEI_SIMULASI,ok,True
2026-09-01T12:00:00+07:00,S05,reverse,39.9,45,165,0.21,SURVEI_SIMULASI,ok,True
2026-09-01T13:00:00+07:00,S05,reverse,39.6,45,174,0.22,SURVEI_SIMULASI,ok,True
2026-09-01T14:00:00+07:00,S05,reverse,39.6,45,175,0.22,SURVEI_SIMULASI,ok,True
2026-09-01T15:00:00+07:00,S05,reverse,39.7,45,173,0.22,SURVEI_SIMULASI,ok,True
2026-09-01T16:00:00+07:00,S05,reverse,36.0,45,291,0.36,SURVEI_SIMULASI,ok,True
2026-09-01T17:00:00+07:00,S05,reverse,35.7,45,301,0.38,SURVEI_SIMULASI,ok,True
2026-09-01T18:00:00+07:00,S05,reverse,36.8,45,264,0.33,SURVEI_SIMULASI,ok,True
2026-09-01T19:00:00+07:00,S05,reverse,36.8,45,265,0.33,SURVEI_SIMULASI,ok,True
2026-09-02T06:00:00+07:00,S05,reverse,39.7,45,172,0.22,SURVEI_SIMULASI,ok,True
2026-09-02T07:00:00+07:00,S05,reverse,34.7,45,333,0.42,SURVEI_SIMULASI,ok,True
2026-09-02T08:00:00+07:00,S05,reverse,35.5,45,308,0.39,SURVEI_SIMULASI,ok,True
2026-09-02T09:00:00+07:00,S05,reverse,36.2,45,283,0.35,SURVEI_SIMULASI,ok,True
2026-09-02T10:00:00+07:00,S05,reverse,39.7,45,173,0.22,SURVEI_SIMULASI,ok,True
2026-09-02T11:00:00+07:00,S05,reverse,39.6,45,176,0.22,SURVEI_SIMULASI,ok,True
2026-09-02T12:00:00+07:00,S05,reverse,39.7,45,170,0.21,SURVEI_SIMULASI,ok,True
2026-09-02T13:00:00+07:00,S05,reverse,39.5,45,179,0.22,SURVEI_SIMULASI,ok,True
2026-09-02T14:00:00+07:00,S05,reverse,39.4,45,180,0.22,SURVEI_SIMULASI,ok,True
2026-09-02T15:00:00+07:00,S05,reverse,38.6,45,208,0.26,SURVEI_SIMULASI,ok,True
2026-09-02T16:00:00+07:00,S05,reverse,35.8,45,297,0.37,SURVEI_SIMULASI,ok,True
2026-09-02T17:00:00+07:00,S05,reverse,37.0,45,258,0.32,SURVEI_SIMULASI,ok,True
2026-09-02T18:00:00+07:00,S05,reverse,36.7,45,268,0.34,SURVEI_SIMULASI,ok,True
2026-09-02T19:00:00+07:00,S05,reverse,35.4,45,309,0.39,SURVEI_SIMULASI,ok,True
2026-09-08T06:00:00+07:00,S05,reverse,38.6,45,208,0.26,SURVEI_SIMULASI,ok,True
2026-09-08T07:00:00+07:00,S05,reverse,35.4,45,310,0.39,SURVEI_SIMULASI,ok,True
2026-09-08T08:00:00+07:00,S05,reverse,35.4,45,310,0.39,SURVEI_SIMULASI,ok,True
2026-09-08T09:00:00+07:00,S05,reverse,35.1,45,320,0.4,SURVEI_SIMULASI,ok,True
2026-09-08T10:00:00+07:00,S05,reverse,39.2,45,186,0.23,SURVEI_SIMULASI,ok,True
2026-09-08T11:00:00+07:00,S05,reverse,39.2,45,186,0.23,SURVEI_SIMULASI,ok,True
2026-09-08T12:00:00+07:00,S05,reverse,39.4,45,182,0.23,SURVEI_SIMULASI,ok,True
2026-09-08T13:00:00+07:00,S05,reverse,39.4,45,180,0.23,SURVEI_SIMULASI,ok,True
2026-09-08T14:00:00+07:00,S05,reverse,39.6,45,173,0.22,SURVEI_SIMULASI,ok,True
2026-09-08T15:00:00+07:00,S05,reverse,38.7,45,203,0.25,SURVEI_SIMULASI,ok,True
2026-09-08T16:00:00+07:00,S05,reverse,35.6,45,304,0.38,SURVEI_SIMULASI,ok,True
2026-09-08T17:00:00+07:00,S05,reverse,36.9,45,262,0.33,SURVEI_SIMULASI,ok,True
2026-09-08T18:00:00+07:00,S05,reverse,35.6,45,305,0.38,SURVEI_SIMULASI,ok,True
2026-09-08T19:00:00+07:00,S05,reverse,37.0,45,257,0.32,SURVEI_SIMULASI,ok,True
2026-09-09T06:00:00+07:00,S05,reverse,39.0,45,195,0.24,SURVEI_SIMULASI,ok,True
2026-09-09T07:00:00+07:00,S05,reverse,35.0,45,324,0.41,SURVEI_SIMULASI,ok,True
2026-09-09T08:00:00+07:00,S05,reverse,35.6,45,305,0.38,SURVEI_SIMULASI,ok,True
2026-09-09T09:00:00+07:00,S05,reverse,35.7,45,301,0.38,SURVEI_SIMULASI,ok,True
2026-09-09T10:00:00+07:00,S05,reverse,39.5,45,177,0.22,SURVEI_SIMULASI,ok,True
2026-09-09T11:00:00+07:00,S05,reverse,39.5,45,178,0.22,SURVEI_SIMULASI,ok,True
2026-09-09T12:00:00+07:00,S05,reverse,39.4,45,182,0.23,SURVEI_SIMULASI,ok,True
2026-09-09T13:00:00+07:00,S05,reverse,39.7,45,171,0.21,SURVEI_SIMULASI,ok,True
2026-09-09T14:00:00+07:00,S05,reverse,39.2,45,187,0.23,SURVEI_SIMULASI,ok,True
2026-09-09T15:00:00+07:00,S05,reverse,39.1,45,189,0.24,SURVEI_SIMULASI,ok,True
2026-09-09T16:00:00+07:00,S05,reverse,36.1,45,289,0.36,SURVEI_SIMULASI,ok,True
2026-09-09T17:00:00+07:00,S05,reverse,35.4,45,309,0.39,SURVEI_SIMULASI,ok,True
2026-09-09T18:00:00+07:00,S05,reverse,37.0,45,257,0.32,SURVEI_SIMULASI,ok,True
2026-09-09T19:00:00+07:00,S05,reverse,36.2,45,283,0.35,SURVEI_SIMULASI,ok,True
2026-09-03T06:00:00+07:00,S05,reverse,39.2,45,187,0.23,SURVEI_SIMULASI,ok,True
2026-09-03T07:00:00+07:00,S05,reverse,36.3,45,281,0.35,SURVEI_SIMULASI,ok,True
2026-09-03T08:00:00+07:00,S05,reverse,35.9,45,295,0.37,SURVEI_SIMULASI,ok,True
2026-09-03T09:00:00+07:00,S05,reverse,35.2,45,318,0.4,SURVEI_SIMULASI,ok,True
2026-09-03T10:00:00+07:00,S05,reverse,38.7,45,205,0.26,SURVEI_SIMULASI,ok,True
2026-09-03T11:00:00+07:00,S05,reverse,39.4,45,182,0.23,SURVEI_SIMULASI,ok,True
2026-09-03T12:00:00+07:00,S05,reverse,39.5,45,177,0.22,SURVEI_SIMULASI,ok,True
2026-09-03T13:00:00+07:00,S05,reverse,39.4,45,181,0.23,SURVEI_SIMULASI,ok,True
2026-09-03T14:00:00+07:00,S05,reverse,39.2,45,188,0.23,SURVEI_SIMULASI,ok,True
2026-09-03T15:00:00+07:00,S05,reverse,39.4,45,181,0.23,SURVEI_SIMULASI,ok,True
2026-09-03T16:00:00+07:00,S05,reverse,36.5,45,274,0.34,SURVEI_SIMULASI,ok,True
2026-09-03T17:00:00+07:00,S05,reverse,36.7,45,268,0.33,SURVEI_SIMULASI,ok,True
2026-09-03T18:00:00+07:00,S05,reverse,36.8,45,264,0.33,SURVEI_SIMULASI,ok,True
2026-09-03T19:00:00+07:00,S05,reverse,35.8,45,298,0.37,SURVEI_SIMULASI,ok,True
2026-09-04T06:00:00+07:00,S05,reverse,39.6,45,176,0.22,SURVEI_SIMULASI,ok,True
2026-09-04T07:00:00+07:00,S05,reverse,35.6,45,304,0.38,SURVEI_SIMULASI,ok,True
2026-09-04T08:00:00+07:00,S05,reverse,35.5,45,307,0.38,SURVEI_SIMULASI,ok,True
2026-09-04T09:00:00+07:00,S05,reverse,35.1,45,321,0.4,SURVEI_SIMULASI,ok,True
2026-09-04T10:00:00+07:00,S05,reverse,38.9,45,198,0.25,SURVEI_SIMULASI,ok,True
2026-09-04T11:00:00+07:00,S05,reverse,39.0,45,195,0.24,SURVEI_SIMULASI,ok,True
2026-09-04T12:00:00+07:00,S05,reverse,40.2,45,155,0.19,SURVEI_SIMULASI,ok,True
2026-09-04T13:00:00+07:00,S05,reverse,40.2,45,155,0.19,SURVEI_SIMULASI,ok,True
2026-09-04T14:00:00+07:00,S05,reverse,38.5,45,209,0.26,SURVEI_SIMULASI,ok,True
2026-09-04T15:00:00+07:00,S05,reverse,39.2,45,189,0.24,SURVEI_SIMULASI,ok,True
2026-09-04T16:00:00+07:00,S05,reverse,35.6,45,305,0.38,SURVEI_SIMULASI,ok,True
2026-09-04T17:00:00+07:00,S05,reverse,36.8,45,266,0.33,SURVEI_SIMULASI,ok,True
2026-09-04T18:00:00+07:00,S05,reverse,35.6,45,305,0.38,SURVEI_SIMULASI,ok,True
2026-09-04T19:00:00+07:00,S05,reverse,35.5,45,307,0.38,SURVEI_SIMULASI,ok,True
2026-09-05T06:00:00+07:00,S05,reverse,39.4,45,180,0.22,SURVEI_SIMULASI,ok,True
2026-09-05T07:00:00+07:00,S05,reverse,35.5,45,306,0.38,SURVEI_SIMULASI,ok,True
2026-09-05T08:00:00+07:00,S05,reverse,36.2,45,284,0.35,SURVEI_SIMULASI,ok,True
2026-09-05T09:00:00+07:00,S05,reverse,35.1,45,319,0.4,SURVEI_SIMULASI,ok,True
2026-09-05T10:00:00+07:00,S05,reverse,39.3,45,184,0.23,SURVEI_SIMULASI,ok,True
2026-09-05T11:00:00+07:00,S05,reverse,38.7,45,204,0.26,SURVEI_SIMULASI,ok,True
2026-09-05T12:00:00+07:00,S05,reverse,39.7,45,171,0.21,SURVEI_SIMULASI,ok,True
2026-09-05T13:00:00+07:00,S05,reverse,40.1,45,158,0.2,SURVEI_SIMULASI,ok,True
2026-09-05T14:00:00+07:00,S05,reverse,38.7,45,203,0.25,SURVEI_SIMULASI,ok,True
2026-09-05T15:00:00+07:00,S05,reverse,39.5,45,179,0.22,SURVEI_SIMULASI,ok,True
2026-09-05T16:00:00+07:00,S05,reverse,35.8,45,299,0.37,SURVEI_SIMULASI,ok,True
2026-09-05T17:00:00+07:00,S05,reverse,36.0,45,290,0.36,SURVEI_SIMULASI,ok,True
2026-09-05T18:00:00+07:00,S05,reverse,35.7,45,301,0.38,SURVEI_SIMULASI,ok,True
2026-09-05T19:00:00+07:00,S05,reverse,36.1,45,287,0.36,SURVEI_SIMULASI,ok,True
2026-09-06T06:00:00+07:00,S05,reverse,39.4,45,180,0.22,SURVEI_SIMULASI,ok,True
2026-09-06T07:00:00+07:00,S05,reverse,36.4,45,278,0.35,SURVEI_SIMULASI,ok,True
2026-09-06T08:00:00+07:00,S05,reverse,36.2,45,285,0.36,SURVEI_SIMULASI,ok,True
2026-09-06T09:00:00+07:00,S05,reverse,36.9,45,263,0.33,SURVEI_SIMULASI,ok,True
2026-09-06T10:00:00+07:00,S05,reverse,39.4,45,182,0.23,SURVEI_SIMULASI,ok,True
2026-09-06T11:00:00+07:00,S05,reverse,39.7,45,171,0.21,SURVEI_SIMULASI,ok,True
2026-09-06T12:00:00+07:00,S05,reverse,39.9,45,165,0.21,SURVEI_SIMULASI,ok,True
2026-09-06T13:00:00+07:00,S05,reverse,40.2,45,154,0.19,SURVEI_SIMULASI,ok,True
2026-09-06T14:00:00+07:00,S05,reverse,39.5,45,179,0.22,SURVEI_SIMULASI,ok,True
2026-09-06T15:00:00+07:00,S05,reverse,39.8,45,169,0.21,SURVEI_SIMULASI,ok,True
2026-09-06T16:00:00+07:00,S05,reverse,36.3,45,281,0.35,SURVEI_SIMULASI,ok,True
2026-09-06T17:00:00+07:00,S05,reverse,37.3,45,248,0.31,SURVEI_SIMULASI,ok,True
2026-09-06T18:00:00+07:00,S05,reverse,36.4,45,279,0.35,SURVEI_SIMULASI,ok,True
2026-09-06T19:00:00+07:00,S05,reverse,37.2,45,253,0.32,SURVEI_SIMULASI,ok,True
2026-09-07T06:00:00+07:00,S05,reverse,40.1,45,158,0.2,SURVEI_SIMULASI,ok,True
2026-09-07T07:00:00+07:00,S05,reverse,36.5,45,273,0.34,SURVEI_SIMULASI,ok,True
2026-09-07T08:00:00+07:00,S05,reverse,35.8,45,298,0.37,SURVEI_SIMULASI,ok,True
2026-09-07T09:00:00+07:00,S05,reverse,36.9,45,262,0.33,SURVEI_SIMULASI,ok,True
2026-09-07T10:00:00+07:00,S05,reverse,39.2,45,188,0.23,SURVEI_SIMULASI,ok,True
2026-09-07T11:00:00+07:00,S05,reverse,39.7,45,170,0.21,SURVEI_SIMULASI,ok,True
2026-09-07T12:00:00+07:00,S05,reverse,40.7,45,139,0.17,SURVEI_SIMULASI,ok,True
2026-09-07T13:00:00+07:00,S05,reverse,40.7,45,139,0.17,SURVEI_SIMULASI,ok,True
2026-09-07T14:00:00+07:00,S05,reverse,40.1,45,158,0.2,SURVEI_SIMULASI,ok,True
2026-09-07T15:00:00+07:00,S05,reverse,39.7,45,170,0.21,SURVEI_SIMULASI,ok,True
2026-09-07T16:00:00+07:00,S05,reverse,37.4,45,247,0.31,SURVEI_SIMULASI,ok,True
2026-09-07T17:00:00+07:00,S05,reverse,37.1,45,255,0.32,SURVEI_SIMULASI,ok,True
2026-09-07T18:00:00+07:00,S05,reverse,36.7,45,269,0.34,SURVEI_SIMULASI,ok,True
2026-09-07T19:00:00+07:00,S05,reverse,36.5,45,275,0.34,SURVEI_SIMULASI,ok,True
2026-09-01T06:00:00+07:00,S06,forward,38.5,45,211,0.26,SURVEI_SIMULASI,ok,True
2026-09-01T07:00:00+07:00,S06,forward,34.5,45,338,0.42,SURVEI_SIMULASI,ok,True
2026-09-01T08:00:00+07:00,S06,forward,36.0,45,292,0.37,SURVEI_SIMULASI,ok,True
2026-09-01T09:00:00+07:00,S06,forward,35.4,45,312,0.39,SURVEI_SIMULASI,ok,True
2026-09-01T10:00:00+07:00,S06,forward,39.4,45,182,0.23,SURVEI_SIMULASI,ok,True
2026-09-01T11:00:00+07:00,S06,forward,39.3,45,184,0.23,SURVEI_SIMULASI,ok,True
2026-09-01T12:00:00+07:00,S06,forward,39.2,45,189,0.24,SURVEI_SIMULASI,ok,True
2026-09-01T13:00:00+07:00,S06,forward,39.7,45,172,0.22,SURVEI_SIMULASI,ok,True
2026-09-01T14:00:00+07:00,S06,forward,38.6,45,208,0.26,SURVEI_SIMULASI,ok,True
2026-09-01T15:00:00+07:00,S06,forward,39.5,45,179,0.22,SURVEI_SIMULASI,ok,True
2026-09-01T16:00:00+07:00,S06,forward,36.6,45,270,0.34,SURVEI_SIMULASI,ok,True
2026-09-01T17:00:00+07:00,S06,forward,36.7,45,269,0.34,SURVEI_SIMULASI,ok,True
2026-09-01T18:00:00+07:00,S06,forward,35.3,45,312,0.39,SURVEI_SIMULASI,ok,True
2026-09-01T19:00:00+07:00,S06,forward,35.4,45,310,0.39,SURVEI_SIMULASI,ok,True
2026-09-02T06:00:00+07:00,S06,forward,38.6,45,208,0.26,SURVEI_SIMULASI,ok,True
2026-09-02T07:00:00+07:00,S06,forward,35.4,45,310,0.39,SURVEI_SIMULASI,ok,True
2026-09-02T08:00:00+07:00,S06,forward,34.4,45,344,0.43,SURVEI_SIMULASI,ok,True
2026-09-02T09:00:00+07:00,S06,forward,35.3,45,312,0.39,SURVEI_SIMULASI,ok,True
2026-09-02T10:00:00+07:00,S06,forward,38.5,45,211,0.26,SURVEI_SIMULASI,ok,True
2026-09-02T11:00:00+07:00,S06,forward,38.7,45,203,0.25,SURVEI_SIMULASI,ok,True
2026-09-02T12:00:00+07:00,S06,forward,39.9,45,164,0.2,SURVEI_SIMULASI,ok,True
2026-09-02T13:00:00+07:00,S06,forward,39.2,45,188,0.23,SURVEI_SIMULASI,ok,True
2026-09-02T14:00:00+07:00,S06,forward,39.4,45,181,0.23,SURVEI_SIMULASI,ok,True
2026-09-02T15:00:00+07:00,S06,forward,38.9,45,196,0.24,SURVEI_SIMULASI,ok,True
2026-09-02T16:00:00+07:00,S06,forward,36.1,45,287,0.36,SURVEI_SIMULASI,ok,True
2026-09-02T17:00:00+07:00,S06,forward,36.6,45,273,0.34,SURVEI_SIMULASI,ok,True
2026-09-02T18:00:00+07:00,S06,forward,35.8,45,298,0.37,SURVEI_SIMULASI,ok,True
2026-09-02T19:00:00+07:00,S06,forward,35.7,45,301,0.38,SURVEI_SIMULASI,ok,True
2026-09-08T06:00:00+07:00,S06,forward,39.5,45,178,0.22,SURVEI_SIMULASI,ok,True
2026-09-08T07:00:00+07:00,S06,forward,35.0,45,324,0.41,SURVEI_SIMULASI,ok,True
2026-09-08T08:00:00+07:00,S06,forward,35.2,45,318,0.4,SURVEI_SIMULASI,ok,True
2026-09-08T09:00:00+07:00,S06,forward,35.2,45,317,0.4,SURVEI_SIMULASI,ok,True
2026-09-08T10:00:00+07:00,S06,forward,39.5,45,178,0.22,SURVEI_SIMULASI,ok,True
2026-09-08T11:00:00+07:00,S06,forward,38.4,45,212,0.27,SURVEI_SIMULASI,ok,True
2026-09-08T12:00:00+07:00,S06,forward,39.3,45,184,0.23,SURVEI_SIMULASI,ok,True
2026-09-08T13:00:00+07:00,S06,forward,39.3,45,185,0.23,SURVEI_SIMULASI,ok,True
2026-09-08T14:00:00+07:00,S06,forward,38.6,45,206,0.26,SURVEI_SIMULASI,ok,True
2026-09-08T15:00:00+07:00,S06,forward,38.8,45,199,0.25,SURVEI_SIMULASI,ok,True
2026-09-08T16:00:00+07:00,S06,forward,35.2,45,317,0.4,SURVEI_SIMULASI,ok,True
2026-09-08T17:00:00+07:00,S06,forward,35.8,45,298,0.37,SURVEI_SIMULASI,ok,True
2026-09-08T18:00:00+07:00,S06,forward,35.2,45,318,0.4,SURVEI_SIMULASI,ok,True
2026-09-08T19:00:00+07:00,S06,forward,36.0,45,291,0.36,SURVEI_SIMULASI,ok,True
2026-09-09T06:00:00+07:00,S06,forward,39.1,45,190,0.24,SURVEI_SIMULASI,ok,True
2026-09-09T07:00:00+07:00,S06,forward,34.8,45,329,0.41,SURVEI_SIMULASI,ok,True
2026-09-09T08:00:00+07:00,S06,forward,35.4,45,311,0.39,SURVEI_SIMULASI,ok,True
2026-09-09T09:00:00+07:00,S06,forward,35.9,45,295,0.37,SURVEI_SIMULASI,ok,True
2026-09-09T10:00:00+07:00,S06,forward,39.1,45,190,0.24,SURVEI_SIMULASI,ok,True
2026-09-09T11:00:00+07:00,S06,forward,39.1,45,192,0.24,SURVEI_SIMULASI,ok,True
2026-09-09T12:00:00+07:00,S06,forward,39.0,45,195,0.24,SURVEI_SIMULASI,ok,True
2026-09-09T13:00:00+07:00,S06,forward,39.1,45,192,0.24,SURVEI_SIMULASI,ok,True
2026-09-09T14:00:00+07:00,S06,forward,38.8,45,201,0.25,SURVEI_SIMULASI,ok,True
2026-09-09T15:00:00+07:00,S06,forward,38.3,45,216,0.27,SURVEI_SIMULASI,ok,True
2026-09-09T16:00:00+07:00,S06,forward,36.1,45,287,0.36,SURVEI_SIMULASI,ok,True
2026-09-09T17:00:00+07:00,S06,forward,36.4,45,279,0.35,SURVEI_SIMULASI,ok,True
2026-09-09T18:00:00+07:00,S06,forward,36.3,45,283,0.35,SURVEI_SIMULASI,ok,True
2026-09-09T19:00:00+07:00,S06,forward,36.1,45,287,0.36,SURVEI_SIMULASI,ok,True
2026-09-03T06:00:00+07:00,S06,forward,38.8,45,202,0.25,SURVEI_SIMULASI,ok,True
2026-09-03T07:00:00+07:00,S06,forward,35.9,45,295,0.37,SURVEI_SIMULASI,ok,True
2026-09-03T08:00:00+07:00,S06,forward,35.4,45,312,0.39,SURVEI_SIMULASI,ok,True
2026-09-03T09:00:00+07:00,S06,forward,35.4,45,310,0.39,SURVEI_SIMULASI,ok,True
2026-09-03T10:00:00+07:00,S06,forward,39.3,45,186,0.23,SURVEI_SIMULASI,ok,True
2026-09-03T11:00:00+07:00,S06,forward,39.2,45,188,0.24,SURVEI_SIMULASI,ok,True
2026-09-03T12:00:00+07:00,S06,forward,39.4,45,182,0.23,SURVEI_SIMULASI,ok,True
2026-09-03T13:00:00+07:00,S06,forward,39.8,45,170,0.21,SURVEI_SIMULASI,ok,True
2026-09-03T14:00:00+07:00,S06,forward,39.2,45,187,0.23,SURVEI_SIMULASI,ok,True
2026-09-03T15:00:00+07:00,S06,forward,38.5,45,211,0.26,SURVEI_SIMULASI,ok,True
2026-09-03T16:00:00+07:00,S06,forward,36.7,45,267,0.33,SURVEI_SIMULASI,ok,True
2026-09-03T17:00:00+07:00,S06,forward,35.4,45,311,0.39,SURVEI_SIMULASI,ok,True
2026-09-03T18:00:00+07:00,S06,forward,35.9,45,295,0.37,SURVEI_SIMULASI,ok,True
2026-09-03T19:00:00+07:00,S06,forward,36.3,45,280,0.35,SURVEI_SIMULASI,ok,True
2026-09-04T06:00:00+07:00,S06,forward,38.3,45,217,0.27,SURVEI_SIMULASI,ok,True
2026-09-04T07:00:00+07:00,S06,forward,34.8,45,331,0.41,SURVEI_SIMULASI,ok,True
2026-09-04T08:00:00+07:00,S06,forward,36.1,45,287,0.36,SURVEI_SIMULASI,ok,True
2026-09-04T09:00:00+07:00,S06,forward,34.8,45,328,0.41,SURVEI_SIMULASI,ok,True
2026-09-04T10:00:00+07:00,S06,forward,38.8,45,200,0.25,SURVEI_SIMULASI,ok,True
2026-09-04T11:00:00+07:00,S06,forward,38.6,45,208,0.26,SURVEI_SIMULASI,ok,True
2026-09-04T12:00:00+07:00,S06,forward,39.9,45,164,0.21,SURVEI_SIMULASI,ok,True
2026-09-04T13:00:00+07:00,S06,forward,39.6,45,174,0.22,SURVEI_SIMULASI,ok,True
2026-09-04T14:00:00+07:00,S06,forward,39.0,45,195,0.24,SURVEI_SIMULASI,ok,True
2026-09-04T15:00:00+07:00,S06,forward,39.3,45,184,0.23,SURVEI_SIMULASI,ok,True
2026-09-04T16:00:00+07:00,S06,forward,36.5,45,274,0.34,SURVEI_SIMULASI,ok,True
2026-09-04T17:00:00+07:00,S06,forward,35.4,45,312,0.39,SURVEI_SIMULASI,ok,True
2026-09-04T18:00:00+07:00,S06,forward,35.4,45,309,0.39,SURVEI_SIMULASI,ok,True
2026-09-04T19:00:00+07:00,S06,forward,35.2,45,317,0.4,SURVEI_SIMULASI,ok,True
2026-09-05T06:00:00+07:00,S06,forward,39.4,45,180,0.22,SURVEI_SIMULASI,ok,True
2026-09-05T07:00:00+07:00,S06,forward,35.2,45,317,0.4,SURVEI_SIMULASI,ok,True
2026-09-05T08:00:00+07:00,S06,forward,36.1,45,288,0.36,SURVEI_SIMULASI,ok,True
2026-09-05T09:00:00+07:00,S06,forward,34.7,45,332,0.41,SURVEI_SIMULASI,ok,True
2026-09-05T10:00:00+07:00,S06,forward,38.5,45,211,0.26,SURVEI_SIMULASI,ok,True
2026-09-05T11:00:00+07:00,S06,forward,39.2,45,188,0.23,SURVEI_SIMULASI,ok,True
2026-09-05T12:00:00+07:00,S06,forward,39.4,45,181,0.23,SURVEI_SIMULASI,ok,True
2026-09-05T13:00:00+07:00,S06,forward,39.3,45,185,0.23,SURVEI_SIMULASI,ok,True
2026-09-05T14:00:00+07:00,S06,forward,38.4,45,213,0.27,SURVEI_SIMULASI,ok,True
2026-09-05T15:00:00+07:00,S06,forward,38.7,45,203,0.25,SURVEI_SIMULASI,ok,True
2026-09-05T16:00:00+07:00,S06,forward,35.5,45,306,0.38,SURVEI_SIMULASI,ok,True
2026-09-05T17:00:00+07:00,S06,forward,35.6,45,303,0.38,SURVEI_SIMULASI,ok,True
2026-09-05T18:00:00+07:00,S06,forward,35.4,45,310,0.39,SURVEI_SIMULASI,ok,True
2026-09-05T19:00:00+07:00,S06,forward,35.9,45,294,0.37,SURVEI_SIMULASI,ok,True
2026-09-06T06:00:00+07:00,S06,forward,39.3,45,186,0.23,SURVEI_SIMULASI,ok,True
2026-09-06T07:00:00+07:00,S06,forward,36.7,45,267,0.33,SURVEI_SIMULASI,ok,True
2026-09-06T08:00:00+07:00,S06,forward,35.7,45,300,0.37,SURVEI_SIMULASI,ok,True
2026-09-06T09:00:00+07:00,S06,forward,35.7,45,302,0.38,SURVEI_SIMULASI,ok,True
2026-09-06T10:00:00+07:00,S06,forward,39.0,45,195,0.24,SURVEI_SIMULASI,ok,True
2026-09-06T11:00:00+07:00,S06,forward,39.2,45,187,0.23,SURVEI_SIMULASI,ok,True
2026-09-06T12:00:00+07:00,S06,forward,40.0,45,163,0.2,SURVEI_SIMULASI,ok,True
2026-09-06T13:00:00+07:00,S06,forward,40.5,45,144,0.18,SURVEI_SIMULASI,ok,True
2026-09-06T14:00:00+07:00,S06,forward,39.7,45,170,0.21,SURVEI_SIMULASI,ok,True
2026-09-06T15:00:00+07:00,S06,forward,39.6,45,173,0.22,SURVEI_SIMULASI,ok,True
2026-09-06T16:00:00+07:00,S06,forward,37.1,45,256,0.32,SURVEI_SIMULASI,ok,True
2026-09-06T17:00:00+07:00,S06,forward,36.5,45,276,0.34,SURVEI_SIMULASI,ok,True
2026-09-06T18:00:00+07:00,S06,forward,37.1,45,255,0.32,SURVEI_SIMULASI,ok,True
2026-09-06T19:00:00+07:00,S06,forward,37.5,45,242,0.3,SURVEI_SIMULASI,ok,True
2026-09-07T06:00:00+07:00,S06,forward,39.3,45,185,0.23,SURVEI_SIMULASI,ok,True
2026-09-07T07:00:00+07:00,S06,forward,35.6,45,305,0.38,SURVEI_SIMULASI,ok,True
2026-09-07T08:00:00+07:00,S06,forward,36.1,45,286,0.36,SURVEI_SIMULASI,ok,True
2026-09-07T09:00:00+07:00,S06,forward,36.1,45,287,0.36,SURVEI_SIMULASI,ok,True
2026-09-07T10:00:00+07:00,S06,forward,39.6,45,173,0.22,SURVEI_SIMULASI,ok,True
2026-09-07T11:00:00+07:00,S06,forward,39.3,45,183,0.23,SURVEI_SIMULASI,ok,True
2026-09-07T12:00:00+07:00,S06,forward,40.1,45,160,0.2,SURVEI_SIMULASI,ok,True
2026-09-07T13:00:00+07:00,S06,forward,40.1,45,159,0.2,SURVEI_SIMULASI,ok,True
2026-09-07T14:00:00+07:00,S06,forward,39.9,45,164,0.21,SURVEI_SIMULASI,ok,True
2026-09-07T15:00:00+07:00,S06,forward,39.8,45,168,0.21,SURVEI_SIMULASI,ok,True
2026-09-07T16:00:00+07:00,S06,forward,36.5,45,273,0.34,SURVEI_SIMULASI,ok,True
2026-09-07T17:00:00+07:00,S06,forward,36.7,45,268,0.34,SURVEI_SIMULASI,ok,True
2026-09-07T18:00:00+07:00,S06,forward,36.8,45,266,0.33,SURVEI_SIMULASI,ok,True
2026-09-07T19:00:00+07:00,S06,forward,36.5,45,276,0.34,SURVEI_SIMULASI,ok,True
2026-09-01T06:00:00+07:00,S06,reverse,38.8,45,202,0.25,SURVEI_SIMULASI,ok,True
2026-09-01T07:00:00+07:00,S06,reverse,35.0,45,322,0.4,SURVEI_SIMULASI,ok,True
2026-09-01T08:00:00+07:00,S06,reverse,35.5,45,306,0.38,SURVEI_SIMULASI,ok,True
2026-09-01T09:00:00+07:00,S06,reverse,35.8,45,297,0.37,SURVEI_SIMULASI,ok,True
2026-09-01T10:00:00+07:00,S06,reverse,39.5,45,179,0.22,SURVEI_SIMULASI,ok,True
2026-09-01T11:00:00+07:00,S06,reverse,39.3,45,183,0.23,SURVEI_SIMULASI,ok,True
2026-09-01T12:00:00+07:00,S06,reverse,39.5,45,179,0.22,SURVEI_SIMULASI,ok,True
2026-09-01T13:00:00+07:00,S06,reverse,39.8,45,167,0.21,SURVEI_SIMULASI,ok,True
2026-09-01T14:00:00+07:00,S06,reverse,38.6,45,205,0.26,SURVEI_SIMULASI,ok,True
2026-09-01T15:00:00+07:00,S06,reverse,38.8,45,200,0.25,SURVEI_SIMULASI,ok,True
2026-09-01T16:00:00+07:00,S06,reverse,36.7,45,270,0.34,SURVEI_SIMULASI,ok,True
2026-09-01T17:00:00+07:00,S06,reverse,35.0,45,322,0.4,SURVEI_SIMULASI,ok,True
2026-09-01T18:00:00+07:00,S06,reverse,35.7,45,302,0.38,SURVEI_SIMULASI,ok,True
2026-09-01T19:00:00+07:00,S06,reverse,35.6,45,305,0.38,SURVEI_SIMULASI,ok,True
2026-09-02T06:00:00+07:00,S06,reverse,38.7,45,203,0.25,SURVEI_SIMULASI,ok,True
2026-09-02T07:00:00+07:00,S06,reverse,34.9,45,327,0.41,SURVEI_SIMULASI,ok,True
2026-09-02T08:00:00+07:00,S06,reverse,35.8,45,297,0.37,SURVEI_SIMULASI,ok,True
2026-09-02T09:00:00+07:00,S06,reverse,34.2,45,348,0.43,SURVEI_SIMULASI,ok,True
2026-09-02T10:00:00+07:00,S06,reverse,38.4,45,213,0.27,SURVEI_SIMULASI,ok,True
2026-09-02T11:00:00+07:00,S06,reverse,38.6,45,206,0.26,SURVEI_SIMULASI,ok,True
2026-09-02T12:00:00+07:00,S06,reverse,39.5,45,179,0.22,SURVEI_SIMULASI,ok,True
2026-09-02T13:00:00+07:00,S06,reverse,39.9,45,164,0.2,SURVEI_SIMULASI,ok,True
2026-09-02T14:00:00+07:00,S06,reverse,38.7,45,205,0.26,SURVEI_SIMULASI,ok,True
2026-09-02T15:00:00+07:00,S06,reverse,39.2,45,186,0.23,SURVEI_SIMULASI,ok,True
2026-09-02T16:00:00+07:00,S06,reverse,36.3,45,281,0.35,SURVEI_SIMULASI,ok,True
2026-09-02T17:00:00+07:00,S06,reverse,36.6,45,273,0.34,SURVEI_SIMULASI,ok,True
2026-09-02T18:00:00+07:00,S06,reverse,35.3,45,312,0.39,SURVEI_SIMULASI,ok,True
2026-09-02T19:00:00+07:00,S06,reverse,36.4,45,278,0.35,SURVEI_SIMULASI,ok,True
2026-09-08T06:00:00+07:00,S06,reverse,38.6,45,207,0.26,SURVEI_SIMULASI,ok,True
2026-09-08T07:00:00+07:00,S06,reverse,34.6,45,337,0.42,SURVEI_SIMULASI,ok,True
2026-09-08T08:00:00+07:00,S06,reverse,36.0,45,290,0.36,SURVEI_SIMULASI,ok,True
2026-09-08T09:00:00+07:00,S06,reverse,34.9,45,325,0.41,SURVEI_SIMULASI,ok,True
2026-09-08T10:00:00+07:00,S06,reverse,38.5,45,209,0.26,SURVEI_SIMULASI,ok,True
2026-09-08T11:00:00+07:00,S06,reverse,39.4,45,180,0.23,SURVEI_SIMULASI,ok,True
2026-09-08T12:00:00+07:00,S06,reverse,39.7,45,172,0.22,SURVEI_SIMULASI,ok,True
2026-09-08T13:00:00+07:00,S06,reverse,39.7,45,173,0.22,SURVEI_SIMULASI,ok,True
2026-09-08T14:00:00+07:00,S06,reverse,38.7,45,205,0.26,SURVEI_SIMULASI,ok,True
2026-09-08T15:00:00+07:00,S06,reverse,39.2,45,188,0.24,SURVEI_SIMULASI,ok,True
2026-09-08T16:00:00+07:00,S06,reverse,35.6,45,305,0.38,SURVEI_SIMULASI,ok,True
2026-09-08T17:00:00+07:00,S06,reverse,35.8,45,296,0.37,SURVEI_SIMULASI,ok,True
2026-09-08T18:00:00+07:00,S06,reverse,35.7,45,302,0.38,SURVEI_SIMULASI,ok,True
2026-09-08T19:00:00+07:00,S06,reverse,35.0,45,324,0.41,SURVEI_SIMULASI,ok,True
2026-09-09T06:00:00+07:00,S06,reverse,38.9,45,199,0.25,SURVEI_SIMULASI,ok,True
2026-09-09T07:00:00+07:00,S06,reverse,35.8,45,297,0.37,SURVEI_SIMULASI,ok,True
2026-09-09T08:00:00+07:00,S06,reverse,35.1,45,320,0.4,SURVEI_SIMULASI,ok,True
2026-09-09T09:00:00+07:00,S06,reverse,35.4,45,309,0.39,SURVEI_SIMULASI,ok,True
2026-09-09T10:00:00+07:00,S06,reverse,39.2,45,189,0.24,SURVEI_SIMULASI,ok,True
2026-09-09T11:00:00+07:00,S06,reverse,39.4,45,180,0.22,SURVEI_SIMULASI,ok,True
2026-09-09T12:00:00+07:00,S06,reverse,39.3,45,184,0.23,SURVEI_SIMULASI,ok,True
2026-09-09T13:00:00+07:00,S06,reverse,39.2,45,188,0.23,SURVEI_SIMULASI,ok,True
2026-09-09T14:00:00+07:00,S06,reverse,38.3,45,217,0.27,SURVEI_SIMULASI,ok,True
2026-09-09T15:00:00+07:00,S06,reverse,39.1,45,189,0.24,SURVEI_SIMULASI,ok,True
2026-09-09T16:00:00+07:00,S06,reverse,36.4,45,278,0.35,SURVEI_SIMULASI,ok,True
2026-09-09T17:00:00+07:00,S06,reverse,35.4,45,310,0.39,SURVEI_SIMULASI,ok,True
2026-09-09T18:00:00+07:00,S06,reverse,36.5,45,274,0.34,SURVEI_SIMULASI,ok,True
2026-09-09T19:00:00+07:00,S06,reverse,35.3,45,313,0.39,SURVEI_SIMULASI,ok,True
2026-09-03T06:00:00+07:00,S06,reverse,38.5,45,210,0.26,SURVEI_SIMULASI,ok,True
2026-09-03T07:00:00+07:00,S06,reverse,34.3,45,346,0.43,SURVEI_SIMULASI,ok,True
2026-09-03T08:00:00+07:00,S06,reverse,34.7,45,332,0.41,SURVEI_SIMULASI,ok,True
2026-09-03T09:00:00+07:00,S06,reverse,35.6,45,305,0.38,SURVEI_SIMULASI,ok,True
2026-09-03T10:00:00+07:00,S06,reverse,39.3,45,183,0.23,SURVEI_SIMULASI,ok,True
2026-09-03T11:00:00+07:00,S06,reverse,38.6,45,208,0.26,SURVEI_SIMULASI,ok,True
2026-09-03T12:00:00+07:00,S06,reverse,39.8,45,169,0.21,SURVEI_SIMULASI,ok,True
2026-09-03T13:00:00+07:00,S06,reverse,39.2,45,188,0.24,SURVEI_SIMULASI,ok,True
2026-09-03T14:00:00+07:00,S06,reverse,38.4,45,213,0.27,SURVEI_SIMULASI,ok,True
2026-09-03T15:00:00+07:00,S06,reverse,39.0,45,193,0.24,SURVEI_SIMULASI,ok,True
2026-09-03T16:00:00+07:00,S06,reverse,36.0,45,291,0.36,SURVEI_SIMULASI,ok,True
2026-09-03T17:00:00+07:00,S06,reverse,36.4,45,276,0.35,SURVEI_SIMULASI,ok,True
2026-09-03T18:00:00+07:00,S06,reverse,35.5,45,307,0.38,SURVEI_SIMULASI,ok,True
2026-09-03T19:00:00+07:00,S06,reverse,35.4,45,310,0.39,SURVEI_SIMULASI,ok,True
2026-09-04T06:00:00+07:00,S06,reverse,38.9,45,198,0.25,SURVEI_SIMULASI,ok,True
2026-09-04T07:00:00+07:00,S06,reverse,34.5,45,341,0.43,SURVEI_SIMULASI,ok,True
2026-09-04T08:00:00+07:00,S06,reverse,35.6,45,303,0.38,SURVEI_SIMULASI,ok,True
2026-09-04T09:00:00+07:00,S06,reverse,35.2,45,315,0.39,SURVEI_SIMULASI,ok,True
2026-09-04T10:00:00+07:00,S06,reverse,38.6,45,208,0.26,SURVEI_SIMULASI,ok,True
2026-09-04T11:00:00+07:00,S06,reverse,38.4,45,213,0.27,SURVEI_SIMULASI,ok,True
2026-09-04T12:00:00+07:00,S06,reverse,40.0,45,162,0.2,SURVEI_SIMULASI,ok,True
2026-09-04T13:00:00+07:00,S06,reverse,39.6,45,174,0.22,SURVEI_SIMULASI,ok,True
2026-09-04T14:00:00+07:00,S06,reverse,39.4,45,181,0.23,SURVEI_SIMULASI,ok,True
2026-09-04T15:00:00+07:00,S06,reverse,39.2,45,187,0.23,SURVEI_SIMULASI,ok,True
2026-09-04T16:00:00+07:00,S06,reverse,35.4,45,311,0.39,SURVEI_SIMULASI,ok,True
2026-09-04T17:00:00+07:00,S06,reverse,36.6,45,271,0.34,SURVEI_SIMULASI,ok,True
2026-09-04T18:00:00+07:00,S06,reverse,36.7,45,268,0.34,SURVEI_SIMULASI,ok,True
2026-09-04T19:00:00+07:00,S06,reverse,35.3,45,313,0.39,SURVEI_SIMULASI,ok,True
2026-09-05T06:00:00+07:00,S06,reverse,38.9,45,196,0.25,SURVEI_SIMULASI,ok,True
2026-09-05T07:00:00+07:00,S06,reverse,35.8,45,298,0.37,SURVEI_SIMULASI,ok,True
2026-09-05T08:00:00+07:00,S06,reverse,35.8,45,297,0.37,SURVEI_SIMULASI,ok,True
2026-09-05T09:00:00+07:00,S06,reverse,35.7,45,300,0.37,SURVEI_SIMULASI,ok,True
2026-09-05T10:00:00+07:00,S06,reverse,38.8,45,200,0.25,SURVEI_SIMULASI,ok,True
2026-09-05T11:00:00+07:00,S06,reverse,38.8,45,199,0.25,SURVEI_SIMULASI,ok,True
2026-09-05T12:00:00+07:00,S06,reverse,39.5,45,178,0.22,SURVEI_SIMULASI,ok,True
2026-09-05T13:00:00+07:00,S06,reverse,39.1,45,192,0.24,SURVEI_SIMULASI,ok,True
2026-09-05T14:00:00+07:00,S06,reverse,39.2,45,188,0.23,SURVEI_SIMULASI,ok,True
2026-09-05T15:00:00+07:00,S06,reverse,38.3,45,217,0.27,SURVEI_SIMULASI,ok,True
2026-09-05T16:00:00+07:00,S06,reverse,36.2,45,285,0.36,SURVEI_SIMULASI,ok,True
2026-09-05T17:00:00+07:00,S06,reverse,35.1,45,322,0.4,SURVEI_SIMULASI,ok,True
2026-09-05T18:00:00+07:00,S06,reverse,36.2,45,284,0.35,SURVEI_SIMULASI,ok,True
2026-09-05T19:00:00+07:00,S06,reverse,35.9,45,293,0.37,SURVEI_SIMULASI,ok,True
2026-09-06T06:00:00+07:00,S06,reverse,39.4,45,180,0.22,SURVEI_SIMULASI,ok,True
2026-09-06T07:00:00+07:00,S06,reverse,36.1,45,288,0.36,SURVEI_SIMULASI,ok,True
2026-09-06T08:00:00+07:00,S06,reverse,36.6,45,273,0.34,SURVEI_SIMULASI,ok,True
2026-09-06T09:00:00+07:00,S06,reverse,36.2,45,284,0.36,SURVEI_SIMULASI,ok,True
2026-09-06T10:00:00+07:00,S06,reverse,39.3,45,184,0.23,SURVEI_SIMULASI,ok,True
2026-09-06T11:00:00+07:00,S06,reverse,39.1,45,190,0.24,SURVEI_SIMULASI,ok,True
2026-09-06T12:00:00+07:00,S06,reverse,39.8,45,167,0.21,SURVEI_SIMULASI,ok,True
2026-09-06T13:00:00+07:00,S06,reverse,40.4,45,147,0.18,SURVEI_SIMULASI,ok,True
2026-09-06T14:00:00+07:00,S06,reverse,39.9,45,164,0.2,SURVEI_SIMULASI,ok,True
2026-09-06T15:00:00+07:00,S06,reverse,39.9,45,164,0.21,SURVEI_SIMULASI,ok,True
2026-09-06T16:00:00+07:00,S06,reverse,36.9,45,261,0.33,SURVEI_SIMULASI,ok,True
2026-09-06T17:00:00+07:00,S06,reverse,37.0,45,259,0.32,SURVEI_SIMULASI,ok,True
2026-09-06T18:00:00+07:00,S06,reverse,37.3,45,250,0.31,SURVEI_SIMULASI,ok,True
2026-09-06T19:00:00+07:00,S06,reverse,36.5,45,275,0.34,SURVEI_SIMULASI,ok,True
2026-09-07T06:00:00+07:00,S06,reverse,39.9,45,166,0.21,SURVEI_SIMULASI,ok,True
2026-09-07T07:00:00+07:00,S06,reverse,36.1,45,289,0.36,SURVEI_SIMULASI,ok,True
2026-09-07T08:00:00+07:00,S06,reverse,36.2,45,286,0.36,SURVEI_SIMULASI,ok,True
2026-09-07T09:00:00+07:00,S06,reverse,36.5,45,276,0.35,SURVEI_SIMULASI,ok,True
2026-09-07T10:00:00+07:00,S06,reverse,39.8,45,166,0.21,SURVEI_SIMULASI,ok,True
2026-09-07T11:00:00+07:00,S06,reverse,39.1,45,192,0.24,SURVEI_SIMULASI,ok,True
2026-09-07T12:00:00+07:00,S06,reverse,39.6,45,175,0.22,SURVEI_SIMULASI,ok,True
2026-09-07T13:00:00+07:00,S06,reverse,39.8,45,167,0.21,SURVEI_SIMULASI,ok,True
2026-09-07T14:00:00+07:00,S06,reverse,39.6,45,176,0.22,SURVEI_SIMULASI,ok,True
2026-09-07T15:00:00+07:00,S06,reverse,39.9,45,166,0.21,SURVEI_SIMULASI,ok,True
2026-09-07T16:00:00+07:00,S06,reverse,37.5,45,241,0.3,SURVEI_SIMULASI,ok,True
2026-09-07T17:00:00+07:00,S06,reverse,37.5,45,243,0.3,SURVEI_SIMULASI,ok,True
2026-09-07T18:00:00+07:00,S06,reverse,36.1,45,287,0.36,SURVEI_SIMULASI,ok,True
2026-09-07T19:00:00+07:00,S06,reverse,37.2,45,253,0.32,SURVEI_SIMULASI,ok,True
2026-09-01T06:00:00+07:00,S07,forward,20.8,30,224,0.56,SURVEI_SIMULASI,ok,True
2026-09-01T07:00:00+07:00,S07,forward,17.5,30,302,0.76,SURVEI_SIMULASI,ok,True
2026-09-01T08:00:00+07:00,S07,forward,16.3,30,332,0.83,SURVEI_SIMULASI,ok,True
2026-09-01T09:00:00+07:00,S07,forward,17.7,30,299,0.75,SURVEI_SIMULASI,ok,True
2026-09-01T10:00:00+07:00,S07,forward,22.3,30,188,0.47,SURVEI_SIMULASI,ok,True
2026-09-01T11:00:00+07:00,S07,forward,22.2,30,189,0.47,SURVEI_SIMULASI,ok,True
2026-09-01T12:00:00+07:00,S07,forward,21.9,30,195,0.49,SURVEI_SIMULASI,ok,True
2026-09-01T13:00:00+07:00,S07,forward,22.5,30,183,0.46,SURVEI_SIMULASI,ok,True
2026-09-01T14:00:00+07:00,S07,forward,20.8,30,223,0.56,SURVEI_SIMULASI,ok,True
2026-09-01T15:00:00+07:00,S07,forward,22.1,30,192,0.48,SURVEI_SIMULASI,ok,True
2026-09-01T16:00:00+07:00,S07,forward,16.5,30,327,0.82,SURVEI_SIMULASI,ok,True
2026-09-01T17:00:00+07:00,S07,forward,17.5,30,303,0.76,SURVEI_SIMULASI,ok,True
2026-09-01T18:00:00+07:00,S07,forward,17.6,30,301,0.75,SURVEI_SIMULASI,ok,True
2026-09-01T19:00:00+07:00,S07,forward,16.8,30,319,0.8,SURVEI_SIMULASI,ok,True
2026-09-02T06:00:00+07:00,S07,forward,20.8,30,223,0.56,SURVEI_SIMULASI,ok,True
2026-09-02T07:00:00+07:00,S07,forward,15.3,30,356,0.89,SURVEI_SIMULASI,ok,True
2026-09-02T08:00:00+07:00,S07,forward,16.1,30,337,0.84,SURVEI_SIMULASI,ok,True
2026-09-02T09:00:00+07:00,S07,forward,15.4,30,353,0.88,SURVEI_SIMULASI,ok,True
2026-09-02T10:00:00+07:00,S07,forward,22.1,30,191,0.48,SURVEI_SIMULASI,ok,True
2026-09-02T11:00:00+07:00,S07,forward,21.5,30,206,0.52,SURVEI_SIMULASI,ok,True
2026-09-02T12:00:00+07:00,S07,forward,21.7,30,202,0.5,SURVEI_SIMULASI,ok,True
2026-09-02T13:00:00+07:00,S07,forward,22.1,30,191,0.48,SURVEI_SIMULASI,ok,True
2026-09-02T14:00:00+07:00,S07,forward,22.3,30,187,0.47,SURVEI_SIMULASI,ok,True
2026-09-02T15:00:00+07:00,S07,forward,21.8,30,198,0.5,SURVEI_SIMULASI,ok,True
2026-09-02T16:00:00+07:00,S07,forward,16.2,30,333,0.83,SURVEI_SIMULASI,ok,True
2026-09-02T17:00:00+07:00,S07,forward,16.1,30,338,0.85,SURVEI_SIMULASI,ok,True
2026-09-02T18:00:00+07:00,S07,forward,16.0,30,340,0.85,SURVEI_SIMULASI,ok,True
2026-09-02T19:00:00+07:00,S07,forward,17.0,30,316,0.79,SURVEI_SIMULASI,ok,True
2026-09-08T06:00:00+07:00,S07,forward,21.7,30,200,0.5,SURVEI_SIMULASI,ok,True
2026-09-08T07:00:00+07:00,S07,forward,16.2,30,334,0.83,SURVEI_SIMULASI,ok,True
2026-09-08T08:00:00+07:00,S07,forward,15.9,30,341,0.85,SURVEI_SIMULASI,ok,True
2026-09-08T09:00:00+07:00,S07,forward,15.7,30,346,0.87,SURVEI_SIMULASI,ok,True
2026-09-08T10:00:00+07:00,S07,forward,21.1,30,217,0.54,SURVEI_SIMULASI,ok,True
2026-09-08T11:00:00+07:00,S07,forward,21.0,30,219,0.55,SURVEI_SIMULASI,ok,True
2026-09-08T12:00:00+07:00,S07,forward,22.7,30,178,0.44,SURVEI_SIMULASI,ok,True
2026-09-08T13:00:00+07:00,S07,forward,22.5,30,183,0.46,SURVEI_SIMULASI,ok,True
2026-09-08T14:00:00+07:00,S07,forward,20.7,30,226,0.56,SURVEI_SIMULASI,ok,True
2026-09-08T15:00:00+07:00,S07,forward,21.6,30,203,0.51,SURVEI_SIMULASI,ok,True
2026-09-08T16:00:00+07:00,S07,forward,18.0,30,291,0.73,SURVEI_SIMULASI,ok,True
2026-09-08T17:00:00+07:00,S07,forward,17.7,30,298,0.74,SURVEI_SIMULASI,ok,True
2026-09-08T18:00:00+07:00,S07,forward,16.9,30,319,0.8,SURVEI_SIMULASI,ok,True
2026-09-08T19:00:00+07:00,S07,forward,18.2,30,286,0.72,SURVEI_SIMULASI,ok,True
2026-09-09T06:00:00+07:00,S07,forward,21.6,30,203,0.51,SURVEI_SIMULASI,ok,True
2026-09-09T07:00:00+07:00,S07,forward,17.2,30,311,0.78,SURVEI_SIMULASI,ok,True
2026-09-09T08:00:00+07:00,S07,forward,16.5,30,327,0.82,SURVEI_SIMULASI,ok,True
2026-09-09T09:00:00+07:00,S07,forward,16.4,30,330,0.83,SURVEI_SIMULASI,ok,True
2026-09-09T10:00:00+07:00,S07,forward,22.4,30,185,0.46,SURVEI_SIMULASI,ok,True
2026-09-09T11:00:00+07:00,S07,forward,21.2,30,213,0.53,SURVEI_SIMULASI,ok,True
2026-09-09T12:00:00+07:00,S07,forward,22.1,30,192,0.48,SURVEI_SIMULASI,ok,True
2026-09-09T13:00:00+07:00,S07,forward,22.5,30,182,0.46,SURVEI_SIMULASI,ok,True
2026-09-09T14:00:00+07:00,S07,forward,21.8,30,200,0.5,SURVEI_SIMULASI,ok,True
2026-09-09T15:00:00+07:00,S07,forward,21.7,30,201,0.5,SURVEI_SIMULASI,ok,True
2026-09-09T16:00:00+07:00,S07,forward,17.4,30,305,0.76,SURVEI_SIMULASI,ok,True
2026-09-09T17:00:00+07:00,S07,forward,17.1,30,312,0.78,SURVEI_SIMULASI,ok,True
2026-09-09T18:00:00+07:00,S07,forward,18.1,30,290,0.72,SURVEI_SIMULASI,ok,True
2026-09-09T19:00:00+07:00,S07,forward,18.4,30,282,0.71,SURVEI_SIMULASI,ok,True
2026-09-03T06:00:00+07:00,S07,forward,21.5,30,206,0.52,SURVEI_SIMULASI,ok,True
2026-09-03T07:00:00+07:00,S07,forward,17.0,30,314,0.79,SURVEI_SIMULASI,ok,True
2026-09-03T08:00:00+07:00,S07,forward,16.1,30,338,0.84,SURVEI_SIMULASI,ok,True
2026-09-03T09:00:00+07:00,S07,forward,17.7,30,299,0.75,SURVEI_SIMULASI,ok,True
2026-09-03T10:00:00+07:00,S07,forward,21.2,30,213,0.53,SURVEI_SIMULASI,ok,True
2026-09-03T11:00:00+07:00,S07,forward,22.2,30,189,0.47,SURVEI_SIMULASI,ok,True
2026-09-03T12:00:00+07:00,S07,forward,21.9,30,196,0.49,SURVEI_SIMULASI,ok,True
2026-09-03T13:00:00+07:00,S07,forward,22.5,30,181,0.45,SURVEI_SIMULASI,ok,True
2026-09-03T14:00:00+07:00,S07,forward,21.0,30,219,0.55,SURVEI_SIMULASI,ok,True
2026-09-03T15:00:00+07:00,S07,forward,20.8,30,222,0.56,SURVEI_SIMULASI,ok,True
2026-09-03T16:00:00+07:00,S07,forward,16.1,30,337,0.84,SURVEI_SIMULASI,ok,True
2026-09-03T17:00:00+07:00,S07,forward,17.5,30,303,0.76,SURVEI_SIMULASI,ok,True
2026-09-03T18:00:00+07:00,S07,forward,17.1,30,313,0.78,SURVEI_SIMULASI,ok,True
2026-09-03T19:00:00+07:00,S07,forward,17.3,30,307,0.77,SURVEI_SIMULASI,ok,True
2026-09-04T06:00:00+07:00,S07,forward,20.7,30,227,0.57,SURVEI_SIMULASI,ok,True
2026-09-04T07:00:00+07:00,S07,forward,17.7,30,297,0.74,SURVEI_SIMULASI,ok,True
2026-09-04T08:00:00+07:00,S07,forward,16.9,30,319,0.8,SURVEI_SIMULASI,ok,True
2026-09-04T09:00:00+07:00,S07,forward,17.2,30,311,0.78,SURVEI_SIMULASI,ok,True
2026-09-04T10:00:00+07:00,S07,forward,21.1,30,216,0.54,SURVEI_SIMULASI,ok,True
2026-09-04T11:00:00+07:00,S07,forward,20.9,30,220,0.55,SURVEI_SIMULASI,ok,True
2026-09-04T12:00:00+07:00,S07,forward,21.6,30,202,0.51,SURVEI_SIMULASI,ok,True
2026-09-04T13:00:00+07:00,S07,forward,23.0,30,169,0.42,SURVEI_SIMULASI,ok,True
2026-09-04T14:00:00+07:00,S07,forward,21.2,30,212,0.53,SURVEI_SIMULASI,ok,True
2026-09-04T15:00:00+07:00,S07,forward,21.6,30,204,0.51,SURVEI_SIMULASI,ok,True
2026-09-04T16:00:00+07:00,S07,forward,16.9,30,317,0.79,SURVEI_SIMULASI,ok,True
2026-09-04T17:00:00+07:00,S07,forward,17.7,30,297,0.74,SURVEI_SIMULASI,ok,True
2026-09-04T18:00:00+07:00,S07,forward,18.3,30,284,0.71,SURVEI_SIMULASI,ok,True
2026-09-04T19:00:00+07:00,S07,forward,17.1,30,312,0.78,SURVEI_SIMULASI,ok,True
2026-09-05T06:00:00+07:00,S07,forward,22.2,30,189,0.47,SURVEI_SIMULASI,ok,True
2026-09-05T07:00:00+07:00,S07,forward,15.6,30,350,0.87,SURVEI_SIMULASI,ok,True
2026-09-05T08:00:00+07:00,S07,forward,16.4,30,331,0.83,SURVEI_SIMULASI,ok,True
2026-09-05T09:00:00+07:00,S07,forward,17.0,30,315,0.79,SURVEI_SIMULASI,ok,True
2026-09-05T10:00:00+07:00,S07,forward,22.1,30,193,0.48,SURVEI_SIMULASI,ok,True
2026-09-05T11:00:00+07:00,S07,forward,20.9,30,222,0.55,SURVEI_SIMULASI,ok,True
2026-09-05T12:00:00+07:00,S07,forward,21.7,30,200,0.5,SURVEI_SIMULASI,ok,True
2026-09-05T13:00:00+07:00,S07,forward,21.8,30,200,0.5,SURVEI_SIMULASI,ok,True
2026-09-05T14:00:00+07:00,S07,forward,21.3,30,211,0.53,SURVEI_SIMULASI,ok,True
2026-09-05T15:00:00+07:00,S07,forward,21.8,30,198,0.49,SURVEI_SIMULASI,ok,True
2026-09-05T16:00:00+07:00,S07,forward,17.2,30,309,0.77,SURVEI_SIMULASI,ok,True
2026-09-05T17:00:00+07:00,S07,forward,17.2,30,310,0.77,SURVEI_SIMULASI,ok,True
2026-09-05T18:00:00+07:00,S07,forward,17.9,30,294,0.73,SURVEI_SIMULASI,ok,True
2026-09-05T19:00:00+07:00,S07,forward,17.6,30,300,0.75,SURVEI_SIMULASI,ok,True
2026-09-06T06:00:00+07:00,S07,forward,21.6,30,203,0.51,SURVEI_SIMULASI,ok,True
2026-09-06T07:00:00+07:00,S07,forward,17.6,30,301,0.75,SURVEI_SIMULASI,ok,True
2026-09-06T08:00:00+07:00,S07,forward,17.1,30,313,0.78,SURVEI_SIMULASI,ok,True
2026-09-06T09:00:00+07:00,S07,forward,16.7,30,323,0.81,SURVEI_SIMULASI,ok,True
2026-09-06T10:00:00+07:00,S07,forward,21.8,30,200,0.5,SURVEI_SIMULASI,ok,True
2026-09-06T11:00:00+07:00,S07,forward,21.9,30,197,0.49,SURVEI_SIMULASI,ok,True
2026-09-06T12:00:00+07:00,S07,forward,23.5,30,158,0.4,SURVEI_SIMULASI,ok,True
2026-09-06T13:00:00+07:00,S07,forward,23.3,30,163,0.41,SURVEI_SIMULASI,ok,True
2026-09-06T14:00:00+07:00,S07,forward,22.5,30,182,0.46,SURVEI_SIMULASI,ok,True
2026-09-06T15:00:00+07:00,S07,forward,21.8,30,200,0.5,SURVEI_SIMULASI,ok,True
2026-09-06T16:00:00+07:00,S07,forward,18.3,30,285,0.71,SURVEI_SIMULASI,ok,True
2026-09-06T17:00:00+07:00,S07,forward,18.1,30,290,0.72,SURVEI_SIMULASI,ok,True
2026-09-06T18:00:00+07:00,S07,forward,18.6,30,276,0.69,SURVEI_SIMULASI,ok,True
2026-09-06T19:00:00+07:00,S07,forward,19.2,30,261,0.65,SURVEI_SIMULASI,ok,True
2026-09-07T06:00:00+07:00,S07,forward,22.5,30,182,0.45,SURVEI_SIMULASI,ok,True
2026-09-07T07:00:00+07:00,S07,forward,17.1,30,313,0.78,SURVEI_SIMULASI,ok,True
2026-09-07T08:00:00+07:00,S07,forward,17.5,30,304,0.76,SURVEI_SIMULASI,ok,True
2026-09-07T09:00:00+07:00,S07,forward,18.1,30,288,0.72,SURVEI_SIMULASI,ok,True
2026-09-07T10:00:00+07:00,S07,forward,22.2,30,189,0.47,SURVEI_SIMULASI,ok,True
2026-09-07T11:00:00+07:00,S07,forward,22.0,30,195,0.49,SURVEI_SIMULASI,ok,True
2026-09-07T12:00:00+07:00,S07,forward,22.7,30,177,0.44,SURVEI_SIMULASI,ok,True
2026-09-07T13:00:00+07:00,S07,forward,22.7,30,177,0.44,SURVEI_SIMULASI,ok,True
2026-09-07T14:00:00+07:00,S07,forward,22.8,30,175,0.44,SURVEI_SIMULASI,ok,True
2026-09-07T15:00:00+07:00,S07,forward,22.9,30,172,0.43,SURVEI_SIMULASI,ok,True
2026-09-07T16:00:00+07:00,S07,forward,19.3,30,261,0.65,SURVEI_SIMULASI,ok,True
2026-09-07T17:00:00+07:00,S07,forward,18.4,30,280,0.7,SURVEI_SIMULASI,ok,True
2026-09-07T18:00:00+07:00,S07,forward,19.0,30,266,0.66,SURVEI_SIMULASI,ok,True
2026-09-07T19:00:00+07:00,S07,forward,17.9,30,292,0.73,SURVEI_SIMULASI,ok,True
2026-09-01T06:00:00+07:00,S07,reverse,21.2,30,213,0.53,SURVEI_SIMULASI,ok,True
2026-09-01T07:00:00+07:00,S07,reverse,17.2,30,309,0.77,SURVEI_SIMULASI,ok,True
2026-09-01T08:00:00+07:00,S07,reverse,15.1,30,362,0.9,SURVEI_SIMULASI,ok,True
2026-09-01T09:00:00+07:00,S07,reverse,15.0,30,362,0.91,SURVEI_SIMULASI,ok,True
2026-09-01T10:00:00+07:00,S07,reverse,21.0,30,218,0.55,SURVEI_SIMULASI,ok,True
2026-09-01T11:00:00+07:00,S07,reverse,22.0,30,194,0.49,SURVEI_SIMULASI,ok,True
2026-09-01T12:00:00+07:00,S07,reverse,23.0,30,171,0.43,SURVEI_SIMULASI,ok,True
2026-09-01T13:00:00+07:00,S07,reverse,22.8,30,174,0.43,SURVEI_SIMULASI,ok,True
2026-09-01T14:00:00+07:00,S07,reverse,22.0,30,194,0.49,SURVEI_SIMULASI,ok,True
2026-09-01T15:00:00+07:00,S07,reverse,21.7,30,201,0.5,SURVEI_SIMULASI,ok,True
2026-09-01T16:00:00+07:00,S07,reverse,16.4,30,330,0.83,SURVEI_SIMULASI,ok,True
2026-09-01T17:00:00+07:00,S07,reverse,18.3,30,284,0.71,SURVEI_SIMULASI,ok,True
2026-09-01T18:00:00+07:00,S07,reverse,16.0,30,339,0.85,SURVEI_SIMULASI,ok,True
2026-09-01T19:00:00+07:00,S07,reverse,16.3,30,332,0.83,SURVEI_SIMULASI,ok,True
2026-09-02T06:00:00+07:00,S07,reverse,21.8,30,199,0.5,SURVEI_SIMULASI,ok,True
2026-09-02T07:00:00+07:00,S07,reverse,17.6,30,302,0.75,SURVEI_SIMULASI,ok,True
2026-09-02T08:00:00+07:00,S07,reverse,16.8,30,321,0.8,SURVEI_SIMULASI,ok,True
2026-09-02T09:00:00+07:00,S07,reverse,17.0,30,314,0.79,SURVEI_SIMULASI,ok,True
2026-09-02T10:00:00+07:00,S07,reverse,22.3,30,186,0.46,SURVEI_SIMULASI,ok,True
2026-09-02T11:00:00+07:00,S07,reverse,21.7,30,200,0.5,SURVEI_SIMULASI,ok,True
2026-09-02T12:00:00+07:00,S07,reverse,21.9,30,196,0.49,SURVEI_SIMULASI,ok,True
2026-09-02T13:00:00+07:00,S07,reverse,21.7,30,200,0.5,SURVEI_SIMULASI,ok,True
2026-09-02T14:00:00+07:00,S07,reverse,21.8,30,199,0.5,SURVEI_SIMULASI,ok,True
2026-09-02T15:00:00+07:00,S07,reverse,21.4,30,208,0.52,SURVEI_SIMULASI,ok,True
2026-09-02T16:00:00+07:00,S07,reverse,17.8,30,295,0.74,SURVEI_SIMULASI,ok,True
2026-09-02T17:00:00+07:00,S07,reverse,18.3,30,283,0.71,SURVEI_SIMULASI,ok,True
2026-09-02T18:00:00+07:00,S07,reverse,17.5,30,304,0.76,SURVEI_SIMULASI,ok,True
2026-09-02T19:00:00+07:00,S07,reverse,16.5,30,326,0.82,SURVEI_SIMULASI,ok,True
2026-09-08T06:00:00+07:00,S07,reverse,21.6,30,204,0.51,SURVEI_SIMULASI,ok,True
2026-09-08T07:00:00+07:00,S07,reverse,16.9,30,317,0.79,SURVEI_SIMULASI,ok,True
2026-09-08T08:00:00+07:00,S07,reverse,15.6,30,348,0.87,SURVEI_SIMULASI,ok,True
2026-09-08T09:00:00+07:00,S07,reverse,17.8,30,297,0.74,SURVEI_SIMULASI,ok,True
2026-09-08T10:00:00+07:00,S07,reverse,21.6,30,204,0.51,SURVEI_SIMULASI,ok,True
2026-09-08T11:00:00+07:00,S07,reverse,21.5,30,205,0.51,SURVEI_SIMULASI,ok,True
2026-09-08T12:00:00+07:00,S07,reverse,22.9,30,172,0.43,SURVEI_SIMULASI,ok,True
2026-09-08T13:00:00+07:00,S07,reverse,23.0,30,169,0.42,SURVEI_SIMULASI,ok,True
2026-09-08T14:00:00+07:00,S07,reverse,21.7,30,201,0.5,SURVEI_SIMULASI,ok,True
2026-09-08T15:00:00+07:00,S07,reverse,21.1,30,217,0.54,SURVEI_SIMULASI,ok,True
2026-09-08T16:00:00+07:00,S07,reverse,17.0,30,315,0.79,SURVEI_SIMULASI,ok,True
2026-09-08T17:00:00+07:00,S07,reverse,16.7,30,322,0.8,SURVEI_SIMULASI,ok,True
2026-09-08T18:00:00+07:00,S07,reverse,17.6,30,300,0.75,SURVEI_SIMULASI,ok,True
2026-09-08T19:00:00+07:00,S07,reverse,16.8,30,319,0.8,SURVEI_SIMULASI,ok,True
2026-09-09T06:00:00+07:00,S07,reverse,22.2,30,190,0.47,SURVEI_SIMULASI,ok,True
2026-09-09T07:00:00+07:00,S07,reverse,15.6,30,350,0.88,SURVEI_SIMULASI,ok,True
2026-09-09T08:00:00+07:00,S07,reverse,16.9,30,317,0.79,SURVEI_SIMULASI,ok,True
2026-09-09T09:00:00+07:00,S07,reverse,15.4,30,353,0.88,SURVEI_SIMULASI,ok,True
2026-09-09T10:00:00+07:00,S07,reverse,22.3,30,186,0.46,SURVEI_SIMULASI,ok,True
2026-09-09T11:00:00+07:00,S07,reverse,21.6,30,203,0.51,SURVEI_SIMULASI,ok,True
2026-09-09T12:00:00+07:00,S07,reverse,22.1,30,192,0.48,SURVEI_SIMULASI,ok,True
2026-09-09T13:00:00+07:00,S07,reverse,21.6,30,203,0.51,SURVEI_SIMULASI,ok,True
2026-09-09T14:00:00+07:00,S07,reverse,21.4,30,210,0.52,SURVEI_SIMULASI,ok,True
2026-09-09T15:00:00+07:00,S07,reverse,21.2,30,214,0.53,SURVEI_SIMULASI,ok,True
2026-09-09T16:00:00+07:00,S07,reverse,18.3,30,283,0.71,SURVEI_SIMULASI,ok,True
2026-09-09T17:00:00+07:00,S07,reverse,17.5,30,304,0.76,SURVEI_SIMULASI,ok,True
2026-09-09T18:00:00+07:00,S07,reverse,18.3,30,284,0.71,SURVEI_SIMULASI,ok,True
2026-09-09T19:00:00+07:00,S07,reverse,18.4,30,281,0.7,SURVEI_SIMULASI,ok,True
2026-09-03T06:00:00+07:00,S07,reverse,22.0,30,194,0.49,SURVEI_SIMULASI,ok,True
2026-09-03T07:00:00+07:00,S07,reverse,17.2,30,311,0.78,SURVEI_SIMULASI,ok,True
2026-09-03T08:00:00+07:00,S07,reverse,16.2,30,335,0.84,SURVEI_SIMULASI,ok,True
2026-09-03T09:00:00+07:00,S07,reverse,16.8,30,321,0.8,SURVEI_SIMULASI,ok,True
2026-09-03T10:00:00+07:00,S07,reverse,21.4,30,208,0.52,SURVEI_SIMULASI,ok,True
2026-09-03T11:00:00+07:00,S07,reverse,22.0,30,193,0.48,SURVEI_SIMULASI,ok,True
2026-09-03T12:00:00+07:00,S07,reverse,22.4,30,184,0.46,SURVEI_SIMULASI,ok,True
2026-09-03T13:00:00+07:00,S07,reverse,21.7,30,202,0.5,SURVEI_SIMULASI,ok,True
2026-09-03T14:00:00+07:00,S07,reverse,22.2,30,190,0.47,SURVEI_SIMULASI,ok,True
2026-09-03T15:00:00+07:00,S07,reverse,20.9,30,221,0.55,SURVEI_SIMULASI,ok,True
2026-09-03T16:00:00+07:00,S07,reverse,16.6,30,324,0.81,SURVEI_SIMULASI,ok,True
2026-09-03T17:00:00+07:00,S07,reverse,16.6,30,325,0.81,SURVEI_SIMULASI,ok,True
2026-09-03T18:00:00+07:00,S07,reverse,16.1,30,337,0.84,SURVEI_SIMULASI,ok,True
2026-09-03T19:00:00+07:00,S07,reverse,18.3,30,283,0.71,SURVEI_SIMULASI,ok,True
2026-09-04T06:00:00+07:00,S07,reverse,21.4,30,208,0.52,SURVEI_SIMULASI,ok,True
2026-09-04T07:00:00+07:00,S07,reverse,17.4,30,305,0.76,SURVEI_SIMULASI,ok,True
2026-09-04T08:00:00+07:00,S07,reverse,17.0,30,316,0.79,SURVEI_SIMULASI,ok,True
2026-09-04T09:00:00+07:00,S07,reverse,15.9,30,342,0.85,SURVEI_SIMULASI,ok,True
2026-09-04T10:00:00+07:00,S07,reverse,21.0,30,217,0.54,SURVEI_SIMULASI,ok,True
2026-09-04T11:00:00+07:00,S07,reverse,21.3,30,212,0.53,SURVEI_SIMULASI,ok,True
2026-09-04T12:00:00+07:00,S07,reverse,22.9,30,173,0.43,SURVEI_SIMULASI,ok,True
2026-09-04T13:00:00+07:00,S07,reverse,21.9,30,196,0.49,SURVEI_SIMULASI,ok,True
2026-09-04T14:00:00+07:00,S07,reverse,20.7,30,224,0.56,SURVEI_SIMULASI,ok,True
2026-09-04T15:00:00+07:00,S07,reverse,21.1,30,216,0.54,SURVEI_SIMULASI,ok,True
2026-09-04T16:00:00+07:00,S07,reverse,17.7,30,297,0.74,SURVEI_SIMULASI,ok,True
2026-09-04T17:00:00+07:00,S07,reverse,16.3,30,332,0.83,SURVEI_SIMULASI,ok,True
2026-09-04T18:00:00+07:00,S07,reverse,17.5,30,304,0.76,SURVEI_SIMULASI,ok,True
2026-09-04T19:00:00+07:00,S07,reverse,16.2,30,334,0.84,SURVEI_SIMULASI,ok,True
2026-09-05T06:00:00+07:00,S07,reverse,20.9,30,221,0.55,SURVEI_SIMULASI,ok,True
2026-09-05T07:00:00+07:00,S07,reverse,17.7,30,297,0.74,SURVEI_SIMULASI,ok,True
2026-09-05T08:00:00+07:00,S07,reverse,15.8,30,345,0.86,SURVEI_SIMULASI,ok,True
2026-09-05T09:00:00+07:00,S07,reverse,16.2,30,336,0.84,SURVEI_SIMULASI,ok,True
2026-09-05T10:00:00+07:00,S07,reverse,21.4,30,208,0.52,SURVEI_SIMULASI,ok,True
2026-09-05T11:00:00+07:00,S07,reverse,21.5,30,205,0.51,SURVEI_SIMULASI,ok,True
2026-09-05T12:00:00+07:00,S07,reverse,22.3,30,186,0.46,SURVEI_SIMULASI,ok,True
2026-09-05T13:00:00+07:00,S07,reverse,22.1,30,192,0.48,SURVEI_SIMULASI,ok,True
2026-09-05T14:00:00+07:00,S07,reverse,21.2,30,213,0.53,SURVEI_SIMULASI,ok,True
2026-09-05T15:00:00+07:00,S07,reverse,20.8,30,223,0.56,SURVEI_SIMULASI,ok,True
2026-09-05T16:00:00+07:00,S07,reverse,17.0,30,316,0.79,SURVEI_SIMULASI,ok,True
2026-09-05T17:00:00+07:00,S07,reverse,17.0,30,315,0.79,SURVEI_SIMULASI,ok,True
2026-09-05T18:00:00+07:00,S07,reverse,16.3,30,333,0.83,SURVEI_SIMULASI,ok,True
2026-09-05T19:00:00+07:00,S07,reverse,16.4,30,329,0.82,SURVEI_SIMULASI,ok,True
2026-09-06T06:00:00+07:00,S07,reverse,22.8,30,174,0.43,SURVEI_SIMULASI,ok,True
2026-09-06T07:00:00+07:00,S07,reverse,17.1,30,313,0.78,SURVEI_SIMULASI,ok,True
2026-09-06T08:00:00+07:00,S07,reverse,17.0,30,315,0.79,SURVEI_SIMULASI,ok,True
2026-09-06T09:00:00+07:00,S07,reverse,17.9,30,294,0.73,SURVEI_SIMULASI,ok,True
2026-09-06T10:00:00+07:00,S07,reverse,21.8,30,200,0.5,SURVEI_SIMULASI,ok,True
2026-09-06T11:00:00+07:00,S07,reverse,21.8,30,199,0.5,SURVEI_SIMULASI,ok,True
2026-09-06T12:00:00+07:00,S07,reverse,23.3,30,161,0.4,SURVEI_SIMULASI,ok,True
2026-09-06T13:00:00+07:00,S07,reverse,23.6,30,154,0.39,SURVEI_SIMULASI,ok,True
2026-09-06T14:00:00+07:00,S07,reverse,22.8,30,175,0.44,SURVEI_SIMULASI,ok,True
2026-09-06T15:00:00+07:00,S07,reverse,23.0,30,169,0.42,SURVEI_SIMULASI,ok,True
2026-09-06T16:00:00+07:00,S07,reverse,18.2,30,287,0.72,SURVEI_SIMULASI,ok,True
2026-09-06T17:00:00+07:00,S07,reverse,18.3,30,283,0.71,SURVEI_SIMULASI,ok,True
2026-09-06T18:00:00+07:00,S07,reverse,17.8,30,297,0.74,SURVEI_SIMULASI,ok,True
2026-09-06T19:00:00+07:00,S07,reverse,19.0,30,266,0.67,SURVEI_SIMULASI,ok,True
2026-09-07T06:00:00+07:00,S07,reverse,22.0,30,195,0.49,SURVEI_SIMULASI,ok,True
2026-09-07T07:00:00+07:00,S07,reverse,17.5,30,302,0.76,SURVEI_SIMULASI,ok,True
2026-09-07T08:00:00+07:00,S07,reverse,17.3,30,307,0.77,SURVEI_SIMULASI,ok,True
2026-09-07T09:00:00+07:00,S07,reverse,16.6,30,324,0.81,SURVEI_SIMULASI,ok,True
2026-09-07T10:00:00+07:00,S07,reverse,21.7,30,201,0.5,SURVEI_SIMULASI,ok,True
2026-09-07T11:00:00+07:00,S07,reverse,22.5,30,183,0.46,SURVEI_SIMULASI,ok,True
2026-09-07T12:00:00+07:00,S07,reverse,22.8,30,175,0.44,SURVEI_SIMULASI,ok,True
2026-09-07T13:00:00+07:00,S07,reverse,23.2,30,166,0.41,SURVEI_SIMULASI,ok,True
2026-09-07T14:00:00+07:00,S07,reverse,22.7,30,176,0.44,SURVEI_SIMULASI,ok,True
2026-09-07T15:00:00+07:00,S07,reverse,23.0,30,170,0.43,SURVEI_SIMULASI,ok,True
2026-09-07T16:00:00+07:00,S07,reverse,17.8,30,295,0.74,SURVEI_SIMULASI,ok,True
2026-09-07T17:00:00+07:00,S07,reverse,19.0,30,268,0.67,SURVEI_SIMULASI,ok,True
2026-09-07T18:00:00+07:00,S07,reverse,18.6,30,277,0.69,SURVEI_SIMULASI,ok,True
2026-09-07T19:00:00+07:00,S07,reverse,18.1,30,288,0.72,SURVEI_SIMULASI,ok,True
2026-09-01T06:00:00+07:00,S08,forward,38.1,45,223,0.28,SURVEI_SIMULASI,ok,True
2026-09-01T07:00:00+07:00,S08,forward,34.8,45,328,0.41,SURVEI_SIMULASI,ok,True
2026-09-01T08:00:00+07:00,S08,forward,33.8,45,363,0.45,SURVEI_SIMULASI,ok,True
2026-09-01T09:00:00+07:00,S08,forward,33.5,45,371,0.46,SURVEI_SIMULASI,ok,True
2026-09-01T10:00:00+07:00,S08,forward,38.6,45,207,0.26,SURVEI_SIMULASI,ok,True
2026-09-01T11:00:00+07:00,S08,forward,37.9,45,231,0.29,SURVEI_SIMULASI,ok,True
2026-09-01T12:00:00+07:00,S08,forward,39.3,45,183,0.23,SURVEI_SIMULASI,ok,True
2026-09-01T13:00:00+07:00,S08,forward,38.5,45,210,0.26,SURVEI_SIMULASI,ok,True
2026-09-01T14:00:00+07:00,S08,forward,38.1,45,223,0.28,SURVEI_SIMULASI,ok,True
2026-09-01T15:00:00+07:00,S08,forward,37.8,45,232,0.29,SURVEI_SIMULASI,ok,True
2026-09-01T16:00:00+07:00,S08,forward,34.4,45,342,0.43,SURVEI_SIMULASI,ok,True
2026-09-01T17:00:00+07:00,S08,forward,34.7,45,333,0.42,SURVEI_SIMULASI,ok,True
2026-09-01T18:00:00+07:00,S08,forward,34.7,45,331,0.41,SURVEI_SIMULASI,ok,True
2026-09-01T19:00:00+07:00,S08,forward,35.5,45,307,0.38,SURVEI_SIMULASI,ok,True
2026-09-02T06:00:00+07:00,S08,forward,37.9,45,230,0.29,SURVEI_SIMULASI,ok,True
2026-09-02T07:00:00+07:00,S08,forward,34.1,45,351,0.44,SURVEI_SIMULASI,ok,True
2026-09-02T08:00:00+07:00,S08,forward,34.5,45,338,0.42,SURVEI_SIMULASI,ok,True
2026-09-02T09:00:00+07:00,S08,forward,34.2,45,349,0.44,SURVEI_SIMULASI,ok,True
2026-09-02T10:00:00+07:00,S08,forward,39.0,45,195,0.24,SURVEI_SIMULASI,ok,True
2026-09-02T11:00:00+07:00,S08,forward,38.3,45,216,0.27,SURVEI_SIMULASI,ok,True
2026-09-02T12:00:00+07:00,S08,forward,38.7,45,203,0.25,SURVEI_SIMULASI,ok,True
2026-09-02T13:00:00+07:00,S08,forward,39.3,45,184,0.23,SURVEI_SIMULASI,ok,True
2026-09-02T14:00:00+07:00,S08,forward,38.0,45,227,0.28,SURVEI_SIMULASI,ok,True
2026-09-02T15:00:00+07:00,S08,forward,37.8,45,234,0.29,SURVEI_SIMULASI,ok,True
2026-09-02T16:00:00+07:00,S08,forward,34.6,45,337,0.42,SURVEI_SIMULASI,ok,True
2026-09-02T17:00:00+07:00,S08,forward,36.0,45,291,0.36,SURVEI_SIMULASI,ok,True
2026-09-02T18:00:00+07:00,S08,forward,35.1,45,321,0.4,SURVEI_SIMULASI,ok,True
2026-09-02T19:00:00+07:00,S08,forward,34.4,45,343,0.43,SURVEI_SIMULASI,ok,True
2026-09-08T06:00:00+07:00,S08,forward,38.6,45,208,0.26,SURVEI_SIMULASI,ok,True
2026-09-08T07:00:00+07:00,S08,forward,33.6,45,370,0.46,SURVEI_SIMULASI,ok,True
2026-09-08T08:00:00+07:00,S08,forward,35.2,45,318,0.4,SURVEI_SIMULASI,ok,True
2026-09-08T09:00:00+07:00,S08,forward,35.3,45,313,0.39,SURVEI_SIMULASI,ok,True
2026-09-08T10:00:00+07:00,S08,forward,38.1,45,224,0.28,SURVEI_SIMULASI,ok,True
2026-09-08T11:00:00+07:00,S08,forward,38.4,45,214,0.27,SURVEI_SIMULASI,ok,True
2026-09-08T12:00:00+07:00,S08,forward,38.6,45,207,0.26,SURVEI_SIMULASI,ok,True
2026-09-08T13:00:00+07:00,S08,forward,39.5,45,177,0.22,SURVEI_SIMULASI,ok,True
2026-09-08T14:00:00+07:00,S08,forward,37.8,45,234,0.29,SURVEI_SIMULASI,ok,True
2026-09-08T15:00:00+07:00,S08,forward,38.4,45,214,0.27,SURVEI_SIMULASI,ok,True
2026-09-08T16:00:00+07:00,S08,forward,34.1,45,353,0.44,SURVEI_SIMULASI,ok,True
2026-09-08T17:00:00+07:00,S08,forward,34.3,45,345,0.43,SURVEI_SIMULASI,ok,True
2026-09-08T18:00:00+07:00,S08,forward,34.3,45,345,0.43,SURVEI_SIMULASI,ok,True
2026-09-08T19:00:00+07:00,S08,forward,35.8,45,298,0.37,SURVEI_SIMULASI,ok,True
2026-09-09T06:00:00+07:00,S08,forward,37.9,45,230,0.29,SURVEI_SIMULASI,ok,True
2026-09-09T07:00:00+07:00,S08,forward,33.5,45,372,0.47,SURVEI_SIMULASI,ok,True
2026-09-09T08:00:00+07:00,S08,forward,33.5,45,373,0.47,SURVEI_SIMULASI,ok,True
2026-09-09T09:00:00+07:00,S08,forward,34.4,45,341,0.43,SURVEI_SIMULASI,ok,True
2026-09-09T10:00:00+07:00,S08,forward,38.4,45,214,0.27,SURVEI_SIMULASI,ok,True
2026-09-09T11:00:00+07:00,S08,forward,38.8,45,202,0.25,SURVEI_SIMULASI,ok,True
2026-09-09T12:00:00+07:00,S08,forward,38.7,45,205,0.26,SURVEI_SIMULASI,ok,True
2026-09-09T13:00:00+07:00,S08,forward,38.7,45,202,0.25,SURVEI_SIMULASI,ok,True
2026-09-09T14:00:00+07:00,S08,forward,38.9,45,197,0.25,SURVEI_SIMULASI,ok,True
2026-09-09T15:00:00+07:00,S08,forward,38.7,45,205,0.26,SURVEI_SIMULASI,ok,True
2026-09-09T16:00:00+07:00,S08,forward,35.7,45,300,0.37,SURVEI_SIMULASI,ok,True
2026-09-09T17:00:00+07:00,S08,forward,35.0,45,322,0.4,SURVEI_SIMULASI,ok,True
2026-09-09T18:00:00+07:00,S08,forward,35.7,45,302,0.38,SURVEI_SIMULASI,ok,True
2026-09-09T19:00:00+07:00,S08,forward,35.6,45,303,0.38,SURVEI_SIMULASI,ok,True
2026-09-03T06:00:00+07:00,S08,forward,38.7,45,203,0.25,SURVEI_SIMULASI,ok,True
2026-09-03T07:00:00+07:00,S08,forward,34.8,45,329,0.41,SURVEI_SIMULASI,ok,True
2026-09-03T08:00:00+07:00,S08,forward,34.6,45,335,0.42,SURVEI_SIMULASI,ok,True
2026-09-03T09:00:00+07:00,S08,forward,34.2,45,348,0.43,SURVEI_SIMULASI,ok,True
2026-09-03T10:00:00+07:00,S08,forward,38.2,45,218,0.27,SURVEI_SIMULASI,ok,True
2026-09-03T11:00:00+07:00,S08,forward,38.6,45,205,0.26,SURVEI_SIMULASI,ok,True
2026-09-03T12:00:00+07:00,S08,forward,38.9,45,197,0.25,SURVEI_SIMULASI,ok,True
2026-09-03T13:00:00+07:00,S08,forward,38.5,45,209,0.26,SURVEI_SIMULASI,ok,True
2026-09-03T14:00:00+07:00,S08,forward,37.9,45,230,0.29,SURVEI_SIMULASI,ok,True
2026-09-03T15:00:00+07:00,S08,forward,38.3,45,217,0.27,SURVEI_SIMULASI,ok,True
2026-09-03T16:00:00+07:00,S08,forward,34.6,45,336,0.42,SURVEI_SIMULASI,ok,True
2026-09-03T17:00:00+07:00,S08,forward,34.5,45,338,0.42,SURVEI_SIMULASI,ok,True
2026-09-03T18:00:00+07:00,S08,forward,35.7,45,301,0.38,SURVEI_SIMULASI,ok,True
2026-09-03T19:00:00+07:00,S08,forward,35.5,45,309,0.39,SURVEI_SIMULASI,ok,True
2026-09-04T06:00:00+07:00,S08,forward,37.8,45,233,0.29,SURVEI_SIMULASI,ok,True
2026-09-04T07:00:00+07:00,S08,forward,34.6,45,337,0.42,SURVEI_SIMULASI,ok,True
2026-09-04T08:00:00+07:00,S08,forward,34.5,45,339,0.42,SURVEI_SIMULASI,ok,True
2026-09-04T09:00:00+07:00,S08,forward,35.1,45,321,0.4,SURVEI_SIMULASI,ok,True
2026-09-04T10:00:00+07:00,S08,forward,38.1,45,223,0.28,SURVEI_SIMULASI,ok,True
2026-09-04T11:00:00+07:00,S08,forward,37.9,45,229,0.29,SURVEI_SIMULASI,ok,True
2026-09-04T12:00:00+07:00,S08,forward,39.5,45,179,0.22,SURVEI_SIMULASI,ok,True
2026-09-04T13:00:00+07:00,S08,forward,38.8,45,200,0.25,SURVEI_SIMULASI,ok,True
2026-09-04T14:00:00+07:00,S08,forward,37.9,45,231,0.29,SURVEI_SIMULASI,ok,True
2026-09-04T15:00:00+07:00,S08,forward,37.9,45,231,0.29,SURVEI_SIMULASI,ok,True
2026-09-04T16:00:00+07:00,S08,forward,35.7,45,302,0.38,SURVEI_SIMULASI,ok,True
2026-09-04T17:00:00+07:00,S08,forward,35.3,45,312,0.39,SURVEI_SIMULASI,ok,True
2026-09-04T18:00:00+07:00,S08,forward,34.3,45,346,0.43,SURVEI_SIMULASI,ok,True
2026-09-04T19:00:00+07:00,S08,forward,34.7,45,332,0.41,SURVEI_SIMULASI,ok,True
2026-09-05T06:00:00+07:00,S08,forward,39.0,45,193,0.24,SURVEI_SIMULASI,ok,True
2026-09-05T07:00:00+07:00,S08,forward,35.2,45,318,0.4,SURVEI_SIMULASI,ok,True
2026-09-05T08:00:00+07:00,S08,forward,35.4,45,311,0.39,SURVEI_SIMULASI,ok,True
2026-09-05T09:00:00+07:00,S08,forward,33.9,45,359,0.45,SURVEI_SIMULASI,ok,True
2026-09-05T10:00:00+07:00,S08,forward,38.2,45,220,0.27,SURVEI_SIMULASI,ok,True
2026-09-05T11:00:00+07:00,S08,forward,38.9,45,196,0.25,SURVEI_SIMULASI,ok,True
2026-09-05T12:00:00+07:00,S08,forward,38.9,45,198,0.25,SURVEI_SIMULASI,ok,True
2026-09-05T13:00:00+07:00,S08,forward,39.1,45,189,0.24,SURVEI_SIMULASI,ok,True
2026-09-05T14:00:00+07:00,S08,forward,39.0,45,193,0.24,SURVEI_SIMULASI,ok,True
2026-09-05T15:00:00+07:00,S08,forward,38.4,45,214,0.27,SURVEI_SIMULASI,ok,True
2026-09-05T16:00:00+07:00,S08,forward,35.9,45,295,0.37,SURVEI_SIMULASI,ok,True
2026-09-05T17:00:00+07:00,S08,forward,34.7,45,333,0.42,SURVEI_SIMULASI,ok,True
2026-09-05T18:00:00+07:00,S08,forward,35.7,45,300,0.37,SURVEI_SIMULASI,ok,True
2026-09-05T19:00:00+07:00,S08,forward,35.4,45,310,0.39,SURVEI_SIMULASI,ok,True
2026-09-06T06:00:00+07:00,S08,forward,39.3,45,185,0.23,SURVEI_SIMULASI,ok,True
2026-09-06T07:00:00+07:00,S08,forward,35.9,45,295,0.37,SURVEI_SIMULASI,ok,True
2026-09-06T08:00:00+07:00,S08,forward,34.8,45,331,0.41,SURVEI_SIMULASI,ok,True
2026-09-06T09:00:00+07:00,S08,forward,35.5,45,306,0.38,SURVEI_SIMULASI,ok,True
2026-09-06T10:00:00+07:00,S08,forward,38.8,45,202,0.25,SURVEI_SIMULASI,ok,True
2026-09-06T11:00:00+07:00,S08,forward,39.4,45,181,0.23,SURVEI_SIMULASI,ok,True
2026-09-06T12:00:00+07:00,S08,forward,39.7,45,172,0.22,SURVEI_SIMULASI,ok,True
2026-09-06T13:00:00+07:00,S08,forward,39.1,45,190,0.24,SURVEI_SIMULASI,ok,True
2026-09-06T14:00:00+07:00,S08,forward,39.3,45,184,0.23,SURVEI_SIMULASI,ok,True
2026-09-06T15:00:00+07:00,S08,forward,39.5,45,178,0.22,SURVEI_SIMULASI,ok,True
2026-09-06T16:00:00+07:00,S08,forward,36.6,45,272,0.34,SURVEI_SIMULASI,ok,True
2026-09-06T17:00:00+07:00,S08,forward,36.4,45,276,0.35,SURVEI_SIMULASI,ok,True
2026-09-06T18:00:00+07:00,S08,forward,36.4,45,277,0.35,SURVEI_SIMULASI,ok,True
2026-09-06T19:00:00+07:00,S08,forward,36.7,45,269,0.34,SURVEI_SIMULASI,ok,True
2026-09-07T06:00:00+07:00,S08,forward,38.6,45,206,0.26,SURVEI_SIMULASI,ok,True
2026-09-07T07:00:00+07:00,S08,forward,36.3,45,280,0.35,SURVEI_SIMULASI,ok,True
2026-09-07T08:00:00+07:00,S08,forward,36.0,45,292,0.37,SURVEI_SIMULASI,ok,True
2026-09-07T09:00:00+07:00,S08,forward,35.8,45,298,0.37,SURVEI_SIMULASI,ok,True
2026-09-07T10:00:00+07:00,S08,forward,39.2,45,188,0.24,SURVEI_SIMULASI,ok,True
2026-09-07T11:00:00+07:00,S08,forward,39.1,45,189,0.24,SURVEI_SIMULASI,ok,True
2026-09-07T12:00:00+07:00,S08,forward,40.0,45,162,0.2,SURVEI_SIMULASI,ok,True
2026-09-07T13:00:00+07:00,S08,forward,40.1,45,160,0.2,SURVEI_SIMULASI,ok,True
2026-09-07T14:00:00+07:00,S08,forward,39.1,45,192,0.24,SURVEI_SIMULASI,ok,True
2026-09-07T15:00:00+07:00,S08,forward,39.4,45,180,0.23,SURVEI_SIMULASI,ok,True
2026-09-07T16:00:00+07:00,S08,forward,36.8,45,264,0.33,SURVEI_SIMULASI,ok,True
2026-09-07T17:00:00+07:00,S08,forward,35.3,45,312,0.39,SURVEI_SIMULASI,ok,True
2026-09-07T18:00:00+07:00,S08,forward,35.8,45,296,0.37,SURVEI_SIMULASI,ok,True
2026-09-07T19:00:00+07:00,S08,forward,36.2,45,285,0.36,SURVEI_SIMULASI,ok,True
2026-09-01T06:00:00+07:00,S08,reverse,38.4,45,213,0.27,SURVEI_SIMULASI,ok,True
2026-09-01T07:00:00+07:00,S08,reverse,34.3,45,347,0.43,SURVEI_SIMULASI,ok,True
2026-09-01T08:00:00+07:00,S08,reverse,33.6,45,368,0.46,SURVEI_SIMULASI,ok,True
2026-09-01T09:00:00+07:00,S08,reverse,33.8,45,362,0.45,SURVEI_SIMULASI,ok,True
2026-09-01T10:00:00+07:00,S08,reverse,39.0,45,193,0.24,SURVEI_SIMULASI,ok,True
2026-09-01T11:00:00+07:00,S08,reverse,38.8,45,199,0.25,SURVEI_SIMULASI,ok,True
2026-09-01T12:00:00+07:00,S08,reverse,38.5,45,210,0.26,SURVEI_SIMULASI,ok,True
2026-09-01T13:00:00+07:00,S08,reverse,39.5,45,179,0.22,SURVEI_SIMULASI,ok,True
2026-09-01T14:00:00+07:00,S08,reverse,37.9,45,230,0.29,SURVEI_SIMULASI,ok,True
2026-09-01T15:00:00+07:00,S08,reverse,38.8,45,201,0.25,SURVEI_SIMULASI,ok,True
2026-09-01T16:00:00+07:00,S08,reverse,34.1,45,351,0.44,SURVEI_SIMULASI,ok,True
2026-09-01T17:00:00+07:00,S08,reverse,36.0,45,290,0.36,SURVEI_SIMULASI,ok,True
2026-09-01T18:00:00+07:00,S08,reverse,36.0,45,290,0.36,SURVEI_SIMULASI,ok,True
2026-09-01T19:00:00+07:00,S08,reverse,35.8,45,298,0.37,SURVEI_SIMULASI,ok,True
2026-09-02T06:00:00+07:00,S08,reverse,38.9,45,198,0.25,SURVEI_SIMULASI,ok,True
2026-09-02T07:00:00+07:00,S08,reverse,34.8,45,330,0.41,SURVEI_SIMULASI,ok,True
2026-09-02T08:00:00+07:00,S08,reverse,34.3,45,346,0.43,SURVEI_SIMULASI,ok,True
2026-09-02T09:00:00+07:00,S08,reverse,34.1,45,352,0.44,SURVEI_SIMULASI,ok,True
2026-09-02T10:00:00+07:00,S08,reverse,38.7,45,205,0.26,SURVEI_SIMULASI,ok,True
2026-09-02T11:00:00+07:00,S08,reverse,38.5,45,209,0.26,SURVEI_SIMULASI,ok,True
2026-09-02T12:00:00+07:00,S08,reverse,39.2,45,187,0.23,SURVEI_SIMULASI,ok,True
2026-09-02T13:00:00+07:00,S08,reverse,39.4,45,182,0.23,SURVEI_SIMULASI,ok,True
2026-09-02T14:00:00+07:00,S08,reverse,38.1,45,223,0.28,SURVEI_SIMULASI,ok,True
2026-09-02T15:00:00+07:00,S08,reverse,38.9,45,196,0.25,SURVEI_SIMULASI,ok,True
2026-09-02T16:00:00+07:00,S08,reverse,35.3,45,312,0.39,SURVEI_SIMULASI,ok,True
2026-09-02T17:00:00+07:00,S08,reverse,34.5,45,339,0.42,SURVEI_SIMULASI,ok,True
2026-09-02T18:00:00+07:00,S08,reverse,34.9,45,325,0.41,SURVEI_SIMULASI,ok,True
2026-09-02T19:00:00+07:00,S08,reverse,34.9,45,327,0.41,SURVEI_SIMULASI,ok,True
2026-09-08T06:00:00+07:00,S08,reverse,37.8,45,233,0.29,SURVEI_SIMULASI,ok,True
2026-09-08T07:00:00+07:00,S08,reverse,34.1,45,351,0.44,SURVEI_SIMULASI,ok,True
2026-09-08T08:00:00+07:00,S08,reverse,34.9,45,327,0.41,SURVEI_SIMULASI,ok,True
2026-09-08T09:00:00+07:00,S08,reverse,35.0,45,324,0.4,SURVEI_SIMULASI,ok,True
2026-09-08T10:00:00+07:00,S08,reverse,38.5,45,209,0.26,SURVEI_SIMULASI,ok,True
2026-09-08T11:00:00+07:00,S08,reverse,39.0,45,195,0.24,SURVEI_SIMULASI,ok,True
2026-09-08T12:00:00+07:00,S08,reverse,39.0,45,195,0.24,SURVEI_SIMULASI,ok,True
2026-09-08T13:00:00+07:00,S08,reverse,39.5,45,179,0.22,SURVEI_SIMULASI,ok,True
2026-09-08T14:00:00+07:00,S08,reverse,38.4,45,213,0.27,SURVEI_SIMULASI,ok,True
2026-09-08T15:00:00+07:00,S08,reverse,38.0,45,226,0.28,SURVEI_SIMULASI,ok,True
2026-09-08T16:00:00+07:00,S08,reverse,34.5,45,340,0.43,SURVEI_SIMULASI,ok,True
2026-09-08T17:00:00+07:00,S08,reverse,34.3,45,347,0.43,SURVEI_SIMULASI,ok,True
2026-09-08T18:00:00+07:00,S08,reverse,34.9,45,325,0.41,SURVEI_SIMULASI,ok,True
2026-09-08T19:00:00+07:00,S08,reverse,34.9,45,327,0.41,SURVEI_SIMULASI,ok,True
2026-09-09T06:00:00+07:00,S08,reverse,37.8,45,232,0.29,SURVEI_SIMULASI,ok,True
2026-09-09T07:00:00+07:00,S08,reverse,35.2,45,316,0.4,SURVEI_SIMULASI,ok,True
2026-09-09T08:00:00+07:00,S08,reverse,33.5,45,373,0.47,SURVEI_SIMULASI,ok,True
2026-09-09T09:00:00+07:00,S08,reverse,34.2,45,350,0.44,SURVEI_SIMULASI,ok,True
2026-09-09T10:00:00+07:00,S08,reverse,38.5,45,209,0.26,SURVEI_SIMULASI,ok,True
2026-09-09T11:00:00+07:00,S08,reverse,37.8,45,232,0.29,SURVEI_SIMULASI,ok,True
2026-09-09T12:00:00+07:00,S08,reverse,39.3,45,186,0.23,SURVEI_SIMULASI,ok,True
2026-09-09T13:00:00+07:00,S08,reverse,39.0,45,194,0.24,SURVEI_SIMULASI,ok,True
2026-09-09T14:00:00+07:00,S08,reverse,37.8,45,234,0.29,SURVEI_SIMULASI,ok,True
2026-09-09T15:00:00+07:00,S08,reverse,38.8,45,202,0.25,SURVEI_SIMULASI,ok,True
2026-09-09T16:00:00+07:00,S08,reverse,34.1,45,352,0.44,SURVEI_SIMULASI,ok,True
2026-09-09T17:00:00+07:00,S08,reverse,35.9,45,293,0.37,SURVEI_SIMULASI,ok,True
2026-09-09T18:00:00+07:00,S08,reverse,36.0,45,289,0.36,SURVEI_SIMULASI,ok,True
2026-09-09T19:00:00+07:00,S08,reverse,35.8,45,298,0.37,SURVEI_SIMULASI,ok,True
2026-09-03T06:00:00+07:00,S08,reverse,37.9,45,231,0.29,SURVEI_SIMULASI,ok,True
2026-09-03T07:00:00+07:00,S08,reverse,35.1,45,321,0.4,SURVEI_SIMULASI,ok,True
2026-09-03T08:00:00+07:00,S08,reverse,34.2,45,348,0.44,SURVEI_SIMULASI,ok,True
2026-09-03T09:00:00+07:00,S08,reverse,34.2,45,348,0.44,SURVEI_SIMULASI,ok,True
2026-09-03T10:00:00+07:00,S08,reverse,38.1,45,222,0.28,SURVEI_SIMULASI,ok,True
2026-09-03T11:00:00+07:00,S08,reverse,38.1,45,223,0.28,SURVEI_SIMULASI,ok,True
2026-09-03T12:00:00+07:00,S08,reverse,38.5,45,210,0.26,SURVEI_SIMULASI,ok,True
2026-09-03T13:00:00+07:00,S08,reverse,39.3,45,183,0.23,SURVEI_SIMULASI,ok,True
2026-09-03T14:00:00+07:00,S08,reverse,38.0,45,227,0.28,SURVEI_SIMULASI,ok,True
2026-09-03T15:00:00+07:00,S08,reverse,37.9,45,230,0.29,SURVEI_SIMULASI,ok,True
2026-09-03T16:00:00+07:00,S08,reverse,35.4,45,310,0.39,SURVEI_SIMULASI,ok,True
2026-09-03T17:00:00+07:00,S08,reverse,34.8,45,328,0.41,SURVEI_SIMULASI,ok,True
2026-09-03T18:00:00+07:00,S08,reverse,34.2,45,350,0.44,SURVEI_SIMULASI,ok,True
2026-09-03T19:00:00+07:00,S08,reverse,35.8,45,298,0.37,SURVEI_SIMULASI,ok,True
2026-09-04T06:00:00+07:00,S08,reverse,38.2,45,220,0.27,SURVEI_SIMULASI,ok,True
2026-09-04T07:00:00+07:00,S08,reverse,34.6,45,335,0.42,SURVEI_SIMULASI,ok,True
2026-09-04T08:00:00+07:00,S08,reverse,34.4,45,343,0.43,SURVEI_SIMULASI,ok,True
2026-09-04T09:00:00+07:00,S08,reverse,34.7,45,333,0.42,SURVEI_SIMULASI,ok,True
2026-09-04T10:00:00+07:00,S08,reverse,38.1,45,224,0.28,SURVEI_SIMULASI,ok,True
2026-09-04T11:00:00+07:00,S08,reverse,38.6,45,207,0.26,SURVEI_SIMULASI,ok,True
2026-09-04T12:00:00+07:00,S08,reverse,38.5,45,210,0.26,SURVEI_SIMULASI,ok,True
2026-09-04T13:00:00+07:00,S08,reverse,38.8,45,201,0.25,SURVEI_SIMULASI,ok,True
2026-09-04T14:00:00+07:00,S08,reverse,38.7,45,203,0.25,SURVEI_SIMULASI,ok,True
2026-09-04T15:00:00+07:00,S08,reverse,38.3,45,218,0.27,SURVEI_SIMULASI,ok,True
2026-09-04T16:00:00+07:00,S08,reverse,34.7,45,334,0.42,SURVEI_SIMULASI,ok,True
2026-09-04T17:00:00+07:00,S08,reverse,36.0,45,291,0.36,SURVEI_SIMULASI,ok,True
2026-09-04T18:00:00+07:00,S08,reverse,35.2,45,318,0.4,SURVEI_SIMULASI,ok,True
2026-09-04T19:00:00+07:00,S08,reverse,35.9,45,295,0.37,SURVEI_SIMULASI,ok,True
2026-09-05T06:00:00+07:00,S08,reverse,38.4,45,213,0.27,SURVEI_SIMULASI,ok,True
2026-09-05T07:00:00+07:00,S08,reverse,35.1,45,320,0.4,SURVEI_SIMULASI,ok,True
2026-09-05T08:00:00+07:00,S08,reverse,34.3,45,346,0.43,SURVEI_SIMULASI,ok,True
2026-09-05T09:00:00+07:00,S08,reverse,35.1,45,321,0.4,SURVEI_SIMULASI,ok,True
2026-09-05T10:00:00+07:00,S08,reverse,38.9,45,197,0.25,SURVEI_SIMULASI,ok,True
2026-09-05T11:00:00+07:00,S08,reverse,38.6,45,208,0.26,SURVEI_SIMULASI,ok,True
2026-09-05T12:00:00+07:00,S08,reverse,39.0,45,192,0.24,SURVEI_SIMULASI,ok,True
2026-09-05T13:00:00+07:00,S08,reverse,39.5,45,178,0.22,SURVEI_SIMULASI,ok,True
2026-09-05T14:00:00+07:00,S08,reverse,38.3,45,217,0.27,SURVEI_SIMULASI,ok,True
2026-09-05T15:00:00+07:00,S08,reverse,37.8,45,234,0.29,SURVEI_SIMULASI,ok,True
2026-09-05T16:00:00+07:00,S08,reverse,34.6,45,336,0.42,SURVEI_SIMULASI,ok,True
2026-09-05T17:00:00+07:00,S08,reverse,35.7,45,302,0.38,SURVEI_SIMULASI,ok,True
2026-09-05T18:00:00+07:00,S08,reverse,34.7,45,334,0.42,SURVEI_SIMULASI,ok,True
2026-09-05T19:00:00+07:00,S08,reverse,34.3,45,346,0.43,SURVEI_SIMULASI,ok,True
2026-09-06T06:00:00+07:00,S08,reverse,38.8,45,200,0.25,SURVEI_SIMULASI,ok,True
2026-09-06T07:00:00+07:00,S08,reverse,35.8,45,297,0.37,SURVEI_SIMULASI,ok,True
2026-09-06T08:00:00+07:00,S08,reverse,35.3,45,312,0.39,SURVEI_SIMULASI,ok,True
2026-09-06T09:00:00+07:00,S08,reverse,36.2,45,284,0.35,SURVEI_SIMULASI,ok,True
2026-09-06T10:00:00+07:00,S08,reverse,38.6,45,207,0.26,SURVEI_SIMULASI,ok,True
2026-09-06T11:00:00+07:00,S08,reverse,39.6,45,173,0.22,SURVEI_SIMULASI,ok,True
2026-09-06T12:00:00+07:00,S08,reverse,39.6,45,176,0.22,SURVEI_SIMULASI,ok,True
2026-09-06T13:00:00+07:00,S08,reverse,39.9,45,164,0.2,SURVEI_SIMULASI,ok,True
2026-09-06T14:00:00+07:00,S08,reverse,38.8,45,200,0.25,SURVEI_SIMULASI,ok,True
2026-09-06T15:00:00+07:00,S08,reverse,39.1,45,192,0.24,SURVEI_SIMULASI,ok,True
2026-09-06T16:00:00+07:00,S08,reverse,36.5,45,273,0.34,SURVEI_SIMULASI,ok,True
2026-09-06T17:00:00+07:00,S08,reverse,36.2,45,284,0.36,SURVEI_SIMULASI,ok,True
2026-09-06T18:00:00+07:00,S08,reverse,36.0,45,290,0.36,SURVEI_SIMULASI,ok,True
2026-09-06T19:00:00+07:00,S08,reverse,36.5,45,273,0.34,SURVEI_SIMULASI,ok,True
2026-09-07T06:00:00+07:00,S08,reverse,38.6,45,207,0.26,SURVEI_SIMULASI,ok,True
2026-09-07T07:00:00+07:00,S08,reverse,35.7,45,301,0.38,SURVEI_SIMULASI,ok,True
2026-09-07T08:00:00+07:00,S08,reverse,34.5,45,338,0.42,SURVEI_SIMULASI,ok,True
2026-09-07T09:00:00+07:00,S08,reverse,36.1,45,286,0.36,SURVEI_SIMULASI,ok,True
2026-09-07T10:00:00+07:00,S08,reverse,39.3,45,184,0.23,SURVEI_SIMULASI,ok,True
2026-09-07T11:00:00+07:00,S08,reverse,38.7,45,205,0.26,SURVEI_SIMULASI,ok,True
2026-09-07T12:00:00+07:00,S08,reverse,39.7,45,171,0.21,SURVEI_SIMULASI,ok,True
2026-09-07T13:00:00+07:00,S08,reverse,39.8,45,167,0.21,SURVEI_SIMULASI,ok,True
2026-09-07T14:00:00+07:00,S08,reverse,39.2,45,186,0.23,SURVEI_SIMULASI,ok,True
2026-09-07T15:00:00+07:00,S08,reverse,39.5,45,178,0.22,SURVEI_SIMULASI,ok,True
2026-09-07T16:00:00+07:00,S08,reverse,36.8,45,265,0.33,SURVEI_SIMULASI,ok,True
2026-09-07T17:00:00+07:00,S08,reverse,36.4,45,277,0.35,SURVEI_SIMULASI,ok,True
2026-09-07T18:00:00+07:00,S08,reverse,36.3,45,281,0.35,SURVEI_SIMULASI,ok,True
2026-09-07T19:00:00+07:00,S08,reverse,36.7,45,270,0.34,SURVEI_SIMULASI,ok,True
2026-09-01T06:00:00+07:00,S09,forward,37.8,45,233,0.29,SURVEI_SIMULASI,ok,True
2026-09-01T07:00:00+07:00,S09,forward,34.2,45,348,0.44,SURVEI_SIMULASI,ok,True
2026-09-01T08:00:00+07:00,S09,forward,34.2,45,348,0.43,SURVEI_SIMULASI,ok,True
2026-09-01T09:00:00+07:00,S09,forward,33.9,45,360,0.45,SURVEI_SIMULASI,ok,True
2026-09-01T10:00:00+07:00,S09,forward,38.6,45,208,0.26,SURVEI_SIMULASI,ok,True
2026-09-01T11:00:00+07:00,S09,forward,38.3,45,217,0.27,SURVEI_SIMULASI,ok,True
2026-09-01T12:00:00+07:00,S09,forward,39.0,45,194,0.24,SURVEI_SIMULASI,ok,True
2026-09-01T13:00:00+07:00,S09,forward,39.2,45,187,0.23,SURVEI_SIMULASI,ok,True
2026-09-01T14:00:00+07:00,S09,forward,37.9,45,231,0.29,SURVEI_SIMULASI,ok,True
2026-09-01T15:00:00+07:00,S09,forward,37.9,45,231,0.29,SURVEI_SIMULASI,ok,True
2026-09-01T16:00:00+07:00,S09,forward,34.3,45,346,0.43,SURVEI_SIMULASI,ok,True
2026-09-01T17:00:00+07:00,S09,forward,34.0,45,357,0.45,SURVEI_SIMULASI,ok,True
2026-09-01T18:00:00+07:00,S09,forward,35.1,45,320,0.4,SURVEI_SIMULASI,ok,True
2026-09-01T19:00:00+07:00,S09,forward,34.8,45,328,0.41,SURVEI_SIMULASI,ok,True
2026-09-02T06:00:00+07:00,S09,forward,37.7,45,235,0.29,SURVEI_SIMULASI,ok,True
2026-09-02T07:00:00+07:00,S09,forward,34.9,45,327,0.41,SURVEI_SIMULASI,ok,True
2026-09-02T08:00:00+07:00,S09,forward,33.0,45,387,0.48,SURVEI_SIMULASI,ok,True
2026-09-02T09:00:00+07:00,S09,forward,34.9,45,327,0.41,SURVEI_SIMULASI,ok,True
2026-09-02T10:00:00+07:00,S09,forward,38.6,45,208,0.26,SURVEI_SIMULASI,ok,True
2026-09-02T11:00:00+07:00,S09,forward,38.1,45,223,0.28,SURVEI_SIMULASI,ok,True
2026-09-02T12:00:00+07:00,S09,forward,38.7,45,203,0.25,SURVEI_SIMULASI,ok,True
2026-09-02T13:00:00+07:00,S09,forward,38.8,45,200,0.25,SURVEI_SIMULASI,ok,True
2026-09-02T14:00:00+07:00,S09,forward,37.9,45,229,0.29,SURVEI_SIMULASI,ok,True
2026-09-02T15:00:00+07:00,S09,forward,38.6,45,208,0.26,SURVEI_SIMULASI,ok,True
2026-09-02T16:00:00+07:00,S09,forward,35.6,45,303,0.38,SURVEI_SIMULASI,ok,True
2026-09-02T17:00:00+07:00,S09,forward,34.4,45,343,0.43,SURVEI_SIMULASI,ok,True
2026-09-02T18:00:00+07:00,S09,forward,34.9,45,326,0.41,SURVEI_SIMULASI,ok,True
2026-09-02T19:00:00+07:00,S09,forward,34.6,45,335,0.42,SURVEI_SIMULASI,ok,True
2026-09-08T06:00:00+07:00,S09,forward,37.9,45,229,0.29,SURVEI_SIMULASI,ok,True
2026-09-08T07:00:00+07:00,S09,forward,33.4,45,374,0.47,SURVEI_SIMULASI,ok,True
2026-09-08T08:00:00+07:00,S09,forward,34.0,45,355,0.44,SURVEI_SIMULASI,ok,True
2026-09-08T09:00:00+07:00,S09,forward,33.5,45,371,0.46,SURVEI_SIMULASI,ok,True
2026-09-08T10:00:00+07:00,S09,forward,37.9,45,230,0.29,SURVEI_SIMULASI,ok,True
2026-09-08T11:00:00+07:00,S09,forward,38.1,45,222,0.28,SURVEI_SIMULASI,ok,True
2026-09-08T12:00:00+07:00,S09,forward,38.6,45,206,0.26,SURVEI_SIMULASI,ok,True
2026-09-08T13:00:00+07:00,S09,forward,38.9,45,198,0.25,SURVEI_SIMULASI,ok,True
2026-09-08T14:00:00+07:00,S09,forward,38.5,45,210,0.26,SURVEI_SIMULASI,ok,True
2026-09-08T15:00:00+07:00,S09,forward,38.7,45,203,0.25,SURVEI_SIMULASI,ok,True
2026-09-08T16:00:00+07:00,S09,forward,34.1,45,353,0.44,SURVEI_SIMULASI,ok,True
2026-09-08T17:00:00+07:00,S09,forward,35.0,45,322,0.4,SURVEI_SIMULASI,ok,True
2026-09-08T18:00:00+07:00,S09,forward,33.9,45,359,0.45,SURVEI_SIMULASI,ok,True
2026-09-08T19:00:00+07:00,S09,forward,35.2,45,317,0.4,SURVEI_SIMULASI,ok,True
2026-09-09T06:00:00+07:00,S09,forward,38.2,45,220,0.28,SURVEI_SIMULASI,ok,True
2026-09-09T07:00:00+07:00,S09,forward,34.3,45,345,0.43,SURVEI_SIMULASI,ok,True
2026-09-09T08:00:00+07:00,S09,forward,33.3,45,378,0.47,SURVEI_SIMULASI,ok,True
2026-09-09T09:00:00+07:00,S09,forward,33.3,45,379,0.47,SURVEI_SIMULASI,ok,True
2026-09-09T10:00:00+07:00,S09,forward,38.1,45,222,0.28,SURVEI_SIMULASI,ok,True
2026-09-09T11:00:00+07:00,S09,forward,38.6,45,207,0.26,SURVEI_SIMULASI,ok,True
2026-09-09T12:00:00+07:00,S09,forward,38.6,45,206,0.26,SURVEI_SIMULASI,ok,True
2026-09-09T13:00:00+07:00,S09,forward,38.9,45,197,0.25,SURVEI_SIMULASI,ok,True
2026-09-09T14:00:00+07:00,S09,forward,37.4,45,244,0.31,SURVEI_SIMULASI,ok,True
2026-09-09T15:00:00+07:00,S09,forward,38.3,45,216,0.27,SURVEI_SIMULASI,ok,True
2026-09-09T16:00:00+07:00,S09,forward,34.4,45,341,0.43,SURVEI_SIMULASI,ok,True
2026-09-09T17:00:00+07:00,S09,forward,35.7,45,302,0.38,SURVEI_SIMULASI,ok,True
2026-09-09T18:00:00+07:00,S09,forward,35.5,45,306,0.38,SURVEI_SIMULASI,ok,True
2026-09-09T19:00:00+07:00,S09,forward,34.7,45,333,0.42,SURVEI_SIMULASI,ok,True
2026-09-03T06:00:00+07:00,S09,forward,38.2,45,220,0.28,SURVEI_SIMULASI,ok,True
2026-09-03T07:00:00+07:00,S09,forward,35.1,45,320,0.4,SURVEI_SIMULASI,ok,True
2026-09-03T08:00:00+07:00,S09,forward,34.5,45,338,0.42,SURVEI_SIMULASI,ok,True
2026-09-03T09:00:00+07:00,S09,forward,33.8,45,363,0.45,SURVEI_SIMULASI,ok,True
2026-09-03T10:00:00+07:00,S09,forward,38.5,45,210,0.26,SURVEI_SIMULASI,ok,True
2026-09-03T11:00:00+07:00,S09,forward,38.5,45,209,0.26,SURVEI_SIMULASI,ok,True
2026-09-03T12:00:00+07:00,S09,forward,39.3,45,184,0.23,SURVEI_SIMULASI,ok,True
2026-09-03T13:00:00+07:00,S09,forward,38.9,45,196,0.24,SURVEI_SIMULASI,ok,True
2026-09-03T14:00:00+07:00,S09,forward,37.5,45,241,0.3,SURVEI_SIMULASI,ok,True
2026-09-03T15:00:00+07:00,S09,forward,37.8,45,233,0.29,SURVEI_SIMULASI,ok,True
2026-09-03T16:00:00+07:00,S09,forward,18.7,45,407,0.51,SURVEI_SIMULASI,penerima_pengalihan+lajur_ditutup,True
2026-09-03T17:00:00+07:00,S09,forward,19.7,45,351,0.44,SURVEI_SIMULASI,penerima_pengalihan+lajur_ditutup,True
2026-09-03T18:00:00+07:00,S09,forward,34.6,45,336,0.42,SURVEI_SIMULASI,ok,True
2026-09-03T19:00:00+07:00,S09,forward,33.8,45,361,0.45,SURVEI_SIMULASI,ok,True
2026-09-04T06:00:00+07:00,S09,forward,38.8,45,201,0.25,SURVEI_SIMULASI,ok,True
2026-09-04T07:00:00+07:00,S09,forward,33.1,45,383,0.48,SURVEI_SIMULASI,ok,True
2026-09-04T08:00:00+07:00,S09,forward,33.9,45,359,0.45,SURVEI_SIMULASI,ok,True
2026-09-04T09:00:00+07:00,S09,forward,34.7,45,334,0.42,SURVEI_SIMULASI,ok,True
2026-09-04T10:00:00+07:00,S09,forward,38.2,45,219,0.27,SURVEI_SIMULASI,ok,True
2026-09-04T11:00:00+07:00,S09,forward,38.1,45,224,0.28,SURVEI_SIMULASI,ok,True
2026-09-04T12:00:00+07:00,S09,forward,39.2,45,189,0.24,SURVEI_SIMULASI,ok,True
2026-09-04T13:00:00+07:00,S09,forward,39.3,45,185,0.23,SURVEI_SIMULASI,ok,True
2026-09-04T14:00:00+07:00,S09,forward,38.0,45,227,0.28,SURVEI_SIMULASI,ok,True
2026-09-04T15:00:00+07:00,S09,forward,38.7,45,205,0.26,SURVEI_SIMULASI,ok,True
2026-09-04T16:00:00+07:00,S09,forward,18.9,45,397,0.5,SURVEI_SIMULASI,penerima_pengalihan+lajur_ditutup,True
2026-09-04T17:00:00+07:00,S09,forward,19.1,45,386,0.48,SURVEI_SIMULASI,penerima_pengalihan+lajur_ditutup,True
2026-09-04T18:00:00+07:00,S09,forward,34.8,45,330,0.41,SURVEI_SIMULASI,ok,True
2026-09-04T19:00:00+07:00,S09,forward,33.9,45,358,0.45,SURVEI_SIMULASI,ok,True
2026-09-05T06:00:00+07:00,S09,forward,38.0,45,226,0.28,SURVEI_SIMULASI,ok,True
2026-09-05T07:00:00+07:00,S09,forward,34.6,45,336,0.42,SURVEI_SIMULASI,ok,True
2026-09-05T08:00:00+07:00,S09,forward,33.4,45,375,0.47,SURVEI_SIMULASI,ok,True
2026-09-05T09:00:00+07:00,S09,forward,34.3,45,347,0.43,SURVEI_SIMULASI,ok,True
2026-09-05T10:00:00+07:00,S09,forward,38.0,45,227,0.28,SURVEI_SIMULASI,ok,True
2026-09-05T11:00:00+07:00,S09,forward,38.8,45,200,0.25,SURVEI_SIMULASI,ok,True
2026-09-05T12:00:00+07:00,S09,forward,38.3,45,216,0.27,SURVEI_SIMULASI,ok,True
2026-09-05T13:00:00+07:00,S09,forward,38.5,45,210,0.26,SURVEI_SIMULASI,ok,True
2026-09-05T14:00:00+07:00,S09,forward,38.5,45,211,0.26,SURVEI_SIMULASI,ok,True
2026-09-05T15:00:00+07:00,S09,forward,37.6,45,239,0.3,SURVEI_SIMULASI,ok,True
2026-09-05T16:00:00+07:00,S09,forward,19.0,45,392,0.49,SURVEI_SIMULASI,penerima_pengalihan+lajur_ditutup,True
2026-09-05T17:00:00+07:00,S09,forward,19.7,45,353,0.44,SURVEI_SIMULASI,penerima_pengalihan+lajur_ditutup,True
2026-09-05T18:00:00+07:00,S09,forward,34.0,45,355,0.44,SURVEI_SIMULASI,ok,True
2026-09-05T19:00:00+07:00,S09,forward,34.7,45,331,0.41,SURVEI_SIMULASI,ok,True
2026-09-06T06:00:00+07:00,S09,forward,38.3,45,215,0.27,SURVEI_SIMULASI,ok,True
2026-09-06T07:00:00+07:00,S09,forward,34.8,45,330,0.41,SURVEI_SIMULASI,ok,True
2026-09-06T08:00:00+07:00,S09,forward,35.1,45,320,0.4,SURVEI_SIMULASI,ok,True
2026-09-06T09:00:00+07:00,S09,forward,36.0,45,291,0.36,SURVEI_SIMULASI,ok,True
2026-09-06T10:00:00+07:00,S09,forward,39.0,45,194,0.24,SURVEI_SIMULASI,ok,True
2026-09-06T11:00:00+07:00,S09,forward,39.1,45,191,0.24,SURVEI_SIMULASI,ok,True
2026-09-06T12:00:00+07:00,S09,forward,39.3,45,184,0.23,SURVEI_SIMULASI,ok,True
2026-09-06T13:00:00+07:00,S09,forward,39.5,45,178,0.22,SURVEI_SIMULASI,ok,True
2026-09-06T14:00:00+07:00,S09,forward,39.1,45,189,0.24,SURVEI_SIMULASI,ok,True
2026-09-06T15:00:00+07:00,S09,forward,39.2,45,186,0.23,SURVEI_SIMULASI,ok,True
2026-09-06T16:00:00+07:00,S09,forward,22.2,45,401,0.5,SURVEI_SIMULASI,penerima_pengalihan,True
2026-09-06T17:00:00+07:00,S09,forward,21.6,45,427,0.53,SURVEI_SIMULASI,penerima_pengalihan,True
2026-09-06T18:00:00+07:00,S09,forward,35.8,45,296,0.37,SURVEI_SIMULASI,ok,True
2026-09-06T19:00:00+07:00,S09,forward,35.8,45,296,0.37,SURVEI_SIMULASI,ok,True
2026-09-07T06:00:00+07:00,S09,forward,38.3,45,217,0.27,SURVEI_SIMULASI,ok,True
2026-09-07T07:00:00+07:00,S09,forward,36.0,45,291,0.36,SURVEI_SIMULASI,ok,True
2026-09-07T08:00:00+07:00,S09,forward,35.9,45,293,0.37,SURVEI_SIMULASI,ok,True
2026-09-07T09:00:00+07:00,S09,forward,35.2,45,316,0.4,SURVEI_SIMULASI,ok,True
2026-09-07T10:00:00+07:00,S09,forward,38.4,45,213,0.27,SURVEI_SIMULASI,ok,True
2026-09-07T11:00:00+07:00,S09,forward,39.2,45,188,0.23,SURVEI_SIMULASI,ok,True
2026-09-07T12:00:00+07:00,S09,forward,39.4,45,180,0.23,SURVEI_SIMULASI,ok,True
2026-09-07T13:00:00+07:00,S09,forward,39.5,45,179,0.22,SURVEI_SIMULASI,ok,True
2026-09-07T14:00:00+07:00,S09,forward,38.7,45,203,0.25,SURVEI_SIMULASI,ok,True
2026-09-07T15:00:00+07:00,S09,forward,38.9,45,196,0.24,SURVEI_SIMULASI,ok,True
2026-09-07T16:00:00+07:00,S09,forward,22.5,45,383,0.48,SURVEI_SIMULASI,penerima_pengalihan,True
2026-09-07T17:00:00+07:00,S09,forward,22.7,45,374,0.47,SURVEI_SIMULASI,penerima_pengalihan,True
2026-09-07T18:00:00+07:00,S09,forward,35.2,45,318,0.4,SURVEI_SIMULASI,ok,True
2026-09-07T19:00:00+07:00,S09,forward,35.8,45,298,0.37,SURVEI_SIMULASI,ok,True
2026-09-01T06:00:00+07:00,S09,reverse,38.0,45,225,0.28,SURVEI_SIMULASI,ok,True
2026-09-01T07:00:00+07:00,S09,reverse,34.0,45,357,0.45,SURVEI_SIMULASI,ok,True
2026-09-01T08:00:00+07:00,S09,reverse,33.5,45,372,0.46,SURVEI_SIMULASI,ok,True
2026-09-01T09:00:00+07:00,S09,reverse,34.7,45,334,0.42,SURVEI_SIMULASI,ok,True
2026-09-01T10:00:00+07:00,S09,reverse,37.6,45,239,0.3,SURVEI_SIMULASI,ok,True
2026-09-01T11:00:00+07:00,S09,reverse,37.8,45,232,0.29,SURVEI_SIMULASI,ok,True
2026-09-01T12:00:00+07:00,S09,reverse,38.9,45,196,0.25,SURVEI_SIMULASI,ok,True
2026-09-01T13:00:00+07:00,S09,reverse,38.9,45,196,0.25,SURVEI_SIMULASI,ok,True
2026-09-01T14:00:00+07:00,S09,reverse,37.5,45,243,0.3,SURVEI_SIMULASI,ok,True
2026-09-01T15:00:00+07:00,S09,reverse,38.7,45,204,0.26,SURVEI_SIMULASI,ok,True
2026-09-01T16:00:00+07:00,S09,reverse,35.3,45,314,0.39,SURVEI_SIMULASI,ok,True
2026-09-01T17:00:00+07:00,S09,reverse,33.9,45,359,0.45,SURVEI_SIMULASI,ok,True
2026-09-01T18:00:00+07:00,S09,reverse,34.6,45,336,0.42,SURVEI_SIMULASI,ok,True
2026-09-01T19:00:00+07:00,S09,reverse,33.7,45,364,0.45,SURVEI_SIMULASI,ok,True
2026-09-02T06:00:00+07:00,S09,reverse,38.3,45,217,0.27,SURVEI_SIMULASI,ok,True
2026-09-02T07:00:00+07:00,S09,reverse,34.5,45,339,0.42,SURVEI_SIMULASI,ok,True
2026-09-02T08:00:00+07:00,S09,reverse,33.6,45,368,0.46,SURVEI_SIMULASI,ok,True
2026-09-02T09:00:00+07:00,S09,reverse,32.9,45,391,0.49,SURVEI_SIMULASI,ok,True
2026-09-02T10:00:00+07:00,S09,reverse,38.5,45,211,0.26,SURVEI_SIMULASI,ok,True
2026-09-02T11:00:00+07:00,S09,reverse,38.4,45,213,0.27,SURVEI_SIMULASI,ok,True
2026-09-02T12:00:00+07:00,S09,reverse,39.2,45,186,0.23,SURVEI_SIMULASI,ok,True
2026-09-02T13:00:00+07:00,S09,reverse,38.7,45,204,0.25,SURVEI_SIMULASI,ok,True
2026-09-02T14:00:00+07:00,S09,reverse,38.5,45,211,0.26,SURVEI_SIMULASI,ok,True
2026-09-02T15:00:00+07:00,S09,reverse,38.5,45,212,0.26,SURVEI_SIMULASI,ok,True
2026-09-02T16:00:00+07:00,S09,reverse,35.5,45,309,0.39,SURVEI_SIMULASI,ok,True
2026-09-02T17:00:00+07:00,S09,reverse,35.5,45,307,0.38,SURVEI_SIMULASI,ok,True
2026-09-02T18:00:00+07:00,S09,reverse,34.3,45,346,0.43,SURVEI_SIMULASI,ok,True
2026-09-02T19:00:00+07:00,S09,reverse,34.9,45,326,0.41,SURVEI_SIMULASI,ok,True
2026-09-08T06:00:00+07:00,S09,reverse,38.6,45,207,0.26,SURVEI_SIMULASI,ok,True
2026-09-08T07:00:00+07:00,S09,reverse,34.1,45,352,0.44,SURVEI_SIMULASI,ok,True
2026-09-08T08:00:00+07:00,S09,reverse,33.3,45,380,0.47,SURVEI_SIMULASI,ok,True
2026-09-08T09:00:00+07:00,S09,reverse,33.1,45,385,0.48,SURVEI_SIMULASI,ok,True
2026-09-08T10:00:00+07:00,S09,reverse,38.0,45,225,0.28,SURVEI_SIMULASI,ok,True
2026-09-08T11:00:00+07:00,S09,reverse,38.1,45,222,0.28,SURVEI_SIMULASI,ok,True
2026-09-08T12:00:00+07:00,S09,reverse,39.1,45,190,0.24,SURVEI_SIMULASI,ok,True
2026-09-08T13:00:00+07:00,S09,reverse,38.8,45,200,0.25,SURVEI_SIMULASI,ok,True
2026-09-08T14:00:00+07:00,S09,reverse,37.7,45,234,0.29,SURVEI_SIMULASI,ok,True
2026-09-08T15:00:00+07:00,S09,reverse,38.7,45,202,0.25,SURVEI_SIMULASI,ok,True
2026-09-08T16:00:00+07:00,S09,reverse,34.6,45,336,0.42,SURVEI_SIMULASI,ok,True
2026-09-08T17:00:00+07:00,S09,reverse,33.7,45,365,0.46,SURVEI_SIMULASI,ok,True
2026-09-08T18:00:00+07:00,S09,reverse,35.7,45,301,0.38,SURVEI_SIMULASI,ok,True
2026-09-08T19:00:00+07:00,S09,reverse,34.4,45,343,0.43,SURVEI_SIMULASI,ok,True
2026-09-09T06:00:00+07:00,S09,reverse,37.9,45,228,0.29,SURVEI_SIMULASI,ok,True
2026-09-09T07:00:00+07:00,S09,reverse,35.0,45,325,0.41,SURVEI_SIMULASI,ok,True
2026-09-09T08:00:00+07:00,S09,reverse,35.1,45,320,0.4,SURVEI_SIMULASI,ok,True
2026-09-09T09:00:00+07:00,S09,reverse,33.4,45,374,0.47,SURVEI_SIMULASI,ok,True
2026-09-09T10:00:00+07:00,S09,reverse,37.5,45,243,0.3,SURVEI_SIMULASI,ok,True
2026-09-09T11:00:00+07:00,S09,reverse,37.9,45,229,0.29,SURVEI_SIMULASI,ok,True
2026-09-09T12:00:00+07:00,S09,reverse,38.8,45,201,0.25,SURVEI_SIMULASI,ok,True
2026-09-09T13:00:00+07:00,S09,reverse,39.0,45,195,0.24,SURVEI_SIMULASI,ok,True
2026-09-09T14:00:00+07:00,S09,reverse,37.6,45,240,0.3,SURVEI_SIMULASI,ok,True
2026-09-09T15:00:00+07:00,S09,reverse,38.6,45,208,0.26,SURVEI_SIMULASI,ok,True
2026-09-09T16:00:00+07:00,S09,reverse,34.0,45,356,0.44,SURVEI_SIMULASI,ok,True
2026-09-09T17:00:00+07:00,S09,reverse,34.2,45,350,0.44,SURVEI_SIMULASI,ok,True
2026-09-09T18:00:00+07:00,S09,reverse,35.3,45,313,0.39,SURVEI_SIMULASI,ok,True
2026-09-09T19:00:00+07:00,S09,reverse,34.7,45,334,0.42,SURVEI_SIMULASI,ok,True
2026-09-03T06:00:00+07:00,S09,reverse,38.1,45,222,0.28,SURVEI_SIMULASI,ok,True
2026-09-03T07:00:00+07:00,S09,reverse,34.3,45,346,0.43,SURVEI_SIMULASI,ok,True
2026-09-03T08:00:00+07:00,S09,reverse,33.1,45,386,0.48,SURVEI_SIMULASI,ok,True
2026-09-03T09:00:00+07:00,S09,reverse,34.3,45,345,0.43,SURVEI_SIMULASI,ok,True
2026-09-03T10:00:00+07:00,S09,reverse,37.9,45,230,0.29,SURVEI_SIMULASI,ok,True
2026-09-03T11:00:00+07:00,S09,reverse,37.6,45,240,0.3,SURVEI_SIMULASI,ok,True
2026-09-03T12:00:00+07:00,S09,reverse,38.8,45,199,0.25,SURVEI_SIMULASI,ok,True
2026-09-03T13:00:00+07:00,S09,reverse,39.1,45,190,0.24,SURVEI_SIMULASI,ok,True
2026-09-03T14:00:00+07:00,S09,reverse,38.8,45,201,0.25,SURVEI_SIMULASI,ok,True
2026-09-03T15:00:00+07:00,S09,reverse,38.5,45,210,0.26,SURVEI_SIMULASI,ok,True
2026-09-03T16:00:00+07:00,S09,reverse,19.1,45,389,0.49,SURVEI_SIMULASI,penerima_pengalihan+lajur_ditutup,True
2026-09-03T17:00:00+07:00,S09,reverse,19.8,45,349,0.44,SURVEI_SIMULASI,penerima_pengalihan+lajur_ditutup,True
2026-09-03T18:00:00+07:00,S09,reverse,34.5,45,341,0.43,SURVEI_SIMULASI,ok,True
2026-09-03T19:00:00+07:00,S09,reverse,34.6,45,337,0.42,SURVEI_SIMULASI,ok,True
2026-09-04T06:00:00+07:00,S09,reverse,38.4,45,214,0.27,SURVEI_SIMULASI,ok,True
2026-09-04T07:00:00+07:00,S09,reverse,33.1,45,386,0.48,SURVEI_SIMULASI,ok,True
2026-09-04T08:00:00+07:00,S09,reverse,33.5,45,372,0.46,SURVEI_SIMULASI,ok,True
2026-09-04T09:00:00+07:00,S09,reverse,33.0,45,387,0.48,SURVEI_SIMULASI,ok,True
2026-09-04T10:00:00+07:00,S09,reverse,37.9,45,230,0.29,SURVEI_SIMULASI,ok,True
2026-09-04T11:00:00+07:00,S09,reverse,38.7,45,204,0.25,SURVEI_SIMULASI,ok,True
2026-09-04T12:00:00+07:00,S09,reverse,39.3,45,185,0.23,SURVEI_SIMULASI,ok,True
2026-09-04T13:00:00+07:00,S09,reverse,39.4,45,180,0.23,SURVEI_SIMULASI,ok,True
2026-09-04T14:00:00+07:00,S09,reverse,37.5,45,241,0.3,SURVEI_SIMULASI,ok,True
2026-09-04T15:00:00+07:00,S09,reverse,38.7,45,204,0.26,SURVEI_SIMULASI,ok,True
2026-09-04T16:00:00+07:00,S09,reverse,19.3,45,374,0.47,SURVEI_SIMULASI,penerima_pengalihan+lajur_ditutup,True
2026-09-04T17:00:00+07:00,S09,reverse,18.8,45,402,0.5,SURVEI_SIMULASI,penerima_pengalihan+lajur_ditutup,True
2026-09-04T18:00:00+07:00,S09,reverse,34.7,45,332,0.42,SURVEI_SIMULASI,ok,True
2026-09-04T19:00:00+07:00,S09,reverse,34.9,45,326,0.41,SURVEI_SIMULASI,ok,True
2026-09-05T06:00:00+07:00,S09,reverse,38.2,45,219,0.27,SURVEI_SIMULASI,ok,True
2026-09-05T07:00:00+07:00,S09,reverse,33.7,45,364,0.46,SURVEI_SIMULASI,ok,True
2026-09-05T08:00:00+07:00,S09,reverse,34.7,45,331,0.41,SURVEI_SIMULASI,ok,True
2026-09-05T09:00:00+07:00,S09,reverse,34.5,45,338,0.42,SURVEI_SIMULASI,ok,True
2026-09-05T10:00:00+07:00,S09,reverse,38.1,45,223,0.28,SURVEI_SIMULASI,ok,True
2026-09-05T11:00:00+07:00,S09,reverse,38.0,45,226,0.28,SURVEI_SIMULASI,ok,True
2026-09-05T12:00:00+07:00,S09,reverse,38.4,45,215,0.27,SURVEI_SIMULASI,ok,True
2026-09-05T13:00:00+07:00,S09,reverse,38.9,45,196,0.25,SURVEI_SIMULASI,ok,True
2026-09-05T14:00:00+07:00,S09,reverse,38.5,45,211,0.26,SURVEI_SIMULASI,ok,True
2026-09-05T15:00:00+07:00,S09,reverse,37.5,45,242,0.3,SURVEI_SIMULASI,ok,True
2026-09-05T16:00:00+07:00,S09,reverse,18.6,45,412,0.52,SURVEI_SIMULASI,penerima_pengalihan+lajur_ditutup,True
2026-09-05T17:00:00+07:00,S09,reverse,19.2,45,379,0.47,SURVEI_SIMULASI,penerima_pengalihan+lajur_ditutup,True
2026-09-05T18:00:00+07:00,S09,reverse,34.9,45,328,0.41,SURVEI_SIMULASI,ok,True
2026-09-05T19:00:00+07:00,S09,reverse,34.1,45,353,0.44,SURVEI_SIMULASI,ok,True
2026-09-06T06:00:00+07:00,S09,reverse,39.3,45,185,0.23,SURVEI_SIMULASI,ok,True
2026-09-06T07:00:00+07:00,S09,reverse,35.1,45,319,0.4,SURVEI_SIMULASI,ok,True
2026-09-06T08:00:00+07:00,S09,reverse,35.2,45,318,0.4,SURVEI_SIMULASI,ok,True
2026-09-06T09:00:00+07:00,S09,reverse,34.2,45,351,0.44,SURVEI_SIMULASI,ok,True
2026-09-06T10:00:00+07:00,S09,reverse,38.7,45,204,0.25,SURVEI_SIMULASI,ok,True
2026-09-06T11:00:00+07:00,S09,reverse,38.4,45,214,0.27,SURVEI_SIMULASI,ok,True
2026-09-06T12:00:00+07:00,S09,reverse,38.9,45,197,0.25,SURVEI_SIMULASI,ok,True
2026-09-06T13:00:00+07:00,S09,reverse,39.6,45,174,0.22,SURVEI_SIMULASI,ok,True
2026-09-06T14:00:00+07:00,S09,reverse,39.2,45,188,0.24,SURVEI_SIMULASI,ok,True
2026-09-06T15:00:00+07:00,S09,reverse,38.5,45,209,0.26,SURVEI_SIMULASI,ok,True
2026-09-06T16:00:00+07:00,S09,reverse,22.1,45,405,0.51,SURVEI_SIMULASI,penerima_pengalihan,True
2026-09-06T17:00:00+07:00,S09,reverse,21.4,45,438,0.55,SURVEI_SIMULASI,penerima_pengalihan,True
2026-09-06T18:00:00+07:00,S09,reverse,35.6,45,303,0.38,SURVEI_SIMULASI,ok,True
2026-09-06T19:00:00+07:00,S09,reverse,35.2,45,317,0.4,SURVEI_SIMULASI,ok,True
2026-09-07T06:00:00+07:00,S09,reverse,38.9,45,198,0.25,SURVEI_SIMULASI,ok,True
2026-09-07T07:00:00+07:00,S09,reverse,35.6,45,304,0.38,SURVEI_SIMULASI,ok,True
2026-09-07T08:00:00+07:00,S09,reverse,34.9,45,325,0.41,SURVEI_SIMULASI,ok,True
2026-09-07T09:00:00+07:00,S09,reverse,34.9,45,327,0.41,SURVEI_SIMULASI,ok,True
2026-09-07T10:00:00+07:00,S09,reverse,38.9,45,199,0.25,SURVEI_SIMULASI,ok,True
2026-09-07T11:00:00+07:00,S09,reverse,39.1,45,189,0.24,SURVEI_SIMULASI,ok,True
2026-09-07T12:00:00+07:00,S09,reverse,39.4,45,181,0.23,SURVEI_SIMULASI,ok,True
2026-09-07T13:00:00+07:00,S09,reverse,39.7,45,172,0.21,SURVEI_SIMULASI,ok,True
2026-09-07T14:00:00+07:00,S09,reverse,38.4,45,215,0.27,SURVEI_SIMULASI,ok,True
2026-09-07T15:00:00+07:00,S09,reverse,38.9,45,197,0.25,SURVEI_SIMULASI,ok,True
2026-09-07T16:00:00+07:00,S09,reverse,21.4,45,438,0.55,SURVEI_SIMULASI,penerima_pengalihan,True
2026-09-07T17:00:00+07:00,S09,reverse,22.5,45,387,0.48,SURVEI_SIMULASI,penerima_pengalihan,True
2026-09-07T18:00:00+07:00,S09,reverse,35.7,45,300,0.37,SURVEI_SIMULASI,ok,True
2026-09-07T19:00:00+07:00,S09,reverse,35.6,45,303,0.38,SURVEI_SIMULASI,ok,True
2026-09-01T06:00:00+07:00,S10,forward,38.5,45,211,0.26,SURVEI_SIMULASI,ok,True
2026-09-01T07:00:00+07:00,S10,forward,33.5,45,370,0.46,SURVEI_SIMULASI,ok,True
2026-09-01T08:00:00+07:00,S10,forward,32.7,45,399,0.5,SURVEI_SIMULASI,ok,True
2026-09-01T09:00:00+07:00,S10,forward,32.5,45,403,0.5,SURVEI_SIMULASI,ok,True
2026-09-01T10:00:00+07:00,S10,forward,38.4,45,213,0.27,SURVEI_SIMULASI,ok,True
2026-09-01T11:00:00+07:00,S10,forward,37.3,45,250,0.31,SURVEI_SIMULASI,ok,True
2026-09-01T12:00:00+07:00,S10,forward,39.0,45,195,0.24,SURVEI_SIMULASI,ok,True
2026-09-01T13:00:00+07:00,S10,forward,38.4,45,212,0.26,SURVEI_SIMULASI,ok,True
2026-09-01T14:00:00+07:00,S10,forward,37.9,45,231,0.29,SURVEI_SIMULASI,ok,True
2026-09-01T15:00:00+07:00,S10,forward,38.5,45,210,0.26,SURVEI_SIMULASI,ok,True
2026-09-01T16:00:00+07:00,S10,forward,34.5,45,339,0.42,SURVEI_SIMULASI,ok,True
2026-09-01T17:00:00+07:00,S10,forward,33.7,45,364,0.45,SURVEI_SIMULASI,ok,True
2026-09-01T18:00:00+07:00,S10,forward,34.7,45,332,0.41,SURVEI_SIMULASI,ok,True
2026-09-01T19:00:00+07:00,S10,forward,34.3,45,347,0.43,SURVEI_SIMULASI,ok,True
2026-09-02T06:00:00+07:00,S10,forward,37.7,45,236,0.29,SURVEI_SIMULASI,ok,True
2026-09-02T07:00:00+07:00,S10,forward,34.2,45,351,0.44,SURVEI_SIMULASI,ok,True
2026-09-02T08:00:00+07:00,S10,forward,34.5,45,339,0.42,SURVEI_SIMULASI,ok,True
2026-09-02T09:00:00+07:00,S10,forward,34.4,45,343,0.43,SURVEI_SIMULASI,ok,True
2026-09-02T10:00:00+07:00,S10,forward,37.6,45,239,0.3,SURVEI_SIMULASI,ok,True
2026-09-02T11:00:00+07:00,S10,forward,38.5,45,211,0.26,SURVEI_SIMULASI,ok,True
2026-09-02T12:00:00+07:00,S10,forward,38.5,45,210,0.26,SURVEI_SIMULASI,ok,True
2026-09-02T13:00:00+07:00,S10,forward,38.3,45,217,0.27,SURVEI_SIMULASI,ok,True
2026-09-02T14:00:00+07:00,S10,forward,37.5,45,241,0.3,SURVEI_SIMULASI,ok,True
2026-09-02T15:00:00+07:00,S10,forward,38.6,45,208,0.26,SURVEI_SIMULASI,ok,True
2026-09-02T16:00:00+07:00,S10,forward,34.2,45,350,0.44,SURVEI_SIMULASI,ok,True
2026-09-02T17:00:00+07:00,S10,forward,34.8,45,329,0.41,SURVEI_SIMULASI,ok,True
2026-09-02T18:00:00+07:00,S10,forward,34.7,45,333,0.42,SURVEI_SIMULASI,ok,True
2026-09-02T19:00:00+07:00,S10,forward,33.8,45,363,0.45,SURVEI_SIMULASI,ok,True
2026-09-08T06:00:00+07:00,S10,forward,38.2,45,221,0.28,SURVEI_SIMULASI,ok,True
2026-09-08T07:00:00+07:00,S10,forward,32.9,45,391,0.49,SURVEI_SIMULASI,ok,True
2026-09-08T08:00:00+07:00,S10,forward,32.9,45,392,0.49,SURVEI_SIMULASI,ok,True
2026-09-08T09:00:00+07:00,S10,forward,34.5,45,341,0.43,SURVEI_SIMULASI,ok,True
2026-09-08T10:00:00+07:00,S10,forward,38.0,45,228,0.28,SURVEI_SIMULASI,ok,True
2026-09-08T11:00:00+07:00,S10,forward,37.2,45,252,0.32,SURVEI_SIMULASI,ok,True
2026-09-08T12:00:00+07:00,S10,forward,38.6,45,207,0.26,SURVEI_SIMULASI,ok,True
2026-09-08T13:00:00+07:00,S10,forward,39.1,45,190,0.24,SURVEI_SIMULASI,ok,True
2026-09-08T14:00:00+07:00,S10,forward,37.3,45,249,0.31,SURVEI_SIMULASI,ok,True
2026-09-08T15:00:00+07:00,S10,forward,37.5,45,243,0.3,SURVEI_SIMULASI,ok,True
2026-09-08T16:00:00+07:00,S10,forward,33.6,45,370,0.46,SURVEI_SIMULASI,ok,True
2026-09-08T17:00:00+07:00,S10,forward,33.5,45,371,0.46,SURVEI_SIMULASI,ok,True
2026-09-08T18:00:00+07:00,S10,forward,34.0,45,356,0.44,SURVEI_SIMULASI,ok,True
2026-09-08T19:00:00+07:00,S10,forward,35.4,45,312,0.39,SURVEI_SIMULASI,ok,True
2026-09-09T06:00:00+07:00,S10,forward,37.6,45,240,0.3,SURVEI_SIMULASI,ok,True
2026-09-09T07:00:00+07:00,S10,forward,32.7,45,397,0.5,SURVEI_SIMULASI,ok,True
2026-09-09T08:00:00+07:00,S10,forward,34.6,45,337,0.42,SURVEI_SIMULASI,ok,True
2026-09-09T09:00:00+07:00,S10,forward,34.2,45,348,0.43,SURVEI_SIMULASI,ok,True
2026-09-09T10:00:00+07:00,S10,forward,38.0,45,225,0.28,SURVEI_SIMULASI,ok,True
2026-09-09T11:00:00+07:00,S10,forward,38.1,45,224,0.28,SURVEI_SIMULASI,ok,True
2026-09-09T12:00:00+07:00,S10,forward,38.8,45,200,0.25,SURVEI_SIMULASI,ok,True
2026-09-09T13:00:00+07:00,S10,forward,38.6,45,208,0.26,SURVEI_SIMULASI,ok,True
2026-09-09T14:00:00+07:00,S10,forward,38.3,45,218,0.27,SURVEI_SIMULASI,ok,True
2026-09-09T15:00:00+07:00,S10,forward,37.6,45,240,0.3,SURVEI_SIMULASI,ok,True
2026-09-09T16:00:00+07:00,S10,forward,33.7,45,366,0.46,SURVEI_SIMULASI,ok,True
2026-09-09T17:00:00+07:00,S10,forward,35.0,45,324,0.4,SURVEI_SIMULASI,ok,True
2026-09-09T18:00:00+07:00,S10,forward,34.9,45,327,0.41,SURVEI_SIMULASI,ok,True
2026-09-09T19:00:00+07:00,S10,forward,34.6,45,336,0.42,SURVEI_SIMULASI,ok,True
2026-09-03T06:00:00+07:00,S10,forward,37.4,45,245,0.31,SURVEI_SIMULASI,ok,True
2026-09-03T07:00:00+07:00,S10,forward,33.2,45,381,0.48,SURVEI_SIMULASI,ok,True
2026-09-03T08:00:00+07:00,S10,forward,33.1,45,386,0.48,SURVEI_SIMULASI,ok,True
2026-09-03T09:00:00+07:00,S10,forward,34.0,45,356,0.45,SURVEI_SIMULASI,ok,True
2026-09-03T10:00:00+07:00,S10,forward,37.4,45,247,0.31,SURVEI_SIMULASI,ok,True
2026-09-03T11:00:00+07:00,S10,forward,37.7,45,236,0.3,SURVEI_SIMULASI,ok,True
2026-09-03T12:00:00+07:00,S10,forward,39.2,45,188,0.24,SURVEI_SIMULASI,ok,True
2026-09-03T13:00:00+07:00,S10,forward,38.2,45,220,0.28,SURVEI_SIMULASI,ok,True
2026-09-03T14:00:00+07:00,S10,forward,37.8,45,233,0.29,SURVEI_SIMULASI,ok,True
2026-09-03T15:00:00+07:00,S10,forward,37.3,45,250,0.31,SURVEI_SIMULASI,ok,True
2026-09-03T16:00:00+07:00,S10,forward,14.7,45,612,0.76,SURVEI_SIMULASI,penerima_pengalihan,True
2026-09-03T17:00:00+07:00,S10,forward,14.8,45,605,0.76,SURVEI_SIMULASI,penerima_pengalihan,True
2026-09-03T18:00:00+07:00,S10,forward,35.1,45,319,0.4,SURVEI_SIMULASI,ok,True
2026-09-03T19:00:00+07:00,S10,forward,35.3,45,312,0.39,SURVEI_SIMULASI,ok,True
2026-09-04T06:00:00+07:00,S10,forward,37.3,45,250,0.31,SURVEI_SIMULASI,ok,True
2026-09-04T07:00:00+07:00,S10,forward,34.3,45,346,0.43,SURVEI_SIMULASI,ok,True
2026-09-04T08:00:00+07:00,S10,forward,33.5,45,372,0.47,SURVEI_SIMULASI,ok,True
2026-09-04T09:00:00+07:00,S10,forward,33.1,45,385,0.48,SURVEI_SIMULASI,ok,True
2026-09-04T10:00:00+07:00,S10,forward,38.4,45,213,0.27,SURVEI_SIMULASI,ok,True
2026-09-04T11:00:00+07:00,S10,forward,38.5,45,210,0.26,SURVEI_SIMULASI,ok,True
2026-09-04T12:00:00+07:00,S10,forward,39.0,45,195,0.24,SURVEI_SIMULASI,ok,True
2026-09-04T13:00:00+07:00,S10,forward,39.1,45,191,0.24,SURVEI_SIMULASI,ok,True
2026-09-04T14:00:00+07:00,S10,forward,37.6,45,241,0.3,SURVEI_SIMULASI,ok,True
2026-09-04T15:00:00+07:00,S10,forward,38.0,45,227,0.28,SURVEI_SIMULASI,ok,True
2026-09-04T16:00:00+07:00,S10,forward,15.6,45,563,0.7,SURVEI_SIMULASI,penerima_pengalihan,True
2026-09-04T17:00:00+07:00,S10,forward,16.3,45,523,0.65,SURVEI_SIMULASI,penerima_pengalihan,True
2026-09-04T18:00:00+07:00,S10,forward,33.5,45,372,0.47,SURVEI_SIMULASI,ok,True
2026-09-04T19:00:00+07:00,S10,forward,35.1,45,321,0.4,SURVEI_SIMULASI,ok,True
2026-09-05T06:00:00+07:00,S10,forward,37.3,45,250,0.31,SURVEI_SIMULASI,ok,True
2026-09-05T07:00:00+07:00,S10,forward,34.3,45,347,0.43,SURVEI_SIMULASI,ok,True
2026-09-05T08:00:00+07:00,S10,forward,33.5,45,371,0.46,SURVEI_SIMULASI,ok,True
2026-09-05T09:00:00+07:00,S10,forward,32.7,45,399,0.5,SURVEI_SIMULASI,ok,True
2026-09-05T10:00:00+07:00,S10,forward,37.4,45,247,0.31,SURVEI_SIMULASI,ok,True
2026-09-05T11:00:00+07:00,S10,forward,38.1,45,224,0.28,SURVEI_SIMULASI,ok,True
2026-09-05T12:00:00+07:00,S10,forward,38.9,45,196,0.24,SURVEI_SIMULASI,ok,True
2026-09-05T13:00:00+07:00,S10,forward,39.1,45,192,0.24,SURVEI_SIMULASI,ok,True
2026-09-05T14:00:00+07:00,S10,forward,37.2,45,253,0.32,SURVEI_SIMULASI,ok,True
2026-09-05T15:00:00+07:00,S10,forward,37.9,45,231,0.29,SURVEI_SIMULASI,ok,True
2026-09-05T16:00:00+07:00,S10,forward,15.7,45,555,0.69,SURVEI_SIMULASI,penerima_pengalihan,True
2026-09-05T17:00:00+07:00,S10,forward,14.4,45,631,0.79,SURVEI_SIMULASI,penerima_pengalihan,True
2026-09-05T18:00:00+07:00,S10,forward,33.9,45,359,0.45,SURVEI_SIMULASI,ok,True
2026-09-05T19:00:00+07:00,S10,forward,33.6,45,367,0.46,SURVEI_SIMULASI,ok,True
2026-09-06T06:00:00+07:00,S10,forward,38.8,45,201,0.25,SURVEI_SIMULASI,ok,True
2026-09-06T07:00:00+07:00,S10,forward,35.1,45,320,0.4,SURVEI_SIMULASI,ok,True
2026-09-06T08:00:00+07:00,S10,forward,34.0,45,357,0.45,SURVEI_SIMULASI,ok,True
2026-09-06T09:00:00+07:00,S10,forward,34.9,45,326,0.41,SURVEI_SIMULASI,ok,True
2026-09-06T10:00:00+07:00,S10,forward,38.2,45,221,0.28,SURVEI_SIMULASI,ok,True
2026-09-06T11:00:00+07:00,S10,forward,38.2,45,220,0.27,SURVEI_SIMULASI,ok,True
2026-09-06T12:00:00+07:00,S10,forward,39.5,45,179,0.22,SURVEI_SIMULASI,ok,True
2026-09-06T13:00:00+07:00,S10,forward,39.7,45,172,0.21,SURVEI_SIMULASI,ok,True
2026-09-06T14:00:00+07:00,S10,forward,38.0,45,227,0.28,SURVEI_SIMULASI,ok,True
2026-09-06T15:00:00+07:00,S10,forward,39.1,45,190,0.24,SURVEI_SIMULASI,ok,True
2026-09-06T16:00:00+07:00,S10,forward,21.3,45,440,0.55,SURVEI_SIMULASI,penerima_pengalihan,True
2026-09-06T17:00:00+07:00,S10,forward,22.0,45,407,0.51,SURVEI_SIMULASI,penerima_pengalihan,True
2026-09-06T18:00:00+07:00,S10,forward,36.3,45,280,0.35,SURVEI_SIMULASI,ok,True
2026-09-06T19:00:00+07:00,S10,forward,35.2,45,318,0.4,SURVEI_SIMULASI,ok,True
2026-09-07T06:00:00+07:00,S10,forward,38.3,45,218,0.27,SURVEI_SIMULASI,ok,True
2026-09-07T07:00:00+07:00,S10,forward,35.5,45,306,0.38,SURVEI_SIMULASI,ok,True
2026-09-07T08:00:00+07:00,S10,forward,34.7,45,334,0.42,SURVEI_SIMULASI,ok,True
2026-09-07T09:00:00+07:00,S10,forward,34.7,45,334,0.42,SURVEI_SIMULASI,ok,True
2026-09-07T10:00:00+07:00,S10,forward,38.3,45,216,0.27,SURVEI_SIMULASI,ok,True
2026-09-07T11:00:00+07:00,S10,forward,38.1,45,223,0.28,SURVEI_SIMULASI,ok,True
2026-09-07T12:00:00+07:00,S10,forward,39.6,45,174,0.22,SURVEI_SIMULASI,ok,True
2026-09-07T13:00:00+07:00,S10,forward,39.2,45,186,0.23,SURVEI_SIMULASI,ok,True
2026-09-07T14:00:00+07:00,S10,forward,38.6,45,207,0.26,SURVEI_SIMULASI,ok,True
2026-09-07T15:00:00+07:00,S10,forward,38.9,45,199,0.25,SURVEI_SIMULASI,ok,True
2026-09-07T16:00:00+07:00,S10,forward,21.4,45,439,0.55,SURVEI_SIMULASI,penerima_pengalihan,True
2026-09-07T17:00:00+07:00,S10,forward,22.2,45,399,0.5,SURVEI_SIMULASI,penerima_pengalihan,True
2026-09-07T18:00:00+07:00,S10,forward,35.7,45,301,0.38,SURVEI_SIMULASI,ok,True
2026-09-07T19:00:00+07:00,S10,forward,36.3,45,281,0.35,SURVEI_SIMULASI,ok,True
2026-09-01T06:00:00+07:00,S10,reverse,38.0,45,227,0.28,SURVEI_SIMULASI,ok,True
2026-09-01T07:00:00+07:00,S10,reverse,32.9,45,390,0.49,SURVEI_SIMULASI,ok,True
2026-09-01T08:00:00+07:00,S10,reverse,34.6,45,337,0.42,SURVEI_SIMULASI,ok,True
2026-09-01T09:00:00+07:00,S10,reverse,34.3,45,346,0.43,SURVEI_SIMULASI,ok,True
2026-09-01T10:00:00+07:00,S10,reverse,38.0,45,227,0.28,SURVEI_SIMULASI,ok,True
2026-09-01T11:00:00+07:00,S10,reverse,37.5,45,241,0.3,SURVEI_SIMULASI,ok,True
2026-09-01T12:00:00+07:00,S10,reverse,38.6,45,205,0.26,SURVEI_SIMULASI,ok,True
2026-09-01T13:00:00+07:00,S10,reverse,38.6,45,208,0.26,SURVEI_SIMULASI,ok,True
2026-09-01T14:00:00+07:00,S10,reverse,37.4,45,244,0.31,SURVEI_SIMULASI,ok,True
2026-09-01T15:00:00+07:00,S10,reverse,37.9,45,229,0.29,SURVEI_SIMULASI,ok,True
2026-09-01T16:00:00+07:00,S10,reverse,34.6,45,337,0.42,SURVEI_SIMULASI,ok,True
2026-09-01T17:00:00+07:00,S10,reverse,35.1,45,319,0.4,SURVEI_SIMULASI,ok,True
2026-09-01T18:00:00+07:00,S10,reverse,33.3,45,377,0.47,SURVEI_SIMULASI,ok,True
2026-09-01T19:00:00+07:00,S10,reverse,34.9,45,325,0.41,SURVEI_SIMULASI,ok,True
2026-09-02T06:00:00+07:00,S10,reverse,37.6,45,238,0.3,SURVEI_SIMULASI,ok,True
2026-09-02T07:00:00+07:00,S10,reverse,33.5,45,373,0.47,SURVEI_SIMULASI,ok,True
2026-09-02T08:00:00+07:00,S10,reverse,32.9,45,392,0.49,SURVEI_SIMULASI,ok,True
2026-09-02T09:00:00+07:00,S10,reverse,33.9,45,360,0.45,SURVEI_SIMULASI,ok,True
2026-09-02T10:00:00+07:00,S10,reverse,37.4,45,245,0.31,SURVEI_SIMULASI,ok,True
2026-09-02T11:00:00+07:00,S10,reverse,37.9,45,230,0.29,SURVEI_SIMULASI,ok,True
2026-09-02T12:00:00+07:00,S10,reverse,39.0,45,193,0.24,SURVEI_SIMULASI,ok,True
2026-09-02T13:00:00+07:00,S10,reverse,38.7,45,203,0.25,SURVEI_SIMULASI,ok,True
2026-09-02T14:00:00+07:00,S10,reverse,37.6,45,240,0.3,SURVEI_SIMULASI,ok,True
2026-09-02T15:00:00+07:00,S10,reverse,37.5,45,241,0.3,SURVEI_SIMULASI,ok,True
2026-09-02T16:00:00+07:00,S10,reverse,33.8,45,361,0.45,SURVEI_SIMULASI,ok,True
2026-09-02T17:00:00+07:00,S10,reverse,34.1,45,351,0.44,SURVEI_SIMULASI,ok,True
2026-09-02T18:00:00+07:00,S10,reverse,34.6,45,337,0.42,SURVEI_SIMULASI,ok,True
2026-09-02T19:00:00+07:00,S10,reverse,34.6,45,335,0.42,SURVEI_SIMULASI,ok,True
2026-09-08T06:00:00+07:00,S10,reverse,38.1,45,224,0.28,SURVEI_SIMULASI,ok,True
2026-09-08T07:00:00+07:00,S10,reverse,33.6,45,369,0.46,SURVEI_SIMULASI,ok,True
2026-09-08T08:00:00+07:00,S10,reverse,32.8,45,394,0.49,SURVEI_SIMULASI,ok,True
2026-09-08T09:00:00+07:00,S10,reverse,32.7,45,398,0.5,SURVEI_SIMULASI,ok,True
2026-09-08T10:00:00+07:00,S10,reverse,38.5,45,209,0.26,SURVEI_SIMULASI,ok,True
2026-09-08T11:00:00+07:00,S10,reverse,37.5,45,243,0.3,SURVEI_SIMULASI,ok,True
2026-09-08T12:00:00+07:00,S10,reverse,38.9,45,198,0.25,SURVEI_SIMULASI,ok,True
2026-09-08T13:00:00+07:00,S10,reverse,38.8,45,200,0.25,SURVEI_SIMULASI,ok,True
2026-09-08T14:00:00+07:00,S10,reverse,38.0,45,225,0.28,SURVEI_SIMULASI,ok,True
2026-09-08T15:00:00+07:00,S10,reverse,37.2,45,253,0.32,SURVEI_SIMULASI,ok,True
2026-09-08T16:00:00+07:00,S10,reverse,34.5,45,340,0.42,SURVEI_SIMULASI,ok,True
2026-09-08T17:00:00+07:00,S10,reverse,35.3,45,315,0.39,SURVEI_SIMULASI,ok,True
2026-09-08T18:00:00+07:00,S10,reverse,33.3,45,379,0.47,SURVEI_SIMULASI,ok,True
2026-09-08T19:00:00+07:00,S10,reverse,34.0,45,355,0.44,SURVEI_SIMULASI,ok,True
2026-09-09T06:00:00+07:00,S10,reverse,38.0,45,228,0.28,SURVEI_SIMULASI,ok,True
2026-09-09T07:00:00+07:00,S10,reverse,32.7,45,396,0.5,SURVEI_SIMULASI,ok,True
2026-09-09T08:00:00+07:00,S10,reverse,34.3,45,346,0.43,SURVEI_SIMULASI,ok,True
2026-09-09T09:00:00+07:00,S10,reverse,33.5,45,370,0.46,SURVEI_SIMULASI,ok,True
2026-09-09T10:00:00+07:00,S10,reverse,37.7,45,236,0.3,SURVEI_SIMULASI,ok,True
2026-09-09T11:00:00+07:00,S10,reverse,37.3,45,248,0.31,SURVEI_SIMULASI,ok,True
2026-09-09T12:00:00+07:00,S10,reverse,38.1,45,222,0.28,SURVEI_SIMULASI,ok,True
2026-09-09T13:00:00+07:00,S10,reverse,38.9,45,197,0.25,SURVEI_SIMULASI,ok,True
2026-09-09T14:00:00+07:00,S10,reverse,38.2,45,220,0.28,SURVEI_SIMULASI,ok,True
2026-09-09T15:00:00+07:00,S10,reverse,38.0,45,227,0.28,SURVEI_SIMULASI,ok,True
2026-09-09T16:00:00+07:00,S10,reverse,33.3,45,378,0.47,SURVEI_SIMULASI,ok,True
2026-09-09T17:00:00+07:00,S10,reverse,34.5,45,340,0.43,SURVEI_SIMULASI,ok,True
2026-09-09T18:00:00+07:00,S10,reverse,35.3,45,314,0.39,SURVEI_SIMULASI,ok,True
2026-09-09T19:00:00+07:00,S10,reverse,33.7,45,365,0.46,SURVEI_SIMULASI,ok,True
2026-09-03T06:00:00+07:00,S10,reverse,37.6,45,240,0.3,SURVEI_SIMULASI,ok,True
2026-09-03T07:00:00+07:00,S10,reverse,34.6,45,336,0.42,SURVEI_SIMULASI,ok,True
2026-09-03T08:00:00+07:00,S10,reverse,32.8,45,395,0.49,SURVEI_SIMULASI,ok,True
2026-09-03T09:00:00+07:00,S10,reverse,33.6,45,368,0.46,SURVEI_SIMULASI,ok,True
2026-09-03T10:00:00+07:00,S10,reverse,38.1,45,223,0.28,SURVEI_SIMULASI,ok,True
2026-09-03T11:00:00+07:00,S10,reverse,38.3,45,218,0.27,SURVEI_SIMULASI,ok,True
2026-09-03T12:00:00+07:00,S10,reverse,38.1,45,222,0.28,SURVEI_SIMULASI,ok,True
2026-09-03T13:00:00+07:00,S10,reverse,38.0,45,227,0.28,SURVEI_SIMULASI,ok,True
2026-09-03T14:00:00+07:00,S10,reverse,37.3,45,249,0.31,SURVEI_SIMULASI,ok,True
2026-09-03T15:00:00+07:00,S10,reverse,37.6,45,239,0.3,SURVEI_SIMULASI,ok,True
2026-09-03T16:00:00+07:00,S10,reverse,15.3,45,579,0.72,SURVEI_SIMULASI,penerima_pengalihan,True
2026-09-03T17:00:00+07:00,S10,reverse,15.9,45,545,0.68,SURVEI_SIMULASI,penerima_pengalihan,True
2026-09-03T18:00:00+07:00,S10,reverse,33.5,45,370,0.46,SURVEI_SIMULASI,ok,True
2026-09-03T19:00:00+07:00,S10,reverse,34.5,45,338,0.42,SURVEI_SIMULASI,ok,True
2026-09-04T06:00:00+07:00,S10,reverse,38.1,45,222,0.28,SURVEI_SIMULASI,ok,True
2026-09-04T07:00:00+07:00,S10,reverse,34.1,45,351,0.44,SURVEI_SIMULASI,ok,True
2026-09-04T08:00:00+07:00,S10,reverse,33.6,45,368,0.46,SURVEI_SIMULASI,ok,True
2026-09-04T09:00:00+07:00,S10,reverse,33.5,45,372,0.46,SURVEI_SIMULASI,ok,True
2026-09-04T10:00:00+07:00,S10,reverse,37.2,45,252,0.32,SURVEI_SIMULASI,ok,True
2026-09-04T11:00:00+07:00,S10,reverse,38.2,45,220,0.27,SURVEI_SIMULASI,ok,True
2026-09-04T12:00:00+07:00,S10,reverse,38.3,45,217,0.27,SURVEI_SIMULASI,ok,True
2026-09-04T13:00:00+07:00,S10,reverse,38.4,45,213,0.27,SURVEI_SIMULASI,ok,True
2026-09-04T14:00:00+07:00,S10,reverse,37.7,45,234,0.29,SURVEI_SIMULASI,ok,True
2026-09-04T15:00:00+07:00,S10,reverse,37.4,45,246,0.31,SURVEI_SIMULASI,ok,True
2026-09-04T16:00:00+07:00,S10,reverse,15.0,45,594,0.74,SURVEI_SIMULASI,penerima_pengalihan,True
2026-09-04T17:00:00+07:00,S10,reverse,14.9,45,598,0.75,SURVEI_SIMULASI,penerima_pengalihan,True
2026-09-04T18:00:00+07:00,S10,reverse,33.6,45,368,0.46,SURVEI_SIMULASI,ok,True
2026-09-04T19:00:00+07:00,S10,reverse,34.7,45,332,0.41,SURVEI_SIMULASI,ok,True
2026-09-05T06:00:00+07:00,S10,reverse,37.3,45,248,0.31,SURVEI_SIMULASI,ok,True
2026-09-05T07:00:00+07:00,S10,reverse,34.6,45,336,0.42,SURVEI_SIMULASI,ok,True
2026-09-05T08:00:00+07:00,S10,reverse,34.5,45,340,0.42,SURVEI_SIMULASI,ok,True
2026-09-05T09:00:00+07:00,S10,reverse,33.0,45,388,0.48,SURVEI_SIMULASI,ok,True
2026-09-05T10:00:00+07:00,S10,reverse,38.1,45,224,0.28,SURVEI_SIMULASI,ok,True
2026-09-05T11:00:00+07:00,S10,reverse,37.6,45,240,0.3,SURVEI_SIMULASI,ok,True
2026-09-05T12:00:00+07:00,S10,reverse,38.8,45,202,0.25,SURVEI_SIMULASI,ok,True
2026-09-05T13:00:00+07:00,S10,reverse,39.1,45,190,0.24,SURVEI_SIMULASI,ok,True
2026-09-05T14:00:00+07:00,S10,reverse,38.1,45,222,0.28,SURVEI_SIMULASI,ok,True
2026-09-05T15:00:00+07:00,S10,reverse,37.9,45,231,0.29,SURVEI_SIMULASI,ok,True
2026-09-05T16:00:00+07:00,S10,reverse,14.5,45,624,0.78,SURVEI_SIMULASI,penerima_pengalihan,True
2026-09-05T17:00:00+07:00,S10,reverse,16.1,45,534,0.67,SURVEI_SIMULASI,penerima_pengalihan,True
2026-09-05T18:00:00+07:00,S10,reverse,33.6,45,369,0.46,SURVEI_SIMULASI,ok,True
2026-09-05T19:00:00+07:00,S10,reverse,35.4,45,311,0.39,SURVEI_SIMULASI,ok,True
2026-09-06T06:00:00+07:00,S10,reverse,38.6,45,207,0.26,SURVEI_SIMULASI,ok,True
2026-09-06T07:00:00+07:00,S10,reverse,35.5,45,307,0.38,SURVEI_SIMULASI,ok,True
2026-09-06T08:00:00+07:00,S10,reverse,34.4,45,342,0.43,SURVEI_SIMULASI,ok,True
2026-09-06T09:00:00+07:00,S10,reverse,34.9,45,325,0.41,SURVEI_SIMULASI,ok,True
2026-09-06T10:00:00+07:00,S10,reverse,38.0,45,227,0.28,SURVEI_SIMULASI,ok,True
2026-09-06T11:00:00+07:00,S10,reverse,38.0,45,228,0.28,SURVEI_SIMULASI,ok,True
2026-09-06T12:00:00+07:00,S10,reverse,39.0,45,193,0.24,SURVEI_SIMULASI,ok,True
2026-09-06T13:00:00+07:00,S10,reverse,39.3,45,183,0.23,SURVEI_SIMULASI,ok,True
2026-09-06T14:00:00+07:00,S10,reverse,38.6,45,208,0.26,SURVEI_SIMULASI,ok,True
2026-09-06T15:00:00+07:00,S10,reverse,39.0,45,194,0.24,SURVEI_SIMULASI,ok,True
2026-09-06T16:00:00+07:00,S10,reverse,22.4,45,391,0.49,SURVEI_SIMULASI,penerima_pengalihan,True
2026-09-06T17:00:00+07:00,S10,reverse,21.9,45,412,0.51,SURVEI_SIMULASI,penerima_pengalihan,True
2026-09-06T18:00:00+07:00,S10,reverse,35.0,45,323,0.4,SURVEI_SIMULASI,ok,True
2026-09-06T19:00:00+07:00,S10,reverse,34.5,45,340,0.43,SURVEI_SIMULASI,ok,True
2026-09-07T06:00:00+07:00,S10,reverse,38.7,45,203,0.25,SURVEI_SIMULASI,ok,True
2026-09-07T07:00:00+07:00,S10,reverse,35.1,45,320,0.4,SURVEI_SIMULASI,ok,True
2026-09-07T08:00:00+07:00,S10,reverse,35.7,45,300,0.37,SURVEI_SIMULASI,ok,True
2026-09-07T09:00:00+07:00,S10,reverse,35.0,45,322,0.4,SURVEI_SIMULASI,ok,True
2026-09-07T10:00:00+07:00,S10,reverse,38.9,45,196,0.24,SURVEI_SIMULASI,ok,True
2026-09-07T11:00:00+07:00,S10,reverse,39.2,45,188,0.23,SURVEI_SIMULASI,ok,True
2026-09-07T12:00:00+07:00,S10,reverse,39.0,45,194,0.24,SURVEI_SIMULASI,ok,True
2026-09-07T13:00:00+07:00,S10,reverse,38.7,45,204,0.26,SURVEI_SIMULASI,ok,True
2026-09-07T14:00:00+07:00,S10,reverse,38.9,45,197,0.25,SURVEI_SIMULASI,ok,True
2026-09-07T15:00:00+07:00,S10,reverse,38.4,45,215,0.27,SURVEI_SIMULASI,ok,True
2026-09-07T16:00:00+07:00,S10,reverse,22.3,45,396,0.5,SURVEI_SIMULASI,penerima_pengalihan,True
2026-09-07T17:00:00+07:00,S10,reverse,21.1,45,451,0.56,SURVEI_SIMULASI,penerima_pengalihan,True
2026-09-07T18:00:00+07:00,S10,reverse,36.3,45,282,0.35,SURVEI_SIMULASI,ok,True
2026-09-07T19:00:00+07:00,S10,reverse,34.7,45,333,0.42,SURVEI_SIMULASI,ok,True
2026-09-01T06:00:00+07:00,S11,forward,37.6,45,241,0.3,SURVEI_SIMULASI,ok,True
2026-09-01T07:00:00+07:00,S11,forward,32.9,45,392,0.49,SURVEI_SIMULASI,ok,True
2026-09-01T08:00:00+07:00,S11,forward,34.0,45,355,0.44,SURVEI_SIMULASI,ok,True
2026-09-01T09:00:00+07:00,S11,forward,33.0,45,388,0.49,SURVEI_SIMULASI,ok,True
2026-09-01T10:00:00+07:00,S11,forward,37.7,45,235,0.29,SURVEI_SIMULASI,ok,True
2026-09-01T11:00:00+07:00,S11,forward,37.5,45,243,0.3,SURVEI_SIMULASI,ok,True
2026-09-01T12:00:00+07:00,S11,forward,38.1,45,223,0.28,SURVEI_SIMULASI,ok,True
2026-09-01T13:00:00+07:00,S11,forward,38.0,45,227,0.28,SURVEI_SIMULASI,ok,True
2026-09-01T14:00:00+07:00,S11,forward,38.0,45,227,0.28,SURVEI_SIMULASI,ok,True
2026-09-01T15:00:00+07:00,S11,forward,37.0,45,258,0.32,SURVEI_SIMULASI,ok,True
2026-09-01T16:00:00+07:00,S11,forward,33.9,45,358,0.45,SURVEI_SIMULASI,ok,True
2026-09-01T17:00:00+07:00,S11,forward,34.5,45,340,0.43,SURVEI_SIMULASI,ok,True
2026-09-01T18:00:00+07:00,S11,forward,33.8,45,362,0.45,SURVEI_SIMULASI,ok,True
2026-09-01T19:00:00+07:00,S11,forward,33.9,45,359,0.45,SURVEI_SIMULASI,ok,True
2026-09-02T06:00:00+07:00,S11,forward,37.0,45,259,0.32,SURVEI_SIMULASI,ok,True
2026-09-02T07:00:00+07:00,S11,forward,33.4,45,376,0.47,SURVEI_SIMULASI,ok,True
2026-09-02T08:00:00+07:00,S11,forward,34.0,45,357,0.45,SURVEI_SIMULASI,ok,True
2026-09-02T09:00:00+07:00,S11,forward,34.1,45,351,0.44,SURVEI_SIMULASI,ok,True
2026-09-02T10:00:00+07:00,S11,forward,37.8,45,231,0.29,SURVEI_SIMULASI,ok,True
2026-09-02T11:00:00+07:00,S11,forward,37.0,45,258,0.32,SURVEI_SIMULASI,ok,True
2026-09-02T12:00:00+07:00,S11,forward,39.0,45,194,0.24,SURVEI_SIMULASI,ok,True
2026-09-02T13:00:00+07:00,S11,forward,38.1,45,222,0.28,SURVEI_SIMULASI,ok,True
2026-09-02T14:00:00+07:00,S11,forward,37.6,45,238,0.3,SURVEI_SIMULASI,ok,True
2026-09-02T15:00:00+07:00,S11,forward,38.0,45,228,0.28,SURVEI_SIMULASI,ok,True
2026-09-02T16:00:00+07:00,S11,forward,34.5,45,340,0.42,SURVEI_SIMULASI,ok,True
2026-09-02T17:00:00+07:00,S11,forward,34.6,45,336,0.42,SURVEI_SIMULASI,ok,True
2026-09-02T18:00:00+07:00,S11,forward,34.5,45,338,0.42,SURVEI_SIMULASI,ok,True
2026-09-02T19:00:00+07:00,S11,forward,33.6,45,368,0.46,SURVEI_SIMULASI,ok,True
2026-09-08T06:00:00+07:00,S11,forward,37.9,45,228,0.29,SURVEI_SIMULASI,ok,True
2026-09-08T07:00:00+07:00,S11,forward,32.7,45,398,0.5,SURVEI_SIMULASI,ok,True
2026-09-08T08:00:00+07:00,S11,forward,33.9,45,359,0.45,SURVEI_SIMULASI,ok,True
2026-09-08T09:00:00+07:00,S11,forward,32.1,45,416,0.52,SURVEI_SIMULASI,ok,True
2026-09-08T10:00:00+07:00,S11,forward,37.1,45,256,0.32,SURVEI_SIMULASI,ok,True
2026-09-08T11:00:00+07:00,S11,forward,38.2,45,220,0.28,SURVEI_SIMULASI,ok,True
2026-09-08T12:00:00+07:00,S11,forward,38.8,45,201,0.25,SURVEI_SIMULASI,ok,True
2026-09-08T13:00:00+07:00,S11,forward,38.6,45,206,0.26,SURVEI_SIMULASI,ok,True
2026-09-08T14:00:00+07:00,S11,forward,37.3,45,250,0.31,SURVEI_SIMULASI,ok,True
2026-09-08T15:00:00+07:00,S11,forward,37.6,45,241,0.3,SURVEI_SIMULASI,ok,True
2026-09-08T16:00:00+07:00,S11,forward,34.7,45,332,0.41,SURVEI_SIMULASI,ok,True
2026-09-08T17:00:00+07:00,S11,forward,34.6,45,336,0.42,SURVEI_SIMULASI,ok,True
2026-09-08T18:00:00+07:00,S11,forward,33.6,45,370,0.46,SURVEI_SIMULASI,ok,True
2026-09-08T19:00:00+07:00,S11,forward,34.0,45,355,0.44,SURVEI_SIMULASI,ok,True
2026-09-09T06:00:00+07:00,S11,forward,37.5,45,244,0.3,SURVEI_SIMULASI,ok,True
2026-09-09T07:00:00+07:00,S11,forward,33.4,45,376,0.47,SURVEI_SIMULASI,ok,True
2026-09-09T08:00:00+07:00,S11,forward,33.2,45,381,0.48,SURVEI_SIMULASI,ok,True
2026-09-09T09:00:00+07:00,S11,forward,32.9,45,391,0.49,SURVEI_SIMULASI,ok,True
2026-09-09T10:00:00+07:00,S11,forward,37.6,45,240,0.3,SURVEI_SIMULASI,ok,True
2026-09-09T11:00:00+07:00,S11,forward,38.1,45,222,0.28,SURVEI_SIMULASI,ok,True
2026-09-09T12:00:00+07:00,S11,forward,38.3,45,217,0.27,SURVEI_SIMULASI,ok,True
2026-09-09T13:00:00+07:00,S11,forward,38.9,45,198,0.25,SURVEI_SIMULASI,ok,True
2026-09-09T14:00:00+07:00,S11,forward,38.0,45,225,0.28,SURVEI_SIMULASI,ok,True
2026-09-09T15:00:00+07:00,S11,forward,37.2,45,253,0.32,SURVEI_SIMULASI,ok,True
2026-09-09T16:00:00+07:00,S11,forward,34.6,45,337,0.42,SURVEI_SIMULASI,ok,True
2026-09-09T17:00:00+07:00,S11,forward,32.9,45,390,0.49,SURVEI_SIMULASI,ok,True
2026-09-09T18:00:00+07:00,S11,forward,34.9,45,328,0.41,SURVEI_SIMULASI,ok,True
2026-09-09T19:00:00+07:00,S11,forward,33.9,45,360,0.45,SURVEI_SIMULASI,ok,True
2026-09-03T06:00:00+07:00,S11,forward,38.2,45,219,0.27,SURVEI_SIMULASI,ok,True
2026-09-03T07:00:00+07:00,S11,forward,32.7,45,398,0.5,SURVEI_SIMULASI,ok,True
2026-09-03T08:00:00+07:00,S11,forward,32.1,45,418,0.52,SURVEI_SIMULASI,ok,True
2026-09-03T09:00:00+07:00,S11,forward,32.9,45,392,0.49,SURVEI_SIMULASI,ok,True
2026-09-03T10:00:00+07:00,S11,forward,38.2,45,219,0.27,SURVEI_SIMULASI,ok,True
2026-09-03T11:00:00+07:00,S11,forward,37.6,45,238,0.3,SURVEI_SIMULASI,ok,True
2026-09-03T12:00:00+07:00,S11,forward,38.1,45,224,0.28,SURVEI_SIMULASI,ok,True
2026-09-03T13:00:00+07:00,S11,forward,37.9,45,228,0.28,SURVEI_SIMULASI,ok,True
2026-09-03T14:00:00+07:00,S11,forward,37.1,45,255,0.32,SURVEI_SIMULASI,ok,True
2026-09-03T15:00:00+07:00,S11,forward,37.6,45,238,0.3,SURVEI_SIMULASI,ok,True
2026-09-03T16:00:00+07:00,S11,forward,27.3,45,392,0.49,SURVEI_SIMULASI,penerima_pengalihan,True
2026-09-03T17:00:00+07:00,S11,forward,26.1,45,438,0.55,SURVEI_SIMULASI,penerima_pengalihan,True
2026-09-03T18:00:00+07:00,S11,forward,34.1,45,352,0.44,SURVEI_SIMULASI,ok,True
2026-09-03T19:00:00+07:00,S11,forward,34.1,45,351,0.44,SURVEI_SIMULASI,ok,True
2026-09-04T06:00:00+07:00,S11,forward,37.0,45,259,0.32,SURVEI_SIMULASI,ok,True
2026-09-04T07:00:00+07:00,S11,forward,33.2,45,381,0.48,SURVEI_SIMULASI,ok,True
2026-09-04T08:00:00+07:00,S11,forward,32.8,45,395,0.49,SURVEI_SIMULASI,ok,True
2026-09-04T09:00:00+07:00,S11,forward,32.4,45,407,0.51,SURVEI_SIMULASI,ok,True
2026-09-04T10:00:00+07:00,S11,forward,37.0,45,260,0.33,SURVEI_SIMULASI,ok,True
2026-09-04T11:00:00+07:00,S11,forward,37.2,45,252,0.31,SURVEI_SIMULASI,ok,True
2026-09-04T12:00:00+07:00,S11,forward,39.0,45,195,0.24,SURVEI_SIMULASI,ok,True
2026-09-04T13:00:00+07:00,S11,forward,38.9,45,197,0.25,SURVEI_SIMULASI,ok,True
2026-09-04T14:00:00+07:00,S11,forward,37.3,45,250,0.31,SURVEI_SIMULASI,ok,True
2026-09-04T15:00:00+07:00,S11,forward,37.7,45,237,0.3,SURVEI_SIMULASI,ok,True
2026-09-04T16:00:00+07:00,S11,forward,27.2,45,394,0.49,SURVEI_SIMULASI,penerima_pengalihan,True
2026-09-04T17:00:00+07:00,S11,forward,26.4,45,427,0.53,SURVEI_SIMULASI,penerima_pengalihan,True
2026-09-04T18:00:00+07:00,S11,forward,35.0,45,324,0.4,SURVEI_SIMULASI,ok,True
2026-09-04T19:00:00+07:00,S11,forward,33.0,45,387,0.48,SURVEI_SIMULASI,ok,True
2026-09-05T06:00:00+07:00,S11,forward,37.9,45,228,0.29,SURVEI_SIMULASI,ok,True
2026-09-05T07:00:00+07:00,S11,forward,34.3,45,346,0.43,SURVEI_SIMULASI,ok,True
2026-09-05T08:00:00+07:00,S11,forward,33.9,45,358,0.45,SURVEI_SIMULASI,ok,True
2026-09-05T09:00:00+07:00,S11,forward,34.3,45,346,0.43,SURVEI_SIMULASI,ok,True
2026-09-05T10:00:00+07:00,S11,forward,37.8,45,234,0.29,SURVEI_SIMULASI,ok,True
2026-09-05T11:00:00+07:00,S11,forward,37.8,45,233,0.29,SURVEI_SIMULASI,ok,True
2026-09-05T12:00:00+07:00,S11,forward,38.9,45,196,0.24,SURVEI_SIMULASI,ok,True
2026-09-05T13:00:00+07:00,S11,forward,38.3,45,217,0.27,SURVEI_SIMULASI,ok,True
2026-09-05T14:00:00+07:00,S11,forward,38.2,45,220,0.28,SURVEI_SIMULASI,ok,True
2026-09-05T15:00:00+07:00,S11,forward,37.8,45,234,0.29,SURVEI_SIMULASI,ok,True
2026-09-05T16:00:00+07:00,S11,forward,25.7,45,453,0.57,SURVEI_SIMULASI,penerima_pengalihan,True
2026-09-05T17:00:00+07:00,S11,forward,25.5,45,462,0.58,SURVEI_SIMULASI,penerima_pengalihan,True
2026-09-05T18:00:00+07:00,S11,forward,33.8,45,362,0.45,SURVEI_SIMULASI,ok,True
2026-09-05T19:00:00+07:00,S11,forward,34.5,45,341,0.43,SURVEI_SIMULASI,ok,True
2026-09-06T06:00:00+07:00,S11,forward,39.0,45,194,0.24,SURVEI_SIMULASI,ok,True
2026-09-06T07:00:00+07:00,S11,forward,35.4,45,309,0.39,SURVEI_SIMULASI,ok,True
2026-09-06T08:00:00+07:00,S11,forward,33.9,45,357,0.45,SURVEI_SIMULASI,ok,True
2026-09-06T09:00:00+07:00,S11,forward,35.1,45,321,0.4,SURVEI_SIMULASI,ok,True
2026-09-06T10:00:00+07:00,S11,forward,38.9,45,196,0.25,SURVEI_SIMULASI,ok,True
2026-09-06T11:00:00+07:00,S11,forward,38.9,45,197,0.25,SURVEI_SIMULASI,ok,True
2026-09-06T12:00:00+07:00,S11,forward,39.1,45,189,0.24,SURVEI_SIMULASI,ok,True
2026-09-06T13:00:00+07:00,S11,forward,39.6,45,175,0.22,SURVEI_SIMULASI,ok,True
2026-09-06T14:00:00+07:00,S11,forward,38.5,45,211,0.26,SURVEI_SIMULASI,ok,True
2026-09-06T15:00:00+07:00,S11,forward,38.5,45,211,0.26,SURVEI_SIMULASI,ok,True
2026-09-06T16:00:00+07:00,S11,forward,34.2,45,348,0.43,SURVEI_SIMULASI,ok,True
2026-09-06T17:00:00+07:00,S11,forward,35.5,45,307,0.38,SURVEI_SIMULASI,ok,True
2026-09-06T18:00:00+07:00,S11,forward,34.1,45,353,0.44,SURVEI_SIMULASI,ok,True
2026-09-06T19:00:00+07:00,S11,forward,35.2,45,315,0.39,SURVEI_SIMULASI,ok,True
2026-09-07T06:00:00+07:00,S11,forward,38.7,45,204,0.26,SURVEI_SIMULASI,ok,True
2026-09-07T07:00:00+07:00,S11,forward,33.5,45,372,0.47,SURVEI_SIMULASI,ok,True
2026-09-07T08:00:00+07:00,S11,forward,35.1,45,320,0.4,SURVEI_SIMULASI,ok,True
2026-09-07T09:00:00+07:00,S11,forward,35.4,45,310,0.39,SURVEI_SIMULASI,ok,True
2026-09-07T10:00:00+07:00,S11,forward,38.1,45,222,0.28,SURVEI_SIMULASI,ok,True
2026-09-07T11:00:00+07:00,S11,forward,38.9,45,198,0.25,SURVEI_SIMULASI,ok,True
2026-09-07T12:00:00+07:00,S11,forward,38.8,45,200,0.25,SURVEI_SIMULASI,ok,True
2026-09-07T13:00:00+07:00,S11,forward,39.4,45,183,0.23,SURVEI_SIMULASI,ok,True
2026-09-07T14:00:00+07:00,S11,forward,38.9,45,197,0.25,SURVEI_SIMULASI,ok,True
2026-09-07T15:00:00+07:00,S11,forward,38.6,45,207,0.26,SURVEI_SIMULASI,ok,True
2026-09-07T16:00:00+07:00,S11,forward,35.3,45,314,0.39,SURVEI_SIMULASI,ok,True
2026-09-07T17:00:00+07:00,S11,forward,35.3,45,314,0.39,SURVEI_SIMULASI,ok,True
2026-09-07T18:00:00+07:00,S11,forward,35.5,45,308,0.38,SURVEI_SIMULASI,ok,True
2026-09-07T19:00:00+07:00,S11,forward,35.0,45,324,0.41,SURVEI_SIMULASI,ok,True
2026-09-01T06:00:00+07:00,S11,reverse,38.0,45,225,0.28,SURVEI_SIMULASI,ok,True
2026-09-01T07:00:00+07:00,S11,reverse,34.1,45,353,0.44,SURVEI_SIMULASI,ok,True
2026-09-01T08:00:00+07:00,S11,reverse,33.1,45,383,0.48,SURVEI_SIMULASI,ok,True
2026-09-01T09:00:00+07:00,S11,reverse,32.2,45,415,0.52,SURVEI_SIMULASI,ok,True
2026-09-01T10:00:00+07:00,S11,reverse,37.7,45,235,0.29,SURVEI_SIMULASI,ok,True
2026-09-01T11:00:00+07:00,S11,reverse,37.1,45,254,0.32,SURVEI_SIMULASI,ok,True
2026-09-01T12:00:00+07:00,S11,reverse,38.2,45,221,0.28,SURVEI_SIMULASI,ok,True
2026-09-01T13:00:00+07:00,S11,reverse,38.8,45,200,0.25,SURVEI_SIMULASI,ok,True
2026-09-01T14:00:00+07:00,S11,reverse,37.5,45,243,0.3,SURVEI_SIMULASI,ok,True
2026-09-01T15:00:00+07:00,S11,reverse,37.8,45,232,0.29,SURVEI_SIMULASI,ok,True
2026-09-01T16:00:00+07:00,S11,reverse,34.6,45,336,0.42,SURVEI_SIMULASI,ok,True
2026-09-01T17:00:00+07:00,S11,reverse,34.1,45,353,0.44,SURVEI_SIMULASI,ok,True
2026-09-01T18:00:00+07:00,S11,reverse,34.0,45,355,0.44,SURVEI_SIMULASI,ok,True
2026-09-01T19:00:00+07:00,S11,reverse,32.9,45,390,0.49,SURVEI_SIMULASI,ok,True
2026-09-02T06:00:00+07:00,S11,reverse,37.8,45,233,0.29,SURVEI_SIMULASI,ok,True
2026-09-02T07:00:00+07:00,S11,reverse,34.1,45,353,0.44,SURVEI_SIMULASI,ok,True
2026-09-02T08:00:00+07:00,S11,reverse,34.3,45,346,0.43,SURVEI_SIMULASI,ok,True
2026-09-02T09:00:00+07:00,S11,reverse,33.3,45,377,0.47,SURVEI_SIMULASI,ok,True
2026-09-02T10:00:00+07:00,S11,reverse,37.8,45,232,0.29,SURVEI_SIMULASI,ok,True
2026-09-02T11:00:00+07:00,S11,reverse,38.2,45,219,0.27,SURVEI_SIMULASI,ok,True
2026-09-02T12:00:00+07:00,S11,reverse,38.9,45,196,0.25,SURVEI_SIMULASI,ok,True
2026-09-02T13:00:00+07:00,S11,reverse,38.7,45,205,0.26,SURVEI_SIMULASI,ok,True
2026-09-02T14:00:00+07:00,S11,reverse,37.5,45,241,0.3,SURVEI_SIMULASI,ok,True
2026-09-02T15:00:00+07:00,S11,reverse,37.4,45,246,0.31,SURVEI_SIMULASI,ok,True
2026-09-02T16:00:00+07:00,S11,reverse,33.5,45,373,0.47,SURVEI_SIMULASI,ok,True
2026-09-02T17:00:00+07:00,S11,reverse,33.1,45,384,0.48,SURVEI_SIMULASI,ok,True
2026-09-02T18:00:00+07:00,S11,reverse,33.9,45,360,0.45,SURVEI_SIMULASI,ok,True
2026-09-02T19:00:00+07:00,S11,reverse,34.7,45,333,0.42,SURVEI_SIMULASI,ok,True
2026-09-08T06:00:00+07:00,S11,reverse,37.3,45,248,0.31,SURVEI_SIMULASI,ok,True
2026-09-08T07:00:00+07:00,S11,reverse,32.6,45,400,0.5,SURVEI_SIMULASI,ok,True
2026-09-08T08:00:00+07:00,S11,reverse,32.6,45,401,0.5,SURVEI_SIMULASI,ok,True
2026-09-08T09:00:00+07:00,S11,reverse,33.9,45,359,0.45,SURVEI_SIMULASI,ok,True
2026-09-08T10:00:00+07:00,S11,reverse,37.2,45,251,0.31,SURVEI_SIMULASI,ok,True
2026-09-08T11:00:00+07:00,S11,reverse,37.8,45,233,0.29,SURVEI_SIMULASI,ok,True
2026-09-08T12:00:00+07:00,S11,reverse,38.9,45,197,0.25,SURVEI_SIMULASI,ok,True
2026-09-08T13:00:00+07:00,S11,reverse,38.4,45,213,0.27,SURVEI_SIMULASI,ok,True
2026-09-08T14:00:00+07:00,S11,reverse,37.2,45,253,0.32,SURVEI_SIMULASI,ok,True
2026-09-08T15:00:00+07:00,S11,reverse,37.7,45,237,0.3,SURVEI_SIMULASI,ok,True
2026-09-08T16:00:00+07:00,S11,reverse,34.8,45,330,0.41,SURVEI_SIMULASI,ok,True
2026-09-08T17:00:00+07:00,S11,reverse,33.2,45,380,0.48,SURVEI_SIMULASI,ok,True
2026-09-08T18:00:00+07:00,S11,reverse,32.9,45,390,0.49,SURVEI_SIMULASI,ok,True
2026-09-08T19:00:00+07:00,S11,reverse,34.7,45,332,0.42,SURVEI_SIMULASI,ok,True
2026-09-09T06:00:00+07:00,S11,reverse,37.8,45,232,0.29,SURVEI_SIMULASI,ok,True
2026-09-09T07:00:00+07:00,S11,reverse,32.4,45,408,0.51,SURVEI_SIMULASI,ok,True
2026-09-09T08:00:00+07:00,S11,reverse,33.4,45,375,0.47,SURVEI_SIMULASI,ok,True
2026-09-09T09:00:00+07:00,S11,reverse,33.9,45,358,0.45,SURVEI_SIMULASI,ok,True
2026-09-09T10:00:00+07:00,S11,reverse,37.1,45,256,0.32,SURVEI_SIMULASI,ok,True
2026-09-09T11:00:00+07:00,S11,reverse,37.3,45,250,0.31,SURVEI_SIMULASI,ok,True
2026-09-09T12:00:00+07:00,S11,reverse,39.0,45,193,0.24,SURVEI_SIMULASI,ok,True
2026-09-09T13:00:00+07:00,S11,reverse,39.0,45,193,0.24,SURVEI_SIMULASI,ok,True
2026-09-09T14:00:00+07:00,S11,reverse,37.5,45,242,0.3,SURVEI_SIMULASI,ok,True
2026-09-09T15:00:00+07:00,S11,reverse,37.1,45,256,0.32,SURVEI_SIMULASI,ok,True
2026-09-09T16:00:00+07:00,S11,reverse,33.0,45,387,0.48,SURVEI_SIMULASI,ok,True
2026-09-09T17:00:00+07:00,S11,reverse,35.0,45,323,0.4,SURVEI_SIMULASI,ok,True
2026-09-09T18:00:00+07:00,S11,reverse,34.3,45,346,0.43,SURVEI_SIMULASI,ok,True
2026-09-09T19:00:00+07:00,S11,reverse,33.7,45,364,0.46,SURVEI_SIMULASI,ok,True
2026-09-03T06:00:00+07:00,S11,reverse,37.0,45,257,0.32,SURVEI_SIMULASI,ok,True
2026-09-03T07:00:00+07:00,S11,reverse,33.1,45,386,0.48,SURVEI_SIMULASI,ok,True
2026-09-03T08:00:00+07:00,S11,reverse,32.6,45,401,0.5,SURVEI_SIMULASI,ok,True
2026-09-03T09:00:00+07:00,S11,reverse,33.4,45,374,0.47,SURVEI_SIMULASI,ok,True
2026-09-03T10:00:00+07:00,S11,reverse,37.5,45,241,0.3,SURVEI_SIMULASI,ok,True
2026-09-03T11:00:00+07:00,S11,reverse,37.9,45,230,0.29,SURVEI_SIMULASI,ok,True
2026-09-03T12:00:00+07:00,S11,reverse,39.0,45,195,0.24,SURVEI_SIMULASI,ok,True
2026-09-03T13:00:00+07:00,S11,reverse,39.0,45,193,0.24,SURVEI_SIMULASI,ok,True
2026-09-03T14:00:00+07:00,S11,reverse,37.2,45,254,0.32,SURVEI_SIMULASI,ok,True
2026-09-03T15:00:00+07:00,S11,reverse,37.1,45,254,0.32,SURVEI_SIMULASI,ok,True
2026-09-03T16:00:00+07:00,S11,reverse,27.2,45,395,0.49,SURVEI_SIMULASI,penerima_pengalihan,True
2026-09-03T17:00:00+07:00,S11,reverse,26.9,45,407,0.51,SURVEI_SIMULASI,penerima_pengalihan,True
2026-09-03T18:00:00+07:00,S11,reverse,34.8,45,329,0.41,SURVEI_SIMULASI,ok,True
2026-09-03T19:00:00+07:00,S11,reverse,33.9,45,359,0.45,SURVEI_SIMULASI,ok,True
2026-09-04T06:00:00+07:00,S11,reverse,37.6,45,240,0.3,SURVEI_SIMULASI,ok,True
2026-09-04T07:00:00+07:00,S11,reverse,33.1,45,386,0.48,SURVEI_SIMULASI,ok,True
2026-09-04T08:00:00+07:00,S11,reverse,34.1,45,351,0.44,SURVEI_SIMULASI,ok,True
2026-09-04T09:00:00+07:00,S11,reverse,33.6,45,369,0.46,SURVEI_SIMULASI,ok,True
2026-09-04T10:00:00+07:00,S11,reverse,37.5,45,244,0.3,SURVEI_SIMULASI,ok,True
2026-09-04T11:00:00+07:00,S11,reverse,37.1,45,256,0.32,SURVEI_SIMULASI,ok,True
2026-09-04T12:00:00+07:00,S11,reverse,38.6,45,207,0.26,SURVEI_SIMULASI,ok,True
2026-09-04T13:00:00+07:00,S11,reverse,38.4,45,213,0.27,SURVEI_SIMULASI,ok,True
2026-09-04T14:00:00+07:00,S11,reverse,38.3,45,218,0.27,SURVEI_SIMULASI,ok,True
2026-09-04T15:00:00+07:00,S11,reverse,36.9,45,261,0.33,SURVEI_SIMULASI,ok,True
2026-09-04T16:00:00+07:00,S11,reverse,27.0,45,402,0.5,SURVEI_SIMULASI,penerima_pengalihan,True
2026-09-04T17:00:00+07:00,S11,reverse,25.2,45,473,0.59,SURVEI_SIMULASI,penerima_pengalihan,True
2026-09-04T18:00:00+07:00,S11,reverse,33.3,45,378,0.47,SURVEI_SIMULASI,ok,True
2026-09-04T19:00:00+07:00,S11,reverse,34.8,45,331,0.41,SURVEI_SIMULASI,ok,True
2026-09-05T06:00:00+07:00,S11,reverse,37.5,45,243,0.3,SURVEI_SIMULASI,ok,True
2026-09-05T07:00:00+07:00,S11,reverse,33.4,45,374,0.47,SURVEI_SIMULASI,ok,True
2026-09-05T08:00:00+07:00,S11,reverse,32.2,45,413,0.52,SURVEI_SIMULASI,ok,True
2026-09-05T09:00:00+07:00,S11,reverse,34.2,45,349,0.44,SURVEI_SIMULASI,ok,True
2026-09-05T10:00:00+07:00,S11,reverse,37.3,45,248,0.31,SURVEI_SIMULASI,ok,True
2026-09-05T11:00:00+07:00,S11,reverse,38.3,45,217,0.27,SURVEI_SIMULASI,ok,True
2026-09-05T12:00:00+07:00,S11,reverse,38.9,45,199,0.25,SURVEI_SIMULASI,ok,True
2026-09-05T13:00:00+07:00,S11,reverse,38.5,45,211,0.26,SURVEI_SIMULASI,ok,True
2026-09-05T14:00:00+07:00,S11,reverse,37.2,45,251,0.31,SURVEI_SIMULASI,ok,True
2026-09-05T15:00:00+07:00,S11,reverse,38.3,45,215,0.27,SURVEI_SIMULASI,ok,True
2026-09-05T16:00:00+07:00,S11,reverse,26.2,45,434,0.54,SURVEI_SIMULASI,penerima_pengalihan,True
2026-09-05T17:00:00+07:00,S11,reverse,26.9,45,409,0.51,SURVEI_SIMULASI,penerima_pengalihan,True
2026-09-05T18:00:00+07:00,S11,reverse,32.9,45,391,0.49,SURVEI_SIMULASI,ok,True
2026-09-05T19:00:00+07:00,S11,reverse,32.9,45,390,0.49,SURVEI_SIMULASI,ok,True
2026-09-06T06:00:00+07:00,S11,reverse,38.9,45,196,0.25,SURVEI_SIMULASI,ok,True
2026-09-06T07:00:00+07:00,S11,reverse,34.4,45,343,0.43,SURVEI_SIMULASI,ok,True
2026-09-06T08:00:00+07:00,S11,reverse,33.9,45,359,0.45,SURVEI_SIMULASI,ok,True
2026-09-06T09:00:00+07:00,S11,reverse,34.7,45,332,0.42,SURVEI_SIMULASI,ok,True
2026-09-06T10:00:00+07:00,S11,reverse,38.8,45,202,0.25,SURVEI_SIMULASI,ok,True
2026-09-06T11:00:00+07:00,S11,reverse,38.2,45,221,0.28,SURVEI_SIMULASI,ok,True
2026-09-06T12:00:00+07:00,S11,reverse,39.0,45,193,0.24,SURVEI_SIMULASI,ok,True
2026-09-06T13:00:00+07:00,S11,reverse,39.4,45,183,0.23,SURVEI_SIMULASI,ok,True
2026-09-06T14:00:00+07:00,S11,reverse,38.3,45,218,0.27,SURVEI_SIMULASI,ok,True
2026-09-06T15:00:00+07:00,S11,reverse,38.6,45,206,0.26,SURVEI_SIMULASI,ok,True
2026-09-06T16:00:00+07:00,S11,reverse,36.0,45,292,0.37,SURVEI_SIMULASI,ok,True
2026-09-06T17:00:00+07:00,S11,reverse,36.0,45,289,0.36,SURVEI_SIMULASI,ok,True
2026-09-06T18:00:00+07:00,S11,reverse,34.3,45,346,0.43,SURVEI_SIMULASI,ok,True
2026-09-06T19:00:00+07:00,S11,reverse,34.6,45,335,0.42,SURVEI_SIMULASI,ok,True
2026-09-07T06:00:00+07:00,S11,reverse,38.3,45,217,0.27,SURVEI_SIMULASI,ok,True
2026-09-07T07:00:00+07:00,S11,reverse,34.9,45,326,0.41,SURVEI_SIMULASI,ok,True
2026-09-07T08:00:00+07:00,S11,reverse,33.5,45,373,0.47,SURVEI_SIMULASI,ok,True
2026-09-07T09:00:00+07:00,S11,reverse,34.1,45,353,0.44,SURVEI_SIMULASI,ok,True
2026-09-07T10:00:00+07:00,S11,reverse,38.4,45,214,0.27,SURVEI_SIMULASI,ok,True
2026-09-07T11:00:00+07:00,S11,reverse,37.8,45,233,0.29,SURVEI_SIMULASI,ok,True
2026-09-07T12:00:00+07:00,S11,reverse,39.6,45,175,0.22,SURVEI_SIMULASI,ok,True
2026-09-07T13:00:00+07:00,S11,reverse,39.4,45,180,0.22,SURVEI_SIMULASI,ok,True
2026-09-07T14:00:00+07:00,S11,reverse,38.8,45,201,0.25,SURVEI_SIMULASI,ok,True
2026-09-07T15:00:00+07:00,S11,reverse,37.8,45,232,0.29,SURVEI_SIMULASI,ok,True
2026-09-07T16:00:00+07:00,S11,reverse,35.3,45,315,0.39,SURVEI_SIMULASI,ok,True
2026-09-07T17:00:00+07:00,S11,reverse,34.2,45,350,0.44,SURVEI_SIMULASI,ok,True
2026-09-07T18:00:00+07:00,S11,reverse,35.2,45,318,0.4,SURVEI_SIMULASI,ok,True
2026-09-07T19:00:00+07:00,S11,reverse,34.1,45,353,0.44,SURVEI_SIMULASI,ok,True
2026-09-01T06:00:00+07:00,S12,forward,37.6,45,240,0.3,SURVEI_SIMULASI,ok,True
2026-09-01T07:00:00+07:00,S12,forward,32.2,45,413,0.52,SURVEI_SIMULASI,ok,True
2026-09-01T08:00:00+07:00,S12,forward,32.1,45,418,0.52,SURVEI_SIMULASI,ok,True
2026-09-01T09:00:00+07:00,S12,forward,33.8,45,362,0.45,SURVEI_SIMULASI,ok,True
2026-09-01T10:00:00+07:00,S12,forward,36.9,45,262,0.33,SURVEI_SIMULASI,ok,True
2026-09-01T11:00:00+07:00,S12,forward,37.7,45,236,0.29,SURVEI_SIMULASI,ok,True
2026-09-01T12:00:00+07:00,S12,forward,38.3,45,217,0.27,SURVEI_SIMULASI,ok,True
2026-09-01T13:00:00+07:00,S12,forward,38.3,45,215,0.27,SURVEI_SIMULASI,ok,True
2026-09-01T14:00:00+07:00,S12,forward,37.0,45,258,0.32,SURVEI_SIMULASI,ok,True
2026-09-01T15:00:00+07:00,S12,forward,37.8,45,232,0.29,SURVEI_SIMULASI,ok,True
2026-09-01T16:00:00+07:00,S12,forward,33.7,45,367,0.46,SURVEI_SIMULASI,ok,True
2026-09-01T17:00:00+07:00,S12,forward,34.7,45,333,0.42,SURVEI_SIMULASI,ok,True
2026-09-01T18:00:00+07:00,S12,forward,32.6,45,400,0.5,SURVEI_SIMULASI,ok,True
2026-09-01T19:00:00+07:00,S12,forward,32.7,45,398,0.5,SURVEI_SIMULASI,ok,True
2026-09-02T06:00:00+07:00,S12,forward,36.7,45,267,0.33,SURVEI_SIMULASI,ok,True
2026-09-02T07:00:00+07:00,S12,forward,31.9,45,424,0.53,SURVEI_SIMULASI,ok,True
2026-09-02T08:00:00+07:00,S12,forward,32.2,45,413,0.52,SURVEI_SIMULASI,ok,True
2026-09-02T09:00:00+07:00,S12,forward,33.0,45,388,0.49,SURVEI_SIMULASI,ok,True
2026-09-02T10:00:00+07:00,S12,forward,37.0,45,259,0.32,SURVEI_SIMULASI,ok,True
2026-09-02T11:00:00+07:00,S12,forward,37.2,45,251,0.31,SURVEI_SIMULASI,ok,True
2026-09-02T12:00:00+07:00,S12,forward,38.6,45,207,0.26,SURVEI_SIMULASI,ok,True
2026-09-02T13:00:00+07:00,S12,forward,37.6,45,241,0.3,SURVEI_SIMULASI,ok,True
2026-09-02T14:00:00+07:00,S12,forward,36.8,45,264,0.33,SURVEI_SIMULASI,ok,True
2026-09-02T15:00:00+07:00,S12,forward,36.9,45,263,0.33,SURVEI_SIMULASI,ok,True
2026-09-02T16:00:00+07:00,S12,forward,33.5,45,371,0.46,SURVEI_SIMULASI,ok,True
2026-09-02T17:00:00+07:00,S12,forward,33.0,45,389,0.49,SURVEI_SIMULASI,ok,True
2026-09-02T18:00:00+07:00,S12,forward,33.5,45,372,0.46,SURVEI_SIMULASI,ok,True
2026-09-02T19:00:00+07:00,S12,forward,33.0,45,389,0.49,SURVEI_SIMULASI,ok,True
2026-09-08T06:00:00+07:00,S12,forward,37.2,45,253,0.32,SURVEI_SIMULASI,ok,True
2026-09-08T07:00:00+07:00,S12,forward,32.0,45,422,0.53,SURVEI_SIMULASI,ok,True
2026-09-08T08:00:00+07:00,S12,forward,32.6,45,399,0.5,SURVEI_SIMULASI,ok,True
2026-09-08T09:00:00+07:00,S12,forward,33.5,45,372,0.47,SURVEI_SIMULASI,ok,True
2026-09-08T10:00:00+07:00,S12,forward,36.7,45,268,0.34,SURVEI_SIMULASI,ok,True
2026-09-08T11:00:00+07:00,S12,forward,37.2,45,252,0.31,SURVEI_SIMULASI,ok,True
2026-09-08T12:00:00+07:00,S12,forward,38.5,45,209,0.26,SURVEI_SIMULASI,ok,True
2026-09-08T13:00:00+07:00,S12,forward,37.7,45,237,0.3,SURVEI_SIMULASI,ok,True
2026-09-08T14:00:00+07:00,S12,forward,37.8,45,232,0.29,SURVEI_SIMULASI,ok,True
2026-09-08T15:00:00+07:00,S12,forward,37.7,45,235,0.29,SURVEI_SIMULASI,ok,True
2026-09-08T16:00:00+07:00,S12,forward,34.5,45,341,0.43,SURVEI_SIMULASI,ok,True
2026-09-08T17:00:00+07:00,S12,forward,33.2,45,382,0.48,SURVEI_SIMULASI,ok,True
2026-09-08T18:00:00+07:00,S12,forward,33.9,45,359,0.45,SURVEI_SIMULASI,ok,True
2026-09-08T19:00:00+07:00,S12,forward,34.1,45,354,0.44,SURVEI_SIMULASI,ok,True
2026-09-09T06:00:00+07:00,S12,forward,37.3,45,248,0.31,SURVEI_SIMULASI,ok,True
2026-09-09T07:00:00+07:00,S12,forward,33.0,45,388,0.48,SURVEI_SIMULASI,ok,True
2026-09-09T08:00:00+07:00,S12,forward,32.7,45,397,0.5,SURVEI_SIMULASI,ok,True
2026-09-09T09:00:00+07:00,S12,forward,32.9,45,391,0.49,SURVEI_SIMULASI,ok,True
2026-09-09T10:00:00+07:00,S12,forward,38.0,45,227,0.28,SURVEI_SIMULASI,ok,True
2026-09-09T11:00:00+07:00,S12,forward,38.0,45,227,0.28,SURVEI_SIMULASI,ok,True
2026-09-09T12:00:00+07:00,S12,forward,38.1,45,224,0.28,SURVEI_SIMULASI,ok,True
2026-09-09T13:00:00+07:00,S12,forward,38.8,45,202,0.25,SURVEI_SIMULASI,ok,True
2026-09-09T14:00:00+07:00,S12,forward,37.6,45,240,0.3,SURVEI_SIMULASI,ok,True
2026-09-09T15:00:00+07:00,S12,forward,37.7,45,237,0.3,SURVEI_SIMULASI,ok,True
2026-09-09T16:00:00+07:00,S12,forward,33.7,45,367,0.46,SURVEI_SIMULASI,ok,True
2026-09-09T17:00:00+07:00,S12,forward,33.2,45,380,0.48,SURVEI_SIMULASI,ok,True
2026-09-09T18:00:00+07:00,S12,forward,34.2,45,349,0.44,SURVEI_SIMULASI,ok,True
2026-09-09T19:00:00+07:00,S12,forward,33.9,45,358,0.45,SURVEI_SIMULASI,ok,True
2026-09-03T06:00:00+07:00,S12,forward,37.5,45,241,0.3,SURVEI_SIMULASI,ok,True
2026-09-03T07:00:00+07:00,S12,forward,32.2,45,415,0.52,SURVEI_SIMULASI,ok,True
2026-09-03T08:00:00+07:00,S12,forward,31.9,45,423,0.53,SURVEI_SIMULASI,ok,True
2026-09-03T09:00:00+07:00,S12,forward,33.3,45,378,0.47,SURVEI_SIMULASI,ok,True
2026-09-03T10:00:00+07:00,S12,forward,37.4,45,247,0.31,SURVEI_SIMULASI,ok,True
2026-09-03T11:00:00+07:00,S12,forward,38.1,45,223,0.28,SURVEI_SIMULASI,ok,True
2026-09-03T12:00:00+07:00,S12,forward,38.8,45,202,0.25,SURVEI_SIMULASI,ok,True
2026-09-03T13:00:00+07:00,S12,forward,37.8,45,232,0.29,SURVEI_SIMULASI,ok,True
2026-09-03T14:00:00+07:00,S12,forward,37.4,45,245,0.31,SURVEI_SIMULASI,ok,True
2026-09-03T15:00:00+07:00,S12,forward,37.3,45,250,0.31,SURVEI_SIMULASI,ok,True
2026-09-03T16:00:00+07:00,S12,forward,33.3,45,378,0.47,SURVEI_SIMULASI,ok,True
2026-09-03T17:00:00+07:00,S12,forward,33.7,45,366,0.46,SURVEI_SIMULASI,ok,True
2026-09-03T18:00:00+07:00,S12,forward,32.6,45,401,0.5,SURVEI_SIMULASI,ok,True
2026-09-03T19:00:00+07:00,S12,forward,32.8,45,394,0.49,SURVEI_SIMULASI,ok,True
2026-09-04T06:00:00+07:00,S12,forward,37.9,45,228,0.29,SURVEI_SIMULASI,ok,True
2026-09-04T07:00:00+07:00,S12,forward,32.7,45,399,0.5,SURVEI_SIMULASI,ok,True
2026-09-04T08:00:00+07:00,S12,forward,33.6,45,368,0.46,SURVEI_SIMULASI,ok,True
2026-09-04T09:00:00+07:00,S12,forward,33.7,45,364,0.45,SURVEI_SIMULASI,ok,True
2026-09-04T10:00:00+07:00,S12,forward,37.9,45,231,0.29,SURVEI_SIMULASI,ok,True
2026-09-04T11:00:00+07:00,S12,forward,37.2,45,252,0.31,SURVEI_SIMULASI,ok,True
2026-09-04T12:00:00+07:00,S12,forward,37.6,45,239,0.3,SURVEI_SIMULASI,ok,True
2026-09-04T13:00:00+07:00,S12,forward,38.2,45,219,0.27,SURVEI_SIMULASI,ok,True
2026-09-04T14:00:00+07:00,S12,forward,36.7,45,268,0.33,SURVEI_SIMULASI,ok,True
2026-09-04T15:00:00+07:00,S12,forward,37.0,45,258,0.32,SURVEI_SIMULASI,ok,True
2026-09-04T16:00:00+07:00,S12,forward,33.9,45,359,0.45,SURVEI_SIMULASI,ok,True
2026-09-04T17:00:00+07:00,S12,forward,34.5,45,340,0.42,SURVEI_SIMULASI,ok,True
2026-09-04T18:00:00+07:00,S12,forward,33.7,45,366,0.46,SURVEI_SIMULASI,ok,True
2026-09-04T19:00:00+07:00,S12,forward,34.7,45,333,0.42,SURVEI_SIMULASI,ok,True
2026-09-05T06:00:00+07:00,S12,forward,37.7,45,235,0.29,SURVEI_SIMULASI,ok,True
2026-09-05T07:00:00+07:00,S12,forward,34.0,45,356,0.44,SURVEI_SIMULASI,ok,True
2026-09-05T08:00:00+07:00,S12,forward,32.2,45,415,0.52,SURVEI_SIMULASI,ok,True
2026-09-05T09:00:00+07:00,S12,forward,31.9,45,422,0.53,SURVEI_SIMULASI,ok,True
2026-09-05T10:00:00+07:00,S12,forward,37.6,45,240,0.3,SURVEI_SIMULASI,ok,True
2026-09-05T11:00:00+07:00,S12,forward,37.7,45,235,0.29,SURVEI_SIMULASI,ok,True
2026-09-05T12:00:00+07:00,S12,forward,38.2,45,219,0.27,SURVEI_SIMULASI,ok,True
2026-09-05T13:00:00+07:00,S12,forward,38.1,45,222,0.28,SURVEI_SIMULASI,ok,True
2026-09-05T14:00:00+07:00,S12,forward,37.9,45,229,0.29,SURVEI_SIMULASI,ok,True
2026-09-05T15:00:00+07:00,S12,forward,36.7,45,269,0.34,SURVEI_SIMULASI,ok,True
2026-09-05T16:00:00+07:00,S12,forward,32.9,45,393,0.49,SURVEI_SIMULASI,ok,True
2026-09-05T17:00:00+07:00,S12,forward,34.5,45,338,0.42,SURVEI_SIMULASI,ok,True
2026-09-05T18:00:00+07:00,S12,forward,33.1,45,384,0.48,SURVEI_SIMULASI,ok,True
2026-09-05T19:00:00+07:00,S12,forward,33.4,45,376,0.47,SURVEI_SIMULASI,ok,True
2026-09-06T06:00:00+07:00,S12,forward,38.7,45,203,0.25,SURVEI_SIMULASI,ok,True
2026-09-06T07:00:00+07:00,S12,forward,35.1,45,320,0.4,SURVEI_SIMULASI,ok,True
2026-09-06T08:00:00+07:00,S12,forward,34.5,45,339,0.42,SURVEI_SIMULASI,ok,True
2026-09-06T09:00:00+07:00,S12,forward,34.4,45,343,0.43,SURVEI_SIMULASI,ok,True
2026-09-06T10:00:00+07:00,S12,forward,37.9,45,230,0.29,SURVEI_SIMULASI,ok,True
2026-09-06T11:00:00+07:00,S12,forward,37.5,45,243,0.3,SURVEI_SIMULASI,ok,True
2026-09-06T12:00:00+07:00,S12,forward,38.7,45,205,0.26,SURVEI_SIMULASI,ok,True
2026-09-06T13:00:00+07:00,S12,forward,39.0,45,195,0.24,SURVEI_SIMULASI,ok,True
2026-09-06T14:00:00+07:00,S12,forward,38.4,45,213,0.27,SURVEI_SIMULASI,ok,True
2026-09-06T15:00:00+07:00,S12,forward,38.6,45,208,0.26,SURVEI_SIMULASI,ok,True
2026-09-06T16:00:00+07:00,S12,forward,35.4,45,310,0.39,SURVEI_SIMULASI,ok,True
2026-09-06T17:00:00+07:00,S12,forward,34.0,45,355,0.44,SURVEI_SIMULASI,ok,True
2026-09-06T18:00:00+07:00,S12,forward,35.1,45,321,0.4,SURVEI_SIMULASI,ok,True
2026-09-06T19:00:00+07:00,S12,forward,33.8,45,363,0.45,SURVEI_SIMULASI,ok,True
2026-09-07T06:00:00+07:00,S12,forward,37.6,45,240,0.3,SURVEI_SIMULASI,ok,True
2026-09-07T07:00:00+07:00,S12,forward,33.2,45,382,0.48,SURVEI_SIMULASI,ok,True
2026-09-07T08:00:00+07:00,S12,forward,33.7,45,367,0.46,SURVEI_SIMULASI,ok,True
2026-09-07T09:00:00+07:00,S12,forward,34.5,45,338,0.42,SURVEI_SIMULASI,ok,True
2026-09-07T10:00:00+07:00,S12,forward,38.8,45,202,0.25,SURVEI_SIMULASI,ok,True
2026-09-07T11:00:00+07:00,S12,forward,37.6,45,241,0.3,SURVEI_SIMULASI,ok,True
2026-09-07T12:00:00+07:00,S12,forward,38.5,45,211,0.26,SURVEI_SIMULASI,ok,True
2026-09-07T13:00:00+07:00,S12,forward,39.1,45,189,0.24,SURVEI_SIMULASI,ok,True
2026-09-07T14:00:00+07:00,S12,forward,37.7,45,235,0.29,SURVEI_SIMULASI,ok,True
2026-09-07T15:00:00+07:00,S12,forward,37.5,45,243,0.3,SURVEI_SIMULASI,ok,True
2026-09-07T16:00:00+07:00,S12,forward,34.0,45,355,0.44,SURVEI_SIMULASI,ok,True
2026-09-07T17:00:00+07:00,S12,forward,34.9,45,328,0.41,SURVEI_SIMULASI,ok,True
2026-09-07T18:00:00+07:00,S12,forward,35.4,45,309,0.39,SURVEI_SIMULASI,ok,True
2026-09-07T19:00:00+07:00,S12,forward,34.7,45,332,0.41,SURVEI_SIMULASI,ok,True
2026-09-01T06:00:00+07:00,S12,reverse,37.0,45,258,0.32,SURVEI_SIMULASI,ok,True
2026-09-01T07:00:00+07:00,S12,reverse,32.5,45,404,0.51,SURVEI_SIMULASI,ok,True
2026-09-01T08:00:00+07:00,S12,reverse,33.7,45,364,0.46,SURVEI_SIMULASI,ok,True
2026-09-01T09:00:00+07:00,S12,reverse,31.8,45,427,0.53,SURVEI_SIMULASI,ok,True
2026-09-01T10:00:00+07:00,S12,reverse,37.3,45,250,0.31,SURVEI_SIMULASI,ok,True
2026-09-01T11:00:00+07:00,S12,reverse,38.1,45,221,0.28,SURVEI_SIMULASI,ok,True
2026-09-01T12:00:00+07:00,S12,reverse,38.0,45,225,0.28,SURVEI_SIMULASI,ok,True
2026-09-01T13:00:00+07:00,S12,reverse,37.5,45,243,0.3,SURVEI_SIMULASI,ok,True
2026-09-01T14:00:00+07:00,S12,reverse,36.8,45,264,0.33,SURVEI_SIMULASI,ok,True
2026-09-01T15:00:00+07:00,S12,reverse,37.5,45,241,0.3,SURVEI_SIMULASI,ok,True
2026-09-01T16:00:00+07:00,S12,reverse,32.7,45,398,0.5,SURVEI_SIMULASI,ok,True
2026-09-01T17:00:00+07:00,S12,reverse,33.2,45,382,0.48,SURVEI_SIMULASI,ok,True
2026-09-01T18:00:00+07:00,S12,reverse,32.5,45,403,0.5,SURVEI_SIMULASI,ok,True
2026-09-01T19:00:00+07:00,S12,reverse,33.1,45,385,0.48,SURVEI_SIMULASI,ok,True
2026-09-02T06:00:00+07:00,S12,reverse,37.0,45,260,0.33,SURVEI_SIMULASI,ok,True
2026-09-02T07:00:00+07:00,S12,reverse,33.5,45,371,0.46,SURVEI_SIMULASI,ok,True
2026-09-02T08:00:00+07:00,S12,reverse,33.2,45,381,0.48,SURVEI_SIMULASI,ok,True
2026-09-02T09:00:00+07:00,S12,reverse,32.8,45,393,0.49,SURVEI_SIMULASI,ok,True
2026-09-02T10:00:00+07:00,S12,reverse,37.9,45,230,0.29,SURVEI_SIMULASI,ok,True
2026-09-02T11:00:00+07:00,S12,reverse,37.9,45,231,0.29,SURVEI_SIMULASI,ok,True
2026-09-02T12:00:00+07:00,S12,reverse,37.6,45,241,0.3,SURVEI_SIMULASI,ok,True
2026-09-02T13:00:00+07:00,S12,reverse,38.6,45,208,0.26,SURVEI_SIMULASI,ok,True
2026-09-02T14:00:00+07:00,S12,reverse,37.4,45,246,0.31,SURVEI_SIMULASI,ok,True
2026-09-02T15:00:00+07:00,S12,reverse,37.6,45,238,0.3,SURVEI_SIMULASI,ok,True
2026-09-02T16:00:00+07:00,S12,reverse,33.4,45,376,0.47,SURVEI_SIMULASI,ok,True
2026-09-02T17:00:00+07:00,S12,reverse,33.5,45,370,0.46,SURVEI_SIMULASI,ok,True
2026-09-02T18:00:00+07:00,S12,reverse,32.5,45,402,0.5,SURVEI_SIMULASI,ok,True
2026-09-02T19:00:00+07:00,S12,reverse,34.0,45,355,0.44,SURVEI_SIMULASI,ok,True
2026-09-08T06:00:00+07:00,S12,reverse,36.8,45,266,0.33,SURVEI_SIMULASI,ok,True
2026-09-08T07:00:00+07:00,S12,reverse,32.2,45,412,0.52,SURVEI_SIMULASI,ok,True
2026-09-08T08:00:00+07:00,S12,reverse,32.8,45,394,0.49,SURVEI_SIMULASI,ok,True
2026-09-08T09:00:00+07:00,S12,reverse,31.7,45,431,0.54,SURVEI_SIMULASI,ok,True
2026-09-08T10:00:00+07:00,S12,reverse,37.6,45,239,0.3,SURVEI_SIMULASI,ok,True
2026-09-08T11:00:00+07:00,S12,reverse,37.6,45,240,0.3,SURVEI_SIMULASI,ok,True
2026-09-08T12:00:00+07:00,S12,reverse,38.7,45,204,0.25,SURVEI_SIMULASI,ok,True
2026-09-08T13:00:00+07:00,S12,reverse,38.1,45,222,0.28,SURVEI_SIMULASI,ok,True
2026-09-08T14:00:00+07:00,S12,reverse,37.5,45,242,0.3,SURVEI_SIMULASI,ok,True
2026-09-08T15:00:00+07:00,S12,reverse,36.7,45,267,0.33,SURVEI_SIMULASI,ok,True
2026-09-08T16:00:00+07:00,S12,reverse,32.6,45,402,0.5,SURVEI_SIMULASI,ok,True
2026-09-08T17:00:00+07:00,S12,reverse,33.3,45,377,0.47,SURVEI_SIMULASI,ok,True
2026-09-08T18:00:00+07:00,S12,reverse,32.7,45,396,0.5,SURVEI_SIMULASI,ok,True
2026-09-08T19:00:00+07:00,S12,reverse,32.8,45,393,0.49,SURVEI_SIMULASI,ok,True
2026-09-09T06:00:00+07:00,S12,reverse,36.6,45,270,0.34,SURVEI_SIMULASI,ok,True
2026-09-09T07:00:00+07:00,S12,reverse,32.6,45,400,0.5,SURVEI_SIMULASI,ok,True
2026-09-09T08:00:00+07:00,S12,reverse,33.1,45,385,0.48,SURVEI_SIMULASI,ok,True
2026-09-09T09:00:00+07:00,S12,reverse,32.0,45,421,0.53,SURVEI_SIMULASI,ok,True
2026-09-09T10:00:00+07:00,S12,reverse,37.5,45,243,0.3,SURVEI_SIMULASI,ok,True
2026-09-09T11:00:00+07:00,S12,reverse,37.4,45,247,0.31,SURVEI_SIMULASI,ok,True
2026-09-09T12:00:00+07:00,S12,reverse,38.4,45,213,0.27,SURVEI_SIMULASI,ok,True
2026-09-09T13:00:00+07:00,S12,reverse,37.9,45,230,0.29,SURVEI_SIMULASI,ok,True
2026-09-09T14:00:00+07:00,S12,reverse,37.4,45,246,0.31,SURVEI_SIMULASI,ok,True
2026-09-09T15:00:00+07:00,S12,reverse,37.0,45,258,0.32,SURVEI_SIMULASI,ok,True
2026-09-09T16:00:00+07:00,S12,reverse,33.2,45,381,0.48,SURVEI_SIMULASI,ok,True
2026-09-09T17:00:00+07:00,S12,reverse,34.1,45,353,0.44,SURVEI_SIMULASI,ok,True
2026-09-09T18:00:00+07:00,S12,reverse,32.8,45,395,0.49,SURVEI_SIMULASI,ok,True
2026-09-09T19:00:00+07:00,S12,reverse,34.6,45,337,0.42,SURVEI_SIMULASI,ok,True
2026-09-03T06:00:00+07:00,S12,reverse,37.4,45,245,0.31,SURVEI_SIMULASI,ok,True
2026-09-03T07:00:00+07:00,S12,reverse,32.4,45,406,0.51,SURVEI_SIMULASI,ok,True
2026-09-03T08:00:00+07:00,S12,reverse,33.9,45,359,0.45,SURVEI_SIMULASI,ok,True
2026-09-03T09:00:00+07:00,S12,reverse,32.5,45,403,0.5,SURVEI_SIMULASI,ok,True
2026-09-03T10:00:00+07:00,S12,reverse,36.9,45,262,0.33,SURVEI_SIMULASI,ok,True
2026-09-03T11:00:00+07:00,S12,reverse,37.0,45,259,0.32,SURVEI_SIMULASI,ok,True
2026-09-03T12:00:00+07:00,S12,reverse,37.5,45,243,0.3,SURVEI_SIMULASI,ok,True
2026-09-03T13:00:00+07:00,S12,reverse,37.6,45,238,0.3,SURVEI_SIMULASI,ok,True
2026-09-03T14:00:00+07:00,S12,reverse,37.6,45,240,0.3,SURVEI_SIMULASI,ok,True
2026-09-03T15:00:00+07:00,S12,reverse,36.8,45,266,0.33,SURVEI_SIMULASI,ok,True
2026-09-03T16:00:00+07:00,S12,reverse,34.5,45,341,0.43,SURVEI_SIMULASI,ok,True
2026-09-03T17:00:00+07:00,S12,reverse,33.0,45,387,0.48,SURVEI_SIMULASI,ok,True
2026-09-03T18:00:00+07:00,S12,reverse,34.6,45,337,0.42,SURVEI_SIMULASI,ok,True
2026-09-03T19:00:00+07:00,S12,reverse,33.4,45,374,0.47,SURVEI_SIMULASI,ok,True
2026-09-04T06:00:00+07:00,S12,reverse,37.0,45,259,0.32,SURVEI_SIMULASI,ok,True
2026-09-04T07:00:00+07:00,S12,reverse,32.9,45,391,0.49,SURVEI_SIMULASI,ok,True
2026-09-04T08:00:00+07:00,S12,reverse,33.8,45,363,0.45,SURVEI_SIMULASI,ok,True
2026-09-04T09:00:00+07:00,S12,reverse,31.8,45,428,0.54,SURVEI_SIMULASI,ok,True
2026-09-04T10:00:00+07:00,S12,reverse,37.0,45,258,0.32,SURVEI_SIMULASI,ok,True
2026-09-04T11:00:00+07:00,S12,reverse,37.6,45,238,0.3,SURVEI_SIMULASI,ok,True
2026-09-04T12:00:00+07:00,S12,reverse,38.3,45,215,0.27,SURVEI_SIMULASI,ok,True
2026-09-04T13:00:00+07:00,S12,reverse,37.6,45,239,0.3,SURVEI_SIMULASI,ok,True
2026-09-04T14:00:00+07:00,S12,reverse,37.2,45,251,0.31,SURVEI_SIMULASI,ok,True
2026-09-04T15:00:00+07:00,S12,reverse,37.1,45,256,0.32,SURVEI_SIMULASI,ok,True
2026-09-04T16:00:00+07:00,S12,reverse,33.5,45,373,0.47,SURVEI_SIMULASI,ok,True
2026-09-04T17:00:00+07:00,S12,reverse,32.8,45,395,0.49,SURVEI_SIMULASI,ok,True
2026-09-04T18:00:00+07:00,S12,reverse,33.9,45,359,0.45,SURVEI_SIMULASI,ok,True
2026-09-04T19:00:00+07:00,S12,reverse,34.1,45,354,0.44,SURVEI_SIMULASI,ok,True
2026-09-05T06:00:00+07:00,S12,reverse,36.7,45,267,0.33,SURVEI_SIMULASI,ok,True
2026-09-05T07:00:00+07:00,S12,reverse,33.6,45,369,0.46,SURVEI_SIMULASI,ok,True
2026-09-05T08:00:00+07:00,S12,reverse,31.9,45,422,0.53,SURVEI_SIMULASI,ok,True
2026-09-05T09:00:00+07:00,S12,reverse,33.1,45,386,0.48,SURVEI_SIMULASI,ok,True
2026-09-05T10:00:00+07:00,S12,reverse,37.0,45,258,0.32,SURVEI_SIMULASI,ok,True
2026-09-05T11:00:00+07:00,S12,reverse,37.7,45,237,0.3,SURVEI_SIMULASI,ok,True
2026-09-05T12:00:00+07:00,S12,reverse,37.6,45,238,0.3,SURVEI_SIMULASI,ok,True
2026-09-05T13:00:00+07:00,S12,reverse,38.2,45,221,0.28,SURVEI_SIMULASI,ok,True
2026-09-05T14:00:00+07:00,S12,reverse,37.4,45,246,0.31,SURVEI_SIMULASI,ok,True
2026-09-05T15:00:00+07:00,S12,reverse,37.4,45,247,0.31,SURVEI_SIMULASI,ok,True
2026-09-05T16:00:00+07:00,S12,reverse,33.9,45,358,0.45,SURVEI_SIMULASI,ok,True
2026-09-05T17:00:00+07:00,S12,reverse,34.5,45,339,0.42,SURVEI_SIMULASI,ok,True
2026-09-05T18:00:00+07:00,S12,reverse,32.5,45,404,0.5,SURVEI_SIMULASI,ok,True
2026-09-05T19:00:00+07:00,S12,reverse,34.7,45,333,0.42,SURVEI_SIMULASI,ok,True
2026-09-06T06:00:00+07:00,S12,reverse,38.4,45,215,0.27,SURVEI_SIMULASI,ok,True
2026-09-06T07:00:00+07:00,S12,reverse,35.0,45,322,0.4,SURVEI_SIMULASI,ok,True
2026-09-06T08:00:00+07:00,S12,reverse,34.2,45,350,0.44,SURVEI_SIMULASI,ok,True
2026-09-06T09:00:00+07:00,S12,reverse,34.8,45,330,0.41,SURVEI_SIMULASI,ok,True
2026-09-06T10:00:00+07:00,S12,reverse,38.6,45,207,0.26,SURVEI_SIMULASI,ok,True
2026-09-06T11:00:00+07:00,S12,reverse,38.7,45,202,0.25,SURVEI_SIMULASI,ok,True
2026-09-06T12:00:00+07:00,S12,reverse,39.0,45,192,0.24,SURVEI_SIMULASI,ok,True
2026-09-06T13:00:00+07:00,S12,reverse,38.8,45,201,0.25,SURVEI_SIMULASI,ok,True
2026-09-06T14:00:00+07:00,S12,reverse,38.1,45,223,0.28,SURVEI_SIMULASI,ok,True
2026-09-06T15:00:00+07:00,S12,reverse,37.5,45,242,0.3,SURVEI_SIMULASI,ok,True
2026-09-06T16:00:00+07:00,S12,reverse,35.4,45,309,0.39,SURVEI_SIMULASI,ok,True
2026-09-06T17:00:00+07:00,S12,reverse,34.6,45,336,0.42,SURVEI_SIMULASI,ok,True
2026-09-06T18:00:00+07:00,S12,reverse,35.6,45,303,0.38,SURVEI_SIMULASI,ok,True
2026-09-06T19:00:00+07:00,S12,reverse,35.5,45,307,0.38,SURVEI_SIMULASI,ok,True
2026-09-07T06:00:00+07:00,S12,reverse,37.8,45,233,0.29,SURVEI_SIMULASI,ok,True
2026-09-07T07:00:00+07:00,S12,reverse,33.3,45,378,0.47,SURVEI_SIMULASI,ok,True
2026-09-07T08:00:00+07:00,S12,reverse,33.2,45,382,0.48,SURVEI_SIMULASI,ok,True
2026-09-07T09:00:00+07:00,S12,reverse,34.7,45,334,0.42,SURVEI_SIMULASI,ok,True
2026-09-07T10:00:00+07:00,S12,reverse,38.2,45,220,0.28,SURVEI_SIMULASI,ok,True
2026-09-07T11:00:00+07:00,S12,reverse,37.8,45,232,0.29,SURVEI_SIMULASI,ok,True
2026-09-07T12:00:00+07:00,S12,reverse,38.5,45,210,0.26,SURVEI_SIMULASI,ok,True
2026-09-07T13:00:00+07:00,S12,reverse,38.4,45,212,0.26,SURVEI_SIMULASI,ok,True
2026-09-07T14:00:00+07:00,S12,reverse,37.7,45,235,0.29,SURVEI_SIMULASI,ok,True
2026-09-07T15:00:00+07:00,S12,reverse,38.7,45,202,0.25,SURVEI_SIMULASI,ok,True
2026-09-07T16:00:00+07:00,S12,reverse,35.5,45,306,0.38,SURVEI_SIMULASI,ok,True
2026-09-07T17:00:00+07:00,S12,reverse,35.6,45,303,0.38,SURVEI_SIMULASI,ok,True
2026-09-07T18:00:00+07:00,S12,reverse,34.5,45,340,0.42,SURVEI_SIMULASI,ok,True
2026-09-07T19:00:00+07:00,S12,reverse,34.6,45,335,0.42,SURVEI_SIMULASI,ok,True
2026-09-01T06:00:00+07:00,S13,forward,36.7,45,268,0.33,SURVEI_SIMULASI,ok,True
2026-09-01T07:00:00+07:00,S13,forward,33.2,45,383,0.48,SURVEI_SIMULASI,ok,True
2026-09-01T08:00:00+07:00,S13,forward,32.4,45,409,0.51,SURVEI_SIMULASI,ok,True
2026-09-01T09:00:00+07:00,S13,forward,33.3,45,377,0.47,SURVEI_SIMULASI,ok,True
2026-09-01T10:00:00+07:00,S13,forward,37.7,45,236,0.29,SURVEI_SIMULASI,ok,True
2026-09-01T11:00:00+07:00,S13,forward,37.4,45,247,0.31,SURVEI_SIMULASI,ok,True
2026-09-01T12:00:00+07:00,S13,forward,37.8,45,232,0.29,SURVEI_SIMULASI,ok,True
2026-09-01T13:00:00+07:00,S13,forward,37.5,45,242,0.3,SURVEI_SIMULASI,ok,True
2026-09-01T14:00:00+07:00,S13,forward,37.2,45,251,0.31,SURVEI_SIMULASI,ok,True
2026-09-01T15:00:00+07:00,S13,forward,37.6,45,239,0.3,SURVEI_SIMULASI,ok,True
2026-09-01T16:00:00+07:00,S13,forward,32.4,45,407,0.51,SURVEI_SIMULASI,ok,True
2026-09-01T17:00:00+07:00,S13,forward,34.1,45,353,0.44,SURVEI_SIMULASI,ok,True
2026-09-01T18:00:00+07:00,S13,forward,33.5,45,372,0.47,SURVEI_SIMULASI,ok,True
2026-09-01T19:00:00+07:00,S13,forward,33.7,45,364,0.46,SURVEI_SIMULASI,ok,True
2026-09-02T06:00:00+07:00,S13,forward,36.5,45,275,0.34,SURVEI_SIMULASI,ok,True
2026-09-02T07:00:00+07:00,S13,forward,31.3,45,442,0.55,SURVEI_SIMULASI,ok,True
2026-09-02T08:00:00+07:00,S13,forward,31.5,45,435,0.54,SURVEI_SIMULASI,ok,True
2026-09-02T09:00:00+07:00,S13,forward,31.7,45,430,0.54,SURVEI_SIMULASI,ok,True
2026-09-02T10:00:00+07:00,S13,forward,36.7,45,268,0.33,SURVEI_SIMULASI,ok,True
2026-09-02T11:00:00+07:00,S13,forward,36.5,45,275,0.34,SURVEI_SIMULASI,ok,True
2026-09-02T12:00:00+07:00,S13,forward,37.6,45,238,0.3,SURVEI_SIMULASI,ok,True
2026-09-02T13:00:00+07:00,S13,forward,37.7,45,236,0.3,SURVEI_SIMULASI,ok,True
2026-09-02T14:00:00+07:00,S13,forward,37.5,45,242,0.3,SURVEI_SIMULASI,ok,True
2026-09-02T15:00:00+07:00,S13,forward,36.8,45,264,0.33,SURVEI_SIMULASI,ok,True
2026-09-02T16:00:00+07:00,S13,forward,32.3,45,410,0.51,SURVEI_SIMULASI,ok,True
2026-09-02T17:00:00+07:00,S13,forward,33.3,45,379,0.47,SURVEI_SIMULASI,ok,True
2026-09-02T18:00:00+07:00,S13,forward,33.5,45,371,0.46,SURVEI_SIMULASI,ok,True
2026-09-02T19:00:00+07:00,S13,forward,33.4,45,375,0.47,SURVEI_SIMULASI,ok,True
2026-09-08T06:00:00+07:00,S13,forward,37.9,45,231,0.29,SURVEI_SIMULASI,ok,True
2026-09-08T07:00:00+07:00,S13,forward,32.8,45,396,0.49,SURVEI_SIMULASI,ok,True
2026-09-08T08:00:00+07:00,S13,forward,31.9,45,422,0.53,SURVEI_SIMULASI,ok,True
2026-09-08T09:00:00+07:00,S13,forward,31.3,45,442,0.55,SURVEI_SIMULASI,ok,True
2026-09-08T10:00:00+07:00,S13,forward,36.9,45,262,0.33,SURVEI_SIMULASI,ok,True
2026-09-08T11:00:00+07:00,S13,forward,37.0,45,259,0.32,SURVEI_SIMULASI,ok,True
2026-09-08T12:00:00+07:00,S13,forward,37.6,45,238,0.3,SURVEI_SIMULASI,ok,True
2026-09-08T13:00:00+07:00,S13,forward,38.4,45,214,0.27,SURVEI_SIMULASI,ok,True
2026-09-08T14:00:00+07:00,S13,forward,36.5,45,276,0.34,SURVEI_SIMULASI,ok,True
2026-09-08T15:00:00+07:00,S13,forward,37.3,45,249,0.31,SURVEI_SIMULASI,ok,True
2026-09-08T16:00:00+07:00,S13,forward,33.4,45,374,0.47,SURVEI_SIMULASI,ok,True
2026-09-08T17:00:00+07:00,S13,forward,34.3,45,347,0.43,SURVEI_SIMULASI,ok,True
2026-09-08T18:00:00+07:00,S13,forward,32.5,45,403,0.5,SURVEI_SIMULASI,ok,True
2026-09-08T19:00:00+07:00,S13,forward,34.0,45,354,0.44,SURVEI_SIMULASI,ok,True
2026-09-09T06:00:00+07:00,S13,forward,37.2,45,251,0.31,SURVEI_SIMULASI,ok,True
2026-09-09T07:00:00+07:00,S13,forward,32.9,45,390,0.49,SURVEI_SIMULASI,ok,True
2026-09-09T08:00:00+07:00,S13,forward,32.7,45,398,0.5,SURVEI_SIMULASI,ok,True
2026-09-09T09:00:00+07:00,S13,forward,33.5,45,372,0.46,SURVEI_SIMULASI,ok,True
2026-09-09T10:00:00+07:00,S13,forward,36.7,45,269,0.34,SURVEI_SIMULASI,ok,True
2026-09-09T11:00:00+07:00,S13,forward,37.3,45,250,0.31,SURVEI_SIMULASI,ok,True
2026-09-09T12:00:00+07:00,S13,forward,37.8,45,234,0.29,SURVEI_SIMULASI,ok,True
2026-09-09T13:00:00+07:00,S13,forward,38.0,45,225,0.28,SURVEI_SIMULASI,ok,True
2026-09-09T14:00:00+07:00,S13,forward,36.7,45,269,0.34,SURVEI_SIMULASI,ok,True
2026-09-09T15:00:00+07:00,S13,forward,36.9,45,261,0.33,SURVEI_SIMULASI,ok,True
2026-09-09T16:00:00+07:00,S13,forward,33.5,45,371,0.46,SURVEI_SIMULASI,ok,True
2026-09-09T17:00:00+07:00,S13,forward,32.1,45,418,0.52,SURVEI_SIMULASI,ok,True
2026-09-09T18:00:00+07:00,S13,forward,33.5,45,370,0.46,SURVEI_SIMULASI,ok,True
2026-09-09T19:00:00+07:00,S13,forward,33.7,45,365,0.46,SURVEI_SIMULASI,ok,True
2026-09-03T06:00:00+07:00,S13,forward,36.9,45,261,0.33,SURVEI_SIMULASI,ok,True
2026-09-03T07:00:00+07:00,S13,forward,33.4,45,375,0.47,SURVEI_SIMULASI,ok,True
2026-09-03T08:00:00+07:00,S13,forward,33.1,45,384,0.48,SURVEI_SIMULASI,ok,True
2026-09-03T09:00:00+07:00,S13,forward,31.4,45,440,0.55,SURVEI_SIMULASI,ok,True
2026-09-03T10:00:00+07:00,S13,forward,37.6,45,238,0.3,SURVEI_SIMULASI,ok,True
2026-09-03T11:00:00+07:00,S13,forward,36.7,45,269,0.34,SURVEI_SIMULASI,ok,True
2026-09-03T12:00:00+07:00,S13,forward,38.0,45,228,0.28,SURVEI_SIMULASI,ok,True
2026-09-03T13:00:00+07:00,S13,forward,38.1,45,222,0.28,SURVEI_SIMULASI,ok,True
2026-09-03T14:00:00+07:00,S13,forward,37.9,45,230,0.29,SURVEI_SIMULASI,ok,True
2026-09-03T15:00:00+07:00,S13,forward,37.3,45,248,0.31,SURVEI_SIMULASI,ok,True
2026-09-03T16:00:00+07:00,S13,forward,33.3,45,377,0.47,SURVEI_SIMULASI,ok,True
2026-09-03T17:00:00+07:00,S13,forward,34.0,45,356,0.44,SURVEI_SIMULASI,ok,True
2026-09-03T18:00:00+07:00,S13,forward,32.9,45,390,0.49,SURVEI_SIMULASI,ok,True
2026-09-03T19:00:00+07:00,S13,forward,32.1,45,416,0.52,SURVEI_SIMULASI,ok,True
2026-09-04T06:00:00+07:00,S13,forward,36.9,45,263,0.33,SURVEI_SIMULASI,ok,True
2026-09-04T07:00:00+07:00,S13,forward,32.2,45,413,0.52,SURVEI_SIMULASI,ok,True
2026-09-04T08:00:00+07:00,S13,forward,31.9,45,424,0.53,SURVEI_SIMULASI,ok,True
2026-09-04T09:00:00+07:00,S13,forward,33.1,45,383,0.48,SURVEI_SIMULASI,ok,True
2026-09-04T10:00:00+07:00,S13,forward,36.7,45,267,0.33,SURVEI_SIMULASI,ok,True
2026-09-04T11:00:00+07:00,S13,forward,37.6,45,240,0.3,SURVEI_SIMULASI,ok,True
2026-09-04T12:00:00+07:00,S13,forward,37.3,45,249,0.31,SURVEI_SIMULASI,ok,True
2026-09-04T13:00:00+07:00,S13,forward,38.5,45,211,0.26,SURVEI_SIMULASI,ok,True
2026-09-04T14:00:00+07:00,S13,forward,37.2,45,252,0.32,SURVEI_SIMULASI,ok,True
2026-09-04T15:00:00+07:00,S13,forward,36.6,45,272,0.34,SURVEI_SIMULASI,ok,True
2026-09-04T16:00:00+07:00,S13,forward,34.0,45,355,0.44,SURVEI_SIMULASI,ok,True
2026-09-04T17:00:00+07:00,S13,forward,33.9,45,357,0.45,SURVEI_SIMULASI,ok,True
2026-09-04T18:00:00+07:00,S13,forward,33.0,45,387,0.48,SURVEI_SIMULASI,ok,True
2026-09-04T19:00:00+07:00,S13,forward,33.3,45,378,0.47,SURVEI_SIMULASI,ok,True
2026-09-05T06:00:00+07:00,S13,forward,37.1,45,256,0.32,SURVEI_SIMULASI,ok,True
2026-09-05T07:00:00+07:00,S13,forward,33.3,45,379,0.47,SURVEI_SIMULASI,ok,True
2026-09-05T08:00:00+07:00,S13,forward,33.7,45,367,0.46,SURVEI_SIMULASI,ok,True
2026-09-05T09:00:00+07:00,S13,forward,32.2,45,415,0.52,SURVEI_SIMULASI,ok,True
2026-09-05T10:00:00+07:00,S13,forward,37.3,45,250,0.31,SURVEI_SIMULASI,ok,True
2026-09-05T11:00:00+07:00,S13,forward,36.7,45,267,0.33,SURVEI_SIMULASI,ok,True
2026-09-05T12:00:00+07:00,S13,forward,38.2,45,221,0.28,SURVEI_SIMULASI,ok,True
2026-09-05T13:00:00+07:00,S13,forward,37.8,45,234,0.29,SURVEI_SIMULASI,ok,True
2026-09-05T14:00:00+07:00,S13,forward,37.6,45,240,0.3,SURVEI_SIMULASI,ok,True
2026-09-05T15:00:00+07:00,S13,forward,37.8,45,232,0.29,SURVEI_SIMULASI,ok,True
2026-09-05T16:00:00+07:00,S13,forward,33.6,45,369,0.46,SURVEI_SIMULASI,ok,True
2026-09-05T17:00:00+07:00,S13,forward,33.6,45,368,0.46,SURVEI_SIMULASI,ok,True
2026-09-05T18:00:00+07:00,S13,forward,32.2,45,413,0.52,SURVEI_SIMULASI,ok,True
2026-09-05T19:00:00+07:00,S13,forward,33.2,45,381,0.48,SURVEI_SIMULASI,ok,True
2026-09-06T06:00:00+07:00,S13,forward,37.9,45,229,0.29,SURVEI_SIMULASI,ok,True
2026-09-06T07:00:00+07:00,S13,forward,33.3,45,378,0.47,SURVEI_SIMULASI,ok,True
2026-09-06T08:00:00+07:00,S13,forward,34.0,45,357,0.45,SURVEI_SIMULASI,ok,True
2026-09-06T09:00:00+07:00,S13,forward,33.0,45,388,0.48,SURVEI_SIMULASI,ok,True
2026-09-06T10:00:00+07:00,S13,forward,38.4,45,214,0.27,SURVEI_SIMULASI,ok,True
2026-09-06T11:00:00+07:00,S13,forward,38.4,45,214,0.27,SURVEI_SIMULASI,ok,True
2026-09-06T12:00:00+07:00,S13,forward,38.8,45,202,0.25,SURVEI_SIMULASI,ok,True
2026-09-06T13:00:00+07:00,S13,forward,38.1,45,222,0.28,SURVEI_SIMULASI,ok,True
2026-09-06T14:00:00+07:00,S13,forward,38.5,45,211,0.26,SURVEI_SIMULASI,ok,True
2026-09-06T15:00:00+07:00,S13,forward,38.2,45,219,0.27,SURVEI_SIMULASI,ok,True
2026-09-06T16:00:00+07:00,S13,forward,34.0,45,354,0.44,SURVEI_SIMULASI,ok,True
2026-09-06T17:00:00+07:00,S13,forward,33.7,45,366,0.46,SURVEI_SIMULASI,ok,True
2026-09-06T18:00:00+07:00,S13,forward,33.8,45,362,0.45,SURVEI_SIMULASI,ok,True
2026-09-06T19:00:00+07:00,S13,forward,35.2,45,316,0.4,SURVEI_SIMULASI,ok,True
2026-09-07T06:00:00+07:00,S13,forward,38.1,45,224,0.28,SURVEI_SIMULASI,ok,True
2026-09-07T07:00:00+07:00,S13,forward,33.2,45,382,0.48,SURVEI_SIMULASI,ok,True
2026-09-07T08:00:00+07:00,S13,forward,33.0,45,388,0.48,SURVEI_SIMULASI,ok,True
2026-09-07T09:00:00+07:00,S13,forward,33.8,45,362,0.45,SURVEI_SIMULASI,ok,True
2026-09-07T10:00:00+07:00,S13,forward,38.0,45,225,0.28,SURVEI_SIMULASI,ok,True
2026-09-07T11:00:00+07:00,S13,forward,38.3,45,217,0.27,SURVEI_SIMULASI,ok,True
2026-09-07T12:00:00+07:00,S13,forward,38.9,45,197,0.25,SURVEI_SIMULASI,ok,True
2026-09-07T13:00:00+07:00,S13,forward,39.1,45,192,0.24,SURVEI_SIMULASI,ok,True
2026-09-07T14:00:00+07:00,S13,forward,38.2,45,220,0.27,SURVEI_SIMULASI,ok,True
2026-09-07T15:00:00+07:00,S13,forward,38.0,45,226,0.28,SURVEI_SIMULASI,ok,True
2026-09-07T16:00:00+07:00,S13,forward,34.4,45,342,0.43,SURVEI_SIMULASI,ok,True
2026-09-07T17:00:00+07:00,S13,forward,34.6,45,336,0.42,SURVEI_SIMULASI,ok,True
2026-09-07T18:00:00+07:00,S13,forward,34.4,45,344,0.43,SURVEI_SIMULASI,ok,True
2026-09-07T19:00:00+07:00,S13,forward,33.8,45,361,0.45,SURVEI_SIMULASI,ok,True
2026-09-01T06:00:00+07:00,S13,reverse,36.5,45,274,0.34,SURVEI_SIMULASI,ok,True
2026-09-01T07:00:00+07:00,S13,reverse,31.2,45,445,0.56,SURVEI_SIMULASI,ok,True
2026-09-01T08:00:00+07:00,S13,reverse,32.4,45,407,0.51,SURVEI_SIMULASI,ok,True
2026-09-01T09:00:00+07:00,S13,reverse,32.1,45,416,0.52,SURVEI_SIMULASI,ok,True
2026-09-01T10:00:00+07:00,S13,reverse,36.5,45,274,0.34,SURVEI_SIMULASI,ok,True
2026-09-01T11:00:00+07:00,S13,reverse,37.2,45,251,0.31,SURVEI_SIMULASI,ok,True
2026-09-01T12:00:00+07:00,S13,reverse,37.4,45,246,0.31,SURVEI_SIMULASI,ok,True
2026-09-01T13:00:00+07:00,S13,reverse,37.4,45,245,0.31,SURVEI_SIMULASI,ok,True
2026-09-01T14:00:00+07:00,S13,reverse,37.8,45,232,0.29,SURVEI_SIMULASI,ok,True
2026-09-01T15:00:00+07:00,S13,reverse,36.7,45,269,0.34,SURVEI_SIMULASI,ok,True
2026-09-01T16:00:00+07:00,S13,reverse,33.1,45,386,0.48,SURVEI_SIMULASI,ok,True
2026-09-01T17:00:00+07:00,S13,reverse,33.8,45,361,0.45,SURVEI_SIMULASI,ok,True
2026-09-01T18:00:00+07:00,S13,reverse,32.9,45,390,0.49,SURVEI_SIMULASI,ok,True
2026-09-01T19:00:00+07:00,S13,reverse,32.2,45,413,0.52,SURVEI_SIMULASI,ok,True
2026-09-02T06:00:00+07:00,S13,reverse,37.0,45,259,0.32,SURVEI_SIMULASI,ok,True
2026-09-02T07:00:00+07:00,S13,reverse,32.0,45,420,0.53,SURVEI_SIMULASI,ok,True
2026-09-02T08:00:00+07:00,S13,reverse,31.7,45,431,0.54,SURVEI_SIMULASI,ok,True
2026-09-02T09:00:00+07:00,S13,reverse,33.2,45,380,0.48,SURVEI_SIMULASI,ok,True
2026-09-02T10:00:00+07:00,S13,reverse,36.9,45,262,0.33,SURVEI_SIMULASI,ok,True
2026-09-02T11:00:00+07:00,S13,reverse,36.9,45,261,0.33,SURVEI_SIMULASI,ok,True
2026-09-02T12:00:00+07:00,S13,reverse,38.6,45,207,0.26,SURVEI_SIMULASI,ok,True
2026-09-02T13:00:00+07:00,S13,reverse,37.6,45,239,0.3,SURVEI_SIMULASI,ok,True
2026-09-02T14:00:00+07:00,S13,reverse,37.7,45,237,0.3,SURVEI_SIMULASI,ok,True
2026-09-02T15:00:00+07:00,S13,reverse,36.9,45,263,0.33,SURVEI_SIMULASI,ok,True
2026-09-02T16:00:00+07:00,S13,reverse,33.4,45,374,0.47,SURVEI_SIMULASI,ok,True
2026-09-02T17:00:00+07:00,S13,reverse,33.2,45,382,0.48,SURVEI_SIMULASI,ok,True
2026-09-02T18:00:00+07:00,S13,reverse,32.1,45,417,0.52,SURVEI_SIMULASI,ok,True
2026-09-02T19:00:00+07:00,S13,reverse,33.4,45,376,0.47,SURVEI_SIMULASI,ok,True
2026-09-08T06:00:00+07:00,S13,reverse,36.4,45,276,0.35,SURVEI_SIMULASI,ok,True
2026-09-08T07:00:00+07:00,S13,reverse,32.6,45,401,0.5,SURVEI_SIMULASI,ok,True
2026-09-08T08:00:00+07:00,S13,reverse,31.9,45,422,0.53,SURVEI_SIMULASI,ok,True
2026-09-08T09:00:00+07:00,S13,reverse,33.4,45,376,0.47,SURVEI_SIMULASI,ok,True
2026-09-08T10:00:00+07:00,S13,reverse,37.3,45,248,0.31,SURVEI_SIMULASI,ok,True
2026-09-08T11:00:00+07:00,S13,reverse,36.6,45,272,0.34,SURVEI_SIMULASI,ok,True
2026-09-08T12:00:00+07:00,S13,reverse,38.2,45,219,0.27,SURVEI_SIMULASI,ok,True
2026-09-08T13:00:00+07:00,S13,reverse,38.3,45,217,0.27,SURVEI_SIMULASI,ok,True
2026-09-08T14:00:00+07:00,S13,reverse,36.8,45,264,0.33,SURVEI_SIMULASI,ok,True
2026-09-08T15:00:00+07:00,S13,reverse,37.7,45,235,0.29,SURVEI_SIMULASI,ok,True
2026-09-08T16:00:00+07:00,S13,reverse,33.3,45,378,0.47,SURVEI_SIMULASI,ok,True
2026-09-08T17:00:00+07:00,S13,reverse,33.9,45,360,0.45,SURVEI_SIMULASI,ok,True
2026-09-08T18:00:00+07:00,S13,reverse,34.0,45,356,0.45,SURVEI_SIMULASI,ok,True
2026-09-08T19:00:00+07:00,S13,reverse,33.0,45,389,0.49,SURVEI_SIMULASI,ok,True
2026-09-09T06:00:00+07:00,S13,reverse,37.2,45,253,0.32,SURVEI_SIMULASI,ok,True
2026-09-09T07:00:00+07:00,S13,reverse,32.7,45,399,0.5,SURVEI_SIMULASI,ok,True
2026-09-09T08:00:00+07:00,S13,reverse,31.6,45,434,0.54,SURVEI_SIMULASI,ok,True
2026-09-09T09:00:00+07:00,S13,reverse,32.2,45,414,0.52,SURVEI_SIMULASI,ok,True
2026-09-09T10:00:00+07:00,S13,reverse,37.2,45,252,0.32,SURVEI_SIMULASI,ok,True
2026-09-09T11:00:00+07:00,S13,reverse,37.6,45,238,0.3,SURVEI_SIMULASI,ok,True
2026-09-09T12:00:00+07:00,S13,reverse,37.7,45,235,0.29,SURVEI_SIMULASI,ok,True
2026-09-09T13:00:00+07:00,S13,reverse,38.4,45,212,0.27,SURVEI_SIMULASI,ok,True
2026-09-09T14:00:00+07:00,S13,reverse,36.4,45,279,0.35,SURVEI_SIMULASI,ok,True
2026-09-09T15:00:00+07:00,S13,reverse,36.6,45,273,0.34,SURVEI_SIMULASI,ok,True
2026-09-09T16:00:00+07:00,S13,reverse,33.0,45,388,0.48,SURVEI_SIMULASI,ok,True
2026-09-09T17:00:00+07:00,S13,reverse,33.4,45,374,0.47,SURVEI_SIMULASI,ok,True
2026-09-09T18:00:00+07:00,S13,reverse,33.9,45,359,0.45,SURVEI_SIMULASI,ok,True
2026-09-09T19:00:00+07:00,S13,reverse,33.4,45,376,0.47,SURVEI_SIMULASI,ok,True
2026-09-03T06:00:00+07:00,S13,reverse,37.3,45,247,0.31,SURVEI_SIMULASI,ok,True
2026-09-03T07:00:00+07:00,S13,reverse,33.2,45,383,0.48,SURVEI_SIMULASI,ok,True
2026-09-03T08:00:00+07:00,S13,reverse,32.3,45,412,0.51,SURVEI_SIMULASI,ok,True
2026-09-03T09:00:00+07:00,S13,reverse,33.2,45,383,0.48,SURVEI_SIMULASI,ok,True
2026-09-03T10:00:00+07:00,S13,reverse,36.5,45,275,0.34,SURVEI_SIMULASI,ok,True
2026-09-03T11:00:00+07:00,S13,reverse,36.8,45,265,0.33,SURVEI_SIMULASI,ok,True
2026-09-03T12:00:00+07:00,S13,reverse,38.5,45,211,0.26,SURVEI_SIMULASI,ok,True
2026-09-03T13:00:00+07:00,S13,reverse,38.2,45,221,0.28,SURVEI_SIMULASI,ok,True
2026-09-03T14:00:00+07:00,S13,reverse,37.0,45,259,0.32,SURVEI_SIMULASI,ok,True
2026-09-03T15:00:00+07:00,S13,reverse,37.1,45,255,0.32,SURVEI_SIMULASI,ok,True
2026-09-03T16:00:00+07:00,S13,reverse,32.8,45,394,0.49,SURVEI_SIMULASI,ok,True
2026-09-03T17:00:00+07:00,S13,reverse,32.5,45,404,0.51,SURVEI_SIMULASI,ok,True
2026-09-03T18:00:00+07:00,S13,reverse,33.6,45,368,0.46,SURVEI_SIMULASI,ok,True
2026-09-03T19:00:00+07:00,S13,reverse,32.6,45,401,0.5,SURVEI_SIMULASI,ok,True
2026-09-04T06:00:00+07:00,S13,reverse,36.5,45,275,0.34,SURVEI_SIMULASI,ok,True
2026-09-04T07:00:00+07:00,S13,reverse,33.0,45,389,0.49,SURVEI_SIMULASI,ok,True
2026-09-04T08:00:00+07:00,S13,reverse,32.4,45,406,0.51,SURVEI_SIMULASI,ok,True
2026-09-04T09:00:00+07:00,S13,reverse,33.0,45,389,0.49,SURVEI_SIMULASI,ok,True
2026-09-04T10:00:00+07:00,S13,reverse,37.1,45,254,0.32,SURVEI_SIMULASI,ok,True
2026-09-04T11:00:00+07:00,S13,reverse,36.8,45,264,0.33,SURVEI_SIMULASI,ok,True
2026-09-04T12:00:00+07:00,S13,reverse,37.3,45,250,0.31,SURVEI_SIMULASI,ok,True
2026-09-04T13:00:00+07:00,S13,reverse,38.1,45,224,0.28,SURVEI_SIMULASI,ok,True
2026-09-04T14:00:00+07:00,S13,reverse,37.1,45,256,0.32,SURVEI_SIMULASI,ok,True
2026-09-04T15:00:00+07:00,S13,reverse,37.8,45,233,0.29,SURVEI_SIMULASI,ok,True
2026-09-04T16:00:00+07:00,S13,reverse,32.4,45,406,0.51,SURVEI_SIMULASI,ok,True
2026-09-04T17:00:00+07:00,S13,reverse,33.9,45,358,0.45,SURVEI_SIMULASI,ok,True
2026-09-04T18:00:00+07:00,S13,reverse,33.1,45,386,0.48,SURVEI_SIMULASI,ok,True
2026-09-04T19:00:00+07:00,S13,reverse,32.9,45,391,0.49,SURVEI_SIMULASI,ok,True
2026-09-05T06:00:00+07:00,S13,reverse,36.5,45,273,0.34,SURVEI_SIMULASI,ok,True
2026-09-05T07:00:00+07:00,S13,reverse,32.9,45,392,0.49,SURVEI_SIMULASI,ok,True
2026-09-05T08:00:00+07:00,S13,reverse,32.6,45,401,0.5,SURVEI_SIMULASI,ok,True
2026-09-05T09:00:00+07:00,S13,reverse,33.3,45,379,0.47,SURVEI_SIMULASI,ok,True
2026-09-05T10:00:00+07:00,S13,reverse,36.9,45,263,0.33,SURVEI_SIMULASI,ok,True
2026-09-05T11:00:00+07:00,S13,reverse,37.6,45,240,0.3,SURVEI_SIMULASI,ok,True
2026-09-05T12:00:00+07:00,S13,reverse,37.9,45,230,0.29,SURVEI_SIMULASI,ok,True
2026-09-05T13:00:00+07:00,S13,reverse,38.2,45,220,0.28,SURVEI_SIMULASI,ok,True
2026-09-05T14:00:00+07:00,S13,reverse,36.8,45,264,0.33,SURVEI_SIMULASI,ok,True
2026-09-05T15:00:00+07:00,S13,reverse,36.5,45,276,0.35,SURVEI_SIMULASI,ok,True
2026-09-05T16:00:00+07:00,S13,reverse,32.2,45,413,0.52,SURVEI_SIMULASI,ok,True
2026-09-05T17:00:00+07:00,S13,reverse,33.7,45,365,0.46,SURVEI_SIMULASI,ok,True
2026-09-05T18:00:00+07:00,S13,reverse,34.0,45,355,0.44,SURVEI_SIMULASI,ok,True
2026-09-05T19:00:00+07:00,S13,reverse,32.7,45,399,0.5,SURVEI_SIMULASI,ok,True
2026-09-06T06:00:00+07:00,S13,reverse,38.2,45,218,0.27,SURVEI_SIMULASI,ok,True
2026-09-06T07:00:00+07:00,S13,reverse,34.2,45,349,0.44,SURVEI_SIMULASI,ok,True
2026-09-06T08:00:00+07:00,S13,reverse,34.3,45,347,0.43,SURVEI_SIMULASI,ok,True
2026-09-06T09:00:00+07:00,S13,reverse,33.4,45,374,0.47,SURVEI_SIMULASI,ok,True
2026-09-06T10:00:00+07:00,S13,reverse,37.9,45,229,0.29,SURVEI_SIMULASI,ok,True
2026-09-06T11:00:00+07:00,S13,reverse,38.1,45,223,0.28,SURVEI_SIMULASI,ok,True
2026-09-06T12:00:00+07:00,S13,reverse,38.9,45,198,0.25,SURVEI_SIMULASI,ok,True
2026-09-06T13:00:00+07:00,S13,reverse,38.1,45,222,0.28,SURVEI_SIMULASI,ok,True
2026-09-06T14:00:00+07:00,S13,reverse,38.6,45,207,0.26,SURVEI_SIMULASI,ok,True
2026-09-06T15:00:00+07:00,S13,reverse,38.4,45,215,0.27,SURVEI_SIMULASI,ok,True
2026-09-06T16:00:00+07:00,S13,reverse,34.2,45,351,0.44,SURVEI_SIMULASI,ok,True
2026-09-06T17:00:00+07:00,S13,reverse,33.5,45,371,0.46,SURVEI_SIMULASI,ok,True
2026-09-06T18:00:00+07:00,S13,reverse,35.4,45,309,0.39,SURVEI_SIMULASI,ok,True
2026-09-06T19:00:00+07:00,S13,reverse,34.6,45,335,0.42,SURVEI_SIMULASI,ok,True
2026-09-07T06:00:00+07:00,S13,reverse,38.3,45,216,0.27,SURVEI_SIMULASI,ok,True
2026-09-07T07:00:00+07:00,S13,reverse,32.7,45,398,0.5,SURVEI_SIMULASI,ok,True
2026-09-07T08:00:00+07:00,S13,reverse,33.0,45,388,0.48,SURVEI_SIMULASI,ok,True
2026-09-07T09:00:00+07:00,S13,reverse,33.1,45,385,0.48,SURVEI_SIMULASI,ok,True
2026-09-07T10:00:00+07:00,S13,reverse,37.2,45,251,0.31,SURVEI_SIMULASI,ok,True
2026-09-07T11:00:00+07:00,S13,reverse,38.3,45,218,0.27,SURVEI_SIMULASI,ok,True
2026-09-07T12:00:00+07:00,S13,reverse,38.0,45,226,0.28,SURVEI_SIMULASI,ok,True
2026-09-07T13:00:00+07:00,S13,reverse,38.7,45,204,0.26,SURVEI_SIMULASI,ok,True
2026-09-07T14:00:00+07:00,S13,reverse,37.7,45,236,0.29,SURVEI_SIMULASI,ok,True
2026-09-07T15:00:00+07:00,S13,reverse,37.3,45,249,0.31,SURVEI_SIMULASI,ok,True
2026-09-07T16:00:00+07:00,S13,reverse,33.7,45,366,0.46,SURVEI_SIMULASI,ok,True
2026-09-07T17:00:00+07:00,S13,reverse,33.8,45,362,0.45,SURVEI_SIMULASI,ok,True
2026-09-07T18:00:00+07:00,S13,reverse,35.4,45,312,0.39,SURVEI_SIMULASI,ok,True
2026-09-07T19:00:00+07:00,S13,reverse,34.0,45,355,0.44,SURVEI_SIMULASI,ok,True
2026-09-01T06:00:00+07:00,S14,forward,19.6,30,251,0.63,SURVEI_SIMULASI,ok,True
2026-09-01T07:00:00+07:00,S14,forward,13.7,30,395,0.99,SURVEI_SIMULASI,ok,True
2026-09-01T08:00:00+07:00,S14,forward,13.5,30,440,0.99,SURVEI_SIMULASI,ok,True
2026-09-01T09:00:00+07:00,S14,forward,14.2,30,383,0.96,SURVEI_SIMULASI,ok,True
2026-09-01T10:00:00+07:00,S14,forward,18.7,30,273,0.68,SURVEI_SIMULASI,ok,True
2026-09-01T11:00:00+07:00,S14,forward,19.5,30,256,0.64,SURVEI_SIMULASI,ok,True
2026-09-01T12:00:00+07:00,S14,forward,19.9,30,245,0.61,SURVEI_SIMULASI,ok,True
2026-09-01T13:00:00+07:00,S14,forward,19.6,30,252,0.63,SURVEI_SIMULASI,ok,True
2026-09-01T14:00:00+07:00,S14,forward,19.7,30,250,0.63,SURVEI_SIMULASI,ok,True
2026-09-01T15:00:00+07:00,S14,forward,19.8,30,247,0.62,SURVEI_SIMULASI,ok,True
2026-09-01T16:00:00+07:00,S14,forward,13.5,30,416,0.99,SURVEI_SIMULASI,ok,True
2026-09-01T17:00:00+07:00,S14,forward,13.5,30,427,0.99,SURVEI_SIMULASI,ok,True
2026-09-01T18:00:00+07:00,S14,forward,13.5,30,431,0.99,SURVEI_SIMULASI,ok,True
2026-09-01T19:00:00+07:00,S14,forward,15.3,30,356,0.89,SURVEI_SIMULASI,ok,True
2026-09-02T06:00:00+07:00,S14,forward,18.4,30,282,0.71,SURVEI_SIMULASI,ok,True
2026-09-02T07:00:00+07:00,S14,forward,14.4,30,378,0.95,SURVEI_SIMULASI,ok,True
2026-09-02T08:00:00+07:00,S14,forward,13.5,30,429,0.99,SURVEI_SIMULASI,ok,True
2026-09-02T09:00:00+07:00,S14,forward,13.8,30,393,0.98,SURVEI_SIMULASI,ok,True
2026-09-02T10:00:00+07:00,S14,forward,19.0,30,267,0.67,SURVEI_SIMULASI,ok,True
2026-09-02T11:00:00+07:00,S14,forward,19.0,30,267,0.67,SURVEI_SIMULASI,ok,True
2026-09-02T12:00:00+07:00,S14,forward,20.8,30,223,0.56,SURVEI_SIMULASI,ok,True
2026-09-02T13:00:00+07:00,S14,forward,20.8,30,224,0.56,SURVEI_SIMULASI,ok,True
2026-09-02T14:00:00+07:00,S14,forward,19.1,30,264,0.66,SURVEI_SIMULASI,ok,True
2026-09-02T15:00:00+07:00,S14,forward,18.2,30,287,0.72,SURVEI_SIMULASI,ok,True
2026-09-02T16:00:00+07:00,S14,forward,13.5,30,426,0.99,SURVEI_SIMULASI,ok,True
2026-09-02T17:00:00+07:00,S14,forward,13.8,30,393,0.98,SURVEI_SIMULASI,ok,True
2026-09-02T18:00:00+07:00,S14,forward,14.2,30,383,0.96,SURVEI_SIMULASI,ok,True
2026-09-02T19:00:00+07:00,S14,forward,15.0,30,363,0.91,SURVEI_SIMULASI,ok,True
2026-09-08T06:00:00+07:00,S14,forward,19.6,30,253,0.63,SURVEI_SIMULASI,ok,True
2026-09-08T07:00:00+07:00,S14,forward,14.1,30,386,0.97,SURVEI_SIMULASI,ok,True
2026-09-08T08:00:00+07:00,S14,forward,13.5,30,454,0.99,SURVEI_SIMULASI,ok,True
2026-09-08T09:00:00+07:00,S14,forward,13.5,30,452,0.99,SURVEI_SIMULASI,ok,True
2026-09-08T10:00:00+07:00,S14,forward,20.0,30,243,0.61,SURVEI_SIMULASI,ok,True
2026-09-08T11:00:00+07:00,S14,forward,18.4,30,280,0.7,SURVEI_SIMULASI,ok,True
2026-09-08T12:00:00+07:00,S14,forward,20.2,30,237,0.59,SURVEI_SIMULASI,ok,True
2026-09-08T13:00:00+07:00,S14,forward,19.5,30,254,0.64,SURVEI_SIMULASI,ok,True
2026-09-08T14:00:00+07:00,S14,forward,18.7,30,274,0.68,SURVEI_SIMULASI,ok,True
2026-09-08T15:00:00+07:00,S14,forward,20.1,30,240,0.6,SURVEI_SIMULASI,ok,True
2026-09-08T16:00:00+07:00,S14,forward,15.0,30,364,0.91,SURVEI_SIMULASI,ok,True
2026-09-08T17:00:00+07:00,S14,forward,13.5,30,414,0.99,SURVEI_SIMULASI,ok,True
2026-09-08T18:00:00+07:00,S14,forward,13.5,30,412,0.99,SURVEI_SIMULASI,ok,True
2026-09-08T19:00:00+07:00,S14,forward,13.5,30,412,0.99,SURVEI_SIMULASI,ok,True
2026-09-09T06:00:00+07:00,S14,forward,18.4,30,281,0.7,SURVEI_SIMULASI,ok,True
2026-09-09T07:00:00+07:00,S14,forward,13.9,30,391,0.98,SURVEI_SIMULASI,ok,True
2026-09-09T08:00:00+07:00,S14,forward,13.5,30,429,0.99,SURVEI_SIMULASI,ok,True
2026-09-09T09:00:00+07:00,S14,forward,13.5,30,456,0.99,SURVEI_SIMULASI,ok,True
2026-09-09T10:00:00+07:00,S14,forward,18.4,30,280,0.7,SURVEI_SIMULASI,ok,True
2026-09-09T11:00:00+07:00,S14,forward,18.8,30,272,0.68,SURVEI_SIMULASI,ok,True
2026-09-09T12:00:00+07:00,S14,forward,19.9,30,244,0.61,SURVEI_SIMULASI,ok,True
2026-09-09T13:00:00+07:00,S14,forward,20.0,30,243,0.61,SURVEI_SIMULASI,ok,True
2026-09-09T14:00:00+07:00,S14,forward,19.9,30,245,0.61,SURVEI_SIMULASI,ok,True
2026-09-09T15:00:00+07:00,S14,forward,19.6,30,252,0.63,SURVEI_SIMULASI,ok,True
2026-09-09T16:00:00+07:00,S14,forward,14.2,30,384,0.96,SURVEI_SIMULASI,ok,True
2026-09-09T17:00:00+07:00,S14,forward,14.2,30,382,0.96,SURVEI_SIMULASI,ok,True
2026-09-09T18:00:00+07:00,S14,forward,15.3,30,356,0.89,SURVEI_SIMULASI,ok,True
2026-09-09T19:00:00+07:00,S14,forward,15.2,30,359,0.9,SURVEI_SIMULASI,ok,True
2026-09-03T06:00:00+07:00,S14,forward,19.1,30,265,0.66,SURVEI_SIMULASI,ok,True
2026-09-03T07:00:00+07:00,S14,forward,13.5,30,448,0.99,SURVEI_SIMULASI,ok,True
2026-09-03T08:00:00+07:00,S14,forward,14.2,30,383,0.96,SURVEI_SIMULASI,ok,True
2026-09-03T09:00:00+07:00,S14,forward,13.5,30,450,0.99,SURVEI_SIMULASI,ok,True
2026-09-03T10:00:00+07:00,S14,forward,19.6,30,252,0.63,SURVEI_SIMULASI,ok,True
2026-09-03T11:00:00+07:00,S14,forward,19.7,30,251,0.63,SURVEI_SIMULASI,ok,True
2026-09-03T12:00:00+07:00,S14,forward,21.0,30,219,0.55,SURVEI_SIMULASI,ok,True
2026-09-03T13:00:00+07:00,S14,forward,21.0,30,219,0.55,SURVEI_SIMULASI,ok,True
2026-09-03T14:00:00+07:00,S14,forward,20.2,30,237,0.59,SURVEI_SIMULASI,ok,True
2026-09-03T15:00:00+07:00,S14,forward,19.8,30,248,0.62,SURVEI_SIMULASI,ok,True
2026-09-03T16:00:00+07:00,S14,forward,14.5,30,376,0.94,SURVEI_SIMULASI,ok,True
2026-09-03T17:00:00+07:00,S14,forward,13.5,30,425,0.99,SURVEI_SIMULASI,ok,True
2026-09-03T18:00:00+07:00,S14,forward,14.1,30,386,0.97,SURVEI_SIMULASI,ok,True
2026-09-03T19:00:00+07:00,S14,forward,14.4,30,379,0.95,SURVEI_SIMULASI,ok,True
2026-09-04T06:00:00+07:00,S14,forward,20.1,30,240,0.6,SURVEI_SIMULASI,ok,True
2026-09-04T07:00:00+07:00,S14,forward,13.5,30,453,0.99,SURVEI_SIMULASI,ok,True
2026-09-04T08:00:00+07:00,S14,forward,13.5,30,411,0.99,SURVEI_SIMULASI,ok,True
2026-09-04T09:00:00+07:00,S14,forward,13.5,30,455,0.99,SURVEI_SIMULASI,ok,True
2026-09-04T10:00:00+07:00,S14,forward,18.3,30,284,0.71,SURVEI_SIMULASI,ok,True
2026-09-04T11:00:00+07:00,S14,forward,18.2,30,287,0.72,SURVEI_SIMULASI,ok,True
2026-09-04T12:00:00+07:00,S14,forward,20.7,30,226,0.56,SURVEI_SIMULASI,ok,True
2026-09-04T13:00:00+07:00,S14,forward,20.5,30,230,0.57,SURVEI_SIMULASI,ok,True
2026-09-04T14:00:00+07:00,S14,forward,18.9,30,268,0.67,SURVEI_SIMULASI,ok,True
2026-09-04T15:00:00+07:00,S14,forward,19.1,30,263,0.66,SURVEI_SIMULASI,ok,True
2026-09-04T16:00:00+07:00,S14,forward,13.5,30,430,0.99,SURVEI_SIMULASI,ok,True
2026-09-04T17:00:00+07:00,S14,forward,13.5,30,430,0.99,SURVEI_SIMULASI,ok,True
2026-09-04T18:00:00+07:00,S14,forward,15.0,30,364,0.91,SURVEI_SIMULASI,ok,True
2026-09-04T19:00:00+07:00,S14,forward,13.5,30,409,0.99,SURVEI_SIMULASI,ok,True
2026-09-05T06:00:00+07:00,S14,forward,19.0,30,267,0.67,SURVEI_SIMULASI,ok,True
2026-09-05T07:00:00+07:00,S14,forward,13.8,30,392,0.98,SURVEI_SIMULASI,ok,True
2026-09-05T08:00:00+07:00,S14,forward,14.4,30,378,0.95,SURVEI_SIMULASI,ok,True
2026-09-05T09:00:00+07:00,S14,forward,13.5,30,428,0.99,SURVEI_SIMULASI,ok,True
2026-09-05T10:00:00+07:00,S14,forward,20.2,30,239,0.6,SURVEI_SIMULASI,ok,True
2026-09-05T11:00:00+07:00,S14,forward,19.5,30,255,0.64,SURVEI_SIMULASI,ok,True
2026-09-05T12:00:00+07:00,S14,forward,20.4,30,233,0.58,SURVEI_SIMULASI,ok,True
2026-09-05T13:00:00+07:00,S14,forward,19.4,30,258,0.64,SURVEI_SIMULASI,ok,True
2026-09-05T14:00:00+07:00,S14,forward,19.6,30,251,0.63,SURVEI_SIMULASI,ok,True
2026-09-05T15:00:00+07:00,S14,forward,18.8,30,273,0.68,SURVEI_SIMULASI,ok,True
2026-09-05T16:00:00+07:00,S14,forward,14.0,30,389,0.97,SURVEI_SIMULASI,ok,True
2026-09-05T17:00:00+07:00,S14,forward,13.8,30,392,0.98,SURVEI_SIMULASI,ok,True
2026-09-05T18:00:00+07:00,S14,forward,15.3,30,357,0.89,SURVEI_SIMULASI,ok,True
2026-09-05T19:00:00+07:00,S14,forward,14.0,30,387,0.97,SURVEI_SIMULASI,ok,True
2026-09-06T06:00:00+07:00,S14,forward,19.6,30,252,0.63,SURVEI_SIMULASI,ok,True
2026-09-06T07:00:00+07:00,S14,forward,15.5,30,352,0.88,SURVEI_SIMULASI,ok,True
2026-09-06T08:00:00+07:00,S14,forward,13.6,30,397,0.99,SURVEI_SIMULASI,ok,True
2026-09-06T09:00:00+07:00,S14,forward,13.8,30,393,0.98,SURVEI_SIMULASI,ok,True
2026-09-06T10:00:00+07:00,S14,forward,19.5,30,256,0.64,SURVEI_SIMULASI,ok,True
2026-09-06T11:00:00+07:00,S14,forward,20.2,30,238,0.6,SURVEI_SIMULASI,ok,True
2026-09-06T12:00:00+07:00,S14,forward,20.6,30,228,0.57,SURVEI_SIMULASI,ok,True
2026-09-06T13:00:00+07:00,S14,forward,21.4,30,208,0.52,SURVEI_SIMULASI,ok,True
2026-09-06T14:00:00+07:00,S14,forward,19.6,30,252,0.63,SURVEI_SIMULASI,ok,True
2026-09-06T15:00:00+07:00,S14,forward,19.9,30,246,0.61,SURVEI_SIMULASI,ok,True
2026-09-06T16:00:00+07:00,S14,forward,14.6,30,374,0.93,SURVEI_SIMULASI,ok,True
2026-09-06T17:00:00+07:00,S14,forward,16.2,30,335,0.84,SURVEI_SIMULASI,ok,True
2026-09-06T18:00:00+07:00,S14,forward,15.8,30,343,0.86,SURVEI_SIMULASI,ok,True
2026-09-06T19:00:00+07:00,S14,forward,15.9,30,342,0.85,SURVEI_SIMULASI,ok,True
2026-09-07T06:00:00+07:00,S14,forward,20.8,30,223,0.56,SURVEI_SIMULASI,ok,True
2026-09-07T07:00:00+07:00,S14,forward,13.8,30,392,0.98,SURVEI_SIMULASI,ok,True
2026-09-07T08:00:00+07:00,S14,forward,15.8,30,344,0.86,SURVEI_SIMULASI,ok,True
2026-09-07T09:00:00+07:00,S14,forward,15.7,30,346,0.87,SURVEI_SIMULASI,ok,True
2026-09-07T10:00:00+07:00,S14,forward,20.6,30,228,0.57,SURVEI_SIMULASI,ok,True
2026-09-07T11:00:00+07:00,S14,forward,21.1,30,215,0.54,SURVEI_SIMULASI,ok,True
2026-09-07T12:00:00+07:00,S14,forward,21.4,30,208,0.52,SURVEI_SIMULASI,ok,True
2026-09-07T13:00:00+07:00,S14,forward,22.1,30,192,0.48,SURVEI_SIMULASI,ok,True
2026-09-07T14:00:00+07:00,S14,forward,19.3,30,258,0.65,SURVEI_SIMULASI,ok,True
2026-09-07T15:00:00+07:00,S14,forward,21.2,30,214,0.53,SURVEI_SIMULASI,ok,True
2026-09-07T16:00:00+07:00,S14,forward,16.4,30,330,0.83,SURVEI_SIMULASI,ok,True
2026-09-07T17:00:00+07:00,S14,forward,14.5,30,376,0.94,SURVEI_SIMULASI,ok,True
2026-09-07T18:00:00+07:00,S14,forward,14.6,30,374,0.93,SURVEI_SIMULASI,ok,True
2026-09-07T19:00:00+07:00,S14,forward,14.3,30,382,0.95,SURVEI_SIMULASI,ok,True
2026-09-01T06:00:00+07:00,S14,reverse,20.1,30,240,0.6,SURVEI_SIMULASI,ok,True
2026-09-01T07:00:00+07:00,S14,reverse,13.8,30,393,0.98,SURVEI_SIMULASI,ok,True
2026-09-01T08:00:00+07:00,S14,reverse,13.5,30,411,0.99,SURVEI_SIMULASI,ok,True
2026-09-01T09:00:00+07:00,S14,reverse,13.5,30,411,0.99,SURVEI_SIMULASI,ok,True
2026-09-01T10:00:00+07:00,S14,reverse,18.9,30,269,0.67,SURVEI_SIMULASI,ok,True
2026-09-01T11:00:00+07:00,S14,reverse,18.8,30,271,0.68,SURVEI_SIMULASI,ok,True
2026-09-01T12:00:00+07:00,S14,reverse,20.7,30,225,0.56,SURVEI_SIMULASI,ok,True
2026-09-01T13:00:00+07:00,S14,reverse,19.3,30,259,0.65,SURVEI_SIMULASI,ok,True
2026-09-01T14:00:00+07:00,S14,reverse,18.7,30,274,0.68,SURVEI_SIMULASI,ok,True
2026-09-01T15:00:00+07:00,S14,reverse,18.2,30,286,0.72,SURVEI_SIMULASI,ok,True
2026-09-01T16:00:00+07:00,S14,reverse,14.3,30,381,0.95,SURVEI_SIMULASI,ok,True
2026-09-01T17:00:00+07:00,S14,reverse,14.3,30,380,0.95,SURVEI_SIMULASI,ok,True
2026-09-01T18:00:00+07:00,S14,reverse,13.5,30,411,0.99,SURVEI_SIMULASI,ok,True
2026-09-01T19:00:00+07:00,S14,reverse,13.5,30,407,0.99,SURVEI_SIMULASI,ok,True
2026-09-02T06:00:00+07:00,S14,reverse,20.2,30,237,0.59,SURVEI_SIMULASI,ok,True
2026-09-02T07:00:00+07:00,S14,reverse,13.5,30,417,0.99,SURVEI_SIMULASI,ok,True
2026-09-02T08:00:00+07:00,S14,reverse,13.5,30,453,0.99,SURVEI_SIMULASI,ok,True
2026-09-02T09:00:00+07:00,S14,reverse,13.5,30,402,0.99,SURVEI_SIMULASI,ok,True
2026-09-02T10:00:00+07:00,S14,reverse,20.0,30,243,0.61,SURVEI_SIMULASI,ok,True
2026-09-02T11:00:00+07:00,S14,reverse,18.6,30,276,0.69,SURVEI_SIMULASI,ok,True
2026-09-02T12:00:00+07:00,S14,reverse,19.6,30,252,0.63,SURVEI_SIMULASI,ok,True
2026-09-02T13:00:00+07:00,S14,reverse,20.4,30,234,0.58,SURVEI_SIMULASI,ok,True
2026-09-02T14:00:00+07:00,S14,reverse,20.0,30,241,0.6,SURVEI_SIMULASI,ok,True
2026-09-02T15:00:00+07:00,S14,reverse,20.2,30,237,0.59,SURVEI_SIMULASI,ok,True
2026-09-02T16:00:00+07:00,S14,reverse,13.5,30,419,0.99,SURVEI_SIMULASI,ok,True
2026-09-02T17:00:00+07:00,S14,reverse,13.8,30,392,0.98,SURVEI_SIMULASI,ok,True
2026-09-02T18:00:00+07:00,S14,reverse,13.5,30,410,0.99,SURVEI_SIMULASI,ok,True
2026-09-02T19:00:00+07:00,S14,reverse,13.5,30,413,0.99,SURVEI_SIMULASI,ok,True
2026-09-08T06:00:00+07:00,S14,reverse,18.2,30,285,0.71,SURVEI_SIMULASI,ok,True
2026-09-08T07:00:00+07:00,S14,reverse,14.3,30,381,0.95,SURVEI_SIMULASI,ok,True
2026-09-08T08:00:00+07:00,S14,reverse,13.5,30,399,0.99,SURVEI_SIMULASI,ok,True
2026-09-08T09:00:00+07:00,S14,reverse,13.6,30,399,0.99,SURVEI_SIMULASI,ok,True
2026-09-08T10:00:00+07:00,S14,reverse,19.9,30,246,0.61,SURVEI_SIMULASI,ok,True
2026-09-08T11:00:00+07:00,S14,reverse,19.2,30,262,0.65,SURVEI_SIMULASI,ok,True
2026-09-08T12:00:00+07:00,S14,reverse,19.5,30,254,0.64,SURVEI_SIMULASI,ok,True
2026-09-08T13:00:00+07:00,S14,reverse,19.6,30,252,0.63,SURVEI_SIMULASI,ok,True
2026-09-08T14:00:00+07:00,S14,reverse,19.9,30,244,0.61,SURVEI_SIMULASI,ok,True
2026-09-08T15:00:00+07:00,S14,reverse,19.3,30,260,0.65,SURVEI_SIMULASI,ok,True
2026-09-08T16:00:00+07:00,S14,reverse,14.2,30,384,0.96,SURVEI_SIMULASI,ok,True
2026-09-08T17:00:00+07:00,S14,reverse,13.5,30,404,0.99,SURVEI_SIMULASI,ok,True
2026-09-08T18:00:00+07:00,S14,reverse,13.5,30,428,0.99,SURVEI_SIMULASI,ok,True
2026-09-08T19:00:00+07:00,S14,reverse,13.5,30,421,0.99,SURVEI_SIMULASI,ok,True
2026-09-09T06:00:00+07:00,S14,reverse,19.7,30,251,0.63,SURVEI_SIMULASI,ok,True
2026-09-09T07:00:00+07:00,S14,reverse,13.5,30,412,0.99,SURVEI_SIMULASI,ok,True
2026-09-09T08:00:00+07:00,S14,reverse,13.9,30,391,0.98,SURVEI_SIMULASI,ok,True
2026-09-09T09:00:00+07:00,S14,reverse,13.5,30,416,0.99,SURVEI_SIMULASI,ok,True
2026-09-09T10:00:00+07:00,S14,reverse,20.1,30,239,0.6,SURVEI_SIMULASI,ok,True
2026-09-09T11:00:00+07:00,S14,reverse,18.8,30,272,0.68,SURVEI_SIMULASI,ok,True
2026-09-09T12:00:00+07:00,S14,reverse,19.8,30,246,0.62,SURVEI_SIMULASI,ok,True
2026-09-09T13:00:00+07:00,S14,reverse,19.3,30,259,0.65,SURVEI_SIMULASI,ok,True
2026-09-09T14:00:00+07:00,S14,reverse,20.1,30,240,0.6,SURVEI_SIMULASI,ok,True
2026-09-09T15:00:00+07:00,S14,reverse,18.9,30,270,0.67,SURVEI_SIMULASI,ok,True
2026-09-09T16:00:00+07:00,S14,reverse,13.5,30,413,0.99,SURVEI_SIMULASI,ok,True
2026-09-09T17:00:00+07:00,S14,reverse,13.5,30,420,0.99,SURVEI_SIMULASI,ok,True
2026-09-09T18:00:00+07:00,S14,reverse,13.5,30,404,0.99,SURVEI_SIMULASI,ok,True
2026-09-09T19:00:00+07:00,S14,reverse,13.5,30,400,0.99,SURVEI_SIMULASI,ok,True
2026-09-03T06:00:00+07:00,S14,reverse,18.2,30,287,0.72,SURVEI_SIMULASI,ok,True
2026-09-03T07:00:00+07:00,S14,reverse,14.0,30,387,0.97,SURVEI_SIMULASI,ok,True
2026-09-03T08:00:00+07:00,S14,reverse,13.5,30,442,0.99,SURVEI_SIMULASI,ok,True
2026-09-03T09:00:00+07:00,S14,reverse,14.1,30,386,0.97,SURVEI_SIMULASI,ok,True
2026-09-03T10:00:00+07:00,S14,reverse,19.2,30,262,0.66,SURVEI_SIMULASI,ok,True
2026-09-03T11:00:00+07:00,S14,reverse,19.7,30,251,0.63,SURVEI_SIMULASI,ok,True
2026-09-03T12:00:00+07:00,S14,reverse,19.5,30,255,0.64,SURVEI_SIMULASI,ok,True
2026-09-03T13:00:00+07:00,S14,reverse,20.3,30,236,0.59,SURVEI_SIMULASI,ok,True
2026-09-03T14:00:00+07:00,S14,reverse,18.5,30,279,0.7,SURVEI_SIMULASI,ok,True
2026-09-03T15:00:00+07:00,S14,reverse,18.4,30,281,0.7,SURVEI_SIMULASI,ok,True
2026-09-03T16:00:00+07:00,S14,reverse,13.5,30,421,0.99,SURVEI_SIMULASI,ok,True
2026-09-03T17:00:00+07:00,S14,reverse,13.5,30,425,0.99,SURVEI_SIMULASI,ok,True
2026-09-03T18:00:00+07:00,S14,reverse,13.5,30,414,0.99,SURVEI_SIMULASI,ok,True
2026-09-03T19:00:00+07:00,S14,reverse,13.5,30,416,0.99,SURVEI_SIMULASI,ok,True
2026-09-04T06:00:00+07:00,S14,reverse,19.4,30,257,0.64,SURVEI_SIMULASI,ok,True
2026-09-04T07:00:00+07:00,S14,reverse,13.5,30,450,0.99,SURVEI_SIMULASI,ok,True
2026-09-04T08:00:00+07:00,S14,reverse,13.5,30,439,0.99,SURVEI_SIMULASI,ok,True
2026-09-04T09:00:00+07:00,S14,reverse,13.6,30,397,0.99,SURVEI_SIMULASI,ok,True
2026-09-04T10:00:00+07:00,S14,reverse,19.7,30,249,0.62,SURVEI_SIMULASI,ok,True
2026-09-04T11:00:00+07:00,S14,reverse,18.3,30,285,0.71,SURVEI_SIMULASI,ok,True
2026-09-04T12:00:00+07:00,S14,reverse,19.6,30,252,0.63,SURVEI_SIMULASI,ok,True
2026-09-04T13:00:00+07:00,S14,reverse,20.0,30,243,0.61,SURVEI_SIMULASI,ok,True
2026-09-04T14:00:00+07:00,S14,reverse,20.3,30,236,0.59,SURVEI_SIMULASI,ok,True
2026-09-04T15:00:00+07:00,S14,reverse,19.9,30,245,0.61,SURVEI_SIMULASI,ok,True
2026-09-04T16:00:00+07:00,S14,reverse,14.1,30,384,0.96,SURVEI_SIMULASI,ok,True
2026-09-04T17:00:00+07:00,S14,reverse,14.7,30,372,0.93,SURVEI_SIMULASI,ok,True
2026-09-04T18:00:00+07:00,S14,reverse,13.5,30,403,0.99,SURVEI_SIMULASI,ok,True
2026-09-04T19:00:00+07:00,S14,reverse,14.8,30,367,0.92,SURVEI_SIMULASI,ok,True
2026-09-05T06:00:00+07:00,S14,reverse,19.0,30,267,0.67,SURVEI_SIMULASI,ok,True
2026-09-05T07:00:00+07:00,S14,reverse,13.5,30,444,0.99,SURVEI_SIMULASI,ok,True
2026-09-05T08:00:00+07:00,S14,reverse,13.5,30,459,0.99,SURVEI_SIMULASI,ok,True
2026-09-05T09:00:00+07:00,S14,reverse,13.5,30,449,0.99,SURVEI_SIMULASI,ok,True
2026-09-05T10:00:00+07:00,S14,reverse,20.2,30,238,0.59,SURVEI_SIMULASI,ok,True
2026-09-05T11:00:00+07:00,S14,reverse,18.8,30,272,0.68,SURVEI_SIMULASI,ok,True
2026-09-05T12:00:00+07:00,S14,reverse,20.9,30,221,0.55,SURVEI_SIMULASI,ok,True
2026-09-05T13:00:00+07:00,S14,reverse,20.9,30,220,0.55,SURVEI_SIMULASI,ok,True
2026-09-05T14:00:00+07:00,S14,reverse,20.1,30,241,0.6,SURVEI_SIMULASI,ok,True
2026-09-05T15:00:00+07:00,S14,reverse,18.3,30,285,0.71,SURVEI_SIMULASI,ok,True
2026-09-05T16:00:00+07:00,S14,reverse,13.5,30,423,0.99,SURVEI_SIMULASI,ok,True
2026-09-05T17:00:00+07:00,S14,reverse,14.0,30,389,0.97,SURVEI_SIMULASI,ok,True
2026-09-05T18:00:00+07:00,S14,reverse,13.5,30,418,0.99,SURVEI_SIMULASI,ok,True
2026-09-05T19:00:00+07:00,S14,reverse,13.5,30,418,0.99,SURVEI_SIMULASI,ok,True
2026-09-06T06:00:00+07:00,S14,reverse,19.7,30,250,0.62,SURVEI_SIMULASI,ok,True
2026-09-06T07:00:00+07:00,S14,reverse,15.1,30,362,0.9,SURVEI_SIMULASI,ok,True
2026-09-06T08:00:00+07:00,S14,reverse,13.9,30,390,0.98,SURVEI_SIMULASI,ok,True
2026-09-06T09:00:00+07:00,S14,reverse,15.2,30,360,0.9,SURVEI_SIMULASI,ok,True
2026-09-06T10:00:00+07:00,S14,reverse,20.0,30,242,0.6,SURVEI_SIMULASI,ok,True
2026-09-06T11:00:00+07:00,S14,reverse,21.0,30,218,0.54,SURVEI_SIMULASI,ok,True
2026-09-06T12:00:00+07:00,S14,reverse,20.9,30,220,0.55,SURVEI_SIMULASI,ok,True
2026-09-06T13:00:00+07:00,S14,reverse,20.6,30,228,0.57,SURVEI_SIMULASI,ok,True
2026-09-06T14:00:00+07:00,S14,reverse,20.3,30,235,0.59,SURVEI_SIMULASI,ok,True
2026-09-06T15:00:00+07:00,S14,reverse,19.7,30,249,0.62,SURVEI_SIMULASI,ok,True
2026-09-06T16:00:00+07:00,S14,reverse,14.3,30,380,0.95,SURVEI_SIMULASI,ok,True
2026-09-06T17:00:00+07:00,S14,reverse,14.7,30,371,0.93,SURVEI_SIMULASI,ok,True
2026-09-06T18:00:00+07:00,S14,reverse,16.7,30,322,0.81,SURVEI_SIMULASI,ok,True
2026-09-06T19:00:00+07:00,S14,reverse,16.7,30,323,0.81,SURVEI_SIMULASI,ok,True
2026-09-07T06:00:00+07:00,S14,reverse,20.2,30,238,0.6,SURVEI_SIMULASI,ok,True
2026-09-07T07:00:00+07:00,S14,reverse,15.7,30,347,0.87,SURVEI_SIMULASI,ok,True
2026-09-07T08:00:00+07:00,S14,reverse,14.6,30,373,0.93,SURVEI_SIMULASI,ok,True
2026-09-07T09:00:00+07:00,S14,reverse,13.5,30,411,0.99,SURVEI_SIMULASI,ok,True
2026-09-07T10:00:00+07:00,S14,reverse,20.5,30,230,0.57,SURVEI_SIMULASI,ok,True
2026-09-07T11:00:00+07:00,S14,reverse,20.3,30,236,0.59,SURVEI_SIMULASI,ok,True
2026-09-07T12:00:00+07:00,S14,reverse,20.4,30,232,0.58,SURVEI_SIMULASI,ok,True
2026-09-07T13:00:00+07:00,S14,reverse,21.8,30,200,0.5,SURVEI_SIMULASI,ok,True
2026-09-07T14:00:00+07:00,S14,reverse,20.3,30,235,0.59,SURVEI_SIMULASI,ok,True
2026-09-07T15:00:00+07:00,S14,reverse,20.2,30,239,0.6,SURVEI_SIMULASI,ok,True
2026-09-07T16:00:00+07:00,S14,reverse,15.4,30,353,0.88,SURVEI_SIMULASI,ok,True
2026-09-07T17:00:00+07:00,S14,reverse,15.2,30,359,0.9,SURVEI_SIMULASI,ok,True
2026-09-07T18:00:00+07:00,S14,reverse,16.1,30,338,0.84,SURVEI_SIMULASI,ok,True
2026-09-07T19:00:00+07:00,S14,reverse,15.2,30,358,0.89,SURVEI_SIMULASI,ok,True
2026-09-01T06:00:00+07:00,S15,forward,36.4,45,279,0.35,SURVEI_SIMULASI,ok,True
2026-09-01T07:00:00+07:00,S15,forward,32.8,45,396,0.49,SURVEI_SIMULASI,ok,True
2026-09-01T08:00:00+07:00,S15,forward,30.6,45,465,0.58,SURVEI_SIMULASI,ok,True
2026-09-01T09:00:00+07:00,S15,forward,32.0,45,419,0.52,SURVEI_SIMULASI,ok,True
2026-09-01T10:00:00+07:00,S15,forward,36.9,45,260,0.33,SURVEI_SIMULASI,ok,True
2026-09-01T11:00:00+07:00,S15,forward,36.4,45,279,0.35,SURVEI_SIMULASI,ok,True
2026-09-01T12:00:00+07:00,S15,forward,37.8,45,234,0.29,SURVEI_SIMULASI,ok,True
2026-09-01T13:00:00+07:00,S15,forward,37.2,45,251,0.31,SURVEI_SIMULASI,ok,True
2026-09-01T14:00:00+07:00,S15,forward,37.0,45,259,0.32,SURVEI_SIMULASI,ok,True
2026-09-01T15:00:00+07:00,S15,forward,36.0,45,292,0.37,SURVEI_SIMULASI,ok,True
2026-09-01T16:00:00+07:00,S15,forward,32.2,45,413,0.52,SURVEI_SIMULASI,ok,True
2026-09-01T17:00:00+07:00,S15,forward,33.2,45,382,0.48,SURVEI_SIMULASI,ok,True
2026-09-01T18:00:00+07:00,S15,forward,32.1,45,418,0.52,SURVEI_SIMULASI,ok,True
2026-09-01T19:00:00+07:00,S15,forward,33.2,45,382,0.48,SURVEI_SIMULASI,ok,True
2026-09-02T06:00:00+07:00,S15,forward,36.3,45,282,0.35,SURVEI_SIMULASI,ok,True
2026-09-02T07:00:00+07:00,S15,forward,32.6,45,400,0.5,SURVEI_SIMULASI,ok,True
2026-09-02T08:00:00+07:00,S15,forward,31.6,45,433,0.54,SURVEI_SIMULASI,ok,True
2026-09-02T09:00:00+07:00,S15,forward,30.5,45,468,0.59,SURVEI_SIMULASI,ok,True
2026-09-02T10:00:00+07:00,S15,forward,36.0,45,290,0.36,SURVEI_SIMULASI,ok,True
2026-09-02T11:00:00+07:00,S15,forward,36.0,45,291,0.36,SURVEI_SIMULASI,ok,True
2026-09-02T12:00:00+07:00,S15,forward,37.9,45,228,0.29,SURVEI_SIMULASI,ok,True
2026-09-02T13:00:00+07:00,S15,forward,37.8,45,233,0.29,SURVEI_SIMULASI,ok,True
2026-09-02T14:00:00+07:00,S15,forward,36.1,45,289,0.36,SURVEI_SIMULASI,ok,True
2026-09-02T15:00:00+07:00,S15,forward,36.2,45,285,0.36,SURVEI_SIMULASI,ok,True
2026-09-02T16:00:00+07:00,S15,forward,31.9,45,422,0.53,SURVEI_SIMULASI,ok,True
2026-09-02T17:00:00+07:00,S15,forward,32.9,45,392,0.49,SURVEI_SIMULASI,ok,True
2026-09-02T18:00:00+07:00,S15,forward,31.4,45,441,0.55,SURVEI_SIMULASI,ok,True
2026-09-02T19:00:00+07:00,S15,forward,32.4,45,406,0.51,SURVEI_SIMULASI,ok,True
2026-09-08T06:00:00+07:00,S15,forward,36.0,45,291,0.36,SURVEI_SIMULASI,ok,True
2026-09-08T07:00:00+07:00,S15,forward,31.4,45,440,0.55,SURVEI_SIMULASI,ok,True
2026-09-08T08:00:00+07:00,S15,forward,31.7,45,430,0.54,SURVEI_SIMULASI,ok,True
2026-09-08T09:00:00+07:00,S15,forward,32.2,45,415,0.52,SURVEI_SIMULASI,ok,True
2026-09-08T10:00:00+07:00,S15,forward,36.4,45,278,0.35,SURVEI_SIMULASI,ok,True
2026-09-08T11:00:00+07:00,S15,forward,36.5,45,273,0.34,SURVEI_SIMULASI,ok,True
2026-09-08T12:00:00+07:00,S15,forward,37.3,45,249,0.31,SURVEI_SIMULASI,ok,True
2026-09-08T13:00:00+07:00,S15,forward,37.9,45,230,0.29,SURVEI_SIMULASI,ok,True
2026-09-08T14:00:00+07:00,S15,forward,36.7,45,269,0.34,SURVEI_SIMULASI,ok,True
2026-09-08T15:00:00+07:00,S15,forward,35.9,45,294,0.37,SURVEI_SIMULASI,ok,True
2026-09-08T16:00:00+07:00,S15,forward,31.9,45,425,0.53,SURVEI_SIMULASI,ok,True
2026-09-08T17:00:00+07:00,S15,forward,32.2,45,414,0.52,SURVEI_SIMULASI,ok,True
2026-09-08T18:00:00+07:00,S15,forward,33.0,45,389,0.49,SURVEI_SIMULASI,ok,True
2026-09-08T19:00:00+07:00,S15,forward,33.0,45,387,0.48,SURVEI_SIMULASI,ok,True
2026-09-09T06:00:00+07:00,S15,forward,36.0,45,290,0.36,SURVEI_SIMULASI,ok,True
2026-09-09T07:00:00+07:00,S15,forward,30.8,45,460,0.58,SURVEI_SIMULASI,ok,True
2026-09-09T08:00:00+07:00,S15,forward,30.7,45,462,0.58,SURVEI_SIMULASI,ok,True
2026-09-09T09:00:00+07:00,S15,forward,32.7,45,398,0.5,SURVEI_SIMULASI,ok,True
2026-09-09T10:00:00+07:00,S15,forward,37.1,45,254,0.32,SURVEI_SIMULASI,ok,True
2026-09-09T11:00:00+07:00,S15,forward,36.7,45,267,0.33,SURVEI_SIMULASI,ok,True
2026-09-09T12:00:00+07:00,S15,forward,38.2,45,220,0.28,SURVEI_SIMULASI,ok,True
2026-09-09T13:00:00+07:00,S15,forward,37.7,45,235,0.29,SURVEI_SIMULASI,ok,True
2026-09-09T14:00:00+07:00,S15,forward,36.7,45,268,0.34,SURVEI_SIMULASI,ok,True
2026-09-09T15:00:00+07:00,S15,forward,37.0,45,258,0.32,SURVEI_SIMULASI,ok,True
2026-09-09T16:00:00+07:00,S15,forward,32.3,45,410,0.51,SURVEI_SIMULASI,ok,True
2026-09-09T17:00:00+07:00,S15,forward,32.1,45,418,0.52,SURVEI_SIMULASI,ok,True
2026-09-09T18:00:00+07:00,S15,forward,32.4,45,406,0.51,SURVEI_SIMULASI,ok,True
2026-09-09T19:00:00+07:00,S15,forward,32.2,45,413,0.52,SURVEI_SIMULASI,ok,True
2026-09-03T06:00:00+07:00,S15,forward,36.2,45,284,0.35,SURVEI_SIMULASI,ok,True
2026-09-03T07:00:00+07:00,S15,forward,31.8,45,428,0.53,SURVEI_SIMULASI,ok,True
2026-09-03T08:00:00+07:00,S15,forward,31.1,45,450,0.56,SURVEI_SIMULASI,ok,True
2026-09-03T09:00:00+07:00,S15,forward,32.3,45,409,0.51,SURVEI_SIMULASI,ok,True
2026-09-03T10:00:00+07:00,S15,forward,36.8,45,266,0.33,SURVEI_SIMULASI,ok,True
2026-09-03T11:00:00+07:00,S15,forward,36.9,45,263,0.33,SURVEI_SIMULASI,ok,True
2026-09-03T12:00:00+07:00,S15,forward,37.7,45,236,0.3,SURVEI_SIMULASI,ok,True
2026-09-03T13:00:00+07:00,S15,forward,37.3,45,248,0.31,SURVEI_SIMULASI,ok,True
2026-09-03T14:00:00+07:00,S15,forward,36.3,45,280,0.35,SURVEI_SIMULASI,ok,True
2026-09-03T15:00:00+07:00,S15,forward,36.7,45,268,0.34,SURVEI_SIMULASI,ok,True
2026-09-03T16:00:00+07:00,S15,forward,31.9,45,424,0.53,SURVEI_SIMULASI,ok,True
2026-09-03T17:00:00+07:00,S15,forward,31.6,45,434,0.54,SURVEI_SIMULASI,ok,True
2026-09-03T18:00:00+07:00,S15,forward,33.0,45,388,0.49,SURVEI_SIMULASI,ok,True
2026-09-03T19:00:00+07:00,S15,forward,31.5,45,437,0.55,SURVEI_SIMULASI,ok,True
2026-09-04T06:00:00+07:00,S15,forward,37.3,45,250,0.31,SURVEI_SIMULASI,ok,True
2026-09-04T07:00:00+07:00,S15,forward,32.2,45,413,0.52,SURVEI_SIMULASI,ok,True
2026-09-04T08:00:00+07:00,S15,forward,30.5,45,469,0.59,SURVEI_SIMULASI,ok,True
2026-09-04T09:00:00+07:00,S15,forward,31.1,45,450,0.56,SURVEI_SIMULASI,ok,True
2026-09-04T10:00:00+07:00,S15,forward,37.4,45,246,0.31,SURVEI_SIMULASI,ok,True
2026-09-04T11:00:00+07:00,S15,forward,36.5,45,276,0.34,SURVEI_SIMULASI,ok,True
2026-09-04T12:00:00+07:00,S15,forward,37.8,45,233,0.29,SURVEI_SIMULASI,ok,True
2026-09-04T13:00:00+07:00,S15,forward,37.5,45,242,0.3,SURVEI_SIMULASI,ok,True
2026-09-04T14:00:00+07:00,S15,forward,37.4,45,247,0.31,SURVEI_SIMULASI,ok,True
2026-09-04T15:00:00+07:00,S15,forward,36.0,45,290,0.36,SURVEI_SIMULASI,ok,True
2026-09-04T16:00:00+07:00,S15,forward,33.5,45,371,0.46,SURVEI_SIMULASI,ok,True
2026-09-04T17:00:00+07:00,S15,forward,32.8,45,394,0.49,SURVEI_SIMULASI,ok,True
2026-09-04T18:00:00+07:00,S15,forward,32.6,45,402,0.5,SURVEI_SIMULASI,ok,True
2026-09-04T19:00:00+07:00,S15,forward,32.0,45,422,0.53,SURVEI_SIMULASI,ok,True
2026-09-05T06:00:00+07:00,S15,forward,36.1,45,289,0.36,SURVEI_SIMULASI,ok,True
2026-09-05T07:00:00+07:00,S15,forward,30.8,45,460,0.58,SURVEI_SIMULASI,ok,True
2026-09-05T08:00:00+07:00,S15,forward,30.5,45,470,0.59,SURVEI_SIMULASI,ok,True
2026-09-05T09:00:00+07:00,S15,forward,31.9,45,424,0.53,SURVEI_SIMULASI,ok,True
2026-09-05T10:00:00+07:00,S15,forward,36.1,45,287,0.36,SURVEI_SIMULASI,ok,True
2026-09-05T11:00:00+07:00,S15,forward,37.4,45,247,0.31,SURVEI_SIMULASI,ok,True
2026-09-05T12:00:00+07:00,S15,forward,37.8,45,233,0.29,SURVEI_SIMULASI,ok,True
2026-09-05T13:00:00+07:00,S15,forward,37.9,45,231,0.29,SURVEI_SIMULASI,ok,True
2026-09-05T14:00:00+07:00,S15,forward,36.3,45,280,0.35,SURVEI_SIMULASI,ok,True
2026-09-05T15:00:00+07:00,S15,forward,37.1,45,254,0.32,SURVEI_SIMULASI,ok,True
2026-09-05T16:00:00+07:00,S15,forward,31.6,45,433,0.54,SURVEI_SIMULASI,ok,True
2026-09-05T17:00:00+07:00,S15,forward,31.4,45,440,0.55,SURVEI_SIMULASI,ok,True
2026-09-05T18:00:00+07:00,S15,forward,31.3,45,444,0.55,SURVEI_SIMULASI,ok,True
2026-09-05T19:00:00+07:00,S15,forward,33.4,45,375,0.47,SURVEI_SIMULASI,ok,True
2026-09-06T06:00:00+07:00,S15,forward,37.6,45,241,0.3,SURVEI_SIMULASI,ok,True
2026-09-06T07:00:00+07:00,S15,forward,32.5,45,404,0.51,SURVEI_SIMULASI,ok,True
2026-09-06T08:00:00+07:00,S15,forward,32.0,45,419,0.52,SURVEI_SIMULASI,ok,True
2026-09-06T09:00:00+07:00,S15,forward,34.1,45,352,0.44,SURVEI_SIMULASI,ok,True
2026-09-06T10:00:00+07:00,S15,forward,37.3,45,248,0.31,SURVEI_SIMULASI,ok,True
2026-09-06T11:00:00+07:00,S15,forward,36.8,45,265,0.33,SURVEI_SIMULASI,ok,True
2026-09-06T12:00:00+07:00,S15,forward,38.6,45,207,0.26,SURVEI_SIMULASI,ok,True
2026-09-06T13:00:00+07:00,S15,forward,38.7,45,203,0.25,SURVEI_SIMULASI,ok,True
2026-09-06T14:00:00+07:00,S15,forward,38.2,45,220,0.28,SURVEI_SIMULASI,ok,True
2026-09-06T15:00:00+07:00,S15,forward,37.5,45,242,0.3,SURVEI_SIMULASI,ok,True
2026-09-06T16:00:00+07:00,S15,forward,32.8,45,393,0.49,SURVEI_SIMULASI,ok,True
2026-09-06T17:00:00+07:00,S15,forward,32.8,45,394,0.49,SURVEI_SIMULASI,ok,True
2026-09-06T18:00:00+07:00,S15,forward,33.5,45,372,0.47,SURVEI_SIMULASI,ok,True
2026-09-06T19:00:00+07:00,S15,forward,34.1,45,351,0.44,SURVEI_SIMULASI,ok,True
2026-09-07T06:00:00+07:00,S15,forward,37.8,45,234,0.29,SURVEI_SIMULASI,ok,True
2026-09-07T07:00:00+07:00,S15,forward,33.0,45,388,0.48,SURVEI_SIMULASI,ok,True
2026-09-07T08:00:00+07:00,S15,forward,33.1,45,385,0.48,SURVEI_SIMULASI,ok,True
2026-09-07T09:00:00+07:00,S15,forward,32.7,45,396,0.5,SURVEI_SIMULASI,ok,True
2026-09-07T10:00:00+07:00,S15,forward,37.3,45,248,0.31,SURVEI_SIMULASI,ok,True
2026-09-07T11:00:00+07:00,S15,forward,37.3,45,248,0.31,SURVEI_SIMULASI,ok,True
2026-09-07T12:00:00+07:00,S15,forward,38.0,45,225,0.28,SURVEI_SIMULASI,ok,True
2026-09-07T13:00:00+07:00,S15,forward,38.6,45,207,0.26,SURVEI_SIMULASI,ok,True
2026-09-07T14:00:00+07:00,S15,forward,38.1,45,222,0.28,SURVEI_SIMULASI,ok,True
2026-09-07T15:00:00+07:00,S15,forward,36.9,45,263,0.33,SURVEI_SIMULASI,ok,True
2026-09-07T16:00:00+07:00,S15,forward,34.4,45,344,0.43,SURVEI_SIMULASI,ok,True
2026-09-07T17:00:00+07:00,S15,forward,33.7,45,364,0.45,SURVEI_SIMULASI,ok,True
2026-09-07T18:00:00+07:00,S15,forward,34.3,45,347,0.43,SURVEI_SIMULASI,ok,True
2026-09-07T19:00:00+07:00,S15,forward,33.7,45,364,0.45,SURVEI_SIMULASI,ok,True
2026-09-01T06:00:00+07:00,S15,reverse,37.0,45,258,0.32,SURVEI_SIMULASI,ok,True
2026-09-01T07:00:00+07:00,S15,reverse,32.1,45,418,0.52,SURVEI_SIMULASI,ok,True
2026-09-01T08:00:00+07:00,S15,reverse,31.0,45,452,0.57,SURVEI_SIMULASI,ok,True
2026-09-01T09:00:00+07:00,S15,reverse,31.6,45,435,0.54,SURVEI_SIMULASI,ok,True
2026-09-01T10:00:00+07:00,S15,reverse,36.1,45,289,0.36,SURVEI_SIMULASI,ok,True
2026-09-01T11:00:00+07:00,S15,reverse,36.2,45,285,0.36,SURVEI_SIMULASI,ok,True
2026-09-01T12:00:00+07:00,S15,reverse,38.1,45,222,0.28,SURVEI_SIMULASI,ok,True
2026-09-01T13:00:00+07:00,S15,reverse,37.7,45,236,0.3,SURVEI_SIMULASI,ok,True
2026-09-01T14:00:00+07:00,S15,reverse,36.8,45,266,0.33,SURVEI_SIMULASI,ok,True
2026-09-01T15:00:00+07:00,S15,reverse,36.1,45,287,0.36,SURVEI_SIMULASI,ok,True
2026-09-01T16:00:00+07:00,S15,reverse,32.8,45,395,0.49,SURVEI_SIMULASI,ok,True
2026-09-01T17:00:00+07:00,S15,reverse,33.7,45,366,0.46,SURVEI_SIMULASI,ok,True
2026-09-01T18:00:00+07:00,S15,reverse,33.5,45,370,0.46,SURVEI_SIMULASI,ok,True
2026-09-01T19:00:00+07:00,S15,reverse,32.9,45,391,0.49,SURVEI_SIMULASI,ok,True
2026-09-02T06:00:00+07:00,S15,reverse,36.5,45,276,0.35,SURVEI_SIMULASI,ok,True
2026-09-02T07:00:00+07:00,S15,reverse,30.7,45,462,0.58,SURVEI_SIMULASI,ok,True
2026-09-02T08:00:00+07:00,S15,reverse,31.9,45,424,0.53,SURVEI_SIMULASI,ok,True
2026-09-02T09:00:00+07:00,S15,reverse,30.8,45,460,0.58,SURVEI_SIMULASI,ok,True
2026-09-02T10:00:00+07:00,S15,reverse,36.9,45,263,0.33,SURVEI_SIMULASI,ok,True
2026-09-02T11:00:00+07:00,S15,reverse,36.1,45,286,0.36,SURVEI_SIMULASI,ok,True
2026-09-02T12:00:00+07:00,S15,reverse,38.0,45,225,0.28,SURVEI_SIMULASI,ok,True
2026-09-02T13:00:00+07:00,S15,reverse,37.9,45,231,0.29,SURVEI_SIMULASI,ok,True
2026-09-02T14:00:00+07:00,S15,reverse,37.2,45,252,0.31,SURVEI_SIMULASI,ok,True
2026-09-02T15:00:00+07:00,S15,reverse,37.2,45,254,0.32,SURVEI_SIMULASI,ok,True
2026-09-02T16:00:00+07:00,S15,reverse,31.4,45,439,0.55,SURVEI_SIMULASI,ok,True
2026-09-02T17:00:00+07:00,S15,reverse,32.9,45,392,0.49,SURVEI_SIMULASI,ok,True
2026-09-02T18:00:00+07:00,S15,reverse,33.7,45,366,0.46,SURVEI_SIMULASI,ok,True
2026-09-02T19:00:00+07:00,S15,reverse,33.3,45,379,0.47,SURVEI_SIMULASI,ok,True
2026-09-08T06:00:00+07:00,S15,reverse,36.7,45,268,0.33,SURVEI_SIMULASI,ok,True
2026-09-08T07:00:00+07:00,S15,reverse,30.8,45,458,0.57,SURVEI_SIMULASI,ok,True
2026-09-08T08:00:00+07:00,S15,reverse,31.6,45,434,0.54,SURVEI_SIMULASI,ok,True
2026-09-08T09:00:00+07:00,S15,reverse,32.9,45,390,0.49,SURVEI_SIMULASI,ok,True
2026-09-08T10:00:00+07:00,S15,reverse,35.9,45,294,0.37,SURVEI_SIMULASI,ok,True
2026-09-08T11:00:00+07:00,S15,reverse,35.8,45,296,0.37,SURVEI_SIMULASI,ok,True
2026-09-08T12:00:00+07:00,S15,reverse,37.6,45,238,0.3,SURVEI_SIMULASI,ok,True
2026-09-08T13:00:00+07:00,S15,reverse,37.3,45,248,0.31,SURVEI_SIMULASI,ok,True
2026-09-08T14:00:00+07:00,S15,reverse,36.8,45,265,0.33,SURVEI_SIMULASI,ok,True
2026-09-08T15:00:00+07:00,S15,reverse,35.9,45,294,0.37,SURVEI_SIMULASI,ok,True
2026-09-08T16:00:00+07:00,S15,reverse,33.0,45,388,0.48,SURVEI_SIMULASI,ok,True
2026-09-08T17:00:00+07:00,S15,reverse,32.0,45,420,0.52,SURVEI_SIMULASI,ok,True
2026-09-08T18:00:00+07:00,S15,reverse,32.2,45,415,0.52,SURVEI_SIMULASI,ok,True
2026-09-08T19:00:00+07:00,S15,reverse,31.3,45,441,0.55,SURVEI_SIMULASI,ok,True
2026-09-09T06:00:00+07:00,S15,reverse,36.3,45,280,0.35,SURVEI_SIMULASI,ok,True
2026-09-09T07:00:00+07:00,S15,reverse,32.5,45,403,0.5,SURVEI_SIMULASI,ok,True
2026-09-09T08:00:00+07:00,S15,reverse,31.3,45,442,0.55,SURVEI_SIMULASI,ok,True
2026-09-09T09:00:00+07:00,S15,reverse,30.9,45,455,0.57,SURVEI_SIMULASI,ok,True
2026-09-09T10:00:00+07:00,S15,reverse,37.1,45,255,0.32,SURVEI_SIMULASI,ok,True
2026-09-09T11:00:00+07:00,S15,reverse,36.6,45,271,0.34,SURVEI_SIMULASI,ok,True
2026-09-09T12:00:00+07:00,S15,reverse,38.1,45,222,0.28,SURVEI_SIMULASI,ok,True
2026-09-09T13:00:00+07:00,S15,reverse,38.1,45,224,0.28,SURVEI_SIMULASI,ok,True
2026-09-09T14:00:00+07:00,S15,reverse,36.6,45,271,0.34,SURVEI_SIMULASI,ok,True
2026-09-09T15:00:00+07:00,S15,reverse,36.1,45,287,0.36,SURVEI_SIMULASI,ok,True
2026-09-09T16:00:00+07:00,S15,reverse,32.7,45,399,0.5,SURVEI_SIMULASI,ok,True
2026-09-09T17:00:00+07:00,S15,reverse,32.0,45,422,0.53,SURVEI_SIMULASI,ok,True
2026-09-09T18:00:00+07:00,S15,reverse,31.6,45,433,0.54,SURVEI_SIMULASI,ok,True
2026-09-09T19:00:00+07:00,S15,reverse,31.7,45,430,0.54,SURVEI_SIMULASI,ok,True
2026-09-03T06:00:00+07:00,S15,reverse,36.2,45,283,0.35,SURVEI_SIMULASI,ok,True
2026-09-03T07:00:00+07:00,S15,reverse,32.5,45,404,0.5,SURVEI_SIMULASI,ok,True
2026-09-03T08:00:00+07:00,S15,reverse,31.9,45,422,0.53,SURVEI_SIMULASI,ok,True
2026-09-03T09:00:00+07:00,S15,reverse,32.4,45,407,0.51,SURVEI_SIMULASI,ok,True
2026-09-03T10:00:00+07:00,S15,reverse,36.7,45,269,0.34,SURVEI_SIMULASI,ok,True
2026-09-03T11:00:00+07:00,S15,reverse,36.9,45,263,0.33,SURVEI_SIMULASI,ok,True
2026-09-03T12:00:00+07:00,S15,reverse,38.1,45,223,0.28,SURVEI_SIMULASI,ok,True
2026-09-03T13:00:00+07:00,S15,reverse,36.8,45,263,0.33,SURVEI_SIMULASI,ok,True
2026-09-03T14:00:00+07:00,S15,reverse,36.6,45,270,0.34,SURVEI_SIMULASI,ok,True
2026-09-03T15:00:00+07:00,S15,reverse,37.2,45,253,0.32,SURVEI_SIMULASI,ok,True
2026-09-03T16:00:00+07:00,S15,reverse,32.0,45,420,0.53,SURVEI_SIMULASI,ok,True
2026-09-03T17:00:00+07:00,S15,reverse,32.1,45,417,0.52,SURVEI_SIMULASI,ok,True
2026-09-03T18:00:00+07:00,S15,reverse,33.6,45,367,0.46,SURVEI_SIMULASI,ok,True
2026-09-03T19:00:00+07:00,S15,reverse,31.4,45,439,0.55,SURVEI_SIMULASI,ok,True
2026-09-04T06:00:00+07:00,S15,reverse,36.3,45,282,0.35,SURVEI_SIMULASI,ok,True
2026-09-04T07:00:00+07:00,S15,reverse,30.8,45,459,0.57,SURVEI_SIMULASI,ok,True
2026-09-04T08:00:00+07:00,S15,reverse,32.8,45,395,0.49,SURVEI_SIMULASI,ok,True
2026-09-04T09:00:00+07:00,S15,reverse,31.0,45,454,0.57,SURVEI_SIMULASI,ok,True
2026-09-04T10:00:00+07:00,S15,reverse,35.8,45,296,0.37,SURVEI_SIMULASI,ok,True
2026-09-04T11:00:00+07:00,S15,reverse,36.5,45,275,0.34,SURVEI_SIMULASI,ok,True
2026-09-04T12:00:00+07:00,S15,reverse,37.2,45,253,0.32,SURVEI_SIMULASI,ok,True
2026-09-04T13:00:00+07:00,S15,reverse,37.6,45,238,0.3,SURVEI_SIMULASI,ok,True
2026-09-04T14:00:00+07:00,S15,reverse,36.3,45,282,0.35,SURVEI_SIMULASI,ok,True
2026-09-04T15:00:00+07:00,S15,reverse,37.3,45,250,0.31,SURVEI_SIMULASI,ok,True
2026-09-04T16:00:00+07:00,S15,reverse,32.5,45,404,0.5,SURVEI_SIMULASI,ok,True
2026-09-04T17:00:00+07:00,S15,reverse,31.6,45,433,0.54,SURVEI_SIMULASI,ok,True
2026-09-04T18:00:00+07:00,S15,reverse,33.4,45,374,0.47,SURVEI_SIMULASI,ok,True
2026-09-04T19:00:00+07:00,S15,reverse,33.4,45,375,0.47,SURVEI_SIMULASI,ok,True
2026-09-05T06:00:00+07:00,S15,reverse,36.6,45,271,0.34,SURVEI_SIMULASI,ok,True
2026-09-05T07:00:00+07:00,S15,reverse,32.5,45,404,0.5,SURVEI_SIMULASI,ok,True
2026-09-05T08:00:00+07:00,S15,reverse,32.5,45,404,0.51,SURVEI_SIMULASI,ok,True
2026-09-05T09:00:00+07:00,S15,reverse,31.6,45,435,0.54,SURVEI_SIMULASI,ok,True
2026-09-05T10:00:00+07:00,S15,reverse,37.1,45,255,0.32,SURVEI_SIMULASI,ok,True
2026-09-05T11:00:00+07:00,S15,reverse,36.9,45,263,0.33,SURVEI_SIMULASI,ok,True
2026-09-05T12:00:00+07:00,S15,reverse,37.1,45,256,0.32,SURVEI_SIMULASI,ok,True
2026-09-05T13:00:00+07:00,S15,reverse,37.0,45,260,0.32,SURVEI_SIMULASI,ok,True
2026-09-05T14:00:00+07:00,S15,reverse,36.9,45,261,0.33,SURVEI_SIMULASI,ok,True
2026-09-05T15:00:00+07:00,S15,reverse,36.3,45,281,0.35,SURVEI_SIMULASI,ok,True
2026-09-05T16:00:00+07:00,S15,reverse,33.4,45,373,0.47,SURVEI_SIMULASI,ok,True
2026-09-05T17:00:00+07:00,S15,reverse,31.5,45,437,0.55,SURVEI_SIMULASI,ok,True
2026-09-05T18:00:00+07:00,S15,reverse,31.6,45,432,0.54,SURVEI_SIMULASI,ok,True
2026-09-05T19:00:00+07:00,S15,reverse,31.5,45,435,0.54,SURVEI_SIMULASI,ok,True
2026-09-06T06:00:00+07:00,S15,reverse,36.9,45,263,0.33,SURVEI_SIMULASI,ok,True
2026-09-06T07:00:00+07:00,S15,reverse,33.3,45,378,0.47,SURVEI_SIMULASI,ok,True
2026-09-06T08:00:00+07:00,S15,reverse,32.6,45,401,0.5,SURVEI_SIMULASI,ok,True
2026-09-06T09:00:00+07:00,S15,reverse,32.9,45,391,0.49,SURVEI_SIMULASI,ok,True
2026-09-06T10:00:00+07:00,S15,reverse,37.3,45,248,0.31,SURVEI_SIMULASI,ok,True
2026-09-06T11:00:00+07:00,S15,reverse,37.9,45,229,0.29,SURVEI_SIMULASI,ok,True
2026-09-06T12:00:00+07:00,S15,reverse,38.7,45,204,0.25,SURVEI_SIMULASI,ok,True
2026-09-06T13:00:00+07:00,S15,reverse,38.2,45,221,0.28,SURVEI_SIMULASI,ok,True
2026-09-06T14:00:00+07:00,S15,reverse,37.7,45,237,0.3,SURVEI_SIMULASI,ok,True
2026-09-06T15:00:00+07:00,S15,reverse,37.8,45,233,0.29,SURVEI_SIMULASI,ok,True
2026-09-06T16:00:00+07:00,S15,reverse,32.8,45,395,0.49,SURVEI_SIMULASI,ok,True
2026-09-06T17:00:00+07:00,S15,reverse,34.7,45,332,0.41,SURVEI_SIMULASI,ok,True
2026-09-06T18:00:00+07:00,S15,reverse,32.9,45,390,0.49,SURVEI_SIMULASI,ok,True
2026-09-06T19:00:00+07:00,S15,reverse,33.9,45,358,0.45,SURVEI_SIMULASI,ok,True
2026-09-07T06:00:00+07:00,S15,reverse,37.5,45,243,0.3,SURVEI_SIMULASI,ok,True
2026-09-07T07:00:00+07:00,S15,reverse,33.7,45,365,0.46,SURVEI_SIMULASI,ok,True
2026-09-07T08:00:00+07:00,S15,reverse,32.4,45,409,0.51,SURVEI_SIMULASI,ok,True
2026-09-07T09:00:00+07:00,S15,reverse,33.6,45,368,0.46,SURVEI_SIMULASI,ok,True
2026-09-07T10:00:00+07:00,S15,reverse,37.4,45,245,0.31,SURVEI_SIMULASI,ok,True
2026-09-07T11:00:00+07:00,S15,reverse,37.2,45,253,0.32,SURVEI_SIMULASI,ok,True
2026-09-07T12:00:00+07:00,S15,reverse,38.6,45,207,0.26,SURVEI_SIMULASI,ok,True
2026-09-07T13:00:00+07:00,S15,reverse,38.3,45,215,0.27,SURVEI_SIMULASI,ok,True
2026-09-07T14:00:00+07:00,S15,reverse,38.1,45,222,0.28,SURVEI_SIMULASI,ok,True
2026-09-07T15:00:00+07:00,S15,reverse,37.9,45,230,0.29,SURVEI_SIMULASI,ok,True
2026-09-07T16:00:00+07:00,S15,reverse,33.3,45,379,0.47,SURVEI_SIMULASI,ok,True
2026-09-07T17:00:00+07:00,S15,reverse,34.8,45,328,0.41,SURVEI_SIMULASI,ok,True
2026-09-07T18:00:00+07:00,S15,reverse,34.1,45,352,0.44,SURVEI_SIMULASI,ok,True
2026-09-07T19:00:00+07:00,S15,reverse,33.0,45,387,0.48,SURVEI_SIMULASI,ok,True
2026-09-01T06:00:00+07:00,S16,forward,36.5,45,274,0.34,SURVEI_SIMULASI,ok,True
2026-09-01T07:00:00+07:00,S16,forward,30.8,45,459,0.57,SURVEI_SIMULASI,ok,True
2026-09-01T08:00:00+07:00,S16,forward,32.1,45,418,0.52,SURVEI_SIMULASI,ok,True
2026-09-01T09:00:00+07:00,S16,forward,30.4,45,472,0.59,SURVEI_SIMULASI,ok,True
2026-09-01T10:00:00+07:00,S16,forward,35.6,45,303,0.38,SURVEI_SIMULASI,ok,True
2026-09-01T11:00:00+07:00,S16,forward,36.5,45,274,0.34,SURVEI_SIMULASI,ok,True
2026-09-01T12:00:00+07:00,S16,forward,37.7,45,234,0.29,SURVEI_SIMULASI,ok,True
2026-09-01T13:00:00+07:00,S16,forward,38.0,45,226,0.28,SURVEI_SIMULASI,ok,True
2026-09-01T14:00:00+07:00,S16,forward,35.7,45,300,0.38,SURVEI_SIMULASI,ok,True
2026-09-01T15:00:00+07:00,S16,forward,36.5,45,276,0.34,SURVEI_SIMULASI,ok,True
2026-09-01T16:00:00+07:00,S16,forward,33.2,45,382,0.48,SURVEI_SIMULASI,ok,True
2026-09-01T17:00:00+07:00,S16,forward,31.7,45,430,0.54,SURVEI_SIMULASI,ok,True
2026-09-01T18:00:00+07:00,S16,forward,31.7,45,429,0.54,SURVEI_SIMULASI,ok,True
2026-09-01T19:00:00+07:00,S16,forward,31.6,45,432,0.54,SURVEI_SIMULASI,ok,True
2026-09-02T06:00:00+07:00,S16,forward,36.7,45,268,0.34,SURVEI_SIMULASI,ok,True
2026-09-02T07:00:00+07:00,S16,forward,31.6,45,434,0.54,SURVEI_SIMULASI,ok,True
2026-09-02T08:00:00+07:00,S16,forward,31.1,45,451,0.56,SURVEI_SIMULASI,ok,True
2026-09-02T09:00:00+07:00,S16,forward,31.2,45,446,0.56,SURVEI_SIMULASI,ok,True
2026-09-02T10:00:00+07:00,S16,forward,35.8,45,297,0.37,SURVEI_SIMULASI,ok,True
2026-09-02T11:00:00+07:00,S16,forward,36.9,45,261,0.33,SURVEI_SIMULASI,ok,True
2026-09-02T12:00:00+07:00,S16,forward,37.3,45,250,0.31,SURVEI_SIMULASI,ok,True
2026-09-02T13:00:00+07:00,S16,forward,37.5,45,242,0.3,SURVEI_SIMULASI,ok,True
2026-09-02T14:00:00+07:00,S16,forward,36.7,45,267,0.33,SURVEI_SIMULASI,ok,True
2026-09-02T15:00:00+07:00,S16,forward,36.5,45,276,0.35,SURVEI_SIMULASI,ok,True
2026-09-02T16:00:00+07:00,S16,forward,32.9,45,390,0.49,SURVEI_SIMULASI,ok,True
2026-09-02T17:00:00+07:00,S16,forward,31.8,45,428,0.53,SURVEI_SIMULASI,ok,True
2026-09-02T18:00:00+07:00,S16,forward,33.3,45,378,0.47,SURVEI_SIMULASI,ok,True
2026-09-02T19:00:00+07:00,S16,forward,31.9,45,423,0.53,SURVEI_SIMULASI,ok,True
2026-09-08T06:00:00+07:00,S16,forward,36.8,45,266,0.33,SURVEI_SIMULASI,ok,True
2026-09-08T07:00:00+07:00,S16,forward,31.7,45,428,0.54,SURVEI_SIMULASI,ok,True
2026-09-08T08:00:00+07:00,S16,forward,31.9,45,423,0.53,SURVEI_SIMULASI,ok,True
2026-09-08T09:00:00+07:00,S16,forward,31.4,45,440,0.55,SURVEI_SIMULASI,ok,True
2026-09-08T10:00:00+07:00,S16,forward,37.2,45,253,0.32,SURVEI_SIMULASI,ok,True
2026-09-08T11:00:00+07:00,S16,forward,36.0,45,291,0.36,SURVEI_SIMULASI,ok,True
2026-09-08T12:00:00+07:00,S16,forward,36.7,45,268,0.34,SURVEI_SIMULASI,ok,True
2026-09-08T13:00:00+07:00,S16,forward,36.7,45,269,0.34,SURVEI_SIMULASI,ok,True
2026-09-08T14:00:00+07:00,S16,forward,36.5,45,275,0.34,SURVEI_SIMULASI,ok,True
2026-09-08T15:00:00+07:00,S16,forward,35.7,45,300,0.37,SURVEI_SIMULASI,ok,True
2026-09-08T16:00:00+07:00,S16,forward,31.0,45,452,0.57,SURVEI_SIMULASI,ok,True
2026-09-08T17:00:00+07:00,S16,forward,33.4,45,376,0.47,SURVEI_SIMULASI,ok,True
2026-09-08T18:00:00+07:00,S16,forward,30.9,45,457,0.57,SURVEI_SIMULASI,ok,True
2026-09-08T19:00:00+07:00,S16,forward,31.7,45,429,0.54,SURVEI_SIMULASI,ok,True
2026-09-09T06:00:00+07:00,S16,forward,35.7,45,300,0.37,SURVEI_SIMULASI,ok,True
2026-09-09T07:00:00+07:00,S16,forward,32.5,45,403,0.5,SURVEI_SIMULASI,ok,True
2026-09-09T08:00:00+07:00,S16,forward,32.0,45,420,0.52,SURVEI_SIMULASI,ok,True
2026-09-09T09:00:00+07:00,S16,forward,30.6,45,467,0.58,SURVEI_SIMULASI,ok,True
2026-09-09T10:00:00+07:00,S16,forward,36.4,45,278,0.35,SURVEI_SIMULASI,ok,True
2026-09-09T11:00:00+07:00,S16,forward,36.6,45,273,0.34,SURVEI_SIMULASI,ok,True
2026-09-09T12:00:00+07:00,S16,forward,37.6,45,240,0.3,SURVEI_SIMULASI,ok,True
2026-09-09T13:00:00+07:00,S16,forward,37.4,45,245,0.31,SURVEI_SIMULASI,ok,True
2026-09-09T14:00:00+07:00,S16,forward,36.5,45,276,0.35,SURVEI_SIMULASI,ok,True
2026-09-09T15:00:00+07:00,S16,forward,36.2,45,283,0.35,SURVEI_SIMULASI,ok,True
2026-09-09T16:00:00+07:00,S16,forward,31.8,45,427,0.53,SURVEI_SIMULASI,ok,True
2026-09-09T17:00:00+07:00,S16,forward,31.2,45,446,0.56,SURVEI_SIMULASI,ok,True
2026-09-09T18:00:00+07:00,S16,forward,32.8,45,394,0.49,SURVEI_SIMULASI,ok,True
2026-09-09T19:00:00+07:00,S16,forward,31.0,45,452,0.57,SURVEI_SIMULASI,ok,True
2026-09-03T06:00:00+07:00,S16,forward,36.0,45,292,0.36,SURVEI_SIMULASI,ok,True
2026-09-03T07:00:00+07:00,S16,forward,30.9,45,456,0.57,SURVEI_SIMULASI,ok,True
2026-09-03T08:00:00+07:00,S16,forward,31.6,45,434,0.54,SURVEI_SIMULASI,ok,True
2026-09-03T09:00:00+07:00,S16,forward,32.0,45,420,0.52,SURVEI_SIMULASI,ok,True
2026-09-03T10:00:00+07:00,S16,forward,36.1,45,288,0.36,SURVEI_SIMULASI,ok,True
2026-09-03T11:00:00+07:00,S16,forward,37.1,45,256,0.32,SURVEI_SIMULASI,ok,True
2026-09-03T12:00:00+07:00,S16,forward,37.1,45,255,0.32,SURVEI_SIMULASI,ok,True
2026-09-03T13:00:00+07:00,S16,forward,37.3,45,250,0.31,SURVEI_SIMULASI,ok,True
2026-09-03T14:00:00+07:00,S16,forward,36.9,45,262,0.33,SURVEI_SIMULASI,ok,True
2026-09-03T15:00:00+07:00,S16,forward,36.0,45,290,0.36,SURVEI_SIMULASI,ok,True
2026-09-03T16:00:00+07:00,S16,forward,31.1,45,448,0.56,SURVEI_SIMULASI,ok,True
2026-09-03T17:00:00+07:00,S16,forward,32.8,45,394,0.49,SURVEI_SIMULASI,ok,True
2026-09-03T18:00:00+07:00,S16,forward,33.2,45,381,0.48,SURVEI_SIMULASI,ok,True
2026-09-03T19:00:00+07:00,S16,forward,32.9,45,391,0.49,SURVEI_SIMULASI,ok,True
2026-09-04T06:00:00+07:00,S16,forward,36.1,45,288,0.36,SURVEI_SIMULASI,ok,True
2026-09-04T07:00:00+07:00,S16,forward,31.4,45,441,0.55,SURVEI_SIMULASI,ok,True
2026-09-04T08:00:00+07:00,S16,forward,32.1,45,418,0.52,SURVEI_SIMULASI,ok,True
2026-09-04T09:00:00+07:00,S16,forward,30.7,45,462,0.58,SURVEI_SIMULASI,ok,True
2026-09-04T10:00:00+07:00,S16,forward,37.2,45,253,0.32,SURVEI_SIMULASI,ok,True
2026-09-04T11:00:00+07:00,S16,forward,36.7,45,267,0.33,SURVEI_SIMULASI,ok,True
2026-09-04T12:00:00+07:00,S16,forward,37.7,45,235,0.29,SURVEI_SIMULASI,ok,True
2026-09-04T13:00:00+07:00,S16,forward,37.1,45,254,0.32,SURVEI_SIMULASI,ok,True
2026-09-04T14:00:00+07:00,S16,forward,37.1,45,256,0.32,SURVEI_SIMULASI,ok,True
2026-09-04T15:00:00+07:00,S16,forward,37.2,45,253,0.32,SURVEI_SIMULASI,ok,True
2026-09-04T16:00:00+07:00,S16,forward,32.8,45,395,0.49,SURVEI_SIMULASI,ok,True
2026-09-04T17:00:00+07:00,S16,forward,31.2,45,448,0.56,SURVEI_SIMULASI,ok,True
2026-09-04T18:00:00+07:00,S16,forward,33.0,45,387,0.48,SURVEI_SIMULASI,ok,True
2026-09-04T19:00:00+07:00,S16,forward,33.1,45,384,0.48,SURVEI_SIMULASI,ok,True
2026-09-05T06:00:00+07:00,S16,forward,35.7,45,301,0.38,SURVEI_SIMULASI,ok,True
2026-09-05T07:00:00+07:00,S16,forward,32.0,45,419,0.52,SURVEI_SIMULASI,ok,True
2026-09-05T08:00:00+07:00,S16,forward,32.0,45,420,0.53,SURVEI_SIMULASI,ok,True
2026-09-05T09:00:00+07:00,S16,forward,32.2,45,414,0.52,SURVEI_SIMULASI,ok,True
2026-09-05T10:00:00+07:00,S16,forward,36.5,45,275,0.34,SURVEI_SIMULASI,ok,True
2026-09-05T11:00:00+07:00,S16,forward,36.4,45,278,0.35,SURVEI_SIMULASI,ok,True
2026-09-05T12:00:00+07:00,S16,forward,36.7,45,267,0.33,SURVEI_SIMULASI,ok,True
2026-09-05T13:00:00+07:00,S16,forward,37.7,45,237,0.3,SURVEI_SIMULASI,ok,True
2026-09-05T14:00:00+07:00,S16,forward,37.0,45,259,0.32,SURVEI_SIMULASI,ok,True
2026-09-05T15:00:00+07:00,S16,forward,36.5,45,275,0.34,SURVEI_SIMULASI,ok,True
2026-09-05T16:00:00+07:00,S16,forward,31.7,45,429,0.54,SURVEI_SIMULASI,ok,True
2026-09-05T17:00:00+07:00,S16,forward,33.1,45,385,0.48,SURVEI_SIMULASI,ok,True
2026-09-05T18:00:00+07:00,S16,forward,30.9,45,455,0.57,SURVEI_SIMULASI,ok,True
2026-09-05T19:00:00+07:00,S16,forward,32.2,45,414,0.52,SURVEI_SIMULASI,ok,True
2026-09-06T06:00:00+07:00,S16,forward,38.0,45,227,0.28,SURVEI_SIMULASI,ok,True
2026-09-06T07:00:00+07:00,S16,forward,33.3,45,379,0.47,SURVEI_SIMULASI,ok,True
2026-09-06T08:00:00+07:00,S16,forward,32.2,45,414,0.52,SURVEI_SIMULASI,ok,True
2026-09-06T09:00:00+07:00,S16,forward,33.1,45,384,0.48,SURVEI_SIMULASI,ok,True
2026-09-06T10:00:00+07:00,S16,forward,37.2,45,251,0.31,SURVEI_SIMULASI,ok,True
2026-09-06T11:00:00+07:00,S16,forward,37.6,45,238,0.3,SURVEI_SIMULASI,ok,True
2026-09-06T12:00:00+07:00,S16,forward,37.6,45,238,0.3,SURVEI_SIMULASI,ok,True
2026-09-06T13:00:00+07:00,S16,forward,37.9,45,230,0.29,SURVEI_SIMULASI,ok,True
2026-09-06T14:00:00+07:00,S16,forward,36.6,45,273,0.34,SURVEI_SIMULASI,ok,True
2026-09-06T15:00:00+07:00,S16,forward,37.7,45,237,0.3,SURVEI_SIMULASI,ok,True
2026-09-06T16:00:00+07:00,S16,forward,32.7,45,398,0.5,SURVEI_SIMULASI,ok,True
2026-09-06T17:00:00+07:00,S16,forward,33.1,45,385,0.48,SURVEI_SIMULASI,ok,True
2026-09-06T18:00:00+07:00,S16,forward,33.7,45,364,0.45,SURVEI_SIMULASI,ok,True
2026-09-06T19:00:00+07:00,S16,forward,34.4,45,342,0.43,SURVEI_SIMULASI,ok,True
2026-09-07T06:00:00+07:00,S16,forward,37.1,45,255,0.32,SURVEI_SIMULASI,ok,True
2026-09-07T07:00:00+07:00,S16,forward,31.7,45,428,0.54,SURVEI_SIMULASI,ok,True
2026-09-07T08:00:00+07:00,S16,forward,31.9,45,422,0.53,SURVEI_SIMULASI,ok,True
2026-09-07T09:00:00+07:00,S16,forward,33.3,45,378,0.47,SURVEI_SIMULASI,ok,True
2026-09-07T10:00:00+07:00,S16,forward,38.0,45,227,0.28,SURVEI_SIMULASI,ok,True
2026-09-07T11:00:00+07:00,S16,forward,37.8,45,233,0.29,SURVEI_SIMULASI,ok,True
2026-09-07T12:00:00+07:00,S16,forward,38.4,45,215,0.27,SURVEI_SIMULASI,ok,True
2026-09-07T13:00:00+07:00,S16,forward,38.1,45,224,0.28,SURVEI_SIMULASI,ok,True
2026-09-07T14:00:00+07:00,S16,forward,36.7,45,270,0.34,SURVEI_SIMULASI,ok,True
2026-09-07T15:00:00+07:00,S16,forward,37.9,45,229,0.29,SURVEI_SIMULASI,ok,True
2026-09-07T16:00:00+07:00,S16,forward,34.1,45,352,0.44,SURVEI_SIMULASI,ok,True
2026-09-07T17:00:00+07:00,S16,forward,32.7,45,398,0.5,SURVEI_SIMULASI,ok,True
2026-09-07T18:00:00+07:00,S16,forward,33.4,45,375,0.47,SURVEI_SIMULASI,ok,True
2026-09-07T19:00:00+07:00,S16,forward,32.6,45,400,0.5,SURVEI_SIMULASI,ok,True
2026-09-01T06:00:00+07:00,S16,reverse,36.7,45,268,0.33,SURVEI_SIMULASI,ok,True
2026-09-01T07:00:00+07:00,S16,reverse,31.9,45,424,0.53,SURVEI_SIMULASI,ok,True
2026-09-01T08:00:00+07:00,S16,reverse,31.0,45,454,0.57,SURVEI_SIMULASI,ok,True
2026-09-01T09:00:00+07:00,S16,reverse,30.6,45,466,0.58,SURVEI_SIMULASI,ok,True
2026-09-01T10:00:00+07:00,S16,reverse,36.7,45,267,0.33,SURVEI_SIMULASI,ok,True
2026-09-01T11:00:00+07:00,S16,reverse,36.7,45,269,0.34,SURVEI_SIMULASI,ok,True
2026-09-01T12:00:00+07:00,S16,reverse,37.4,45,247,0.31,SURVEI_SIMULASI,ok,True
2026-09-01T13:00:00+07:00,S16,reverse,37.4,45,246,0.31,SURVEI_SIMULASI,ok,True
2026-09-01T14:00:00+07:00,S16,reverse,35.9,45,295,0.37,SURVEI_SIMULASI,ok,True
2026-09-01T15:00:00+07:00,S16,reverse,36.6,45,271,0.34,SURVEI_SIMULASI,ok,True
2026-09-01T16:00:00+07:00,S16,reverse,32.8,45,395,0.49,SURVEI_SIMULASI,ok,True
2026-09-01T17:00:00+07:00,S16,reverse,32.6,45,401,0.5,SURVEI_SIMULASI,ok,True
2026-09-01T18:00:00+07:00,S16,reverse,32.4,45,407,0.51,SURVEI_SIMULASI,ok,True
2026-09-01T19:00:00+07:00,S16,reverse,32.3,45,410,0.51,SURVEI_SIMULASI,ok,True
2026-09-02T06:00:00+07:00,S16,reverse,35.7,45,302,0.38,SURVEI_SIMULASI,ok,True
2026-09-02T07:00:00+07:00,S16,reverse,31.0,45,452,0.57,SURVEI_SIMULASI,ok,True
2026-09-02T08:00:00+07:00,S16,reverse,32.1,45,417,0.52,SURVEI_SIMULASI,ok,True
2026-09-02T09:00:00+07:00,S16,reverse,30.9,45,454,0.57,SURVEI_SIMULASI,ok,True
2026-09-02T10:00:00+07:00,S16,reverse,37.0,45,260,0.32,SURVEI_SIMULASI,ok,True
2026-09-02T11:00:00+07:00,S16,reverse,35.9,45,295,0.37,SURVEI_SIMULASI,ok,True
2026-09-02T12:00:00+07:00,S16,reverse,36.5,45,275,0.34,SURVEI_SIMULASI,ok,True
2026-09-02T13:00:00+07:00,S16,reverse,37.7,45,237,0.3,SURVEI_SIMULASI,ok,True
2026-09-02T14:00:00+07:00,S16,reverse,36.2,45,285,0.36,SURVEI_SIMULASI,ok,True
2026-09-02T15:00:00+07:00,S16,reverse,36.0,45,291,0.36,SURVEI_SIMULASI,ok,True
2026-09-02T16:00:00+07:00,S16,reverse,32.6,45,400,0.5,SURVEI_SIMULASI,ok,True
2026-09-02T17:00:00+07:00,S16,reverse,32.8,45,393,0.49,SURVEI_SIMULASI,ok,True
2026-09-02T18:00:00+07:00,S16,reverse,32.0,45,420,0.52,SURVEI_SIMULASI,ok,True
2026-09-02T19:00:00+07:00,S16,reverse,31.6,45,432,0.54,SURVEI_SIMULASI,ok,True
2026-09-08T06:00:00+07:00,S16,reverse,36.7,45,268,0.34,SURVEI_SIMULASI,ok,True
2026-09-08T07:00:00+07:00,S16,reverse,31.9,45,424,0.53,SURVEI_SIMULASI,ok,True
2026-09-08T08:00:00+07:00,S16,reverse,29.9,45,488,0.61,SURVEI_SIMULASI,ok,True
2026-09-08T09:00:00+07:00,S16,reverse,31.1,45,450,0.56,SURVEI_SIMULASI,ok,True
2026-09-08T10:00:00+07:00,S16,reverse,36.8,45,266,0.33,SURVEI_SIMULASI,ok,True
2026-09-08T11:00:00+07:00,S16,reverse,36.9,45,261,0.33,SURVEI_SIMULASI,ok,True
2026-09-08T12:00:00+07:00,S16,reverse,37.4,45,247,0.31,SURVEI_SIMULASI,ok,True
2026-09-08T13:00:00+07:00,S16,reverse,37.4,45,245,0.31,SURVEI_SIMULASI,ok,True
2026-09-08T14:00:00+07:00,S16,reverse,36.6,45,270,0.34,SURVEI_SIMULASI,ok,True
2026-09-08T15:00:00+07:00,S16,reverse,36.3,45,280,0.35,SURVEI_SIMULASI,ok,True
2026-09-08T16:00:00+07:00,S16,reverse,30.9,45,455,0.57,SURVEI_SIMULASI,ok,True
2026-09-08T17:00:00+07:00,S16,reverse,32.1,45,418,0.52,SURVEI_SIMULASI,ok,True
2026-09-08T18:00:00+07:00,S16,reverse,31.0,45,451,0.56,SURVEI_SIMULASI,ok,True
2026-09-08T19:00:00+07:00,S16,reverse,32.6,45,401,0.5,SURVEI_SIMULASI,ok,True
2026-09-09T06:00:00+07:00,S16,reverse,36.8,45,265,0.33,SURVEI_SIMULASI,ok,True
2026-09-09T07:00:00+07:00,S16,reverse,30.6,45,464,0.58,SURVEI_SIMULASI,ok,True
2026-09-09T08:00:00+07:00,S16,reverse,32.5,45,403,0.5,SURVEI_SIMULASI,ok,True
2026-09-09T09:00:00+07:00,S16,reverse,32.3,45,409,0.51,SURVEI_SIMULASI,ok,True
2026-09-09T10:00:00+07:00,S16,reverse,36.7,45,269,0.34,SURVEI_SIMULASI,ok,True
2026-09-09T11:00:00+07:00,S16,reverse,36.6,45,273,0.34,SURVEI_SIMULASI,ok,True
2026-09-09T12:00:00+07:00,S16,reverse,37.3,45,250,0.31,SURVEI_SIMULASI,ok,True
2026-09-09T13:00:00+07:00,S16,reverse,37.6,45,239,0.3,SURVEI_SIMULASI,ok,True
2026-09-09T14:00:00+07:00,S16,reverse,36.6,45,273,0.34,SURVEI_SIMULASI,ok,True
2026-09-09T15:00:00+07:00,S16,reverse,35.9,45,294,0.37,SURVEI_SIMULASI,ok,True
2026-09-09T16:00:00+07:00,S16,reverse,32.2,45,415,0.52,SURVEI_SIMULASI,ok,True
2026-09-09T17:00:00+07:00,S16,reverse,31.0,45,454,0.57,SURVEI_SIMULASI,ok,True
2026-09-09T18:00:00+07:00,S16,reverse,31.5,45,435,0.54,SURVEI_SIMULASI,ok,True
2026-09-09T19:00:00+07:00,S16,reverse,30.8,45,458,0.57,SURVEI_SIMULASI,ok,True
2026-09-03T06:00:00+07:00,S16,reverse,36.3,45,282,0.35,SURVEI_SIMULASI,ok,True
2026-09-03T07:00:00+07:00,S16,reverse,30.5,45,468,0.59,SURVEI_SIMULASI,ok,True
2026-09-03T08:00:00+07:00,S16,reverse,30.2,45,479,0.6,SURVEI_SIMULASI,ok,True
2026-09-03T09:00:00+07:00,S16,reverse,30.9,45,456,0.57,SURVEI_SIMULASI,ok,True
2026-09-03T10:00:00+07:00,S16,reverse,36.5,45,275,0.34,SURVEI_SIMULASI,ok,True
2026-09-03T11:00:00+07:00,S16,reverse,36.1,45,288,0.36,SURVEI_SIMULASI,ok,True
2026-09-03T12:00:00+07:00,S16,reverse,37.3,45,248,0.31,SURVEI_SIMULASI,ok,True
2026-09-03T13:00:00+07:00,S16,reverse,36.8,45,265,0.33,SURVEI_SIMULASI,ok,True
2026-09-03T14:00:00+07:00,S16,reverse,36.7,45,267,0.33,SURVEI_SIMULASI,ok,True
2026-09-03T15:00:00+07:00,S16,reverse,35.9,45,296,0.37,SURVEI_SIMULASI,ok,True
2026-09-03T16:00:00+07:00,S16,reverse,31.9,45,423,0.53,SURVEI_SIMULASI,ok,True
2026-09-03T17:00:00+07:00,S16,reverse,31.6,45,433,0.54,SURVEI_SIMULASI,ok,True
2026-09-03T18:00:00+07:00,S16,reverse,31.7,45,429,0.54,SURVEI_SIMULASI,ok,True
2026-09-03T19:00:00+07:00,S16,reverse,31.3,45,442,0.55,SURVEI_SIMULASI,ok,True
2026-09-04T06:00:00+07:00,S16,reverse,36.9,45,262,0.33,SURVEI_SIMULASI,ok,True
2026-09-04T07:00:00+07:00,S16,reverse,30.3,45,475,0.59,SURVEI_SIMULASI,ok,True
2026-09-04T08:00:00+07:00,S16,reverse,32.2,45,413,0.52,SURVEI_SIMULASI,ok,True
2026-09-04T09:00:00+07:00,S16,reverse,32.0,45,421,0.53,SURVEI_SIMULASI,ok,True
2026-09-04T10:00:00+07:00,S16,reverse,37.1,45,256,0.32,SURVEI_SIMULASI,ok,True
2026-09-04T11:00:00+07:00,S16,reverse,36.3,45,280,0.35,SURVEI_SIMULASI,ok,True
2026-09-04T12:00:00+07:00,S16,reverse,37.9,45,228,0.28,SURVEI_SIMULASI,ok,True
2026-09-04T13:00:00+07:00,S16,reverse,38.0,45,226,0.28,SURVEI_SIMULASI,ok,True
2026-09-04T14:00:00+07:00,S16,reverse,36.5,45,275,0.34,SURVEI_SIMULASI,ok,True
2026-09-04T15:00:00+07:00,S16,reverse,36.0,45,290,0.36,SURVEI_SIMULASI,ok,True
2026-09-04T16:00:00+07:00,S16,reverse,32.2,45,412,0.52,SURVEI_SIMULASI,ok,True
2026-09-04T17:00:00+07:00,S16,reverse,31.3,45,444,0.56,SURVEI_SIMULASI,ok,True
2026-09-04T18:00:00+07:00,S16,reverse,31.2,45,446,0.56,SURVEI_SIMULASI,ok,True
2026-09-04T19:00:00+07:00,S16,reverse,32.4,45,408,0.51,SURVEI_SIMULASI,ok,True
2026-09-05T06:00:00+07:00,S16,reverse,35.7,45,300,0.37,SURVEI_SIMULASI,ok,True
2026-09-05T07:00:00+07:00,S16,reverse,31.2,45,445,0.56,SURVEI_SIMULASI,ok,True
2026-09-05T08:00:00+07:00,S16,reverse,30.2,45,479,0.6,SURVEI_SIMULASI,ok,True
2026-09-05T09:00:00+07:00,S16,reverse,31.1,45,450,0.56,SURVEI_SIMULASI,ok,True
2026-09-05T10:00:00+07:00,S16,reverse,37.2,45,252,0.31,SURVEI_SIMULASI,ok,True
2026-09-05T11:00:00+07:00,S16,reverse,36.4,45,278,0.35,SURVEI_SIMULASI,ok,True
2026-09-05T12:00:00+07:00,S16,reverse,37.8,45,231,0.29,SURVEI_SIMULASI,ok,True
2026-09-05T13:00:00+07:00,S16,reverse,37.5,45,243,0.3,SURVEI_SIMULASI,ok,True
2026-09-05T14:00:00+07:00,S16,reverse,36.2,45,286,0.36,SURVEI_SIMULASI,ok,True
2026-09-05T15:00:00+07:00,S16,reverse,36.9,45,263,0.33,SURVEI_SIMULASI,ok,True
2026-09-05T16:00:00+07:00,S16,reverse,32.9,45,390,0.49,SURVEI_SIMULASI,ok,True
2026-09-05T17:00:00+07:00,S16,reverse,32.4,45,408,0.51,SURVEI_SIMULASI,ok,True
2026-09-05T18:00:00+07:00,S16,reverse,31.6,45,435,0.54,SURVEI_SIMULASI,ok,True
2026-09-05T19:00:00+07:00,S16,reverse,32.6,45,401,0.5,SURVEI_SIMULASI,ok,True
2026-09-06T06:00:00+07:00,S16,reverse,36.7,45,267,0.33,SURVEI_SIMULASI,ok,True
2026-09-06T07:00:00+07:00,S16,reverse,32.5,45,404,0.51,SURVEI_SIMULASI,ok,True
2026-09-06T08:00:00+07:00,S16,reverse,32.3,45,409,0.51,SURVEI_SIMULASI,ok,True
2026-09-06T09:00:00+07:00,S16,reverse,33.3,45,379,0.47,SURVEI_SIMULASI,ok,True
2026-09-06T10:00:00+07:00,S16,reverse,37.1,45,254,0.32,SURVEI_SIMULASI,ok,True
2026-09-06T11:00:00+07:00,S16,reverse,37.4,45,247,0.31,SURVEI_SIMULASI,ok,True
2026-09-06T12:00:00+07:00,S16,reverse,37.4,45,247,0.31,SURVEI_SIMULASI,ok,True
2026-09-06T13:00:00+07:00,S16,reverse,37.9,45,230,0.29,SURVEI_SIMULASI,ok,True
2026-09-06T14:00:00+07:00,S16,reverse,36.5,45,275,0.34,SURVEI_SIMULASI,ok,True
2026-09-06T15:00:00+07:00,S16,reverse,38.0,45,226,0.28,SURVEI_SIMULASI,ok,True
2026-09-06T16:00:00+07:00,S16,reverse,32.5,45,403,0.5,SURVEI_SIMULASI,ok,True
2026-09-06T17:00:00+07:00,S16,reverse,34.3,45,344,0.43,SURVEI_SIMULASI,ok,True
2026-09-06T18:00:00+07:00,S16,reverse,33.8,45,362,0.45,SURVEI_SIMULASI,ok,True
2026-09-06T19:00:00+07:00,S16,reverse,34.5,45,340,0.42,SURVEI_SIMULASI,ok,True
2026-09-07T06:00:00+07:00,S16,reverse,37.5,45,244,0.3,SURVEI_SIMULASI,ok,True
2026-09-07T07:00:00+07:00,S16,reverse,33.8,45,362,0.45,SURVEI_SIMULASI,ok,True
2026-09-07T08:00:00+07:00,S16,reverse,31.6,45,434,0.54,SURVEI_SIMULASI,ok,True
2026-09-07T09:00:00+07:00,S16,reverse,33.2,45,381,0.48,SURVEI_SIMULASI,ok,True
2026-09-07T10:00:00+07:00,S16,reverse,37.6,45,240,0.3,SURVEI_SIMULASI,ok,True
2026-09-07T11:00:00+07:00,S16,reverse,36.6,45,273,0.34,SURVEI_SIMULASI,ok,True
2026-09-07T12:00:00+07:00,S16,reverse,38.6,45,208,0.26,SURVEI_SIMULASI,ok,True
2026-09-07T13:00:00+07:00,S16,reverse,37.6,45,239,0.3,SURVEI_SIMULASI,ok,True
2026-09-07T14:00:00+07:00,S16,reverse,36.5,45,273,0.34,SURVEI_SIMULASI,ok,True
2026-09-07T15:00:00+07:00,S16,reverse,37.9,45,229,0.29,SURVEI_SIMULASI,ok,True
2026-09-07T16:00:00+07:00,S16,reverse,33.2,45,381,0.48,SURVEI_SIMULASI,ok,True
2026-09-07T17:00:00+07:00,S16,reverse,34.2,45,349,0.44,SURVEI_SIMULASI,ok,True
2026-09-07T18:00:00+07:00,S16,reverse,32.5,45,404,0.51,SURVEI_SIMULASI,ok,True
2026-09-07T19:00:00+07:00,S16,reverse,34.2,45,349,0.44,SURVEI_SIMULASI,ok,True
2026-09-01T06:00:00+07:00,S17,forward,36.3,45,282,0.35,SURVEI_SIMULASI,ok,True
2026-09-01T07:00:00+07:00,S17,forward,29.5,45,502,0.63,SURVEI_SIMULASI,ok,True
2026-09-01T08:00:00+07:00,S17,forward,32.2,45,414,0.52,SURVEI_SIMULASI,ok,True
2026-09-01T09:00:00+07:00,S17,forward,30.4,45,471,0.59,SURVEI_SIMULASI,ok,True
2026-09-01T10:00:00+07:00,S17,forward,36.8,45,264,0.33,SURVEI_SIMULASI,ok,True
2026-09-01T11:00:00+07:00,S17,forward,36.1,45,288,0.36,SURVEI_SIMULASI,ok,True
2026-09-01T12:00:00+07:00,S17,forward,36.5,45,274,0.34,SURVEI_SIMULASI,ok,True
2026-09-01T13:00:00+07:00,S17,forward,37.0,45,259,0.32,SURVEI_SIMULASI,ok,True
2026-09-01T14:00:00+07:00,S17,forward,35.7,45,301,0.38,SURVEI_SIMULASI,ok,True
2026-09-01T15:00:00+07:00,S17,forward,36.9,45,262,0.33,SURVEI_SIMULASI,ok,True
2026-09-01T16:00:00+07:00,S17,forward,31.5,45,437,0.55,SURVEI_SIMULASI,ok,True
2026-09-01T17:00:00+07:00,S17,forward,33.0,45,389,0.49,SURVEI_SIMULASI,ok,True
2026-09-01T18:00:00+07:00,S17,forward,32.9,45,390,0.49,SURVEI_SIMULASI,ok,True
2026-09-01T19:00:00+07:00,S17,forward,31.0,45,451,0.56,SURVEI_SIMULASI,ok,True
2026-09-02T06:00:00+07:00,S17,forward,35.8,45,299,0.37,SURVEI_SIMULASI,ok,True
2026-09-02T07:00:00+07:00,S17,forward,31.7,45,430,0.54,SURVEI_SIMULASI,ok,True
2026-09-02T08:00:00+07:00,S17,forward,32.1,45,416,0.52,SURVEI_SIMULASI,ok,True
2026-09-02T09:00:00+07:00,S17,forward,31.1,45,450,0.56,SURVEI_SIMULASI,ok,True
2026-09-02T10:00:00+07:00,S17,forward,36.8,45,265,0.33,SURVEI_SIMULASI,ok,True
2026-09-02T11:00:00+07:00,S17,forward,36.1,45,287,0.36,SURVEI_SIMULASI,ok,True
2026-09-02T12:00:00+07:00,S17,forward,37.6,45,239,0.3,SURVEI_SIMULASI,ok,True
2026-09-02T13:00:00+07:00,S17,forward,37.2,45,253,0.32,SURVEI_SIMULASI,ok,True
2026-09-02T14:00:00+07:00,S17,forward,35.4,45,311,0.39,SURVEI_SIMULASI,ok,True
2026-09-02T15:00:00+07:00,S17,forward,36.1,45,289,0.36,SURVEI_SIMULASI,ok,True
2026-09-02T16:00:00+07:00,S17,forward,32.6,45,400,0.5,SURVEI_SIMULASI,ok,True
2026-09-02T17:00:00+07:00,S17,forward,30.5,45,468,0.59,SURVEI_SIMULASI,ok,True
2026-09-02T18:00:00+07:00,S17,forward,32.0,45,421,0.53,SURVEI_SIMULASI,ok,True
2026-09-02T19:00:00+07:00,S17,forward,31.8,45,427,0.53,SURVEI_SIMULASI,ok,True
2026-09-08T06:00:00+07:00,S17,forward,36.3,45,281,0.35,SURVEI_SIMULASI,ok,True
2026-09-08T07:00:00+07:00,S17,forward,32.0,45,420,0.53,SURVEI_SIMULASI,ok,True
2026-09-08T08:00:00+07:00,S17,forward,32.1,45,418,0.52,SURVEI_SIMULASI,ok,True
2026-09-08T09:00:00+07:00,S17,forward,31.8,45,427,0.53,SURVEI_SIMULASI,ok,True
2026-09-08T10:00:00+07:00,S17,forward,36.3,45,281,0.35,SURVEI_SIMULASI,ok,True
2026-09-08T11:00:00+07:00,S17,forward,36.1,45,286,0.36,SURVEI_SIMULASI,ok,True
2026-09-08T12:00:00+07:00,S17,forward,37.2,45,251,0.31,SURVEI_SIMULASI,ok,True
2026-09-08T13:00:00+07:00,S17,forward,37.2,45,253,0.32,SURVEI_SIMULASI,ok,True
2026-09-08T14:00:00+07:00,S17,forward,36.6,45,273,0.34,SURVEI_SIMULASI,ok,True
2026-09-08T15:00:00+07:00,S17,forward,35.7,45,301,0.38,SURVEI_SIMULASI,ok,True
2026-09-08T16:00:00+07:00,S17,forward,31.6,45,432,0.54,SURVEI_SIMULASI,ok,True
2026-09-08T17:00:00+07:00,S17,forward,31.2,45,447,0.56,SURVEI_SIMULASI,ok,True
2026-09-08T18:00:00+07:00,S17,forward,30.9,45,455,0.57,SURVEI_SIMULASI,ok,True
2026-09-08T19:00:00+07:00,S17,forward,31.7,45,430,0.54,SURVEI_SIMULASI,ok,True
2026-09-09T06:00:00+07:00,S17,forward,35.6,45,303,0.38,SURVEI_SIMULASI,ok,True
2026-09-09T07:00:00+07:00,S17,forward,31.3,45,444,0.55,SURVEI_SIMULASI,ok,True
2026-09-09T08:00:00+07:00,S17,forward,29.5,45,500,0.62,SURVEI_SIMULASI,ok,True
2026-09-09T09:00:00+07:00,S17,forward,30.3,45,474,0.59,SURVEI_SIMULASI,ok,True
2026-09-09T10:00:00+07:00,S17,forward,35.7,45,301,0.38,SURVEI_SIMULASI,ok,True
2026-09-09T11:00:00+07:00,S17,forward,36.3,45,281,0.35,SURVEI_SIMULASI,ok,True
2026-09-09T12:00:00+07:00,S17,forward,37.5,45,241,0.3,SURVEI_SIMULASI,ok,True
2026-09-09T13:00:00+07:00,S17,forward,37.4,45,247,0.31,SURVEI_SIMULASI,ok,True
2026-09-09T14:00:00+07:00,S17,forward,36.0,45,290,0.36,SURVEI_SIMULASI,ok,True
2026-09-09T15:00:00+07:00,S17,forward,35.7,45,299,0.37,SURVEI_SIMULASI,ok,True
2026-09-09T16:00:00+07:00,S17,forward,30.9,45,455,0.57,SURVEI_SIMULASI,ok,True
2026-09-09T17:00:00+07:00,S17,forward,31.5,45,435,0.54,SURVEI_SIMULASI,ok,True
2026-09-09T18:00:00+07:00,S17,forward,32.0,45,421,0.53,SURVEI_SIMULASI,ok,True
2026-09-09T19:00:00+07:00,S17,forward,31.3,45,441,0.55,SURVEI_SIMULASI,ok,True
2026-09-03T06:00:00+07:00,S17,forward,35.4,45,312,0.39,SURVEI_SIMULASI,ok,True
2026-09-03T07:00:00+07:00,S17,forward,29.8,45,493,0.62,SURVEI_SIMULASI,ok,True
2026-09-03T08:00:00+07:00,S17,forward,29.6,45,499,0.62,SURVEI_SIMULASI,ok,True
2026-09-03T09:00:00+07:00,S17,forward,31.9,45,425,0.53,SURVEI_SIMULASI,ok,True
2026-09-03T10:00:00+07:00,S17,forward,36.0,45,290,0.36,SURVEI_SIMULASI,ok,True
2026-09-03T11:00:00+07:00,S17,forward,35.3,45,314,0.39,SURVEI_SIMULASI,ok,True
2026-09-03T12:00:00+07:00,S17,forward,36.4,45,278,0.35,SURVEI_SIMULASI,ok,True
2026-09-03T13:00:00+07:00,S17,forward,37.7,45,235,0.29,SURVEI_SIMULASI,ok,True
2026-09-03T14:00:00+07:00,S17,forward,35.7,45,300,0.38,SURVEI_SIMULASI,ok,True
2026-09-03T15:00:00+07:00,S17,forward,36.1,45,289,0.36,SURVEI_SIMULASI,ok,True
2026-09-03T16:00:00+07:00,S17,forward,31.3,45,442,0.55,SURVEI_SIMULASI,ok,True
2026-09-03T17:00:00+07:00,S17,forward,31.9,45,422,0.53,SURVEI_SIMULASI,ok,True
2026-09-03T18:00:00+07:00,S17,forward,31.7,45,430,0.54,SURVEI_SIMULASI,ok,True
2026-09-03T19:00:00+07:00,S17,forward,32.0,45,421,0.53,SURVEI_SIMULASI,ok,True
2026-09-04T06:00:00+07:00,S17,forward,36.9,45,261,0.33,SURVEI_SIMULASI,ok,True
2026-09-04T07:00:00+07:00,S17,forward,32.1,45,416,0.52,SURVEI_SIMULASI,ok,True
2026-09-04T08:00:00+07:00,S17,forward,31.9,45,422,0.53,SURVEI_SIMULASI,ok,True
2026-09-04T09:00:00+07:00,S17,forward,30.4,45,471,0.59,SURVEI_SIMULASI,ok,True
2026-09-04T10:00:00+07:00,S17,forward,35.7,45,302,0.38,SURVEI_SIMULASI,ok,True
2026-09-04T11:00:00+07:00,S17,forward,36.2,45,285,0.36,SURVEI_SIMULASI,ok,True
2026-09-04T12:00:00+07:00,S17,forward,36.9,45,262,0.33,SURVEI_SIMULASI,ok,True
2026-09-04T13:00:00+07:00,S17,forward,37.6,45,238,0.3,SURVEI_SIMULASI,ok,True
2026-09-04T14:00:00+07:00,S17,forward,37.0,45,260,0.32,SURVEI_SIMULASI,ok,True
2026-09-04T15:00:00+07:00,S17,forward,35.6,45,305,0.38,SURVEI_SIMULASI,ok,True
2026-09-04T16:00:00+07:00,S17,forward,32.3,45,409,0.51,SURVEI_SIMULASI,ok,True
2026-09-04T17:00:00+07:00,S17,forward,32.8,45,393,0.49,SURVEI_SIMULASI,ok,True
2026-09-04T18:00:00+07:00,S17,forward,32.0,45,420,0.53,SURVEI_SIMULASI,ok,True
2026-09-04T19:00:00+07:00,S17,forward,31.8,45,427,0.53,SURVEI_SIMULASI,ok,True
2026-09-05T06:00:00+07:00,S17,forward,35.8,45,297,0.37,SURVEI_SIMULASI,ok,True
2026-09-05T07:00:00+07:00,S17,forward,31.5,45,438,0.55,SURVEI_SIMULASI,ok,True
2026-09-05T08:00:00+07:00,S17,forward,31.8,45,427,0.53,SURVEI_SIMULASI,ok,True
2026-09-05T09:00:00+07:00,S17,forward,29.9,45,488,0.61,SURVEI_SIMULASI,ok,True
2026-09-05T10:00:00+07:00,S17,forward,36.2,45,285,0.36,SURVEI_SIMULASI,ok,True
2026-09-05T11:00:00+07:00,S17,forward,36.9,45,261,0.33,SURVEI_SIMULASI,ok,True
2026-09-05T12:00:00+07:00,S17,forward,37.7,45,236,0.3,SURVEI_SIMULASI,ok,True
2026-09-05T13:00:00+07:00,S17,forward,37.1,45,254,0.32,SURVEI_SIMULASI,ok,True
2026-09-05T14:00:00+07:00,S17,forward,35.7,45,302,0.38,SURVEI_SIMULASI,ok,True
2026-09-05T15:00:00+07:00,S17,forward,35.5,45,308,0.38,SURVEI_SIMULASI,ok,True
2026-09-05T16:00:00+07:00,S17,forward,31.9,45,423,0.53,SURVEI_SIMULASI,ok,True
2026-09-05T17:00:00+07:00,S17,forward,31.2,45,448,0.56,SURVEI_SIMULASI,ok,True
2026-09-05T18:00:00+07:00,S17,forward,31.0,45,453,0.57,SURVEI_SIMULASI,ok,True
2026-09-05T19:00:00+07:00,S17,forward,31.2,45,446,0.56,SURVEI_SIMULASI,ok,True
2026-09-06T06:00:00+07:00,S17,forward,36.8,45,264,0.33,SURVEI_SIMULASI,ok,True
2026-09-06T07:00:00+07:00,S17,forward,31.9,45,422,0.53,SURVEI_SIMULASI,ok,True
2026-09-06T08:00:00+07:00,S17,forward,31.6,45,432,0.54,SURVEI_SIMULASI,ok,True
2026-09-06T09:00:00+07:00,S17,forward,33.4,45,376,0.47,SURVEI_SIMULASI,ok,True
2026-09-06T10:00:00+07:00,S17,forward,36.9,45,262,0.33,SURVEI_SIMULASI,ok,True
2026-09-06T11:00:00+07:00,S17,forward,36.3,45,280,0.35,SURVEI_SIMULASI,ok,True
2026-09-06T12:00:00+07:00,S17,forward,37.9,45,231,0.29,SURVEI_SIMULASI,ok,True
2026-09-06T13:00:00+07:00,S17,forward,38.3,45,217,0.27,SURVEI_SIMULASI,ok,True
2026-09-06T14:00:00+07:00,S17,forward,36.5,45,273,0.34,SURVEI_SIMULASI,ok,True
2026-09-06T15:00:00+07:00,S17,forward,36.3,45,281,0.35,SURVEI_SIMULASI,ok,True
2026-09-06T16:00:00+07:00,S17,forward,32.1,45,417,0.52,SURVEI_SIMULASI,ok,True
2026-09-06T17:00:00+07:00,S17,forward,32.7,45,399,0.5,SURVEI_SIMULASI,ok,True
2026-09-06T18:00:00+07:00,S17,forward,34.2,45,349,0.44,SURVEI_SIMULASI,ok,True
2026-09-06T19:00:00+07:00,S17,forward,32.5,45,403,0.5,SURVEI_SIMULASI,ok,True
2026-09-07T06:00:00+07:00,S17,forward,37.6,45,239,0.3,SURVEI_SIMULASI,ok,True
2026-09-07T07:00:00+07:00,S17,forward,32.4,45,406,0.51,SURVEI_SIMULASI,ok,True
2026-09-07T08:00:00+07:00,S17,forward,31.9,45,423,0.53,SURVEI_SIMULASI,ok,True
2026-09-07T09:00:00+07:00,S17,forward,31.4,45,441,0.55,SURVEI_SIMULASI,ok,True
2026-09-07T10:00:00+07:00,S17,forward,36.4,45,278,0.35,SURVEI_SIMULASI,ok,True
2026-09-07T11:00:00+07:00,S17,forward,37.1,45,255,0.32,SURVEI_SIMULASI,ok,True
2026-09-07T12:00:00+07:00,S17,forward,38.4,45,214,0.27,SURVEI_SIMULASI,ok,True
2026-09-07T13:00:00+07:00,S17,forward,38.4,45,213,0.27,SURVEI_SIMULASI,ok,True
2026-09-07T14:00:00+07:00,S17,forward,36.3,45,283,0.35,SURVEI_SIMULASI,ok,True
2026-09-07T15:00:00+07:00,S17,forward,37.4,45,246,0.31,SURVEI_SIMULASI,ok,True
2026-09-07T16:00:00+07:00,S17,forward,32.5,45,403,0.5,SURVEI_SIMULASI,ok,True
2026-09-07T17:00:00+07:00,S17,forward,32.8,45,394,0.49,SURVEI_SIMULASI,ok,True
2026-09-07T18:00:00+07:00,S17,forward,32.3,45,410,0.51,SURVEI_SIMULASI,ok,True
2026-09-07T19:00:00+07:00,S17,forward,33.1,45,384,0.48,SURVEI_SIMULASI,ok,True
2026-09-01T06:00:00+07:00,S17,reverse,36.8,45,264,0.33,SURVEI_SIMULASI,ok,True
2026-09-01T07:00:00+07:00,S17,reverse,30.4,45,473,0.59,SURVEI_SIMULASI,ok,True
2026-09-01T08:00:00+07:00,S17,reverse,32.1,45,418,0.52,SURVEI_SIMULASI,ok,True
2026-09-01T09:00:00+07:00,S17,reverse,31.5,45,435,0.54,SURVEI_SIMULASI,ok,True
2026-09-01T10:00:00+07:00,S17,reverse,35.5,45,307,0.38,SURVEI_SIMULASI,ok,True
2026-09-01T11:00:00+07:00,S17,reverse,36.6,45,273,0.34,SURVEI_SIMULASI,ok,True
2026-09-01T12:00:00+07:00,S17,reverse,36.4,45,277,0.35,SURVEI_SIMULASI,ok,True
2026-09-01T13:00:00+07:00,S17,reverse,37.2,45,251,0.31,SURVEI_SIMULASI,ok,True
2026-09-01T14:00:00+07:00,S17,reverse,36.8,45,266,0.33,SURVEI_SIMULASI,ok,True
2026-09-01T15:00:00+07:00,S17,reverse,35.5,45,306,0.38,SURVEI_SIMULASI,ok,True
2026-09-01T16:00:00+07:00,S17,reverse,32.2,45,414,0.52,SURVEI_SIMULASI,ok,True
2026-09-01T17:00:00+07:00,S17,reverse,32.4,45,407,0.51,SURVEI_SIMULASI,ok,True
2026-09-01T18:00:00+07:00,S17,reverse,32.3,45,410,0.51,SURVEI_SIMULASI,ok,True
2026-09-01T19:00:00+07:00,S17,reverse,31.8,45,425,0.53,SURVEI_SIMULASI,ok,True
2026-09-02T06:00:00+07:00,S17,reverse,36.9,45,261,0.33,SURVEI_SIMULASI,ok,True
2026-09-02T07:00:00+07:00,S17,reverse,31.6,45,433,0.54,SURVEI_SIMULASI,ok,True
2026-09-02T08:00:00+07:00,S17,reverse,31.2,45,445,0.56,SURVEI_SIMULASI,ok,True
2026-09-02T09:00:00+07:00,S17,reverse,31.2,45,445,0.56,SURVEI_SIMULASI,ok,True
2026-09-02T10:00:00+07:00,S17,reverse,35.6,45,303,0.38,SURVEI_SIMULASI,ok,True
2026-09-02T11:00:00+07:00,S17,reverse,35.5,45,306,0.38,SURVEI_SIMULASI,ok,True
2026-09-02T12:00:00+07:00,S17,reverse,36.7,45,270,0.34,SURVEI_SIMULASI,ok,True
2026-09-02T13:00:00+07:00,S17,reverse,36.9,45,260,0.33,SURVEI_SIMULASI,ok,True
2026-09-02T14:00:00+07:00,S17,reverse,36.9,45,263,0.33,SURVEI_SIMULASI,ok,True
2026-09-02T15:00:00+07:00,S17,reverse,35.6,45,303,0.38,SURVEI_SIMULASI,ok,True
2026-09-02T16:00:00+07:00,S17,reverse,31.7,45,430,0.54,SURVEI_SIMULASI,ok,True
2026-09-02T17:00:00+07:00,S17,reverse,30.7,45,462,0.58,SURVEI_SIMULASI,ok,True
2026-09-02T18:00:00+07:00,S17,reverse,32.3,45,412,0.51,SURVEI_SIMULASI,ok,True
2026-09-02T19:00:00+07:00,S17,reverse,32.1,45,416,0.52,SURVEI_SIMULASI,ok,True
2026-09-08T06:00:00+07:00,S17,reverse,36.5,45,273,0.34,SURVEI_SIMULASI,ok,True
2026-09-08T07:00:00+07:00,S17,reverse,32.0,45,419,0.52,SURVEI_SIMULASI,ok,True
2026-09-08T08:00:00+07:00,S17,reverse,30.8,45,459,0.57,SURVEI_SIMULASI,ok,True
2026-09-08T09:00:00+07:00,S17,reverse,30.4,45,472,0.59,SURVEI_SIMULASI,ok,True
2026-09-08T10:00:00+07:00,S17,reverse,35.3,45,314,0.39,SURVEI_SIMULASI,ok,True
2026-09-08T11:00:00+07:00,S17,reverse,36.7,45,268,0.34,SURVEI_SIMULASI,ok,True
2026-09-08T12:00:00+07:00,S17,reverse,37.4,45,245,0.31,SURVEI_SIMULASI,ok,True
2026-09-08T13:00:00+07:00,S17,reverse,37.6,45,238,0.3,SURVEI_SIMULASI,ok,True
2026-09-08T14:00:00+07:00,S17,reverse,35.4,45,309,0.39,SURVEI_SIMULASI,ok,True
2026-09-08T15:00:00+07:00,S17,reverse,35.6,45,302,0.38,SURVEI_SIMULASI,ok,True
2026-09-08T16:00:00+07:00,S17,reverse,32.3,45,409,0.51,SURVEI_SIMULASI,ok,True
2026-09-08T17:00:00+07:00,S17,reverse,31.5,45,437,0.55,SURVEI_SIMULASI,ok,True
2026-09-08T18:00:00+07:00,S17,reverse,30.8,45,460,0.57,SURVEI_SIMULASI,ok,True
2026-09-08T19:00:00+07:00,S17,reverse,32.1,45,416,0.52,SURVEI_SIMULASI,ok,True
2026-09-09T06:00:00+07:00,S17,reverse,36.8,45,265,0.33,SURVEI_SIMULASI,ok,True
2026-09-09T07:00:00+07:00,S17,reverse,32.1,45,417,0.52,SURVEI_SIMULASI,ok,True
2026-09-09T08:00:00+07:00,S17,reverse,31.1,45,448,0.56,SURVEI_SIMULASI,ok,True
2026-09-09T09:00:00+07:00,S17,reverse,30.7,45,462,0.58,SURVEI_SIMULASI,ok,True
2026-09-09T10:00:00+07:00,S17,reverse,36.4,45,279,0.35,SURVEI_SIMULASI,ok,True
2026-09-09T11:00:00+07:00,S17,reverse,35.5,45,308,0.39,SURVEI_SIMULASI,ok,True
2026-09-09T12:00:00+07:00,S17,reverse,36.7,45,267,0.33,SURVEI_SIMULASI,ok,True
2026-09-09T13:00:00+07:00,S17,reverse,37.8,45,233,0.29,SURVEI_SIMULASI,ok,True
2026-09-09T14:00:00+07:00,S17,reverse,35.4,45,310,0.39,SURVEI_SIMULASI,ok,True
2026-09-09T15:00:00+07:00,S17,reverse,36.0,45,291,0.36,SURVEI_SIMULASI,ok,True
2026-09-09T16:00:00+07:00,S17,reverse,32.9,45,391,0.49,SURVEI_SIMULASI,ok,True
2026-09-09T17:00:00+07:00,S17,reverse,33.0,45,387,0.48,SURVEI_SIMULASI,ok,True
2026-09-09T18:00:00+07:00,S17,reverse,31.5,45,437,0.55,SURVEI_SIMULASI,ok,True
2026-09-09T19:00:00+07:00,S17,reverse,30.8,45,460,0.58,SURVEI_SIMULASI,ok,True
2026-09-03T06:00:00+07:00,S17,reverse,35.9,45,295,0.37,SURVEI_SIMULASI,ok,True
2026-09-03T07:00:00+07:00,S17,reverse,30.4,45,472,0.59,SURVEI_SIMULASI,ok,True
2026-09-03T08:00:00+07:00,S17,reverse,29.5,45,502,0.63,SURVEI_SIMULASI,ok,True
2026-09-03T09:00:00+07:00,S17,reverse,30.4,45,473,0.59,SURVEI_SIMULASI,ok,True
2026-09-03T10:00:00+07:00,S17,reverse,36.0,45,291,0.36,SURVEI_SIMULASI,ok,True
2026-09-03T11:00:00+07:00,S17,reverse,35.4,45,311,0.39,SURVEI_SIMULASI,ok,True
2026-09-03T12:00:00+07:00,S17,reverse,37.6,45,239,0.3,SURVEI_SIMULASI,ok,True
2026-09-03T13:00:00+07:00,S17,reverse,37.3,45,249,0.31,SURVEI_SIMULASI,ok,True
2026-09-03T14:00:00+07:00,S17,reverse,36.8,45,266,0.33,SURVEI_SIMULASI,ok,True
2026-09-03T15:00:00+07:00,S17,reverse,35.5,45,306,0.38,SURVEI_SIMULASI,ok,True
2026-09-03T16:00:00+07:00,S17,reverse,31.7,45,431,0.54,SURVEI_SIMULASI,ok,True
2026-09-03T17:00:00+07:00,S17,reverse,33.0,45,387,0.48,SURVEI_SIMULASI,ok,True
2026-09-03T18:00:00+07:00,S17,reverse,31.3,45,444,0.55,SURVEI_SIMULASI,ok,True
2026-09-03T19:00:00+07:00,S17,reverse,30.7,45,462,0.58,SURVEI_SIMULASI,ok,True
2026-09-04T06:00:00+07:00,S17,reverse,35.4,45,311,0.39,SURVEI_SIMULASI,ok,True
2026-09-04T07:00:00+07:00,S17,reverse,30.9,45,455,0.57,SURVEI_SIMULASI,ok,True
2026-09-04T08:00:00+07:00,S17,reverse,32.1,45,416,0.52,SURVEI_SIMULASI,ok,True
2026-09-04T09:00:00+07:00,S17,reverse,31.9,45,424,0.53,SURVEI_SIMULASI,ok,True
2026-09-04T10:00:00+07:00,S17,reverse,36.6,45,272,0.34,SURVEI_SIMULASI,ok,True
2026-09-04T11:00:00+07:00,S17,reverse,36.8,45,265,0.33,SURVEI_SIMULASI,ok,True
2026-09-04T12:00:00+07:00,S17,reverse,36.5,45,274,0.34,SURVEI_SIMULASI,ok,True
2026-09-04T13:00:00+07:00,S17,reverse,36.6,45,272,0.34,SURVEI_SIMULASI,ok,True
2026-09-04T14:00:00+07:00,S17,reverse,36.9,45,263,0.33,SURVEI_SIMULASI,ok,True
2026-09-04T15:00:00+07:00,S17,reverse,36.8,45,265,0.33,SURVEI_SIMULASI,ok,True
2026-09-04T16:00:00+07:00,S17,reverse,32.3,45,411,0.51,SURVEI_SIMULASI,ok,True
2026-09-04T17:00:00+07:00,S17,reverse,31.7,45,429,0.54,SURVEI_SIMULASI,ok,True
2026-09-04T18:00:00+07:00,S17,reverse,33.0,45,387,0.48,SURVEI_SIMULASI,ok,True
2026-09-04T19:00:00+07:00,S17,reverse,30.8,45,457,0.57,SURVEI_SIMULASI,ok,True
2026-09-05T06:00:00+07:00,S17,reverse,36.0,45,292,0.36,SURVEI_SIMULASI,ok,True
2026-09-05T07:00:00+07:00,S17,reverse,31.1,45,449,0.56,SURVEI_SIMULASI,ok,True
2026-09-05T08:00:00+07:00,S17,reverse,31.9,45,425,0.53,SURVEI_SIMULASI,ok,True
2026-09-05T09:00:00+07:00,S17,reverse,31.6,45,434,0.54,SURVEI_SIMULASI,ok,True
2026-09-05T10:00:00+07:00,S17,reverse,36.4,45,279,0.35,SURVEI_SIMULASI,ok,True
2026-09-05T11:00:00+07:00,S17,reverse,35.7,45,300,0.38,SURVEI_SIMULASI,ok,True
2026-09-05T12:00:00+07:00,S17,reverse,37.0,45,260,0.33,SURVEI_SIMULASI,ok,True
2026-09-05T13:00:00+07:00,S17,reverse,36.4,45,278,0.35,SURVEI_SIMULASI,ok,True
2026-09-05T14:00:00+07:00,S17,reverse,35.6,45,303,0.38,SURVEI_SIMULASI,ok,True
2026-09-05T15:00:00+07:00,S17,reverse,36.5,45,275,0.34,SURVEI_SIMULASI,ok,True
2026-09-05T16:00:00+07:00,S17,reverse,32.8,45,395,0.49,SURVEI_SIMULASI,ok,True
2026-09-05T17:00:00+07:00,S17,reverse,32.3,45,410,0.51,SURVEI_SIMULASI,ok,True
2026-09-05T18:00:00+07:00,S17,reverse,32.6,45,401,0.5,SURVEI_SIMULASI,ok,True
2026-09-05T19:00:00+07:00,S17,reverse,30.8,45,459,0.57,SURVEI_SIMULASI,ok,True
2026-09-06T06:00:00+07:00,S17,reverse,36.9,45,263,0.33,SURVEI_SIMULASI,ok,True
2026-09-06T07:00:00+07:00,S17,reverse,31.1,45,448,0.56,SURVEI_SIMULASI,ok,True
2026-09-06T08:00:00+07:00,S17,reverse,31.2,45,445,0.56,SURVEI_SIMULASI,ok,True
2026-09-06T09:00:00+07:00,S17,reverse,32.3,45,412,0.51,SURVEI_SIMULASI,ok,True
2026-09-06T10:00:00+07:00,S17,reverse,36.8,45,266,0.33,SURVEI_SIMULASI,ok,True
2026-09-06T11:00:00+07:00,S17,reverse,36.3,45,280,0.35,SURVEI_SIMULASI,ok,True
2026-09-06T12:00:00+07:00,S17,reverse,37.3,45,249,0.31,SURVEI_SIMULASI,ok,True
2026-09-06T13:00:00+07:00,S17,reverse,37.2,45,252,0.31,SURVEI_SIMULASI,ok,True
2026-09-06T14:00:00+07:00,S17,reverse,37.4,45,246,0.31,SURVEI_SIMULASI,ok,True
2026-09-06T15:00:00+07:00,S17,reverse,36.9,45,263,0.33,SURVEI_SIMULASI,ok,True
2026-09-06T16:00:00+07:00,S17,reverse,32.5,45,404,0.5,SURVEI_SIMULASI,ok,True
2026-09-06T17:00:00+07:00,S17,reverse,32.2,45,415,0.52,SURVEI_SIMULASI,ok,True
2026-09-06T18:00:00+07:00,S17,reverse,32.8,45,393,0.49,SURVEI_SIMULASI,ok,True
2026-09-06T19:00:00+07:00,S17,reverse,34.1,45,352,0.44,SURVEI_SIMULASI,ok,True
2026-09-07T06:00:00+07:00,S17,reverse,37.6,45,238,0.3,SURVEI_SIMULASI,ok,True
2026-09-07T07:00:00+07:00,S17,reverse,32.5,45,403,0.5,SURVEI_SIMULASI,ok,True
2026-09-07T08:00:00+07:00,S17,reverse,31.2,45,447,0.56,SURVEI_SIMULASI,ok,True
2026-09-07T09:00:00+07:00,S17,reverse,32.5,45,405,0.51,SURVEI_SIMULASI,ok,True
2026-09-07T10:00:00+07:00,S17,reverse,37.0,45,258,0.32,SURVEI_SIMULASI,ok,True
2026-09-07T11:00:00+07:00,S17,reverse,36.9,45,262,0.33,SURVEI_SIMULASI,ok,True
2026-09-07T12:00:00+07:00,S17,reverse,38.0,45,226,0.28,SURVEI_SIMULASI,ok,True
2026-09-07T13:00:00+07:00,S17,reverse,37.1,45,254,0.32,SURVEI_SIMULASI,ok,True
2026-09-07T14:00:00+07:00,S17,reverse,37.7,45,236,0.3,SURVEI_SIMULASI,ok,True
2026-09-07T15:00:00+07:00,S17,reverse,37.4,45,247,0.31,SURVEI_SIMULASI,ok,True
2026-09-07T16:00:00+07:00,S17,reverse,32.5,45,404,0.51,SURVEI_SIMULASI,ok,True
2026-09-07T17:00:00+07:00,S17,reverse,32.7,45,399,0.5,SURVEI_SIMULASI,ok,True
2026-09-07T18:00:00+07:00,S17,reverse,33.6,45,368,0.46,SURVEI_SIMULASI,ok,True
2026-09-07T19:00:00+07:00,S17,reverse,34.0,45,356,0.44,SURVEI_SIMULASI,ok,True
2026-09-01T06:00:00+07:00,S18,forward,36.0,45,292,0.36,SURVEI_SIMULASI,ok,True
2026-09-01T07:00:00+07:00,S18,forward,31.0,45,454,0.57,SURVEI_SIMULASI,ok,True
2026-09-01T08:00:00+07:00,S18,forward,31.5,45,435,0.54,SURVEI_SIMULASI,ok,True
2026-09-01T09:00:00+07:00,S18,forward,31.7,45,431,0.54,SURVEI_SIMULASI,ok,True
2026-09-01T10:00:00+07:00,S18,forward,36.0,45,290,0.36,SURVEI_SIMULASI,ok,True
2026-09-01T11:00:00+07:00,S18,forward,35.0,45,322,0.4,SURVEI_SIMULASI,ok,True
2026-09-01T12:00:00+07:00,S18,forward,36.1,45,286,0.36,SURVEI_SIMULASI,ok,True
2026-09-01T13:00:00+07:00,S18,forward,36.9,45,263,0.33,SURVEI_SIMULASI,ok,True
2026-09-01T14:00:00+07:00,S18,forward,35.3,45,315,0.39,SURVEI_SIMULASI,ok,True
2026-09-01T15:00:00+07:00,S18,forward,35.5,45,306,0.38,SURVEI_SIMULASI,ok,True
2026-09-01T16:00:00+07:00,S18,forward,31.5,45,438,0.55,SURVEI_SIMULASI,ok,True
2026-09-01T17:00:00+07:00,S18,forward,31.3,45,443,0.55,SURVEI_SIMULASI,ok,True
2026-09-01T18:00:00+07:00,S18,forward,32.6,45,400,0.5,SURVEI_SIMULASI,ok,True
2026-09-01T19:00:00+07:00,S18,forward,31.2,45,447,0.56,SURVEI_SIMULASI,ok,True
2026-09-02T06:00:00+07:00,S18,forward,35.9,45,293,0.37,SURVEI_SIMULASI,ok,True
2026-09-02T07:00:00+07:00,S18,forward,30.7,45,461,0.58,SURVEI_SIMULASI,ok,True
2026-09-02T08:00:00+07:00,S18,forward,29.7,45,493,0.62,SURVEI_SIMULASI,ok,True
2026-09-02T09:00:00+07:00,S18,forward,29.4,45,505,0.63,SURVEI_SIMULASI,ok,True
2026-09-02T10:00:00+07:00,S18,forward,35.9,45,294,0.37,SURVEI_SIMULASI,ok,True
2026-09-02T11:00:00+07:00,S18,forward,35.2,45,316,0.4,SURVEI_SIMULASI,ok,True
2026-09-02T12:00:00+07:00,S18,forward,37.3,45,248,0.31,SURVEI_SIMULASI,ok,True
2026-09-02T13:00:00+07:00,S18,forward,36.2,45,284,0.35,SURVEI_SIMULASI,ok,True
2026-09-02T14:00:00+07:00,S18,forward,36.2,45,285,0.36,SURVEI_SIMULASI,ok,True
2026-09-02T15:00:00+07:00,S18,forward,35.9,45,293,0.37,SURVEI_SIMULASI,ok,True
2026-09-02T16:00:00+07:00,S18,forward,30.3,45,475,0.59,SURVEI_SIMULASI,ok,True
2026-09-02T17:00:00+07:00,S18,forward,30.2,45,479,0.6,SURVEI_SIMULASI,ok,True
2026-09-02T18:00:00+07:00,S18,forward,30.7,45,461,0.58,SURVEI_SIMULASI,ok,True
2026-09-02T19:00:00+07:00,S18,forward,31.5,45,436,0.54,SURVEI_SIMULASI,ok,True
2026-09-08T06:00:00+07:00,S18,forward,36.2,45,284,0.36,SURVEI_SIMULASI,ok,True
2026-09-08T07:00:00+07:00,S18,forward,29.9,45,487,0.61,SURVEI_SIMULASI,ok,True
2026-09-08T08:00:00+07:00,S18,forward,29.6,45,498,0.62,SURVEI_SIMULASI,ok,True
2026-09-08T09:00:00+07:00,S18,forward,30.2,45,477,0.6,SURVEI_SIMULASI,ok,True
2026-09-08T10:00:00+07:00,S18,forward,35.3,45,314,0.39,SURVEI_SIMULASI,ok,True
2026-09-08T11:00:00+07:00,S18,forward,35.6,45,305,0.38,SURVEI_SIMULASI,ok,True
2026-09-08T12:00:00+07:00,S18,forward,37.3,45,247,0.31,SURVEI_SIMULASI,ok,True
2026-09-08T13:00:00+07:00,S18,forward,36.8,45,265,0.33,SURVEI_SIMULASI,ok,True
2026-09-08T14:00:00+07:00,S18,forward,35.5,45,307,0.38,SURVEI_SIMULASI,ok,True
2026-09-08T15:00:00+07:00,S18,forward,36.5,45,274,0.34,SURVEI_SIMULASI,ok,True
2026-09-08T16:00:00+07:00,S18,forward,32.6,45,399,0.5,SURVEI_SIMULASI,ok,True
2026-09-08T17:00:00+07:00,S18,forward,32.4,45,406,0.51,SURVEI_SIMULASI,ok,True
2026-09-08T18:00:00+07:00,S18,forward,30.1,45,481,0.6,SURVEI_SIMULASI,ok,True
2026-09-08T19:00:00+07:00,S18,forward,31.7,45,429,0.54,SURVEI_SIMULASI,ok,True
2026-09-09T06:00:00+07:00,S18,forward,35.2,45,317,0.4,SURVEI_SIMULASI,ok,True
2026-09-09T07:00:00+07:00,S18,forward,29.5,45,500,0.63,SURVEI_SIMULASI,ok,True
2026-09-09T08:00:00+07:00,S18,forward,31.1,45,450,0.56,SURVEI_SIMULASI,ok,True
2026-09-09T09:00:00+07:00,S18,forward,29.5,45,500,0.63,SURVEI_SIMULASI,ok,True
2026-09-09T10:00:00+07:00,S18,forward,35.4,45,311,0.39,SURVEI_SIMULASI,ok,True
2026-09-09T11:00:00+07:00,S18,forward,36.7,45,268,0.34,SURVEI_SIMULASI,ok,True
2026-09-09T12:00:00+07:00,S18,forward,36.9,45,262,0.33,SURVEI_SIMULASI,ok,True
2026-09-09T13:00:00+07:00,S18,forward,37.2,45,251,0.31,SURVEI_SIMULASI,ok,True
2026-09-09T14:00:00+07:00,S18,forward,35.5,45,307,0.38,SURVEI_SIMULASI,ok,True
2026-09-09T15:00:00+07:00,S18,forward,35.7,45,301,0.38,SURVEI_SIMULASI,ok,True
2026-09-09T16:00:00+07:00,S18,forward,31.7,45,431,0.54,SURVEI_SIMULASI,ok,True
2026-09-09T17:00:00+07:00,S18,forward,31.6,45,434,0.54,SURVEI_SIMULASI,ok,True
2026-09-09T18:00:00+07:00,S18,forward,31.6,45,432,0.54,SURVEI_SIMULASI,ok,True
2026-09-09T19:00:00+07:00,S18,forward,30.4,45,471,0.59,SURVEI_SIMULASI,ok,True
2026-09-03T06:00:00+07:00,S18,forward,36.0,45,290,0.36,SURVEI_SIMULASI,ok,True
2026-09-03T07:00:00+07:00,S18,forward,30.6,45,464,0.58,SURVEI_SIMULASI,ok,True
2026-09-03T08:00:00+07:00,S18,forward,30.7,45,462,0.58,SURVEI_SIMULASI,ok,True
2026-09-03T09:00:00+07:00,S18,forward,29.1,45,514,0.64,SURVEI_SIMULASI,ok,True
2026-09-03T10:00:00+07:00,S18,forward,36.2,45,284,0.35,SURVEI_SIMULASI,ok,True
2026-09-03T11:00:00+07:00,S18,forward,35.5,45,306,0.38,SURVEI_SIMULASI,ok,True
2026-09-03T12:00:00+07:00,S18,forward,36.3,45,280,0.35,SURVEI_SIMULASI,ok,True
2026-09-03T13:00:00+07:00,S18,forward,37.0,45,260,0.33,SURVEI_SIMULASI,ok,True
2026-09-03T14:00:00+07:00,S18,forward,35.4,45,310,0.39,SURVEI_SIMULASI,ok,True
2026-09-03T15:00:00+07:00,S18,forward,35.6,45,304,0.38,SURVEI_SIMULASI,ok,True
2026-09-03T16:00:00+07:00,S18,forward,32.2,45,413,0.52,SURVEI_SIMULASI,ok,True
2026-09-03T17:00:00+07:00,S18,forward,30.7,45,461,0.58,SURVEI_SIMULASI,ok,True
2026-09-03T18:00:00+07:00,S18,forward,32.1,45,418,0.52,SURVEI_SIMULASI,ok,True
2026-09-03T19:00:00+07:00,S18,forward,31.4,45,440,0.55,SURVEI_SIMULASI,ok,True
2026-09-04T06:00:00+07:00,S18,forward,36.6,45,271,0.34,SURVEI_SIMULASI,ok,True
2026-09-04T07:00:00+07:00,S18,forward,31.1,45,448,0.56,SURVEI_SIMULASI,ok,True
2026-09-04T08:00:00+07:00,S18,forward,31.3,45,444,0.55,SURVEI_SIMULASI,ok,True
2026-09-04T09:00:00+07:00,S18,forward,30.4,45,472,0.59,SURVEI_SIMULASI,ok,True
2026-09-04T10:00:00+07:00,S18,forward,36.2,45,284,0.35,SURVEI_SIMULASI,ok,True
2026-09-04T11:00:00+07:00,S18,forward,35.4,45,310,0.39,SURVEI_SIMULASI,ok,True
2026-09-04T12:00:00+07:00,S18,forward,37.6,45,239,0.3,SURVEI_SIMULASI,ok,True
2026-09-04T13:00:00+07:00,S18,forward,36.3,45,281,0.35,SURVEI_SIMULASI,ok,True
2026-09-04T14:00:00+07:00,S18,forward,35.2,45,318,0.4,SURVEI_SIMULASI,ok,True
2026-09-04T15:00:00+07:00,S18,forward,36.5,45,274,0.34,SURVEI_SIMULASI,ok,True
2026-09-04T16:00:00+07:00,S18,forward,30.1,45,481,0.6,SURVEI_SIMULASI,ok,True
2026-09-04T17:00:00+07:00,S18,forward,32.6,45,400,0.5,SURVEI_SIMULASI,ok,True
2026-09-04T18:00:00+07:00,S18,forward,32.5,45,405,0.51,SURVEI_SIMULASI,ok,True
2026-09-04T19:00:00+07:00,S18,forward,32.0,45,421,0.53,SURVEI_SIMULASI,ok,True
2026-09-05T06:00:00+07:00,S18,forward,36.5,45,274,0.34,SURVEI_SIMULASI,ok,True
2026-09-05T07:00:00+07:00,S18,forward,31.7,45,429,0.54,SURVEI_SIMULASI,ok,True
2026-09-05T08:00:00+07:00,S18,forward,29.7,45,493,0.62,SURVEI_SIMULASI,ok,True
2026-09-05T09:00:00+07:00,S18,forward,29.4,45,505,0.63,SURVEI_SIMULASI,ok,True
2026-09-05T10:00:00+07:00,S18,forward,36.7,45,269,0.34,SURVEI_SIMULASI,ok,True
2026-09-05T11:00:00+07:00,S18,forward,35.3,45,313,0.39,SURVEI_SIMULASI,ok,True
2026-09-05T12:00:00+07:00,S18,forward,36.8,45,264,0.33,SURVEI_SIMULASI,ok,True
2026-09-05T13:00:00+07:00,S18,forward,37.1,45,255,0.32,SURVEI_SIMULASI,ok,True
2026-09-05T14:00:00+07:00,S18,forward,35.2,45,315,0.39,SURVEI_SIMULASI,ok,True
2026-09-05T15:00:00+07:00,S18,forward,36.0,45,292,0.37,SURVEI_SIMULASI,ok,True
2026-09-05T16:00:00+07:00,S18,forward,32.4,45,406,0.51,SURVEI_SIMULASI,ok,True
2026-09-05T17:00:00+07:00,S18,forward,30.6,45,466,0.58,SURVEI_SIMULASI,ok,True
2026-09-05T18:00:00+07:00,S18,forward,32.4,45,407,0.51,SURVEI_SIMULASI,ok,True
2026-09-05T19:00:00+07:00,S18,forward,30.8,45,458,0.57,SURVEI_SIMULASI,ok,True
2026-09-06T06:00:00+07:00,S18,forward,37.6,45,240,0.3,SURVEI_SIMULASI,ok,True
2026-09-06T07:00:00+07:00,S18,forward,31.0,45,453,0.57,SURVEI_SIMULASI,ok,True
2026-09-06T08:00:00+07:00,S18,forward,31.2,45,445,0.56,SURVEI_SIMULASI,ok,True
2026-09-06T09:00:00+07:00,S18,forward,32.1,45,417,0.52,SURVEI_SIMULASI,ok,True
2026-09-06T10:00:00+07:00,S18,forward,37.5,45,241,0.3,SURVEI_SIMULASI,ok,True
2026-09-06T11:00:00+07:00,S18,forward,36.8,45,265,0.33,SURVEI_SIMULASI,ok,True
2026-09-06T12:00:00+07:00,S18,forward,37.8,45,233,0.29,SURVEI_SIMULASI,ok,True
2026-09-06T13:00:00+07:00,S18,forward,37.8,45,232,0.29,SURVEI_SIMULASI,ok,True
2026-09-06T14:00:00+07:00,S18,forward,36.9,45,262,0.33,SURVEI_SIMULASI,ok,True
2026-09-06T15:00:00+07:00,S18,forward,36.5,45,275,0.34,SURVEI_SIMULASI,ok,True
2026-09-06T16:00:00+07:00,S18,forward,32.1,45,416,0.52,SURVEI_SIMULASI,ok,True
2026-09-06T17:00:00+07:00,S18,forward,31.6,45,433,0.54,SURVEI_SIMULASI,ok,True
2026-09-06T18:00:00+07:00,S18,forward,32.2,45,414,0.52,SURVEI_SIMULASI,ok,True
2026-09-06T19:00:00+07:00,S18,forward,32.2,45,413,0.52,SURVEI_SIMULASI,ok,True
2026-09-07T06:00:00+07:00,S18,forward,37.6,45,240,0.3,SURVEI_SIMULASI,ok,True
2026-09-07T07:00:00+07:00,S18,forward,32.5,45,406,0.51,SURVEI_SIMULASI,ok,True
2026-09-07T08:00:00+07:00,S18,forward,32.9,45,391,0.49,SURVEI_SIMULASI,ok,True
2026-09-07T09:00:00+07:00,S18,forward,30.7,45,463,0.58,SURVEI_SIMULASI,ok,True
2026-09-07T10:00:00+07:00,S18,forward,37.2,45,251,0.31,SURVEI_SIMULASI,ok,True
2026-09-07T11:00:00+07:00,S18,forward,37.4,45,246,0.31,SURVEI_SIMULASI,ok,True
2026-09-07T12:00:00+07:00,S18,forward,37.3,45,249,0.31,SURVEI_SIMULASI,ok,True
2026-09-07T13:00:00+07:00,S18,forward,37.2,45,253,0.32,SURVEI_SIMULASI,ok,True
2026-09-07T14:00:00+07:00,S18,forward,37.5,45,243,0.3,SURVEI_SIMULASI,ok,True
2026-09-07T15:00:00+07:00,S18,forward,37.2,45,253,0.32,SURVEI_SIMULASI,ok,True
2026-09-07T16:00:00+07:00,S18,forward,33.6,45,369,0.46,SURVEI_SIMULASI,ok,True
2026-09-07T17:00:00+07:00,S18,forward,31.6,45,434,0.54,SURVEI_SIMULASI,ok,True
2026-09-07T18:00:00+07:00,S18,forward,33.8,45,362,0.45,SURVEI_SIMULASI,ok,True
2026-09-07T19:00:00+07:00,S18,forward,31.6,45,433,0.54,SURVEI_SIMULASI,ok,True
2026-09-01T06:00:00+07:00,S18,reverse,35.3,45,313,0.39,SURVEI_SIMULASI,ok,True
2026-09-01T07:00:00+07:00,S18,reverse,31.2,45,447,0.56,SURVEI_SIMULASI,ok,True
2026-09-01T08:00:00+07:00,S18,reverse,30.4,45,473,0.59,SURVEI_SIMULASI,ok,True
2026-09-01T09:00:00+07:00,S18,reverse,31.0,45,454,0.57,SURVEI_SIMULASI,ok,True
2026-09-01T10:00:00+07:00,S18,reverse,36.2,45,284,0.36,SURVEI_SIMULASI,ok,True
2026-09-01T11:00:00+07:00,S18,reverse,36.4,45,277,0.35,SURVEI_SIMULASI,ok,True
2026-09-01T12:00:00+07:00,S18,reverse,36.3,45,280,0.35,SURVEI_SIMULASI,ok,True
2026-09-01T13:00:00+07:00,S18,reverse,37.3,45,249,0.31,SURVEI_SIMULASI,ok,True
2026-09-01T14:00:00+07:00,S18,reverse,35.3,45,313,0.39,SURVEI_SIMULASI,ok,True
2026-09-01T15:00:00+07:00,S18,reverse,35.0,45,322,0.4,SURVEI_SIMULASI,ok,True
2026-09-01T16:00:00+07:00,S18,reverse,31.1,45,449,0.56,SURVEI_SIMULASI,ok,True
2026-09-01T17:00:00+07:00,S18,reverse,31.5,45,437,0.55,SURVEI_SIMULASI,ok,True
2026-09-01T18:00:00+07:00,S18,reverse,30.8,45,460,0.58,SURVEI_SIMULASI,ok,True
2026-09-01T19:00:00+07:00,S18,reverse,31.0,45,451,0.56,SURVEI_SIMULASI,ok,True
2026-09-02T06:00:00+07:00,S18,reverse,35.7,45,300,0.38,SURVEI_SIMULASI,ok,True
2026-09-02T07:00:00+07:00,S18,reverse,30.8,45,460,0.57,SURVEI_SIMULASI,ok,True
2026-09-02T08:00:00+07:00,S18,reverse,31.7,45,431,0.54,SURVEI_SIMULASI,ok,True
2026-09-02T09:00:00+07:00,S18,reverse,30.3,45,476,0.6,SURVEI_SIMULASI,ok,True
2026-09-02T10:00:00+07:00,S18,reverse,36.5,45,274,0.34,SURVEI_SIMULASI,ok,True
2026-09-02T11:00:00+07:00,S18,reverse,35.6,45,302,0.38,SURVEI_SIMULASI,ok,True
2026-09-02T12:00:00+07:00,S18,reverse,36.0,45,291,0.36,SURVEI_SIMULASI,ok,True
2026-09-02T13:00:00+07:00,S18,reverse,37.6,45,238,0.3,SURVEI_SIMULASI,ok,True
2026-09-02T14:00:00+07:00,S18,reverse,36.0,45,290,0.36,SURVEI_SIMULASI,ok,True
2026-09-02T15:00:00+07:00,S18,reverse,35.7,45,299,0.37,SURVEI_SIMULASI,ok,True
2026-09-02T16:00:00+07:00,S18,reverse,30.7,45,462,0.58,SURVEI_SIMULASI,ok,True
2026-09-02T17:00:00+07:00,S18,reverse,31.5,45,435,0.54,SURVEI_SIMULASI,ok,True
2026-09-02T18:00:00+07:00,S18,reverse,31.0,45,451,0.56,SURVEI_SIMULASI,ok,True
2026-09-02T19:00:00+07:00,S18,reverse,30.9,45,457,0.57,SURVEI_SIMULASI,ok,True
2026-09-08T06:00:00+07:00,S18,reverse,36.4,45,279,0.35,SURVEI_SIMULASI,ok,True
2026-09-08T07:00:00+07:00,S18,reverse,30.1,45,481,0.6,SURVEI_SIMULASI,ok,True
2026-09-08T08:00:00+07:00,S18,reverse,31.7,45,431,0.54,SURVEI_SIMULASI,ok,True
2026-09-08T09:00:00+07:00,S18,reverse,31.0,45,452,0.57,SURVEI_SIMULASI,ok,True
2026-09-08T10:00:00+07:00,S18,reverse,36.5,45,276,0.34,SURVEI_SIMULASI,ok,True
2026-09-08T11:00:00+07:00,S18,reverse,36.7,45,268,0.34,SURVEI_SIMULASI,ok,True
2026-09-08T12:00:00+07:00,S18,reverse,36.3,45,280,0.35,SURVEI_SIMULASI,ok,True
2026-09-08T13:00:00+07:00,S18,reverse,36.8,45,265,0.33,SURVEI_SIMULASI,ok,True
2026-09-08T14:00:00+07:00,S18,reverse,36.1,45,286,0.36,SURVEI_SIMULASI,ok,True
2026-09-08T15:00:00+07:00,S18,reverse,35.1,45,319,0.4,SURVEI_SIMULASI,ok,True
2026-09-08T16:00:00+07:00,S18,reverse,31.0,45,454,0.57,SURVEI_SIMULASI,ok,True
2026-09-08T17:00:00+07:00,S18,reverse,31.3,45,442,0.55,SURVEI_SIMULASI,ok,True
2026-09-08T18:00:00+07:00,S18,reverse,31.6,45,432,0.54,SURVEI_SIMULASI,ok,True
2026-09-08T19:00:00+07:00,S18,reverse,30.5,45,468,0.59,SURVEI_SIMULASI,ok,True
2026-09-09T06:00:00+07:00,S18,reverse,36.1,45,287,0.36,SURVEI_SIMULASI,ok,True
2026-09-09T07:00:00+07:00,S18,reverse,30.9,45,457,0.57,SURVEI_SIMULASI,ok,True
2026-09-09T08:00:00+07:00,S18,reverse,31.8,45,425,0.53,SURVEI_SIMULASI,ok,True
2026-09-09T09:00:00+07:00,S18,reverse,30.6,45,465,0.58,SURVEI_SIMULASI,ok,True
2026-09-09T10:00:00+07:00,S18,reverse,36.3,45,283,0.35,SURVEI_SIMULASI,ok,True
2026-09-09T11:00:00+07:00,S18,reverse,36.1,45,286,0.36,SURVEI_SIMULASI,ok,True
2026-09-09T12:00:00+07:00,S18,reverse,37.3,45,250,0.31,SURVEI_SIMULASI,ok,True
2026-09-09T13:00:00+07:00,S18,reverse,36.2,45,285,0.36,SURVEI_SIMULASI,ok,True
2026-09-09T14:00:00+07:00,S18,reverse,35.4,45,311,0.39,SURVEI_SIMULASI,ok,True
2026-09-09T15:00:00+07:00,S18,reverse,35.9,45,293,0.37,SURVEI_SIMULASI,ok,True
2026-09-09T16:00:00+07:00,S18,reverse,31.2,45,447,0.56,SURVEI_SIMULASI,ok,True
2026-09-09T17:00:00+07:00,S18,reverse,30.6,45,467,0.58,SURVEI_SIMULASI,ok,True
2026-09-09T18:00:00+07:00,S18,reverse,31.1,45,448,0.56,SURVEI_SIMULASI,ok,True
2026-09-09T19:00:00+07:00,S18,reverse,30.8,45,459,0.57,SURVEI_SIMULASI,ok,True
2026-09-03T06:00:00+07:00,S18,reverse,36.2,45,284,0.35,SURVEI_SIMULASI,ok,True
2026-09-03T07:00:00+07:00,S18,reverse,31.0,45,453,0.57,SURVEI_SIMULASI,ok,True
2026-09-03T08:00:00+07:00,S18,reverse,30.0,45,485,0.61,SURVEI_SIMULASI,ok,True
2026-09-03T09:00:00+07:00,S18,reverse,30.5,45,468,0.59,SURVEI_SIMULASI,ok,True
2026-09-03T10:00:00+07:00,S18,reverse,35.6,45,303,0.38,SURVEI_SIMULASI,ok,True
2026-09-03T11:00:00+07:00,S18,reverse,36.0,45,292,0.36,SURVEI_SIMULASI,ok,True
2026-09-03T12:00:00+07:00,S18,reverse,36.4,45,277,0.35,SURVEI_SIMULASI,ok,True
2026-09-03T13:00:00+07:00,S18,reverse,37.1,45,256,0.32,SURVEI_SIMULASI,ok,True
2026-09-03T14:00:00+07:00,S18,reverse,35.5,45,306,0.38,SURVEI_SIMULASI,ok,True
2026-09-03T15:00:00+07:00,S18,reverse,35.9,45,294,0.37,SURVEI_SIMULASI,ok,True
2026-09-03T16:00:00+07:00,S18,reverse,31.8,45,427,0.53,SURVEI_SIMULASI,ok,True
2026-09-03T17:00:00+07:00,S18,reverse,32.7,45,398,0.5,SURVEI_SIMULASI,ok,True
2026-09-03T18:00:00+07:00,S18,reverse,32.2,45,412,0.52,SURVEI_SIMULASI,ok,True
2026-09-03T19:00:00+07:00,S18,reverse,32.0,45,421,0.53,SURVEI_SIMULASI,ok,True
2026-09-04T06:00:00+07:00,S18,reverse,35.2,45,317,0.4,SURVEI_SIMULASI,ok,True
2026-09-04T07:00:00+07:00,S18,reverse,29.6,45,497,0.62,SURVEI_SIMULASI,ok,True
2026-09-04T08:00:00+07:00,S18,reverse,29.0,45,517,0.65,SURVEI_SIMULASI,ok,True
2026-09-04T09:00:00+07:00,S18,reverse,29.8,45,490,0.61,SURVEI_SIMULASI,ok,True
2026-09-04T10:00:00+07:00,S18,reverse,35.2,45,317,0.4,SURVEI_SIMULASI,ok,True
2026-09-04T11:00:00+07:00,S18,reverse,36.6,45,271,0.34,SURVEI_SIMULASI,ok,True
2026-09-04T12:00:00+07:00,S18,reverse,36.3,45,281,0.35,SURVEI_SIMULASI,ok,True
2026-09-04T13:00:00+07:00,S18,reverse,37.2,45,254,0.32,SURVEI_SIMULASI,ok,True
2026-09-04T14:00:00+07:00,S18,reverse,35.7,45,300,0.38,SURVEI_SIMULASI,ok,True
2026-09-04T15:00:00+07:00,S18,reverse,35.0,45,323,0.4,SURVEI_SIMULASI,ok,True
2026-09-04T16:00:00+07:00,S18,reverse,31.8,45,427,0.53,SURVEI_SIMULASI,ok,True
2026-09-04T17:00:00+07:00,S18,reverse,32.7,45,397,0.5,SURVEI_SIMULASI,ok,True
2026-09-04T18:00:00+07:00,S18,reverse,31.8,45,427,0.53,SURVEI_SIMULASI,ok,True
2026-09-04T19:00:00+07:00,S18,reverse,32.0,45,421,0.53,SURVEI_SIMULASI,ok,True
2026-09-05T06:00:00+07:00,S18,reverse,35.6,45,302,0.38,SURVEI_SIMULASI,ok,True
2026-09-05T07:00:00+07:00,S18,reverse,29.2,45,511,0.64,SURVEI_SIMULASI,ok,True
2026-09-05T08:00:00+07:00,S18,reverse,29.3,45,509,0.64,SURVEI_SIMULASI,ok,True
2026-09-05T09:00:00+07:00,S18,reverse,29.7,45,493,0.62,SURVEI_SIMULASI,ok,True
2026-09-05T10:00:00+07:00,S18,reverse,35.2,45,316,0.4,SURVEI_SIMULASI,ok,True
2026-09-05T11:00:00+07:00,S18,reverse,35.8,45,298,0.37,SURVEI_SIMULASI,ok,True
2026-09-05T12:00:00+07:00,S18,reverse,36.3,45,282,0.35,SURVEI_SIMULASI,ok,True
2026-09-05T13:00:00+07:00,S18,reverse,36.2,45,286,0.36,SURVEI_SIMULASI,ok,True
2026-09-05T14:00:00+07:00,S18,reverse,36.7,45,267,0.33,SURVEI_SIMULASI,ok,True
2026-09-05T15:00:00+07:00,S18,reverse,35.9,45,296,0.37,SURVEI_SIMULASI,ok,True
2026-09-05T16:00:00+07:00,S18,reverse,32.2,45,414,0.52,SURVEI_SIMULASI,ok,True
2026-09-05T17:00:00+07:00,S18,reverse,31.5,45,436,0.55,SURVEI_SIMULASI,ok,True
2026-09-05T18:00:00+07:00,S18,reverse,30.9,45,457,0.57,SURVEI_SIMULASI,ok,True
2026-09-05T19:00:00+07:00,S18,reverse,31.5,45,435,0.54,SURVEI_SIMULASI,ok,True
2026-09-06T06:00:00+07:00,S18,reverse,36.4,45,278,0.35,SURVEI_SIMULASI,ok,True
2026-09-06T07:00:00+07:00,S18,reverse,31.9,45,423,0.53,SURVEI_SIMULASI,ok,True
2026-09-06T08:00:00+07:00,S18,reverse,32.8,45,395,0.49,SURVEI_SIMULASI,ok,True
2026-09-06T09:00:00+07:00,S18,reverse,30.8,45,460,0.58,SURVEI_SIMULASI,ok,True
2026-09-06T10:00:00+07:00,S18,reverse,36.2,45,286,0.36,SURVEI_SIMULASI,ok,True
2026-09-06T11:00:00+07:00,S18,reverse,36.3,45,282,0.35,SURVEI_SIMULASI,ok,True
2026-09-06T12:00:00+07:00,S18,reverse,37.3,45,250,0.31,SURVEI_SIMULASI,ok,True
2026-09-06T13:00:00+07:00,S18,reverse,37.0,45,258,0.32,SURVEI_SIMULASI,ok,True
2026-09-06T14:00:00+07:00,S18,reverse,37.6,45,240,0.3,SURVEI_SIMULASI,ok,True
2026-09-06T15:00:00+07:00,S18,reverse,36.9,45,261,0.33,SURVEI_SIMULASI,ok,True
2026-09-06T16:00:00+07:00,S18,reverse,32.6,45,402,0.5,SURVEI_SIMULASI,ok,True
2026-09-06T17:00:00+07:00,S18,reverse,31.7,45,431,0.54,SURVEI_SIMULASI,ok,True
2026-09-06T18:00:00+07:00,S18,reverse,32.1,45,418,0.52,SURVEI_SIMULASI,ok,True
2026-09-06T19:00:00+07:00,S18,reverse,33.9,45,359,0.45,SURVEI_SIMULASI,ok,True
2026-09-07T06:00:00+07:00,S18,reverse,37.2,45,251,0.31,SURVEI_SIMULASI,ok,True
2026-09-07T07:00:00+07:00,S18,reverse,32.7,45,397,0.5,SURVEI_SIMULASI,ok,True
2026-09-07T08:00:00+07:00,S18,reverse,31.6,45,435,0.54,SURVEI_SIMULASI,ok,True
2026-09-07T09:00:00+07:00,S18,reverse,31.1,45,450,0.56,SURVEI_SIMULASI,ok,True
2026-09-07T10:00:00+07:00,S18,reverse,36.2,45,286,0.36,SURVEI_SIMULASI,ok,True
2026-09-07T11:00:00+07:00,S18,reverse,37.2,45,253,0.32,SURVEI_SIMULASI,ok,True
2026-09-07T12:00:00+07:00,S18,reverse,37.1,45,256,0.32,SURVEI_SIMULASI,ok,True
2026-09-07T13:00:00+07:00,S18,reverse,37.9,45,229,0.29,SURVEI_SIMULASI,ok,True
2026-09-07T14:00:00+07:00,S18,reverse,37.0,45,259,0.32,SURVEI_SIMULASI,ok,True
2026-09-07T15:00:00+07:00,S18,reverse,36.6,45,270,0.34,SURVEI_SIMULASI,ok,True
2026-09-07T16:00:00+07:00,S18,reverse,32.0,45,420,0.53,SURVEI_SIMULASI,ok,True
2026-09-07T17:00:00+07:00,S18,reverse,33.6,45,367,0.46,SURVEI_SIMULASI,ok,True
2026-09-07T18:00:00+07:00,S18,reverse,33.9,45,359,0.45,SURVEI_SIMULASI,ok,True
2026-09-07T19:00:00+07:00,S18,reverse,32.8,45,393,0.49,SURVEI_SIMULASI,ok,True
2026-09-01T06:00:00+07:00,S19,forward,36.5,45,273,0.34,SURVEI_SIMULASI,ok,True
2026-09-01T07:00:00+07:00,S19,forward,30.8,45,458,0.57,SURVEI_SIMULASI,ok,True
2026-09-01T08:00:00+07:00,S19,forward,29.9,45,488,0.61,SURVEI_SIMULASI,ok,True
2026-09-01T09:00:00+07:00,S19,forward,29.4,45,506,0.63,SURVEI_SIMULASI,ok,True
2026-09-01T10:00:00+07:00,S19,forward,36.5,45,274,0.34,SURVEI_SIMULASI,ok,True
2026-09-01T11:00:00+07:00,S19,forward,36.2,45,285,0.36,SURVEI_SIMULASI,ok,True
2026-09-01T12:00:00+07:00,S19,forward,37.4,45,247,0.31,SURVEI_SIMULASI,ok,True
2026-09-01T13:00:00+07:00,S19,forward,36.7,45,268,0.33,SURVEI_SIMULASI,ok,True
2026-09-01T14:00:00+07:00,S19,forward,36.0,45,291,0.36,SURVEI_SIMULASI,ok,True
2026-09-01T15:00:00+07:00,S19,forward,35.0,45,322,0.4,SURVEI_SIMULASI,ok,True
2026-09-01T16:00:00+07:00,S19,forward,31.4,45,439,0.55,SURVEI_SIMULASI,ok,True
2026-09-01T17:00:00+07:00,S19,forward,30.3,45,476,0.59,SURVEI_SIMULASI,ok,True
2026-09-01T18:00:00+07:00,S19,forward,30.9,45,455,0.57,SURVEI_SIMULASI,ok,True
2026-09-01T19:00:00+07:00,S19,forward,30.2,45,479,0.6,SURVEI_SIMULASI,ok,True
2026-09-02T06:00:00+07:00,S19,forward,34.7,45,331,0.41,SURVEI_SIMULASI,ok,True
2026-09-02T07:00:00+07:00,S19,forward,29.5,45,502,0.63,SURVEI_SIMULASI,ok,True
2026-09-02T08:00:00+07:00,S19,forward,29.2,45,512,0.64,SURVEI_SIMULASI,ok,True
2026-09-02T09:00:00+07:00,S19,forward,28.8,45,522,0.65,SURVEI_SIMULASI,ok,True
2026-09-02T10:00:00+07:00,S19,forward,34.9,45,327,0.41,SURVEI_SIMULASI,ok,True
2026-09-02T11:00:00+07:00,S19,forward,36.5,45,276,0.34,SURVEI_SIMULASI,ok,True
2026-09-02T12:00:00+07:00,S19,forward,36.9,45,262,0.33,SURVEI_SIMULASI,ok,True
2026-09-02T13:00:00+07:00,S19,forward,36.3,45,281,0.35,SURVEI_SIMULASI,ok,True
2026-09-02T14:00:00+07:00,S19,forward,35.5,45,306,0.38,SURVEI_SIMULASI,ok,True
2026-09-02T15:00:00+07:00,S19,forward,35.6,45,304,0.38,SURVEI_SIMULASI,ok,True
2026-09-02T16:00:00+07:00,S19,forward,30.4,45,472,0.59,SURVEI_SIMULASI,ok,True
2026-09-02T17:00:00+07:00,S19,forward,31.3,45,442,0.55,SURVEI_SIMULASI,ok,True
2026-09-02T18:00:00+07:00,S19,forward,30.2,45,478,0.6,SURVEI_SIMULASI,ok,True
2026-09-02T19:00:00+07:00,S19,forward,31.3,45,444,0.56,SURVEI_SIMULASI,ok,True
2026-09-08T06:00:00+07:00,S19,forward,36.3,45,282,0.35,SURVEI_SIMULASI,ok,True
2026-09-08T07:00:00+07:00,S19,forward,30.1,45,482,0.6,SURVEI_SIMULASI,ok,True
2026-09-08T08:00:00+07:00,S19,forward,31.3,45,444,0.55,SURVEI_SIMULASI,ok,True
2026-09-08T09:00:00+07:00,S19,forward,30.3,45,476,0.6,SURVEI_SIMULASI,ok,True
2026-09-08T10:00:00+07:00,S19,forward,35.0,45,322,0.4,SURVEI_SIMULASI,ok,True
2026-09-08T11:00:00+07:00,S19,forward,34.7,45,331,0.41,SURVEI_SIMULASI,ok,True
2026-09-08T12:00:00+07:00,S19,forward,36.7,45,267,0.33,SURVEI_SIMULASI,ok,True
2026-09-08T13:00:00+07:00,S19,forward,36.2,45,284,0.35,SURVEI_SIMULASI,ok,True
2026-09-08T14:00:00+07:00,S19,forward,35.2,45,315,0.39,SURVEI_SIMULASI,ok,True
2026-09-08T15:00:00+07:00,S19,forward,34.9,45,328,0.41,SURVEI_SIMULASI,ok,True
2026-09-08T16:00:00+07:00,S19,forward,31.1,45,451,0.56,SURVEI_SIMULASI,ok,True
2026-09-08T17:00:00+07:00,S19,forward,31.3,45,442,0.55,SURVEI_SIMULASI,ok,True
2026-09-08T18:00:00+07:00,S19,forward,31.3,45,443,0.55,SURVEI_SIMULASI,ok,True
2026-09-08T19:00:00+07:00,S19,forward,30.9,45,456,0.57,SURVEI_SIMULASI,ok,True
2026-09-09T06:00:00+07:00,S19,forward,35.6,45,303,0.38,SURVEI_SIMULASI,ok,True
2026-09-09T07:00:00+07:00,S19,forward,29.1,45,513,0.64,SURVEI_SIMULASI,ok,True
2026-09-09T08:00:00+07:00,S19,forward,31.5,45,437,0.55,SURVEI_SIMULASI,ok,True
2026-09-09T09:00:00+07:00,S19,forward,31.2,45,448,0.56,SURVEI_SIMULASI,ok,True
2026-09-09T10:00:00+07:00,S19,forward,36.5,45,274,0.34,SURVEI_SIMULASI,ok,True
2026-09-09T11:00:00+07:00,S19,forward,35.4,45,312,0.39,SURVEI_SIMULASI,ok,True
2026-09-09T12:00:00+07:00,S19,forward,36.0,45,290,0.36,SURVEI_SIMULASI,ok,True
2026-09-09T13:00:00+07:00,S19,forward,36.2,45,284,0.35,SURVEI_SIMULASI,ok,True
2026-09-09T14:00:00+07:00,S19,forward,36.4,45,278,0.35,SURVEI_SIMULASI,ok,True
2026-09-09T15:00:00+07:00,S19,forward,36.4,45,278,0.35,SURVEI_SIMULASI,ok,True
2026-09-09T16:00:00+07:00,S19,forward,31.4,45,440,0.55,SURVEI_SIMULASI,ok,True
2026-09-09T17:00:00+07:00,S19,forward,31.3,45,444,0.56,SURVEI_SIMULASI,ok,True
2026-09-09T18:00:00+07:00,S19,forward,29.8,45,490,0.61,SURVEI_SIMULASI,ok,True
2026-09-09T19:00:00+07:00,S19,forward,31.2,45,446,0.56,SURVEI_SIMULASI,ok,True
2026-09-03T06:00:00+07:00,S19,forward,35.9,45,293,0.37,SURVEI_SIMULASI,ok,True
2026-09-03T07:00:00+07:00,S19,forward,28.7,45,527,0.66,SURVEI_SIMULASI,ok,True
2026-09-03T08:00:00+07:00,S19,forward,29.2,45,511,0.64,SURVEI_SIMULASI,ok,True
2026-09-03T09:00:00+07:00,S19,forward,30.3,45,476,0.6,SURVEI_SIMULASI,ok,True
2026-09-03T10:00:00+07:00,S19,forward,35.1,45,320,0.4,SURVEI_SIMULASI,ok,True
2026-09-03T11:00:00+07:00,S19,forward,35.7,45,302,0.38,SURVEI_SIMULASI,ok,True
2026-09-03T12:00:00+07:00,S19,forward,37.0,45,260,0.33,SURVEI_SIMULASI,ok,True
2026-09-03T13:00:00+07:00,S19,forward,36.0,45,292,0.37,SURVEI_SIMULASI,ok,True
2026-09-03T14:00:00+07:00,S19,forward,36.0,45,291,0.36,SURVEI_SIMULASI,ok,True
2026-09-03T15:00:00+07:00,S19,forward,36.4,45,279,0.35,SURVEI_SIMULASI,ok,True
2026-09-03T16:00:00+07:00,S19,forward,30.5,45,468,0.59,SURVEI_SIMULASI,ok,True
2026-09-03T17:00:00+07:00,S19,forward,32.2,45,414,0.52,SURVEI_SIMULASI,ok,True
2026-09-03T18:00:00+07:00,S19,forward,32.0,45,422,0.53,SURVEI_SIMULASI,ok,True
2026-09-03T19:00:00+07:00,S19,forward,30.8,45,459,0.57,SURVEI_SIMULASI,ok,True
2026-09-04T06:00:00+07:00,S19,forward,36.3,45,282,0.35,SURVEI_SIMULASI,ok,True
2026-09-04T07:00:00+07:00,S19,forward,29.6,45,498,0.62,SURVEI_SIMULASI,ok,True
2026-09-04T08:00:00+07:00,S19,forward,29.6,45,499,0.62,SURVEI_SIMULASI,ok,True
2026-09-04T09:00:00+07:00,S19,forward,29.9,45,489,0.61,SURVEI_SIMULASI,ok,True
2026-09-04T10:00:00+07:00,S19,forward,35.2,45,318,0.4,SURVEI_SIMULASI,ok,True
2026-09-04T11:00:00+07:00,S19,forward,34.7,45,331,0.41,SURVEI_SIMULASI,ok,True
2026-09-04T12:00:00+07:00,S19,forward,35.9,45,293,0.37,SURVEI_SIMULASI,ok,True
2026-09-04T13:00:00+07:00,S19,forward,36.4,45,279,0.35,SURVEI_SIMULASI,ok,True
2026-09-04T14:00:00+07:00,S19,forward,36.3,45,281,0.35,SURVEI_SIMULASI,ok,True
2026-09-04T15:00:00+07:00,S19,forward,34.8,45,329,0.41,SURVEI_SIMULASI,ok,True
2026-09-04T16:00:00+07:00,S19,forward,31.6,45,432,0.54,SURVEI_SIMULASI,ok,True
2026-09-04T17:00:00+07:00,S19,forward,31.9,45,424,0.53,SURVEI_SIMULASI,ok,True
2026-09-04T18:00:00+07:00,S19,forward,32.4,45,408,0.51,SURVEI_SIMULASI,ok,True
2026-09-04T19:00:00+07:00,S19,forward,32.2,45,413,0.52,SURVEI_SIMULASI,ok,True
2026-09-05T06:00:00+07:00,S19,forward,36.1,45,289,0.36,SURVEI_SIMULASI,ok,True
2026-09-05T07:00:00+07:00,S19,forward,29.8,45,491,0.61,SURVEI_SIMULASI,ok,True
2026-09-05T08:00:00+07:00,S19,forward,29.9,45,487,0.61,SURVEI_SIMULASI,ok,True
2026-09-05T09:00:00+07:00,S19,forward,31.1,45,448,0.56,SURVEI_SIMULASI,ok,True
2026-09-05T10:00:00+07:00,S19,forward,36.5,45,275,0.34,SURVEI_SIMULASI,ok,True
2026-09-05T11:00:00+07:00,S19,forward,35.6,45,305,0.38,SURVEI_SIMULASI,ok,True
2026-09-05T12:00:00+07:00,S19,forward,36.7,45,268,0.34,SURVEI_SIMULASI,ok,True
2026-09-05T13:00:00+07:00,S19,forward,37.2,45,252,0.31,SURVEI_SIMULASI,ok,True
2026-09-05T14:00:00+07:00,S19,forward,36.2,45,285,0.36,SURVEI_SIMULASI,ok,True
2026-09-05T15:00:00+07:00,S19,forward,35.6,45,303,0.38,SURVEI_SIMULASI,ok,True
2026-09-05T16:00:00+07:00,S19,forward,31.4,45,441,0.55,SURVEI_SIMULASI,ok,True
2026-09-05T17:00:00+07:00,S19,forward,29.6,45,497,0.62,SURVEI_SIMULASI,ok,True
2026-09-05T18:00:00+07:00,S19,forward,30.4,45,471,0.59,SURVEI_SIMULASI,ok,True
2026-09-05T19:00:00+07:00,S19,forward,31.5,45,437,0.55,SURVEI_SIMULASI,ok,True
2026-09-06T06:00:00+07:00,S19,forward,36.6,45,273,0.34,SURVEI_SIMULASI,ok,True
2026-09-06T07:00:00+07:00,S19,forward,31.0,45,451,0.56,SURVEI_SIMULASI,ok,True
2026-09-06T08:00:00+07:00,S19,forward,31.8,45,427,0.53,SURVEI_SIMULASI,ok,True
2026-09-06T09:00:00+07:00,S19,forward,32.0,45,421,0.53,SURVEI_SIMULASI,ok,True
2026-09-06T10:00:00+07:00,S19,forward,35.9,45,296,0.37,SURVEI_SIMULASI,ok,True
2026-09-06T11:00:00+07:00,S19,forward,36.6,45,271,0.34,SURVEI_SIMULASI,ok,True
2026-09-06T12:00:00+07:00,S19,forward,38.1,45,223,0.28,SURVEI_SIMULASI,ok,True
2026-09-06T13:00:00+07:00,S19,forward,37.4,45,246,0.31,SURVEI_SIMULASI,ok,True
2026-09-06T14:00:00+07:00,S19,forward,37.1,45,256,0.32,SURVEI_SIMULASI,ok,True
2026-09-06T15:00:00+07:00,S19,forward,37.4,45,247,0.31,SURVEI_SIMULASI,ok,True
2026-09-06T16:00:00+07:00,S19,forward,33.2,45,382,0.48,SURVEI_SIMULASI,ok,True
2026-09-06T17:00:00+07:00,S19,forward,33.6,45,370,0.46,SURVEI_SIMULASI,ok,True
2026-09-06T18:00:00+07:00,S19,forward,32.0,45,420,0.53,SURVEI_SIMULASI,ok,True
2026-09-06T19:00:00+07:00,S19,forward,32.6,45,400,0.5,SURVEI_SIMULASI,ok,True
2026-09-07T06:00:00+07:00,S19,forward,36.8,45,265,0.33,SURVEI_SIMULASI,ok,True
2026-09-07T07:00:00+07:00,S19,forward,31.9,45,424,0.53,SURVEI_SIMULASI,ok,True
2026-09-07T08:00:00+07:00,S19,forward,32.1,45,416,0.52,SURVEI_SIMULASI,ok,True
2026-09-07T09:00:00+07:00,S19,forward,31.9,45,425,0.53,SURVEI_SIMULASI,ok,True
2026-09-07T10:00:00+07:00,S19,forward,37.0,45,257,0.32,SURVEI_SIMULASI,ok,True
2026-09-07T11:00:00+07:00,S19,forward,35.8,45,298,0.37,SURVEI_SIMULASI,ok,True
2026-09-07T12:00:00+07:00,S19,forward,38.1,45,224,0.28,SURVEI_SIMULASI,ok,True
2026-09-07T13:00:00+07:00,S19,forward,37.6,45,239,0.3,SURVEI_SIMULASI,ok,True
2026-09-07T14:00:00+07:00,S19,forward,35.8,45,298,0.37,SURVEI_SIMULASI,ok,True
2026-09-07T15:00:00+07:00,S19,forward,35.9,45,295,0.37,SURVEI_SIMULASI,ok,True
2026-09-07T16:00:00+07:00,S19,forward,33.1,45,383,0.48,SURVEI_SIMULASI,ok,True
2026-09-07T17:00:00+07:00,S19,forward,33.5,45,373,0.47,SURVEI_SIMULASI,ok,True
2026-09-07T18:00:00+07:00,S19,forward,32.2,45,413,0.52,SURVEI_SIMULASI,ok,True
2026-09-07T19:00:00+07:00,S19,forward,32.6,45,399,0.5,SURVEI_SIMULASI,ok,True
2026-09-01T06:00:00+07:00,S19,reverse,36.5,45,276,0.34,SURVEI_SIMULASI,ok,True
2026-09-01T07:00:00+07:00,S19,reverse,29.8,45,491,0.61,SURVEI_SIMULASI,ok,True
2026-09-01T08:00:00+07:00,S19,reverse,30.8,45,459,0.57,SURVEI_SIMULASI,ok,True
2026-09-01T09:00:00+07:00,S19,reverse,28.9,45,522,0.65,SURVEI_SIMULASI,ok,True
2026-09-01T10:00:00+07:00,S19,reverse,35.8,45,296,0.37,SURVEI_SIMULASI,ok,True
2026-09-01T11:00:00+07:00,S19,reverse,35.1,45,321,0.4,SURVEI_SIMULASI,ok,True
2026-09-01T12:00:00+07:00,S19,reverse,36.1,45,288,0.36,SURVEI_SIMULASI,ok,True
2026-09-01T13:00:00+07:00,S19,reverse,36.8,45,264,0.33,SURVEI_SIMULASI,ok,True
2026-09-01T14:00:00+07:00,S19,reverse,34.9,45,325,0.41,SURVEI_SIMULASI,ok,True
2026-09-01T15:00:00+07:00,S19,reverse,36.1,45,287,0.36,SURVEI_SIMULASI,ok,True
2026-09-01T16:00:00+07:00,S19,reverse,29.8,45,492,0.62,SURVEI_SIMULASI,ok,True
2026-09-01T17:00:00+07:00,S19,reverse,32.2,45,414,0.52,SURVEI_SIMULASI,ok,True
2026-09-01T18:00:00+07:00,S19,reverse,29.6,45,497,0.62,SURVEI_SIMULASI,ok,True
2026-09-01T19:00:00+07:00,S19,reverse,31.4,45,440,0.55,SURVEI_SIMULASI,ok,True
2026-09-02T06:00:00+07:00,S19,reverse,35.9,45,294,0.37,SURVEI_SIMULASI,ok,True
2026-09-02T07:00:00+07:00,S19,reverse,29.0,45,518,0.65,SURVEI_SIMULASI,ok,True
2026-09-02T08:00:00+07:00,S19,reverse,29.8,45,492,0.61,SURVEI_SIMULASI,ok,True
2026-09-02T09:00:00+07:00,S19,reverse,30.7,45,463,0.58,SURVEI_SIMULASI,ok,True
2026-09-02T10:00:00+07:00,S19,reverse,34.7,45,332,0.41,SURVEI_SIMULASI,ok,True
2026-09-02T11:00:00+07:00,S19,reverse,36.3,45,282,0.35,SURVEI_SIMULASI,ok,True
2026-09-02T12:00:00+07:00,S19,reverse,37.0,45,260,0.32,SURVEI_SIMULASI,ok,True
2026-09-02T13:00:00+07:00,S19,reverse,36.2,45,286,0.36,SURVEI_SIMULASI,ok,True
2026-09-02T14:00:00+07:00,S19,reverse,34.8,45,331,0.41,SURVEI_SIMULASI,ok,True
2026-09-02T15:00:00+07:00,S19,reverse,36.4,45,278,0.35,SURVEI_SIMULASI,ok,True
2026-09-02T16:00:00+07:00,S19,reverse,31.1,45,449,0.56,SURVEI_SIMULASI,ok,True
2026-09-02T17:00:00+07:00,S19,reverse,31.5,45,435,0.54,SURVEI_SIMULASI,ok,True
2026-09-02T18:00:00+07:00,S19,reverse,29.7,45,493,0.62,SURVEI_SIMULASI,ok,True
2026-09-02T19:00:00+07:00,S19,reverse,30.8,45,461,0.58,SURVEI_SIMULASI,ok,True
2026-09-08T06:00:00+07:00,S19,reverse,35.5,45,307,0.38,SURVEI_SIMULASI,ok,True
2026-09-08T07:00:00+07:00,S19,reverse,31.2,45,447,0.56,SURVEI_SIMULASI,ok,True
2026-09-08T08:00:00+07:00,S19,reverse,31.4,45,438,0.55,SURVEI_SIMULASI,ok,True
2026-09-08T09:00:00+07:00,S19,reverse,30.3,45,475,0.59,SURVEI_SIMULASI,ok,True
2026-09-08T10:00:00+07:00,S19,reverse,35.0,45,324,0.41,SURVEI_SIMULASI,ok,True
2026-09-08T11:00:00+07:00,S19,reverse,35.0,45,323,0.4,SURVEI_SIMULASI,ok,True
2026-09-08T12:00:00+07:00,S19,reverse,36.1,45,289,0.36,SURVEI_SIMULASI,ok,True
2026-09-08T13:00:00+07:00,S19,reverse,36.9,45,262,0.33,SURVEI_SIMULASI,ok,True
2026-09-08T14:00:00+07:00,S19,reverse,36.1,45,288,0.36,SURVEI_SIMULASI,ok,True
2026-09-08T15:00:00+07:00,S19,reverse,34.9,45,328,0.41,SURVEI_SIMULASI,ok,True
2026-09-08T16:00:00+07:00,S19,reverse,32.1,45,416,0.52,SURVEI_SIMULASI,ok,True
2026-09-08T17:00:00+07:00,S19,reverse,31.5,45,436,0.55,SURVEI_SIMULASI,ok,True
2026-09-08T18:00:00+07:00,S19,reverse,30.8,45,458,0.57,SURVEI_SIMULASI,ok,True
2026-09-08T19:00:00+07:00,S19,reverse,31.9,45,425,0.53,SURVEI_SIMULASI,ok,True
2026-09-09T06:00:00+07:00,S19,reverse,35.6,45,303,0.38,SURVEI_SIMULASI,ok,True
2026-09-09T07:00:00+07:00,S19,reverse,29.3,45,507,0.63,SURVEI_SIMULASI,ok,True
2026-09-09T08:00:00+07:00,S19,reverse,28.6,45,529,0.66,SURVEI_SIMULASI,ok,True
2026-09-09T09:00:00+07:00,S19,reverse,31.2,45,445,0.56,SURVEI_SIMULASI,ok,True
2026-09-09T10:00:00+07:00,S19,reverse,34.8,45,330,0.41,SURVEI_SIMULASI,ok,True
2026-09-09T11:00:00+07:00,S19,reverse,34.7,45,332,0.41,SURVEI_SIMULASI,ok,True
2026-09-09T12:00:00+07:00,S19,reverse,36.8,45,265,0.33,SURVEI_SIMULASI,ok,True
2026-09-09T13:00:00+07:00,S19,reverse,37.2,45,251,0.31,SURVEI_SIMULASI,ok,True
2026-09-09T14:00:00+07:00,S19,reverse,36.0,45,291,0.36,SURVEI_SIMULASI,ok,True
2026-09-09T15:00:00+07:00,S19,reverse,35.1,45,320,0.4,SURVEI_SIMULASI,ok,True
2026-09-09T16:00:00+07:00,S19,reverse,29.7,45,495,0.62,SURVEI_SIMULASI,ok,True
2026-09-09T17:00:00+07:00,S19,reverse,32.0,45,420,0.52,SURVEI_SIMULASI,ok,True
2026-09-09T18:00:00+07:00,S19,reverse,29.8,45,493,0.62,SURVEI_SIMULASI,ok,True
2026-09-09T19:00:00+07:00,S19,reverse,29.8,45,493,0.62,SURVEI_SIMULASI,ok,True
2026-09-03T06:00:00+07:00,S19,reverse,35.4,45,310,0.39,SURVEI_SIMULASI,ok,True
2026-09-03T07:00:00+07:00,S19,reverse,31.5,45,435,0.54,SURVEI_SIMULASI,ok,True
2026-09-03T08:00:00+07:00,S19,reverse,28.7,45,527,0.66,SURVEI_SIMULASI,ok,True
2026-09-03T09:00:00+07:00,S19,reverse,29.1,45,514,0.64,SURVEI_SIMULASI,ok,True
2026-09-03T10:00:00+07:00,S19,reverse,34.8,45,329,0.41,SURVEI_SIMULASI,ok,True
2026-09-03T11:00:00+07:00,S19,reverse,36.3,45,281,0.35,SURVEI_SIMULASI,ok,True
2026-09-03T12:00:00+07:00,S19,reverse,36.3,45,280,0.35,SURVEI_SIMULASI,ok,True
2026-09-03T13:00:00+07:00,S19,reverse,36.5,45,274,0.34,SURVEI_SIMULASI,ok,True
2026-09-03T14:00:00+07:00,S19,reverse,36.1,45,288,0.36,SURVEI_SIMULASI,ok,True
2026-09-03T15:00:00+07:00,S19,reverse,36.5,45,276,0.34,SURVEI_SIMULASI,ok,True
2026-09-03T16:00:00+07:00,S19,reverse,30.9,45,456,0.57,SURVEI_SIMULASI,ok,True
2026-09-03T17:00:00+07:00,S19,reverse,31.2,45,447,0.56,SURVEI_SIMULASI,ok,True
2026-09-03T18:00:00+07:00,S19,reverse,31.7,45,431,0.54,SURVEI_SIMULASI,ok,True
2026-09-03T19:00:00+07:00,S19,reverse,32.3,45,411,0.51,SURVEI_SIMULASI,ok,True
2026-09-04T06:00:00+07:00,S19,reverse,35.4,45,310,0.39,SURVEI_SIMULASI,ok,True
2026-09-04T07:00:00+07:00,S19,reverse,31.5,45,437,0.55,SURVEI_SIMULASI,ok,True
2026-09-04T08:00:00+07:00,S19,reverse,29.3,45,508,0.64,SURVEI_SIMULASI,ok,True
2026-09-04T09:00:00+07:00,S19,reverse,29.6,45,498,0.62,SURVEI_SIMULASI,ok,True
2026-09-04T10:00:00+07:00,S19,reverse,34.8,45,331,0.41,SURVEI_SIMULASI,ok,True
2026-09-04T11:00:00+07:00,S19,reverse,34.7,45,331,0.41,SURVEI_SIMULASI,ok,True
2026-09-04T12:00:00+07:00,S19,reverse,37.2,45,251,0.31,SURVEI_SIMULASI,ok,True
2026-09-04T13:00:00+07:00,S19,reverse,35.9,45,295,0.37,SURVEI_SIMULASI,ok,True
2026-09-04T14:00:00+07:00,S19,reverse,36.6,45,273,0.34,SURVEI_SIMULASI,ok,True
2026-09-04T15:00:00+07:00,S19,reverse,36.4,45,279,0.35,SURVEI_SIMULASI,ok,True
2026-09-04T16:00:00+07:00,S19,reverse,32.3,45,410,0.51,SURVEI_SIMULASI,ok,True
2026-09-04T17:00:00+07:00,S19,reverse,29.6,45,498,0.62,SURVEI_SIMULASI,ok,True
2026-09-04T18:00:00+07:00,S19,reverse,31.5,45,436,0.55,SURVEI_SIMULASI,ok,True
2026-09-04T19:00:00+07:00,S19,reverse,30.9,45,454,0.57,SURVEI_SIMULASI,ok,True
2026-09-05T06:00:00+07:00,S19,reverse,34.8,45,330,0.41,SURVEI_SIMULASI,ok,True
2026-09-05T07:00:00+07:00,S19,reverse,30.4,45,472,0.59,SURVEI_SIMULASI,ok,True
2026-09-05T08:00:00+07:00,S19,reverse,30.1,45,482,0.6,SURVEI_SIMULASI,ok,True
2026-09-05T09:00:00+07:00,S19,reverse,30.8,45,460,0.58,SURVEI_SIMULASI,ok,True
2026-09-05T10:00:00+07:00,S19,reverse,35.7,45,300,0.37,SURVEI_SIMULASI,ok,True
2026-09-05T11:00:00+07:00,S19,reverse,35.7,45,301,0.38,SURVEI_SIMULASI,ok,True
2026-09-05T12:00:00+07:00,S19,reverse,36.7,45,269,0.34,SURVEI_SIMULASI,ok,True
2026-09-05T13:00:00+07:00,S19,reverse,36.9,45,263,0.33,SURVEI_SIMULASI,ok,True
2026-09-05T14:00:00+07:00,S19,reverse,36.3,45,281,0.35,SURVEI_SIMULASI,ok,True
2026-09-05T15:00:00+07:00,S19,reverse,36.0,45,292,0.37,SURVEI_SIMULASI,ok,True
2026-09-05T16:00:00+07:00,S19,reverse,29.7,45,495,0.62,SURVEI_SIMULASI,ok,True
2026-09-05T17:00:00+07:00,S19,reverse,31.9,45,422,0.53,SURVEI_SIMULASI,ok,True
2026-09-05T18:00:00+07:00,S19,reverse,30.2,45,477,0.6,SURVEI_SIMULASI,ok,True
2026-09-05T19:00:00+07:00,S19,reverse,30.7,45,463,0.58,SURVEI_SIMULASI,ok,True
2026-09-06T06:00:00+07:00,S19,reverse,36.2,45,286,0.36,SURVEI_SIMULASI,ok,True
2026-09-06T07:00:00+07:00,S19,reverse,30.9,45,454,0.57,SURVEI_SIMULASI,ok,True
2026-09-06T08:00:00+07:00,S19,reverse,30.9,45,456,0.57,SURVEI_SIMULASI,ok,True
2026-09-06T09:00:00+07:00,S19,reverse,32.2,45,414,0.52,SURVEI_SIMULASI,ok,True
2026-09-06T10:00:00+07:00,S19,reverse,36.9,45,263,0.33,SURVEI_SIMULASI,ok,True
2026-09-06T11:00:00+07:00,S19,reverse,35.9,45,295,0.37,SURVEI_SIMULASI,ok,True
2026-09-06T12:00:00+07:00,S19,reverse,37.5,45,241,0.3,SURVEI_SIMULASI,ok,True
2026-09-06T13:00:00+07:00,S19,reverse,37.6,45,238,0.3,SURVEI_SIMULASI,ok,True
2026-09-06T14:00:00+07:00,S19,reverse,35.8,45,297,0.37,SURVEI_SIMULASI,ok,True
2026-09-06T15:00:00+07:00,S19,reverse,36.5,45,276,0.34,SURVEI_SIMULASI,ok,True
2026-09-06T16:00:00+07:00,S19,reverse,33.4,45,374,0.47,SURVEI_SIMULASI,ok,True
2026-09-06T17:00:00+07:00,S19,reverse,32.5,45,403,0.5,SURVEI_SIMULASI,ok,True
2026-09-06T18:00:00+07:00,S19,reverse,31.2,45,446,0.56,SURVEI_SIMULASI,ok,True
2026-09-06T19:00:00+07:00,S19,reverse,31.4,45,440,0.55,SURVEI_SIMULASI,ok,True
2026-09-07T06:00:00+07:00,S19,reverse,37.4,45,247,0.31,SURVEI_SIMULASI,ok,True
2026-09-07T07:00:00+07:00,S19,reverse,31.5,45,437,0.55,SURVEI_SIMULASI,ok,True
2026-09-07T08:00:00+07:00,S19,reverse,31.8,45,428,0.54,SURVEI_SIMULASI,ok,True
2026-09-07T09:00:00+07:00,S19,reverse,31.3,45,442,0.55,SURVEI_SIMULASI,ok,True
2026-09-07T10:00:00+07:00,S19,reverse,36.5,45,276,0.34,SURVEI_SIMULASI,ok,True
2026-09-07T11:00:00+07:00,S19,reverse,37.2,45,252,0.31,SURVEI_SIMULASI,ok,True
2026-09-07T12:00:00+07:00,S19,reverse,37.0,45,257,0.32,SURVEI_SIMULASI,ok,True
2026-09-07T13:00:00+07:00,S19,reverse,37.2,45,251,0.31,SURVEI_SIMULASI,ok,True
2026-09-07T14:00:00+07:00,S19,reverse,37.4,45,246,0.31,SURVEI_SIMULASI,ok,True
2026-09-07T15:00:00+07:00,S19,reverse,36.4,45,277,0.35,SURVEI_SIMULASI,ok,True
2026-09-07T16:00:00+07:00,S19,reverse,33.4,45,376,0.47,SURVEI_SIMULASI,ok,True
2026-09-07T17:00:00+07:00,S19,reverse,32.2,45,413,0.52,SURVEI_SIMULASI,ok,True
2026-09-07T18:00:00+07:00,S19,reverse,31.9,45,422,0.53,SURVEI_SIMULASI,ok,True
2026-09-07T19:00:00+07:00,S19,reverse,33.4,45,375,0.47,SURVEI_SIMULASI,ok,True
2026-09-01T06:00:00+07:00,S20,forward,35.7,45,302,0.38,SURVEI_SIMULASI,ok,True
2026-09-01T07:00:00+07:00,S20,forward,29.5,45,502,0.63,SURVEI_SIMULASI,ok,True
2026-09-01T08:00:00+07:00,S20,forward,28.2,45,544,0.68,SURVEI_SIMULASI,ok,True
2026-09-01T09:00:00+07:00,S20,forward,30.2,45,480,0.6,SURVEI_SIMULASI,ok,True
2026-09-01T10:00:00+07:00,S20,forward,36.1,45,287,0.36,SURVEI_SIMULASI,ok,True
2026-09-01T11:00:00+07:00,S20,forward,35.3,45,315,0.39,SURVEI_SIMULASI,ok,True
2026-09-01T12:00:00+07:00,S20,forward,35.8,45,298,0.37,SURVEI_SIMULASI,ok,True
2026-09-01T13:00:00+07:00,S20,forward,37.1,45,255,0.32,SURVEI_SIMULASI,ok,True
2026-09-01T14:00:00+07:00,S20,forward,35.1,45,320,0.4,SURVEI_SIMULASI,ok,True
2026-09-01T15:00:00+07:00,S20,forward,36.3,45,282,0.35,SURVEI_SIMULASI,ok,True
2026-09-01T16:00:00+07:00,S20,forward,30.7,45,462,0.58,SURVEI_SIMULASI,ok,True
2026-09-01T17:00:00+07:00,S20,forward,31.5,45,436,0.54,SURVEI_SIMULASI,ok,True
2026-09-01T18:00:00+07:00,S20,forward,30.6,45,464,0.58,SURVEI_SIMULASI,ok,True
2026-09-01T19:00:00+07:00,S20,forward,31.6,45,434,0.54,SURVEI_SIMULASI,ok,True
2026-09-02T06:00:00+07:00,S20,forward,35.1,45,319,0.4,SURVEI_SIMULASI,ok,True
2026-09-02T07:00:00+07:00,S20,forward,28.5,45,534,0.67,SURVEI_SIMULASI,ok,True
2026-09-02T08:00:00+07:00,S20,forward,28.2,45,542,0.68,SURVEI_SIMULASI,ok,True
2026-09-02T09:00:00+07:00,S20,forward,29.7,45,494,0.62,SURVEI_SIMULASI,ok,True
2026-09-02T10:00:00+07:00,S20,forward,35.5,45,306,0.38,SURVEI_SIMULASI,ok,True
2026-09-02T11:00:00+07:00,S20,forward,35.2,45,316,0.39,SURVEI_SIMULASI,ok,True
2026-09-02T12:00:00+07:00,S20,forward,35.7,45,300,0.38,SURVEI_SIMULASI,ok,True
2026-09-02T13:00:00+07:00,S20,forward,35.8,45,296,0.37,SURVEI_SIMULASI,ok,True
2026-09-02T14:00:00+07:00,S20,forward,35.1,45,321,0.4,SURVEI_SIMULASI,ok,True
2026-09-02T15:00:00+07:00,S20,forward,34.9,45,325,0.41,SURVEI_SIMULASI,ok,True
2026-09-02T16:00:00+07:00,S20,forward,31.1,45,448,0.56,SURVEI_SIMULASI,ok,True
2026-09-02T17:00:00+07:00,S20,forward,29.5,45,502,0.63,SURVEI_SIMULASI,ok,True
2026-09-02T18:00:00+07:00,S20,forward,29.3,45,507,0.63,SURVEI_SIMULASI,ok,True
2026-09-02T19:00:00+07:00,S20,forward,30.4,45,473,0.59,SURVEI_SIMULASI,ok,True
2026-09-08T06:00:00+07:00,S20,forward,35.7,45,299,0.37,SURVEI_SIMULASI,ok,True
2026-09-08T07:00:00+07:00,S20,forward,31.0,45,454,0.57,SURVEI_SIMULASI,ok,True
2026-09-08T08:00:00+07:00,S20,forward,29.9,45,487,0.61,SURVEI_SIMULASI,ok,True
2026-09-08T09:00:00+07:00,S20,forward,30.1,45,483,0.6,SURVEI_SIMULASI,ok,True
2026-09-08T10:00:00+07:00,S20,forward,34.6,45,337,0.42,SURVEI_SIMULASI,ok,True
2026-09-08T11:00:00+07:00,S20,forward,35.7,45,300,0.38,SURVEI_SIMULASI,ok,True
2026-09-08T12:00:00+07:00,S20,forward,35.8,45,297,0.37,SURVEI_SIMULASI,ok,True
2026-09-08T13:00:00+07:00,S20,forward,35.9,45,295,0.37,SURVEI_SIMULASI,ok,True
2026-09-08T14:00:00+07:00,S20,forward,36.2,45,283,0.35,SURVEI_SIMULASI,ok,True
2026-09-08T15:00:00+07:00,S20,forward,34.5,45,339,0.42,SURVEI_SIMULASI,ok,True
2026-09-08T16:00:00+07:00,S20,forward,31.1,45,450,0.56,SURVEI_SIMULASI,ok,True
2026-09-08T17:00:00+07:00,S20,forward,30.1,45,482,0.6,SURVEI_SIMULASI,ok,True
2026-09-08T18:00:00+07:00,S20,forward,31.2,45,445,0.56,SURVEI_SIMULASI,ok,True
2026-09-08T19:00:00+07:00,S20,forward,29.8,45,493,0.62,SURVEI_SIMULASI,ok,True
2026-09-09T06:00:00+07:00,S20,forward,35.1,45,319,0.4,SURVEI_SIMULASI,ok,True
2026-09-09T07:00:00+07:00,S20,forward,30.1,45,480,0.6,SURVEI_SIMULASI,ok,True
2026-09-09T08:00:00+07:00,S20,forward,30.5,45,469,0.59,SURVEI_SIMULASI,ok,True
2026-09-09T09:00:00+07:00,S20,forward,30.6,45,464,0.58,SURVEI_SIMULASI,ok,True
2026-09-09T10:00:00+07:00,S20,forward,35.8,45,299,0.37,SURVEI_SIMULASI,ok,True
2026-09-09T11:00:00+07:00,S20,forward,35.5,45,308,0.39,SURVEI_SIMULASI,ok,True
2026-09-09T12:00:00+07:00,S20,forward,35.8,45,299,0.37,SURVEI_SIMULASI,ok,True
2026-09-09T13:00:00+07:00,S20,forward,36.4,45,277,0.35,SURVEI_SIMULASI,ok,True
2026-09-09T14:00:00+07:00,S20,forward,35.5,45,307,0.38,SURVEI_SIMULASI,ok,True
2026-09-09T15:00:00+07:00,S20,forward,36.0,45,292,0.36,SURVEI_SIMULASI,ok,True
2026-09-09T16:00:00+07:00,S20,forward,31.7,45,430,0.54,SURVEI_SIMULASI,ok,True
2026-09-09T17:00:00+07:00,S20,forward,29.7,45,493,0.62,SURVEI_SIMULASI,ok,True
2026-09-09T18:00:00+07:00,S20,forward,30.3,45,474,0.59,SURVEI_SIMULASI,ok,True
2026-09-09T19:00:00+07:00,S20,forward,29.6,45,498,0.62,SURVEI_SIMULASI,ok,True
2026-09-03T06:00:00+07:00,S20,forward,35.7,45,302,0.38,SURVEI_SIMULASI,ok,True
2026-09-03T07:00:00+07:00,S20,forward,28.3,45,539,0.67,SURVEI_SIMULASI,ok,True
2026-09-03T08:00:00+07:00,S20,forward,28.9,45,522,0.65,SURVEI_SIMULASI,ok,True
2026-09-03T09:00:00+07:00,S20,forward,30.3,45,475,0.59,SURVEI_SIMULASI,ok,True
2026-09-03T10:00:00+07:00,S20,forward,34.8,45,329,0.41,SURVEI_SIMULASI,ok,True
2026-09-03T11:00:00+07:00,S20,forward,34.9,45,325,0.41,SURVEI_SIMULASI,ok,True
2026-09-03T12:00:00+07:00,S20,forward,36.1,45,287,0.36,SURVEI_SIMULASI,ok,True
2026-09-03T13:00:00+07:00,S20,forward,36.2,45,286,0.36,SURVEI_SIMULASI,ok,True
2026-09-03T14:00:00+07:00,S20,forward,36.1,45,287,0.36,SURVEI_SIMULASI,ok,True
2026-09-03T15:00:00+07:00,S20,forward,35.9,45,293,0.37,SURVEI_SIMULASI,ok,True
2026-09-03T16:00:00+07:00,S20,forward,31.5,45,437,0.55,SURVEI_SIMULASI,ok,True
2026-09-03T17:00:00+07:00,S20,forward,31.2,45,446,0.56,SURVEI_SIMULASI,ok,True
2026-09-03T18:00:00+07:00,S20,forward,30.2,45,478,0.6,SURVEI_SIMULASI,ok,True
2026-09-03T19:00:00+07:00,S20,forward,31.6,45,433,0.54,SURVEI_SIMULASI,ok,True
2026-09-04T06:00:00+07:00,S20,forward,34.5,45,339,0.42,SURVEI_SIMULASI,ok,True
2026-09-04T07:00:00+07:00,S20,forward,31.2,45,447,0.56,SURVEI_SIMULASI,ok,True
2026-09-04T08:00:00+07:00,S20,forward,29.2,45,510,0.64,SURVEI_SIMULASI,ok,True
2026-09-04T09:00:00+07:00,S20,forward,29.2,45,511,0.64,SURVEI_SIMULASI,ok,True
2026-09-04T10:00:00+07:00,S20,forward,34.6,45,335,0.42,SURVEI_SIMULASI,ok,True
2026-09-04T11:00:00+07:00,S20,forward,35.0,45,322,0.4,SURVEI_SIMULASI,ok,True
2026-09-04T12:00:00+07:00,S20,forward,35.9,45,294,0.37,SURVEI_SIMULASI,ok,True
2026-09-04T13:00:00+07:00,S20,forward,36.7,45,270,0.34,SURVEI_SIMULASI,ok,True
2026-09-04T14:00:00+07:00,S20,forward,36.1,45,287,0.36,SURVEI_SIMULASI,ok,True
2026-09-04T15:00:00+07:00,S20,forward,34.7,45,334,0.42,SURVEI_SIMULASI,ok,True
2026-09-04T16:00:00+07:00,S20,forward,30.8,45,459,0.57,SURVEI_SIMULASI,ok,True
2026-09-04T17:00:00+07:00,S20,forward,30.7,45,463,0.58,SURVEI_SIMULASI,ok,True
2026-09-04T18:00:00+07:00,S20,forward,31.7,45,431,0.54,SURVEI_SIMULASI,ok,True
2026-09-04T19:00:00+07:00,S20,forward,29.7,45,495,0.62,SURVEI_SIMULASI,ok,True
2026-09-05T06:00:00+07:00,S20,forward,35.5,45,307,0.38,SURVEI_SIMULASI,ok,True
2026-09-05T07:00:00+07:00,S20,forward,28.8,45,523,0.65,SURVEI_SIMULASI,ok,True
2026-09-05T08:00:00+07:00,S20,forward,30.3,45,475,0.59,SURVEI_SIMULASI,ok,True
2026-09-05T09:00:00+07:00,S20,forward,29.1,45,515,0.64,SURVEI_SIMULASI,ok,True
2026-09-05T10:00:00+07:00,S20,forward,35.6,45,304,0.38,SURVEI_SIMULASI,ok,True
2026-09-05T11:00:00+07:00,S20,forward,35.7,45,300,0.37,SURVEI_SIMULASI,ok,True
2026-09-05T12:00:00+07:00,S20,forward,36.2,45,283,0.35,SURVEI_SIMULASI,ok,True
2026-09-05T13:00:00+07:00,S20,forward,36.4,45,279,0.35,SURVEI_SIMULASI,ok,True
2026-09-05T14:00:00+07:00,S20,forward,36.0,45,291,0.36,SURVEI_SIMULASI,ok,True
2026-09-05T15:00:00+07:00,S20,forward,34.5,45,339,0.42,SURVEI_SIMULASI,ok,True
2026-09-05T16:00:00+07:00,S20,forward,30.0,45,486,0.61,SURVEI_SIMULASI,ok,True
2026-09-05T17:00:00+07:00,S20,forward,29.6,45,496,0.62,SURVEI_SIMULASI,ok,True
2026-09-05T18:00:00+07:00,S20,forward,31.6,45,434,0.54,SURVEI_SIMULASI,ok,True
2026-09-05T19:00:00+07:00,S20,forward,30.0,45,484,0.61,SURVEI_SIMULASI,ok,True
2026-09-06T06:00:00+07:00,S20,forward,35.8,45,298,0.37,SURVEI_SIMULASI,ok,True
2026-09-06T07:00:00+07:00,S20,forward,30.3,45,476,0.6,SURVEI_SIMULASI,ok,True
2026-09-06T08:00:00+07:00,S20,forward,31.5,45,435,0.54,SURVEI_SIMULASI,ok,True
2026-09-06T09:00:00+07:00,S20,forward,31.0,45,451,0.56,SURVEI_SIMULASI,ok,True
2026-09-06T10:00:00+07:00,S20,forward,35.7,45,301,0.38,SURVEI_SIMULASI,ok,True
2026-09-06T11:00:00+07:00,S20,forward,37.2,45,253,0.32,SURVEI_SIMULASI,ok,True
2026-09-06T12:00:00+07:00,S20,forward,37.8,45,234,0.29,SURVEI_SIMULASI,ok,True
2026-09-06T13:00:00+07:00,S20,forward,37.4,45,246,0.31,SURVEI_SIMULASI,ok,True
2026-09-06T14:00:00+07:00,S20,forward,37.0,45,259,0.32,SURVEI_SIMULASI,ok,True
2026-09-06T15:00:00+07:00,S20,forward,36.0,45,291,0.36,SURVEI_SIMULASI,ok,True
2026-09-06T16:00:00+07:00,S20,forward,31.1,45,449,0.56,SURVEI_SIMULASI,ok,True
2026-09-06T17:00:00+07:00,S20,forward,30.9,45,457,0.57,SURVEI_SIMULASI,ok,True
2026-09-06T18:00:00+07:00,S20,forward,33.2,45,382,0.48,SURVEI_SIMULASI,ok,True
2026-09-06T19:00:00+07:00,S20,forward,30.8,45,458,0.57,SURVEI_SIMULASI,ok,True
2026-09-07T06:00:00+07:00,S20,forward,36.6,45,270,0.34,SURVEI_SIMULASI,ok,True
2026-09-07T07:00:00+07:00,S20,forward,31.9,45,422,0.53,SURVEI_SIMULASI,ok,True
2026-09-07T08:00:00+07:00,S20,forward,32.2,45,414,0.52,SURVEI_SIMULASI,ok,True
2026-09-07T09:00:00+07:00,S20,forward,31.5,45,436,0.55,SURVEI_SIMULASI,ok,True
2026-09-07T10:00:00+07:00,S20,forward,35.6,45,303,0.38,SURVEI_SIMULASI,ok,True
2026-09-07T11:00:00+07:00,S20,forward,35.9,45,295,0.37,SURVEI_SIMULASI,ok,True
2026-09-07T12:00:00+07:00,S20,forward,36.5,45,275,0.34,SURVEI_SIMULASI,ok,True
2026-09-07T13:00:00+07:00,S20,forward,37.5,45,242,0.3,SURVEI_SIMULASI,ok,True
2026-09-07T14:00:00+07:00,S20,forward,37.2,45,253,0.32,SURVEI_SIMULASI,ok,True
2026-09-07T15:00:00+07:00,S20,forward,36.5,45,276,0.34,SURVEI_SIMULASI,ok,True
2026-09-07T16:00:00+07:00,S20,forward,32.8,45,393,0.49,SURVEI_SIMULASI,ok,True
2026-09-07T17:00:00+07:00,S20,forward,33.2,45,381,0.48,SURVEI_SIMULASI,ok,True
2026-09-07T18:00:00+07:00,S20,forward,31.1,45,450,0.56,SURVEI_SIMULASI,ok,True
2026-09-07T19:00:00+07:00,S20,forward,32.2,45,413,0.52,SURVEI_SIMULASI,ok,True
2026-09-01T06:00:00+07:00,S20,reverse,35.0,45,323,0.4,SURVEI_SIMULASI,ok,True
2026-09-01T07:00:00+07:00,S20,reverse,29.6,45,498,0.62,SURVEI_SIMULASI,ok,True
2026-09-01T08:00:00+07:00,S20,reverse,29.8,45,491,0.61,SURVEI_SIMULASI,ok,True
2026-09-01T09:00:00+07:00,S20,reverse,28.6,45,531,0.66,SURVEI_SIMULASI,ok,True
2026-09-01T10:00:00+07:00,S20,reverse,35.9,45,295,0.37,SURVEI_SIMULASI,ok,True
2026-09-01T11:00:00+07:00,S20,reverse,34.7,45,333,0.42,SURVEI_SIMULASI,ok,True
2026-09-01T12:00:00+07:00,S20,reverse,36.1,45,288,0.36,SURVEI_SIMULASI,ok,True
2026-09-01T13:00:00+07:00,S20,reverse,36.6,45,270,0.34,SURVEI_SIMULASI,ok,True
2026-09-01T14:00:00+07:00,S20,reverse,35.9,45,294,0.37,SURVEI_SIMULASI,ok,True
2026-09-01T15:00:00+07:00,S20,reverse,35.7,45,301,0.38,SURVEI_SIMULASI,ok,True
2026-09-01T16:00:00+07:00,S20,reverse,30.4,45,472,0.59,SURVEI_SIMULASI,ok,True
2026-09-01T17:00:00+07:00,S20,reverse,30.5,45,469,0.59,SURVEI_SIMULASI,ok,True
2026-09-01T18:00:00+07:00,S20,reverse,30.8,45,459,0.57,SURVEI_SIMULASI,ok,True
2026-09-01T19:00:00+07:00,S20,reverse,30.0,45,483,0.6,SURVEI_SIMULASI,ok,True
2026-09-02T06:00:00+07:00,S20,reverse,36.2,45,284,0.36,SURVEI_SIMULASI,ok,True
2026-09-02T07:00:00+07:00,S20,reverse,30.0,45,483,0.6,SURVEI_SIMULASI,ok,True
2026-09-02T08:00:00+07:00,S20,reverse,30.3,45,476,0.6,SURVEI_SIMULASI,ok,True
2026-09-02T09:00:00+07:00,S20,reverse,28.1,45,545,0.68,SURVEI_SIMULASI,ok,True
2026-09-02T10:00:00+07:00,S20,reverse,35.8,45,296,0.37,SURVEI_SIMULASI,ok,True
2026-09-02T11:00:00+07:00,S20,reverse,36.3,45,281,0.35,SURVEI_SIMULASI,ok,True
2026-09-02T12:00:00+07:00,S20,reverse,35.6,45,305,0.38,SURVEI_SIMULASI,ok,True
2026-09-02T13:00:00+07:00,S20,reverse,37.2,45,253,0.32,SURVEI_SIMULASI,ok,True
2026-09-02T14:00:00+07:00,S20,reverse,36.0,45,290,0.36,SURVEI_SIMULASI,ok,True
2026-09-02T15:00:00+07:00,S20,reverse,35.8,45,297,0.37,SURVEI_SIMULASI,ok,True
2026-09-02T16:00:00+07:00,S20,reverse,30.5,45,469,0.59,SURVEI_SIMULASI,ok,True
2026-09-02T17:00:00+07:00,S20,reverse,29.3,45,509,0.64,SURVEI_SIMULASI,ok,True
2026-09-02T18:00:00+07:00,S20,reverse,30.2,45,477,0.6,SURVEI_SIMULASI,ok,True
2026-09-02T19:00:00+07:00,S20,reverse,30.4,45,472,0.59,SURVEI_SIMULASI,ok,True
2026-09-08T06:00:00+07:00,S20,reverse,35.1,45,321,0.4,SURVEI_SIMULASI,ok,True
2026-09-08T07:00:00+07:00,S20,reverse,28.5,45,535,0.67,SURVEI_SIMULASI,ok,True
2026-09-08T08:00:00+07:00,S20,reverse,30.3,45,475,0.59,SURVEI_SIMULASI,ok,True
2026-09-08T09:00:00+07:00,S20,reverse,28.8,45,523,0.65,SURVEI_SIMULASI,ok,True
2026-09-08T10:00:00+07:00,S20,reverse,36.3,45,280,0.35,SURVEI_SIMULASI,ok,True
2026-09-08T11:00:00+07:00,S20,reverse,35.7,45,302,0.38,SURVEI_SIMULASI,ok,True
2026-09-08T12:00:00+07:00,S20,reverse,35.6,45,303,0.38,SURVEI_SIMULASI,ok,True
2026-09-08T13:00:00+07:00,S20,reverse,36.4,45,277,0.35,SURVEI_SIMULASI,ok,True
2026-09-08T14:00:00+07:00,S20,reverse,34.7,45,333,0.42,SURVEI_SIMULASI,ok,True
2026-09-08T15:00:00+07:00,S20,reverse,35.4,45,311,0.39,SURVEI_SIMULASI,ok,True
2026-09-08T16:00:00+07:00,S20,reverse,31.8,45,426,0.53,SURVEI_SIMULASI,ok,True
2026-09-08T17:00:00+07:00,S20,reverse,31.9,45,423,0.53,SURVEI_SIMULASI,ok,True
2026-09-08T18:00:00+07:00,S20,reverse,31.3,45,443,0.55,SURVEI_SIMULASI,ok,True
2026-09-08T19:00:00+07:00,S20,reverse,29.5,45,501,0.63,SURVEI_SIMULASI,ok,True
2026-09-09T06:00:00+07:00,S20,reverse,35.0,45,323,0.4,SURVEI_SIMULASI,ok,True
2026-09-09T07:00:00+07:00,S20,reverse,31.0,45,452,0.56,SURVEI_SIMULASI,ok,True
2026-09-09T08:00:00+07:00,S20,reverse,29.4,45,504,0.63,SURVEI_SIMULASI,ok,True
2026-09-09T09:00:00+07:00,S20,reverse,31.1,45,449,0.56,SURVEI_SIMULASI,ok,True
2026-09-09T10:00:00+07:00,S20,reverse,36.1,45,288,0.36,SURVEI_SIMULASI,ok,True
2026-09-09T11:00:00+07:00,S20,reverse,34.8,45,330,0.41,SURVEI_SIMULASI,ok,True
2026-09-09T12:00:00+07:00,S20,reverse,35.6,45,305,0.38,SURVEI_SIMULASI,ok,True
2026-09-09T13:00:00+07:00,S20,reverse,36.9,45,261,0.33,SURVEI_SIMULASI,ok,True
2026-09-09T14:00:00+07:00,S20,reverse,35.2,45,316,0.39,SURVEI_SIMULASI,ok,True
2026-09-09T15:00:00+07:00,S20,reverse,35.1,45,319,0.4,SURVEI_SIMULASI,ok,True
2026-09-09T16:00:00+07:00,S20,reverse,31.8,45,426,0.53,SURVEI_SIMULASI,ok,True
2026-09-09T17:00:00+07:00,S20,reverse,32.0,45,420,0.53,SURVEI_SIMULASI,ok,True
2026-09-09T18:00:00+07:00,S20,reverse,31.4,45,440,0.55,SURVEI_SIMULASI,ok,True
2026-09-09T19:00:00+07:00,S20,reverse,31.3,45,442,0.55,SURVEI_SIMULASI,ok,True
2026-09-03T06:00:00+07:00,S20,reverse,35.6,45,303,0.38,SURVEI_SIMULASI,ok,True
2026-09-03T07:00:00+07:00,S20,reverse,29.3,45,507,0.63,SURVEI_SIMULASI,ok,True
2026-09-03T08:00:00+07:00,S20,reverse,28.6,45,531,0.66,SURVEI_SIMULASI,ok,True
2026-09-03T09:00:00+07:00,S20,reverse,30.2,45,478,0.6,SURVEI_SIMULASI,ok,True
2026-09-03T10:00:00+07:00,S20,reverse,36.3,45,280,0.35,SURVEI_SIMULASI,ok,True
2026-09-03T11:00:00+07:00,S20,reverse,36.3,45,281,0.35,SURVEI_SIMULASI,ok,True
2026-09-03T12:00:00+07:00,S20,reverse,37.1,45,256,0.32,SURVEI_SIMULASI,ok,True
2026-09-03T13:00:00+07:00,S20,reverse,36.2,45,284,0.36,SURVEI_SIMULASI,ok,True
2026-09-03T14:00:00+07:00,S20,reverse,35.5,45,307,0.38,SURVEI_SIMULASI,ok,True
2026-09-03T15:00:00+07:00,S20,reverse,34.5,45,339,0.42,SURVEI_SIMULASI,ok,True
2026-09-03T16:00:00+07:00,S20,reverse,32.0,45,421,0.53,SURVEI_SIMULASI,ok,True
2026-09-03T17:00:00+07:00,S20,reverse,30.6,45,464,0.58,SURVEI_SIMULASI,ok,True
2026-09-03T18:00:00+07:00,S20,reverse,30.2,45,480,0.6,SURVEI_SIMULASI,ok,True
2026-09-03T19:00:00+07:00,S20,reverse,31.1,45,448,0.56,SURVEI_SIMULASI,ok,True
2026-09-04T06:00:00+07:00,S20,reverse,34.8,45,331,0.41,SURVEI_SIMULASI,ok,True
2026-09-04T07:00:00+07:00,S20,reverse,29.5,45,501,0.63,SURVEI_SIMULASI,ok,True
2026-09-04T08:00:00+07:00,S20,reverse,29.6,45,497,0.62,SURVEI_SIMULASI,ok,True
2026-09-04T09:00:00+07:00,S20,reverse,29.5,45,501,0.63,SURVEI_SIMULASI,ok,True
2026-09-04T10:00:00+07:00,S20,reverse,35.8,45,298,0.37,SURVEI_SIMULASI,ok,True
2026-09-04T11:00:00+07:00,S20,reverse,35.1,45,320,0.4,SURVEI_SIMULASI,ok,True
2026-09-04T12:00:00+07:00,S20,reverse,36.3,45,281,0.35,SURVEI_SIMULASI,ok,True
2026-09-04T13:00:00+07:00,S20,reverse,35.8,45,296,0.37,SURVEI_SIMULASI,ok,True
2026-09-04T14:00:00+07:00,S20,reverse,34.6,45,337,0.42,SURVEI_SIMULASI,ok,True
2026-09-04T15:00:00+07:00,S20,reverse,34.5,45,339,0.42,SURVEI_SIMULASI,ok,True
2026-09-04T16:00:00+07:00,S20,reverse,30.5,45,470,0.59,SURVEI_SIMULASI,ok,True
2026-09-04T17:00:00+07:00,S20,reverse,31.9,45,425,0.53,SURVEI_SIMULASI,ok,True
2026-09-04T18:00:00+07:00,S20,reverse,31.4,45,440,0.55,SURVEI_SIMULASI,ok,True
2026-09-04T19:00:00+07:00,S20,reverse,31.6,45,432,0.54,SURVEI_SIMULASI,ok,True
2026-09-05T06:00:00+07:00,S20,reverse,35.6,45,303,0.38,SURVEI_SIMULASI,ok,True
2026-09-05T07:00:00+07:00,S20,reverse,30.9,45,456,0.57,SURVEI_SIMULASI,ok,True
2026-09-05T08:00:00+07:00,S20,reverse,29.2,45,509,0.64,SURVEI_SIMULASI,ok,True
2026-09-05T09:00:00+07:00,S20,reverse,30.8,45,460,0.58,SURVEI_SIMULASI,ok,True
2026-09-05T10:00:00+07:00,S20,reverse,34.9,45,327,0.41,SURVEI_SIMULASI,ok,True
2026-09-05T11:00:00+07:00,S20,reverse,35.3,45,314,0.39,SURVEI_SIMULASI,ok,True
2026-09-05T12:00:00+07:00,S20,reverse,36.1,45,289,0.36,SURVEI_SIMULASI,ok,True
2026-09-05T13:00:00+07:00,S20,reverse,36.5,45,274,0.34,SURVEI_SIMULASI,ok,True
2026-09-05T14:00:00+07:00,S20,reverse,35.3,45,312,0.39,SURVEI_SIMULASI,ok,True
2026-09-05T15:00:00+07:00,S20,reverse,35.6,45,305,0.38,SURVEI_SIMULASI,ok,True
2026-09-05T16:00:00+07:00,S20,reverse,29.2,45,510,0.64,SURVEI_SIMULASI,ok,True
2026-09-05T17:00:00+07:00,S20,reverse,30.7,45,461,0.58,SURVEI_SIMULASI,ok,True
2026-09-05T18:00:00+07:00,S20,reverse,31.6,45,434,0.54,SURVEI_SIMULASI,ok,True
2026-09-05T19:00:00+07:00,S20,reverse,30.7,45,462,0.58,SURVEI_SIMULASI,ok,True
2026-09-06T06:00:00+07:00,S20,reverse,35.9,45,295,0.37,SURVEI_SIMULASI,ok,True
2026-09-06T07:00:00+07:00,S20,reverse,30.7,45,463,0.58,SURVEI_SIMULASI,ok,True
2026-09-06T08:00:00+07:00,S20,reverse,29.8,45,490,0.61,SURVEI_SIMULASI,ok,True
2026-09-06T09:00:00+07:00,S20,reverse,31.7,45,430,0.54,SURVEI_SIMULASI,ok,True
2026-09-06T10:00:00+07:00,S20,reverse,36.1,45,288,0.36,SURVEI_SIMULASI,ok,True
2026-09-06T11:00:00+07:00,S20,reverse,36.4,45,278,0.35,SURVEI_SIMULASI,ok,True
2026-09-06T12:00:00+07:00,S20,reverse,36.9,45,261,0.33,SURVEI_SIMULASI,ok,True
2026-09-06T13:00:00+07:00,S20,reverse,36.6,45,272,0.34,SURVEI_SIMULASI,ok,True
2026-09-06T14:00:00+07:00,S20,reverse,37.0,45,259,0.32,SURVEI_SIMULASI,ok,True
2026-09-06T15:00:00+07:00,S20,reverse,35.7,45,300,0.38,SURVEI_SIMULASI,ok,True
2026-09-06T16:00:00+07:00,S20,reverse,31.5,45,437,0.55,SURVEI_SIMULASI,ok,True
2026-09-06T17:00:00+07:00,S20,reverse,31.5,45,437,0.55,SURVEI_SIMULASI,ok,True
2026-09-06T18:00:00+07:00,S20,reverse,31.6,45,434,0.54,SURVEI_SIMULASI,ok,True
2026-09-06T19:00:00+07:00,S20,reverse,33.2,45,383,0.48,SURVEI_SIMULASI,ok,True
2026-09-07T06:00:00+07:00,S20,reverse,36.1,45,286,0.36,SURVEI_SIMULASI,ok,True
2026-09-07T07:00:00+07:00,S20,reverse,30.1,45,483,0.6,SURVEI_SIMULASI,ok,True
2026-09-07T08:00:00+07:00,S20,reverse,31.3,45,441,0.55,SURVEI_SIMULASI,ok,True
2026-09-07T09:00:00+07:00,S20,reverse,32.2,45,415,0.52,SURVEI_SIMULASI,ok,True
2026-09-07T10:00:00+07:00,S20,reverse,37.1,45,255,0.32,SURVEI_SIMULASI,ok,True
2026-09-07T11:00:00+07:00,S20,reverse,35.6,45,305,0.38,SURVEI_SIMULASI,ok,True
2026-09-07T12:00:00+07:00,S20,reverse,37.9,45,230,0.29,SURVEI_SIMULASI,ok,True
2026-09-07T13:00:00+07:00,S20,reverse,37.1,45,257,0.32,SURVEI_SIMULASI,ok,True
2026-09-07T14:00:00+07:00,S20,reverse,37.2,45,254,0.32,SURVEI_SIMULASI,ok,True
2026-09-07T15:00:00+07:00,S20,reverse,37.0,45,258,0.32,SURVEI_SIMULASI,ok,True
2026-09-07T16:00:00+07:00,S20,reverse,31.0,45,452,0.56,SURVEI_SIMULASI,ok,True
2026-09-07T17:00:00+07:00,S20,reverse,31.1,45,450,0.56,SURVEI_SIMULASI,ok,True
2026-09-07T18:00:00+07:00,S20,reverse,32.8,45,394,0.49,SURVEI_SIMULASI,ok,True
2026-09-07T19:00:00+07:00,S20,reverse,33.0,45,389,0.49,SURVEI_SIMULASI,ok,True
2026-09-01T06:00:00+07:00,S21,forward,17.8,30,296,0.74,SURVEI_SIMULASI,ok,True
2026-09-01T07:00:00+07:00,S21,forward,13.5,30,527,0.99,SURVEI_SIMULASI,ok,True
2026-09-01T08:00:00+07:00,S21,forward,13.5,30,531,0.99,SURVEI_SIMULASI,ok,True
2026-09-01T09:00:00+07:00,S21,forward,13.5,30,462,0.99,SURVEI_SIMULASI,ok,True
2026-09-01T10:00:00+07:00,S21,forward,17.0,30,315,0.79,SURVEI_SIMULASI,ok,True
2026-09-01T11:00:00+07:00,S21,forward,17.9,30,293,0.73,SURVEI_SIMULASI,ok,True
2026-09-01T12:00:00+07:00,S21,forward,19.3,30,260,0.65,SURVEI_SIMULASI,ok,True
2026-09-01T13:00:00+07:00,S21,forward,18.8,30,271,0.68,SURVEI_SIMULASI,ok,True
2026-09-01T14:00:00+07:00,S21,forward,15.6,30,348,0.87,SURVEI_SIMULASI,ok,True
2026-09-01T15:00:00+07:00,S21,forward,15.7,30,347,0.87,SURVEI_SIMULASI,ok,True
2026-09-01T16:00:00+07:00,S21,forward,13.5,30,516,0.99,SURVEI_SIMULASI,ok,True
2026-09-01T17:00:00+07:00,S21,forward,13.5,30,508,0.99,SURVEI_SIMULASI,ok,True
2026-09-01T18:00:00+07:00,S21,forward,13.5,30,508,0.99,SURVEI_SIMULASI,ok,True
2026-09-01T19:00:00+07:00,S21,forward,13.5,30,523,0.99,SURVEI_SIMULASI,ok,True
2026-09-02T06:00:00+07:00,S21,forward,18.0,30,290,0.73,SURVEI_SIMULASI,ok,True
2026-09-02T07:00:00+07:00,S21,forward,13.5,30,469,0.99,SURVEI_SIMULASI,ok,True
2026-09-02T08:00:00+07:00,S21,forward,13.5,30,538,0.99,SURVEI_SIMULASI,ok,True
2026-09-02T09:00:00+07:00,S21,forward,13.5,30,501,0.99,SURVEI_SIMULASI,ok,True
2026-09-02T10:00:00+07:00,S21,forward,17.6,30,302,0.75,SURVEI_SIMULASI,ok,True
2026-09-02T11:00:00+07:00,S21,forward,16.2,30,334,0.84,SURVEI_SIMULASI,ok,True
2026-09-02T12:00:00+07:00,S21,forward,18.2,30,286,0.72,SURVEI_SIMULASI,ok,True
2026-09-02T13:00:00+07:00,S21,forward,18.8,30,271,0.68,SURVEI_SIMULASI,ok,True
2026-09-02T14:00:00+07:00,S21,forward,16.7,30,323,0.81,SURVEI_SIMULASI,ok,True
2026-09-02T15:00:00+07:00,S21,forward,17.5,30,302,0.76,SURVEI_SIMULASI,ok,True
2026-09-02T16:00:00+07:00,S21,forward,13.5,30,512,0.99,SURVEI_SIMULASI,ok,True
2026-09-02T17:00:00+07:00,S21,forward,13.5,30,519,0.99,SURVEI_SIMULASI,ok,True
2026-09-02T18:00:00+07:00,S21,forward,13.5,30,485,0.99,SURVEI_SIMULASI,ok,True
2026-09-02T19:00:00+07:00,S21,forward,13.5,30,435,0.99,SURVEI_SIMULASI,ok,True
2026-09-08T06:00:00+07:00,S21,forward,17.0,30,316,0.79,SURVEI_SIMULASI,ok,True
2026-09-08T07:00:00+07:00,S21,forward,13.5,30,544,0.99,SURVEI_SIMULASI,ok,True
2026-09-08T08:00:00+07:00,S21,forward,13.5,30,517,0.99,SURVEI_SIMULASI,ok,True
2026-09-08T09:00:00+07:00,S21,forward,13.5,30,536,0.99,SURVEI_SIMULASI,ok,True
2026-09-08T10:00:00+07:00,S21,forward,16.5,30,327,0.82,SURVEI_SIMULASI,ok,True
2026-09-08T11:00:00+07:00,S21,forward,17.2,30,310,0.78,SURVEI_SIMULASI,ok,True
2026-09-08T12:00:00+07:00,S21,forward,17.7,30,298,0.74,SURVEI_SIMULASI,ok,True
2026-09-08T13:00:00+07:00,S21,forward,17.0,30,315,0.79,SURVEI_SIMULASI,ok,True
2026-09-08T14:00:00+07:00,S21,forward,17.3,30,308,0.77,SURVEI_SIMULASI,ok,True
2026-09-08T15:00:00+07:00,S21,forward,17.9,30,292,0.73,SURVEI_SIMULASI,ok,True
2026-09-08T16:00:00+07:00,S21,forward,13.5,30,518,0.99,SURVEI_SIMULASI,ok,True
2026-09-08T17:00:00+07:00,S21,forward,13.5,30,435,0.99,SURVEI_SIMULASI,ok,True
2026-09-08T18:00:00+07:00,S21,forward,13.5,30,517,0.99,SURVEI_SIMULASI,ok,True
2026-09-08T19:00:00+07:00,S21,forward,13.5,30,519,0.99,SURVEI_SIMULASI,ok,True
2026-09-09T06:00:00+07:00,S21,forward,17.7,30,297,0.74,SURVEI_SIMULASI,ok,True
2026-09-09T07:00:00+07:00,S21,forward,13.5,30,519,0.99,SURVEI_SIMULASI,ok,True
2026-09-09T08:00:00+07:00,S21,forward,13.5,30,471,0.99,SURVEI_SIMULASI,ok,True
2026-09-09T09:00:00+07:00,S21,forward,13.5,30,534,0.99,SURVEI_SIMULASI,ok,True
2026-09-09T10:00:00+07:00,S21,forward,18.0,30,290,0.72,SURVEI_SIMULASI,ok,True
2026-09-09T11:00:00+07:00,S21,forward,17.0,30,315,0.79,SURVEI_SIMULASI,ok,True
2026-09-09T12:00:00+07:00,S21,forward,18.0,30,290,0.73,SURVEI_SIMULASI,ok,True
2026-09-09T13:00:00+07:00,S21,forward,18.8,30,271,0.68,SURVEI_SIMULASI,ok,True
2026-09-09T14:00:00+07:00,S21,forward,17.7,30,298,0.75,SURVEI_SIMULASI,ok,True
2026-09-09T15:00:00+07:00,S21,forward,18.2,30,287,0.72,SURVEI_SIMULASI,ok,True
2026-09-09T16:00:00+07:00,S21,forward,13.5,30,464,0.99,SURVEI_SIMULASI,ok,True
2026-09-09T17:00:00+07:00,S21,forward,13.5,30,439,0.99,SURVEI_SIMULASI,ok,True
2026-09-09T18:00:00+07:00,S21,forward,13.5,30,509,0.99,SURVEI_SIMULASI,ok,True
2026-09-09T19:00:00+07:00,S21,forward,13.5,30,483,0.99,SURVEI_SIMULASI,ok,True
2026-09-03T06:00:00+07:00,S21,forward,16.0,30,339,0.85,SURVEI_SIMULASI,ok,True
2026-09-03T07:00:00+07:00,S21,forward,13.5,30,472,0.99,SURVEI_SIMULASI,ok,True
2026-09-03T08:00:00+07:00,S21,forward,13.5,30,488,0.99,SURVEI_SIMULASI,ok,True
2026-09-03T09:00:00+07:00,S21,forward,13.5,30,535,0.99,SURVEI_SIMULASI,ok,True
2026-09-03T10:00:00+07:00,S21,forward,15.8,30,345,0.86,SURVEI_SIMULASI,ok,True
2026-09-03T11:00:00+07:00,S21,forward,17.3,30,308,0.77,SURVEI_SIMULASI,ok,True
2026-09-03T12:00:00+07:00,S21,forward,17.5,30,303,0.76,SURVEI_SIMULASI,ok,True
2026-09-03T13:00:00+07:00,S21,forward,18.8,30,272,0.68,SURVEI_SIMULASI,ok,True
2026-09-03T14:00:00+07:00,S21,forward,16.9,30,317,0.79,SURVEI_SIMULASI,ok,True
2026-09-03T15:00:00+07:00,S21,forward,15.7,30,346,0.86,SURVEI_SIMULASI,ok,True
2026-09-03T16:00:00+07:00,S21,forward,13.5,30,454,0.99,SURVEI_SIMULASI,ok,True
2026-09-03T17:00:00+07:00,S21,forward,13.5,30,444,0.99,SURVEI_SIMULASI,ok,True
2026-09-03T18:00:00+07:00,S21,forward,13.5,30,480,0.99,SURVEI_SIMULASI,ok,True
2026-09-03T19:00:00+07:00,S21,forward,13.5,30,510,0.99,SURVEI_SIMULASI,ok,True
2026-09-04T06:00:00+07:00,S21,forward,16.7,30,323,0.81,SURVEI_SIMULASI,ok,True
2026-09-04T07:00:00+07:00,S21,forward,13.5,30,518,0.99,SURVEI_SIMULASI,ok,True
2026-09-04T08:00:00+07:00,S21,forward,13.5,30,487,0.99,SURVEI_SIMULASI,ok,True
2026-09-04T09:00:00+07:00,S21,forward,13.5,30,505,0.99,SURVEI_SIMULASI,ok,True
2026-09-04T10:00:00+07:00,S21,forward,16.2,30,333,0.83,SURVEI_SIMULASI,ok,True
2026-09-04T11:00:00+07:00,S21,forward,17.0,30,314,0.79,SURVEI_SIMULASI,ok,True
2026-09-04T12:00:00+07:00,S21,forward,18.7,30,274,0.68,SURVEI_SIMULASI,ok,True
2026-09-04T13:00:00+07:00,S21,forward,17.7,30,298,0.74,SURVEI_SIMULASI,ok,True
2026-09-04T14:00:00+07:00,S21,forward,16.4,30,329,0.82,SURVEI_SIMULASI,ok,True
2026-09-04T15:00:00+07:00,S21,forward,18.1,30,288,0.72,SURVEI_SIMULASI,ok,True
2026-09-04T16:00:00+07:00,S21,forward,13.5,30,434,0.99,SURVEI_SIMULASI,ok,True
2026-09-04T17:00:00+07:00,S21,forward,13.5,30,499,0.99,SURVEI_SIMULASI,ok,True
2026-09-04T18:00:00+07:00,S21,forward,13.5,30,474,0.99,SURVEI_SIMULASI,ok,True
2026-09-04T19:00:00+07:00,S21,forward,13.5,30,430,0.99,SURVEI_SIMULASI,ok,True
2026-09-05T06:00:00+07:00,S21,forward,17.5,30,304,0.76,SURVEI_SIMULASI,ok,True
2026-09-05T07:00:00+07:00,S21,forward,13.5,30,509,0.99,SURVEI_SIMULASI,ok,True
2026-09-05T08:00:00+07:00,S21,forward,13.5,30,518,0.99,SURVEI_SIMULASI,ok,True
2026-09-05T09:00:00+07:00,S21,forward,13.5,30,460,0.99,SURVEI_SIMULASI,ok,True
2026-09-05T10:00:00+07:00,S21,forward,16.2,30,335,0.84,SURVEI_SIMULASI,ok,True
2026-09-05T11:00:00+07:00,S21,forward,15.9,30,342,0.85,SURVEI_SIMULASI,ok,True
2026-09-05T12:00:00+07:00,S21,forward,17.6,30,301,0.75,SURVEI_SIMULASI,ok,True
2026-09-05T13:00:00+07:00,S21,forward,17.6,30,301,0.75,SURVEI_SIMULASI,ok,True
2026-09-05T14:00:00+07:00,S21,forward,17.1,30,312,0.78,SURVEI_SIMULASI,ok,True
2026-09-05T15:00:00+07:00,S21,forward,17.7,30,299,0.75,SURVEI_SIMULASI,ok,True
2026-09-05T16:00:00+07:00,S21,forward,13.5,30,461,0.99,SURVEI_SIMULASI,ok,True
2026-09-05T17:00:00+07:00,S21,forward,13.5,30,430,0.99,SURVEI_SIMULASI,ok,True
2026-09-05T18:00:00+07:00,S21,forward,13.5,30,477,0.99,SURVEI_SIMULASI,ok,True
2026-09-05T19:00:00+07:00,S21,forward,13.5,30,461,0.99,SURVEI_SIMULASI,ok,True
2026-09-06T06:00:00+07:00,S21,forward,17.1,30,312,0.78,SURVEI_SIMULASI,ok,True
2026-09-06T07:00:00+07:00,S21,forward,13.5,30,453,0.99,SURVEI_SIMULASI,ok,True
2026-09-06T08:00:00+07:00,S21,forward,13.5,30,457,0.99,SURVEI_SIMULASI,ok,True
2026-09-06T09:00:00+07:00,S21,forward,13.5,30,462,0.99,SURVEI_SIMULASI,ok,True
2026-09-06T10:00:00+07:00,S21,forward,18.4,30,281,0.7,SURVEI_SIMULASI,ok,True
2026-09-06T11:00:00+07:00,S21,forward,17.1,30,312,0.78,SURVEI_SIMULASI,ok,True
2026-09-06T12:00:00+07:00,S21,forward,20.4,30,233,0.58,SURVEI_SIMULASI,ok,True
2026-09-06T13:00:00+07:00,S21,forward,20.0,30,242,0.61,SURVEI_SIMULASI,ok,True
2026-09-06T14:00:00+07:00,S21,forward,19.2,30,262,0.65,SURVEI_SIMULASI,ok,True
2026-09-06T15:00:00+07:00,S21,forward,18.4,30,280,0.7,SURVEI_SIMULASI,ok,True
2026-09-06T16:00:00+07:00,S21,forward,13.5,30,427,0.99,SURVEI_SIMULASI,ok,True
2026-09-06T17:00:00+07:00,S21,forward,13.5,30,400,0.99,SURVEI_SIMULASI,ok,True
2026-09-06T18:00:00+07:00,S21,forward,13.5,30,440,0.99,SURVEI_SIMULASI,ok,True
2026-09-06T19:00:00+07:00,S21,forward,13.5,30,443,0.99,SURVEI_SIMULASI,ok,True
2026-09-07T06:00:00+07:00,S21,forward,17.5,30,304,0.76,SURVEI_SIMULASI,ok,True
2026-09-07T07:00:00+07:00,S21,forward,13.5,30,469,0.99,SURVEI_SIMULASI,ok,True
2026-09-07T08:00:00+07:00,S21,forward,13.5,30,502,0.99,SURVEI_SIMULASI,ok,True
2026-09-07T09:00:00+07:00,S21,forward,13.5,30,478,0.99,SURVEI_SIMULASI,ok,True
2026-09-07T10:00:00+07:00,S21,forward,17.5,30,303,0.76,SURVEI_SIMULASI,ok,True
2026-09-07T11:00:00+07:00,S21,forward,17.5,30,304,0.76,SURVEI_SIMULASI,ok,True
2026-09-07T12:00:00+07:00,S21,forward,19.9,30,246,0.61,SURVEI_SIMULASI,ok,True
2026-09-07T13:00:00+07:00,S21,forward,18.5,30,280,0.7,SURVEI_SIMULASI,ok,True
2026-09-07T14:00:00+07:00,S21,forward,18.6,30,277,0.69,SURVEI_SIMULASI,ok,True
2026-09-07T15:00:00+07:00,S21,forward,18.5,30,280,0.7,SURVEI_SIMULASI,ok,True
2026-09-07T16:00:00+07:00,S21,forward,13.5,30,413,0.99,SURVEI_SIMULASI,ok,True
2026-09-07T17:00:00+07:00,S21,forward,13.5,30,437,0.99,SURVEI_SIMULASI,ok,True
2026-09-07T18:00:00+07:00,S21,forward,13.5,30,464,0.99,SURVEI_SIMULASI,ok,True
2026-09-07T19:00:00+07:00,S21,forward,13.5,30,466,0.99,SURVEI_SIMULASI,ok,True
2026-09-01T06:00:00+07:00,S21,reverse,16.8,30,320,0.8,SURVEI_SIMULASI,ok,True
2026-09-01T07:00:00+07:00,S21,reverse,13.5,30,510,0.99,SURVEI_SIMULASI,ok,True
2026-09-01T08:00:00+07:00,S21,reverse,13.5,30,553,0.99,SURVEI_SIMULASI,ok,True
2026-09-01T09:00:00+07:00,S21,reverse,13.5,30,546,0.99,SURVEI_SIMULASI,ok,True
2026-09-01T10:00:00+07:00,S21,reverse,16.4,30,331,0.83,SURVEI_SIMULASI,ok,True
2026-09-01T11:00:00+07:00,S21,reverse,16.9,30,317,0.79,SURVEI_SIMULASI,ok,True
2026-09-01T12:00:00+07:00,S21,reverse,18.0,30,290,0.73,SURVEI_SIMULASI,ok,True
2026-09-01T13:00:00+07:00,S21,reverse,18.4,30,282,0.7,SURVEI_SIMULASI,ok,True
2026-09-01T14:00:00+07:00,S21,reverse,16.3,30,332,0.83,SURVEI_SIMULASI,ok,True
2026-09-01T15:00:00+07:00,S21,reverse,17.0,30,315,0.79,SURVEI_SIMULASI,ok,True
2026-09-01T16:00:00+07:00,S21,reverse,13.5,30,508,0.99,SURVEI_SIMULASI,ok,True
2026-09-01T17:00:00+07:00,S21,reverse,13.5,30,459,0.99,SURVEI_SIMULASI,ok,True
2026-09-01T18:00:00+07:00,S21,reverse,13.5,30,470,0.99,SURVEI_SIMULASI,ok,True
2026-09-01T19:00:00+07:00,S21,reverse,13.5,30,479,0.99,SURVEI_SIMULASI,ok,True
2026-09-02T06:00:00+07:00,S21,reverse,16.7,30,322,0.81,SURVEI_SIMULASI,ok,True
2026-09-02T07:00:00+07:00,S21,reverse,13.5,30,557,0.99,SURVEI_SIMULASI,ok,True
2026-09-02T08:00:00+07:00,S21,reverse,13.5,30,509,0.99,SURVEI_SIMULASI,ok,True
2026-09-02T09:00:00+07:00,S21,reverse,13.5,30,515,0.99,SURVEI_SIMULASI,ok,True
2026-09-02T10:00:00+07:00,S21,reverse,16.2,30,333,0.83,SURVEI_SIMULASI,ok,True
2026-09-02T11:00:00+07:00,S21,reverse,16.2,30,335,0.84,SURVEI_SIMULASI,ok,True
2026-09-02T12:00:00+07:00,S21,reverse,18.2,30,285,0.71,SURVEI_SIMULASI,ok,True
2026-09-02T13:00:00+07:00,S21,reverse,18.3,30,285,0.71,SURVEI_SIMULASI,ok,True
2026-09-02T14:00:00+07:00,S21,reverse,15.9,30,343,0.86,SURVEI_SIMULASI,ok,True
2026-09-02T15:00:00+07:00,S21,reverse,16.6,30,326,0.81,SURVEI_SIMULASI,ok,True
2026-09-02T16:00:00+07:00,S21,reverse,13.5,30,461,0.99,SURVEI_SIMULASI,ok,True
2026-09-02T17:00:00+07:00,S21,reverse,13.5,30,465,0.99,SURVEI_SIMULASI,ok,True
2026-09-02T18:00:00+07:00,S21,reverse,13.5,30,464,0.99,SURVEI_SIMULASI,ok,True
2026-09-02T19:00:00+07:00,S21,reverse,13.5,30,466,0.99,SURVEI_SIMULASI,ok,True
2026-09-08T06:00:00+07:00,S21,reverse,16.3,30,332,0.83,SURVEI_SIMULASI,ok,True
2026-09-08T07:00:00+07:00,S21,reverse,13.5,30,471,0.99,SURVEI_SIMULASI,ok,True
2026-09-08T08:00:00+07:00,S21,reverse,13.5,30,511,0.99,SURVEI_SIMULASI,ok,True
2026-09-08T09:00:00+07:00,S21,reverse,13.5,30,495,0.99,SURVEI_SIMULASI,ok,True
2026-09-08T10:00:00+07:00,S21,reverse,17.9,30,294,0.74,SURVEI_SIMULASI,ok,True
2026-09-08T11:00:00+07:00,S21,reverse,18.1,30,288,0.72,SURVEI_SIMULASI,ok,True
2026-09-08T12:00:00+07:00,S21,reverse,18.4,30,282,0.7,SURVEI_SIMULASI,ok,True
2026-09-08T13:00:00+07:00,S21,reverse,17.7,30,298,0.75,SURVEI_SIMULASI,ok,True
2026-09-08T14:00:00+07:00,S21,reverse,17.4,30,306,0.77,SURVEI_SIMULASI,ok,True
2026-09-08T15:00:00+07:00,S21,reverse,16.9,30,317,0.79,SURVEI_SIMULASI,ok,True
2026-09-08T16:00:00+07:00,S21,reverse,13.5,30,432,0.99,SURVEI_SIMULASI,ok,True
2026-09-08T17:00:00+07:00,S21,reverse,13.5,30,516,0.99,SURVEI_SIMULASI,ok,True
2026-09-08T18:00:00+07:00,S21,reverse,13.5,30,512,0.99,SURVEI_SIMULASI,ok,True
2026-09-08T19:00:00+07:00,S21,reverse,13.5,30,479,0.99,SURVEI_SIMULASI,ok,True
2026-09-09T06:00:00+07:00,S21,reverse,16.2,30,335,0.84,SURVEI_SIMULASI,ok,True
2026-09-09T07:00:00+07:00,S21,reverse,13.5,30,522,0.99,SURVEI_SIMULASI,ok,True
2026-09-09T08:00:00+07:00,S21,reverse,13.5,30,535,0.99,SURVEI_SIMULASI,ok,True
2026-09-09T09:00:00+07:00,S21,reverse,13.5,30,484,0.99,SURVEI_SIMULASI,ok,True
2026-09-09T10:00:00+07:00,S21,reverse,15.8,30,344,0.86,SURVEI_SIMULASI,ok,True
2026-09-09T11:00:00+07:00,S21,reverse,16.6,30,325,0.81,SURVEI_SIMULASI,ok,True
2026-09-09T12:00:00+07:00,S21,reverse,17.4,30,307,0.77,SURVEI_SIMULASI,ok,True
2026-09-09T13:00:00+07:00,S21,reverse,19.2,30,263,0.66,SURVEI_SIMULASI,ok,True
2026-09-09T14:00:00+07:00,S21,reverse,16.2,30,334,0.83,SURVEI_SIMULASI,ok,True
2026-09-09T15:00:00+07:00,S21,reverse,16.7,30,322,0.8,SURVEI_SIMULASI,ok,True
2026-09-09T16:00:00+07:00,S21,reverse,13.5,30,510,0.99,SURVEI_SIMULASI,ok,True
2026-09-09T17:00:00+07:00,S21,reverse,13.5,30,497,0.99,SURVEI_SIMULASI,ok,True
2026-09-09T18:00:00+07:00,S21,reverse,13.5,30,459,0.99,SURVEI_SIMULASI,ok,True
2026-09-09T19:00:00+07:00,S21,reverse,13.5,30,500,0.99,SURVEI_SIMULASI,ok,True
2026-09-03T06:00:00+07:00,S21,reverse,18.1,30,289,0.72,SURVEI_SIMULASI,ok,True
2026-09-03T07:00:00+07:00,S21,reverse,13.5,30,545,0.99,SURVEI_SIMULASI,ok,True
2026-09-03T08:00:00+07:00,S21,reverse,13.5,30,469,0.99,SURVEI_SIMULASI,ok,True
2026-09-03T09:00:00+07:00,S21,reverse,13.5,30,471,0.99,SURVEI_SIMULASI,ok,True
2026-09-03T10:00:00+07:00,S21,reverse,16.3,30,331,0.83,SURVEI_SIMULASI,ok,True
2026-09-03T11:00:00+07:00,S21,reverse,17.9,30,294,0.73,SURVEI_SIMULASI,ok,True
2026-09-03T12:00:00+07:00,S21,reverse,18.8,30,271,0.68,SURVEI_SIMULASI,ok,True
2026-09-03T13:00:00+07:00,S21,reverse,17.3,30,308,0.77,SURVEI_SIMULASI,ok,True
2026-09-03T14:00:00+07:00,S21,reverse,17.5,30,303,0.76,SURVEI_SIMULASI,ok,True
2026-09-03T15:00:00+07:00,S21,reverse,16.7,30,321,0.8,SURVEI_SIMULASI,ok,True
2026-09-03T16:00:00+07:00,S21,reverse,13.5,30,515,0.99,SURVEI_SIMULASI,ok,True
2026-09-03T17:00:00+07:00,S21,reverse,13.5,30,501,0.99,SURVEI_SIMULASI,ok,True
2026-09-03T18:00:00+07:00,S21,reverse,13.5,30,519,0.99,SURVEI_SIMULASI,ok,True
2026-09-03T19:00:00+07:00,S21,reverse,13.5,30,453,0.99,SURVEI_SIMULASI,ok,True
2026-09-04T06:00:00+07:00,S21,reverse,17.5,30,303,0.76,SURVEI_SIMULASI,ok,True
2026-09-04T07:00:00+07:00,S21,reverse,13.5,30,558,0.99,SURVEI_SIMULASI,ok,True
2026-09-04T08:00:00+07:00,S21,reverse,13.5,30,519,0.99,SURVEI_SIMULASI,ok,True
2026-09-04T09:00:00+07:00,S21,reverse,13.5,30,491,0.99,SURVEI_SIMULASI,ok,True
2026-09-04T10:00:00+07:00,S21,reverse,17.2,30,310,0.78,SURVEI_SIMULASI,ok,True
2026-09-04T11:00:00+07:00,S21,reverse,18.1,30,289,0.72,SURVEI_SIMULASI,ok,True
2026-09-04T12:00:00+07:00,S21,reverse,18.1,30,288,0.72,SURVEI_SIMULASI,ok,True
2026-09-04T13:00:00+07:00,S21,reverse,19.4,30,258,0.64,SURVEI_SIMULASI,ok,True
2026-09-04T14:00:00+07:00,S21,reverse,17.5,30,304,0.76,SURVEI_SIMULASI,ok,True
2026-09-04T15:00:00+07:00,S21,reverse,17.9,30,294,0.74,SURVEI_SIMULASI,ok,True
2026-09-04T16:00:00+07:00,S21,reverse,13.5,30,507,0.99,SURVEI_SIMULASI,ok,True
2026-09-04T17:00:00+07:00,S21,reverse,13.5,30,457,0.99,SURVEI_SIMULASI,ok,True
2026-09-04T18:00:00+07:00,S21,reverse,13.5,30,483,0.99,SURVEI_SIMULASI,ok,True
2026-09-04T19:00:00+07:00,S21,reverse,13.5,30,480,0.99,SURVEI_SIMULASI,ok,True
2026-09-05T06:00:00+07:00,S21,reverse,16.7,30,322,0.81,SURVEI_SIMULASI,ok,True
2026-09-05T07:00:00+07:00,S21,reverse,13.5,30,535,0.99,SURVEI_SIMULASI,ok,True
2026-09-05T08:00:00+07:00,S21,reverse,13.5,30,473,0.99,SURVEI_SIMULASI,ok,True
2026-09-05T09:00:00+07:00,S21,reverse,13.5,30,458,0.99,SURVEI_SIMULASI,ok,True
2026-09-05T10:00:00+07:00,S21,reverse,17.5,30,303,0.76,SURVEI_SIMULASI,ok,True
2026-09-05T11:00:00+07:00,S21,reverse,17.3,30,308,0.77,SURVEI_SIMULASI,ok,True
2026-09-05T12:00:00+07:00,S21,reverse,17.2,30,311,0.78,SURVEI_SIMULASI,ok,True
2026-09-05T13:00:00+07:00,S21,reverse,18.8,30,270,0.68,SURVEI_SIMULASI,ok,True
2026-09-05T14:00:00+07:00,S21,reverse,17.9,30,293,0.73,SURVEI_SIMULASI,ok,True
2026-09-05T15:00:00+07:00,S21,reverse,16.5,30,328,0.82,SURVEI_SIMULASI,ok,True
2026-09-05T16:00:00+07:00,S21,reverse,13.5,30,440,0.99,SURVEI_SIMULASI,ok,True
2026-09-05T17:00:00+07:00,S21,reverse,13.5,30,511,0.99,SURVEI_SIMULASI,ok,True
2026-09-05T18:00:00+07:00,S21,reverse,13.5,30,474,0.99,SURVEI_SIMULASI,ok,True
2026-09-05T19:00:00+07:00,S21,reverse,13.5,30,523,0.99,SURVEI_SIMULASI,ok,True
2026-09-06T06:00:00+07:00,S21,reverse,18.8,30,271,0.68,SURVEI_SIMULASI,ok,True
2026-09-06T07:00:00+07:00,S21,reverse,13.5,30,416,0.99,SURVEI_SIMULASI,ok,True
2026-09-06T08:00:00+07:00,S21,reverse,13.5,30,460,0.99,SURVEI_SIMULASI,ok,True
2026-09-06T09:00:00+07:00,S21,reverse,13.5,30,481,0.99,SURVEI_SIMULASI,ok,True
2026-09-06T10:00:00+07:00,S21,reverse,17.7,30,298,0.74,SURVEI_SIMULASI,ok,True
2026-09-06T11:00:00+07:00,S21,reverse,18.5,30,279,0.7,SURVEI_SIMULASI,ok,True
2026-09-06T12:00:00+07:00,S21,reverse,18.9,30,270,0.67,SURVEI_SIMULASI,ok,True
2026-09-06T13:00:00+07:00,S21,reverse,18.7,30,275,0.69,SURVEI_SIMULASI,ok,True
2026-09-06T14:00:00+07:00,S21,reverse,18.7,30,274,0.69,SURVEI_SIMULASI,ok,True
2026-09-06T15:00:00+07:00,S21,reverse,18.1,30,287,0.72,SURVEI_SIMULASI,ok,True
2026-09-06T16:00:00+07:00,S21,reverse,13.5,30,437,0.99,SURVEI_SIMULASI,ok,True
2026-09-06T17:00:00+07:00,S21,reverse,13.5,30,407,0.99,SURVEI_SIMULASI,ok,True
2026-09-06T18:00:00+07:00,S21,reverse,13.5,30,428,0.99,SURVEI_SIMULASI,ok,True
2026-09-06T19:00:00+07:00,S21,reverse,13.5,30,442,0.99,SURVEI_SIMULASI,ok,True
2026-09-07T06:00:00+07:00,S21,reverse,18.4,30,282,0.7,SURVEI_SIMULASI,ok,True
2026-09-07T07:00:00+07:00,S21,reverse,13.5,30,472,0.99,SURVEI_SIMULASI,ok,True
2026-09-07T08:00:00+07:00,S21,reverse,13.5,30,466,0.99,SURVEI_SIMULASI,ok,True
2026-09-07T09:00:00+07:00,S21,reverse,13.5,30,494,0.99,SURVEI_SIMULASI,ok,True
2026-09-07T10:00:00+07:00,S21,reverse,17.9,30,295,0.74,SURVEI_SIMULASI,ok,True
2026-09-07T11:00:00+07:00,S21,reverse,19.0,30,266,0.67,SURVEI_SIMULASI,ok,True
2026-09-07T12:00:00+07:00,S21,reverse,18.7,30,274,0.68,SURVEI_SIMULASI,ok,True
2026-09-07T13:00:00+07:00,S21,reverse,18.8,30,271,0.68,SURVEI_SIMULASI,ok,True
2026-09-07T14:00:00+07:00,S21,reverse,18.5,30,278,0.7,SURVEI_SIMULASI,ok,True
2026-09-07T15:00:00+07:00,S21,reverse,19.2,30,262,0.66,SURVEI_SIMULASI,ok,True
2026-09-07T16:00:00+07:00,S21,reverse,13.5,30,411,0.99,SURVEI_SIMULASI,ok,True
2026-09-07T17:00:00+07:00,S21,reverse,13.5,30,470,0.99,SURVEI_SIMULASI,ok,True
2026-09-07T18:00:00+07:00,S21,reverse,13.5,30,423,0.99,SURVEI_SIMULASI,ok,True
2026-09-07T19:00:00+07:00,S21,reverse,13.9,30,389,0.97,SURVEI_SIMULASI,ok,True
2026-09-01T06:00:00+07:00,S22,forward,35.2,45,316,0.39,SURVEI_SIMULASI,ok,True
2026-09-01T07:00:00+07:00,S22,forward,30.2,45,477,0.6,SURVEI_SIMULASI,ok,True
2026-09-01T08:00:00+07:00,S22,forward,30.3,45,476,0.6,SURVEI_SIMULASI,ok,True
2026-09-01T09:00:00+07:00,S22,forward,30.0,45,485,0.61,SURVEI_SIMULASI,ok,True
2026-09-01T10:00:00+07:00,S22,forward,35.5,45,307,0.38,SURVEI_SIMULASI,ok,True
2026-09-01T11:00:00+07:00,S22,forward,33.9,45,358,0.45,SURVEI_SIMULASI,ok,True
2026-09-01T12:00:00+07:00,S22,forward,35.8,45,299,0.37,SURVEI_SIMULASI,ok,True
2026-09-01T13:00:00+07:00,S22,forward,36.4,45,279,0.35,SURVEI_SIMULASI,ok,True
2026-09-01T14:00:00+07:00,S22,forward,34.8,45,331,0.41,SURVEI_SIMULASI,ok,True
2026-09-01T15:00:00+07:00,S22,forward,35.0,45,323,0.4,SURVEI_SIMULASI,ok,True
2026-09-01T16:00:00+07:00,S22,forward,29.4,45,504,0.63,SURVEI_SIMULASI,ok,True
2026-09-01T17:00:00+07:00,S22,forward,29.1,45,515,0.64,SURVEI_SIMULASI,ok,True
2026-09-01T18:00:00+07:00,S22,forward,30.8,45,458,0.57,SURVEI_SIMULASI,ok,True
2026-09-01T19:00:00+07:00,S22,forward,30.0,45,485,0.61,SURVEI_SIMULASI,ok,True
2026-09-02T06:00:00+07:00,S22,forward,34.4,45,343,0.43,SURVEI_SIMULASI,ok,True
2026-09-02T07:00:00+07:00,S22,forward,28.7,45,526,0.66,SURVEI_SIMULASI,ok,True
2026-09-02T08:00:00+07:00,S22,forward,28.2,45,543,0.68,SURVEI_SIMULASI,ok,True
2026-09-02T09:00:00+07:00,S22,forward,27.9,45,553,0.69,SURVEI_SIMULASI,ok,True
2026-09-02T10:00:00+07:00,S22,forward,35.5,45,308,0.39,SURVEI_SIMULASI,ok,True
2026-09-02T11:00:00+07:00,S22,forward,34.4,45,344,0.43,SURVEI_SIMULASI,ok,True
2026-09-02T12:00:00+07:00,S22,forward,35.3,45,313,0.39,SURVEI_SIMULASI,ok,True
2026-09-02T13:00:00+07:00,S22,forward,35.3,45,314,0.39,SURVEI_SIMULASI,ok,True
2026-09-02T14:00:00+07:00,S22,forward,34.7,45,333,0.42,SURVEI_SIMULASI,ok,True
2026-09-02T15:00:00+07:00,S22,forward,35.1,45,320,0.4,SURVEI_SIMULASI,ok,True
2026-09-02T16:00:00+07:00,S22,forward,30.3,45,476,0.59,SURVEI_SIMULASI,ok,True
2026-09-02T17:00:00+07:00,S22,forward,29.9,45,489,0.61,SURVEI_SIMULASI,ok,True
2026-09-02T18:00:00+07:00,S22,forward,28.7,45,528,0.66,SURVEI_SIMULASI,ok,True
2026-09-02T19:00:00+07:00,S22,forward,29.9,45,488,0.61,SURVEI_SIMULASI,ok,True
2026-09-08T06:00:00+07:00,S22,forward,34.5,45,339,0.42,SURVEI_SIMULASI,ok,True
2026-09-08T07:00:00+07:00,S22,forward,27.4,45,568,0.71,SURVEI_SIMULASI,ok,True
2026-09-08T08:00:00+07:00,S22,forward,27.8,45,557,0.7,SURVEI_SIMULASI,ok,True
2026-09-08T09:00:00+07:00,S22,forward,29.9,45,487,0.61,SURVEI_SIMULASI,ok,True
2026-09-08T10:00:00+07:00,S22,forward,34.9,45,327,0.41,SURVEI_SIMULASI,ok,True
2026-09-08T11:00:00+07:00,S22,forward,34.7,45,333,0.42,SURVEI_SIMULASI,ok,True
2026-09-08T12:00:00+07:00,S22,forward,36.0,45,291,0.36,SURVEI_SIMULASI,ok,True
2026-09-08T13:00:00+07:00,S22,forward,35.0,45,323,0.4,SURVEI_SIMULASI,ok,True
2026-09-08T14:00:00+07:00,S22,forward,35.1,45,321,0.4,SURVEI_SIMULASI,ok,True
2026-09-08T15:00:00+07:00,S22,forward,34.1,45,352,0.44,SURVEI_SIMULASI,ok,True
2026-09-08T16:00:00+07:00,S22,forward,31.2,45,446,0.56,SURVEI_SIMULASI,ok,True
2026-09-08T17:00:00+07:00,S22,forward,28.8,45,525,0.66,SURVEI_SIMULASI,ok,True
2026-09-08T18:00:00+07:00,S22,forward,31.3,45,444,0.56,SURVEI_SIMULASI,ok,True
2026-09-08T19:00:00+07:00,S22,forward,29.3,45,507,0.63,SURVEI_SIMULASI,ok,True
2026-09-09T06:00:00+07:00,S22,forward,34.3,45,345,0.43,SURVEI_SIMULASI,ok,True
2026-09-09T07:00:00+07:00,S22,forward,28.5,45,534,0.67,SURVEI_SIMULASI,ok,True
2026-09-09T08:00:00+07:00,S22,forward,30.2,45,479,0.6,SURVEI_SIMULASI,ok,True
2026-09-09T09:00:00+07:00,S22,forward,28.3,45,539,0.67,SURVEI_SIMULASI,ok,True
2026-09-09T10:00:00+07:00,S22,forward,35.8,45,296,0.37,SURVEI_SIMULASI,ok,True
2026-09-09T11:00:00+07:00,S22,forward,34.6,45,336,0.42,SURVEI_SIMULASI,ok,True
2026-09-09T12:00:00+07:00,S22,forward,36.5,45,274,0.34,SURVEI_SIMULASI,ok,True
2026-09-09T13:00:00+07:00,S22,forward,35.6,45,302,0.38,SURVEI_SIMULASI,ok,True
2026-09-09T14:00:00+07:00,S22,forward,34.2,45,350,0.44,SURVEI_SIMULASI,ok,True
2026-09-09T15:00:00+07:00,S22,forward,34.9,45,328,0.41,SURVEI_SIMULASI,ok,True
2026-09-09T16:00:00+07:00,S22,forward,29.0,45,516,0.64,SURVEI_SIMULASI,ok,True
2026-09-09T17:00:00+07:00,S22,forward,30.6,45,465,0.58,SURVEI_SIMULASI,ok,True
2026-09-09T18:00:00+07:00,S22,forward,28.7,45,528,0.66,SURVEI_SIMULASI,ok,True
2026-09-09T19:00:00+07:00,S22,forward,30.7,45,464,0.58,SURVEI_SIMULASI,ok,True
2026-09-03T06:00:00+07:00,S22,forward,35.2,45,316,0.4,SURVEI_SIMULASI,ok,True
2026-09-03T07:00:00+07:00,S22,forward,28.7,45,528,0.66,SURVEI_SIMULASI,ok,True
2026-09-03T08:00:00+07:00,S22,forward,28.7,45,526,0.66,SURVEI_SIMULASI,ok,True
2026-09-03T09:00:00+07:00,S22,forward,27.6,45,561,0.7,SURVEI_SIMULASI,ok,True
2026-09-03T10:00:00+07:00,S22,forward,34.7,45,335,0.42,SURVEI_SIMULASI,ok,True
2026-09-03T11:00:00+07:00,S22,forward,35.5,45,307,0.38,SURVEI_SIMULASI,ok,True
2026-09-03T12:00:00+07:00,S22,forward,35.6,45,303,0.38,SURVEI_SIMULASI,ok,True
2026-09-03T13:00:00+07:00,S22,forward,35.9,45,294,0.37,SURVEI_SIMULASI,ok,True
2026-09-03T14:00:00+07:00,S22,forward,34.3,45,345,0.43,SURVEI_SIMULASI,ok,True
2026-09-03T15:00:00+07:00,S22,forward,34.6,45,336,0.42,SURVEI_SIMULASI,ok,True
2026-09-03T16:00:00+07:00,S22,forward,31.3,45,441,0.55,SURVEI_SIMULASI,ok,True
2026-09-03T17:00:00+07:00,S22,forward,31.1,45,448,0.56,SURVEI_SIMULASI,ok,True
2026-09-03T18:00:00+07:00,S22,forward,30.7,45,463,0.58,SURVEI_SIMULASI,ok,True
2026-09-03T19:00:00+07:00,S22,forward,29.8,45,490,0.61,SURVEI_SIMULASI,ok,True
2026-09-04T06:00:00+07:00,S22,forward,35.1,45,319,0.4,SURVEI_SIMULASI,ok,True
2026-09-04T07:00:00+07:00,S22,forward,27.9,45,552,0.69,SURVEI_SIMULASI,ok,True
2026-09-04T08:00:00+07:00,S22,forward,29.4,45,504,0.63,SURVEI_SIMULASI,ok,True
2026-09-04T09:00:00+07:00,S22,forward,29.8,45,490,0.61,SURVEI_SIMULASI,ok,True
2026-09-04T10:00:00+07:00,S22,forward,34.4,45,344,0.43,SURVEI_SIMULASI,ok,True
2026-09-04T11:00:00+07:00,S22,forward,34.4,45,342,0.43,SURVEI_SIMULASI,ok,True
2026-09-04T12:00:00+07:00,S22,forward,35.3,45,312,0.39,SURVEI_SIMULASI,ok,True
2026-09-04T13:00:00+07:00,S22,forward,35.8,45,297,0.37,SURVEI_SIMULASI,ok,True
2026-09-04T14:00:00+07:00,S22,forward,35.0,45,322,0.4,SURVEI_SIMULASI,ok,True
2026-09-04T15:00:00+07:00,S22,forward,35.4,45,309,0.39,SURVEI_SIMULASI,ok,True
2026-09-04T16:00:00+07:00,S22,forward,29.2,45,509,0.64,SURVEI_SIMULASI,ok,True
2026-09-04T17:00:00+07:00,S22,forward,28.6,45,529,0.66,SURVEI_SIMULASI,ok,True
2026-09-04T18:00:00+07:00,S22,forward,29.6,45,498,0.62,SURVEI_SIMULASI,ok,True
2026-09-04T19:00:00+07:00,S22,forward,30.9,45,455,0.57,SURVEI_SIMULASI,ok,True
2026-09-05T06:00:00+07:00,S22,forward,35.6,45,304,0.38,SURVEI_SIMULASI,ok,True
2026-09-05T07:00:00+07:00,S22,forward,28.5,45,534,0.67,SURVEI_SIMULASI,ok,True
2026-09-05T08:00:00+07:00,S22,forward,28.1,45,548,0.68,SURVEI_SIMULASI,ok,True
2026-09-05T09:00:00+07:00,S22,forward,29.6,45,499,0.62,SURVEI_SIMULASI,ok,True
2026-09-05T10:00:00+07:00,S22,forward,35.5,45,308,0.39,SURVEI_SIMULASI,ok,True
2026-09-05T11:00:00+07:00,S22,forward,34.8,45,331,0.41,SURVEI_SIMULASI,ok,True
2026-09-05T12:00:00+07:00,S22,forward,35.9,45,294,0.37,SURVEI_SIMULASI,ok,True
2026-09-05T13:00:00+07:00,S22,forward,36.3,45,283,0.35,SURVEI_SIMULASI,ok,True
2026-09-05T14:00:00+07:00,S22,forward,34.5,45,339,0.42,SURVEI_SIMULASI,ok,True
2026-09-05T15:00:00+07:00,S22,forward,34.6,45,335,0.42,SURVEI_SIMULASI,ok,True
2026-09-05T16:00:00+07:00,S22,forward,30.6,45,465,0.58,SURVEI_SIMULASI,ok,True
2026-09-05T17:00:00+07:00,S22,forward,30.4,45,472,0.59,SURVEI_SIMULASI,ok,True
2026-09-05T18:00:00+07:00,S22,forward,29.0,45,516,0.64,SURVEI_SIMULASI,ok,True
2026-09-05T19:00:00+07:00,S22,forward,31.3,45,443,0.55,SURVEI_SIMULASI,ok,True
2026-09-06T06:00:00+07:00,S22,forward,36.6,45,272,0.34,SURVEI_SIMULASI,ok,True
2026-09-06T07:00:00+07:00,S22,forward,29.3,45,507,0.63,SURVEI_SIMULASI,ok,True
2026-09-06T08:00:00+07:00,S22,forward,30.0,45,484,0.61,SURVEI_SIMULASI,ok,True
2026-09-06T09:00:00+07:00,S22,forward,29.6,45,499,0.62,SURVEI_SIMULASI,ok,True
2026-09-06T10:00:00+07:00,S22,forward,36.4,45,279,0.35,SURVEI_SIMULASI,ok,True
2026-09-06T11:00:00+07:00,S22,forward,36.1,45,289,0.36,SURVEI_SIMULASI,ok,True
2026-09-06T12:00:00+07:00,S22,forward,37.5,45,241,0.3,SURVEI_SIMULASI,ok,True
2026-09-06T13:00:00+07:00,S22,forward,37.3,45,249,0.31,SURVEI_SIMULASI,ok,True
2026-09-06T14:00:00+07:00,S22,forward,36.7,45,270,0.34,SURVEI_SIMULASI,ok,True
2026-09-06T15:00:00+07:00,S22,forward,35.3,45,312,0.39,SURVEI_SIMULASI,ok,True
2026-09-06T16:00:00+07:00,S22,forward,32.1,45,416,0.52,SURVEI_SIMULASI,ok,True
2026-09-06T17:00:00+07:00,S22,forward,31.1,45,448,0.56,SURVEI_SIMULASI,ok,True
2026-09-06T18:00:00+07:00,S22,forward,32.6,45,400,0.5,SURVEI_SIMULASI,ok,True
2026-09-06T19:00:00+07:00,S22,forward,30.7,45,463,0.58,SURVEI_SIMULASI,ok,True
2026-09-07T06:00:00+07:00,S22,forward,35.7,45,299,0.37,SURVEI_SIMULASI,ok,True
2026-09-07T07:00:00+07:00,S22,forward,29.1,45,514,0.64,SURVEI_SIMULASI,ok,True
2026-09-07T08:00:00+07:00,S22,forward,30.2,45,479,0.6,SURVEI_SIMULASI,ok,True
2026-09-07T09:00:00+07:00,S22,forward,29.1,45,514,0.64,SURVEI_SIMULASI,ok,True
2026-09-07T10:00:00+07:00,S22,forward,36.1,45,288,0.36,SURVEI_SIMULASI,ok,True
2026-09-07T11:00:00+07:00,S22,forward,35.5,45,307,0.38,SURVEI_SIMULASI,ok,True
2026-09-07T12:00:00+07:00,S22,forward,36.7,45,268,0.33,SURVEI_SIMULASI,ok,True
2026-09-07T13:00:00+07:00,S22,forward,37.5,45,241,0.3,SURVEI_SIMULASI,ok,True
2026-09-07T14:00:00+07:00,S22,forward,36.6,45,272,0.34,SURVEI_SIMULASI,ok,True
2026-09-07T15:00:00+07:00,S22,forward,36.6,45,271,0.34,SURVEI_SIMULASI,ok,True
2026-09-07T16:00:00+07:00,S22,forward,30.1,45,482,0.6,SURVEI_SIMULASI,ok,True
2026-09-07T17:00:00+07:00,S22,forward,30.1,45,483,0.6,SURVEI_SIMULASI,ok,True
2026-09-07T18:00:00+07:00,S22,forward,32.1,45,417,0.52,SURVEI_SIMULASI,ok,True
2026-09-07T19:00:00+07:00,S22,forward,30.5,45,469,0.59,SURVEI_SIMULASI,ok,True
2026-09-01T06:00:00+07:00,S22,reverse,35.0,45,322,0.4,SURVEI_SIMULASI,ok,True
2026-09-01T07:00:00+07:00,S22,reverse,30.4,45,473,0.59,SURVEI_SIMULASI,ok,True
2026-09-01T08:00:00+07:00,S22,reverse,29.3,45,507,0.63,SURVEI_SIMULASI,ok,True
2026-09-01T09:00:00+07:00,S22,reverse,28.1,45,546,0.68,SURVEI_SIMULASI,ok,True
2026-09-01T10:00:00+07:00,S22,reverse,34.2,45,350,0.44,SURVEI_SIMULASI,ok,True
2026-09-01T11:00:00+07:00,S22,reverse,35.0,45,323,0.4,SURVEI_SIMULASI,ok,True
2026-09-01T12:00:00+07:00,S22,reverse,35.4,45,312,0.39,SURVEI_SIMULASI,ok,True
2026-09-01T13:00:00+07:00,S22,reverse,36.1,45,287,0.36,SURVEI_SIMULASI,ok,True
2026-09-01T14:00:00+07:00,S22,reverse,35.7,45,302,0.38,SURVEI_SIMULASI,ok,True
2026-09-01T15:00:00+07:00,S22,reverse,35.8,45,298,0.37,SURVEI_SIMULASI,ok,True
2026-09-01T16:00:00+07:00,S22,reverse,29.2,45,510,0.64,SURVEI_SIMULASI,ok,True
2026-09-01T17:00:00+07:00,S22,reverse,28.7,45,526,0.66,SURVEI_SIMULASI,ok,True
2026-09-01T18:00:00+07:00,S22,reverse,29.7,45,494,0.62,SURVEI_SIMULASI,ok,True
2026-09-01T19:00:00+07:00,S22,reverse,29.9,45,488,0.61,SURVEI_SIMULASI,ok,True
2026-09-02T06:00:00+07:00,S22,reverse,34.2,45,349,0.44,SURVEI_SIMULASI,ok,True
2026-09-02T07:00:00+07:00,S22,reverse,29.9,45,488,0.61,SURVEI_SIMULASI,ok,True
2026-09-02T08:00:00+07:00,S22,reverse,29.3,45,507,0.63,SURVEI_SIMULASI,ok,True
2026-09-02T09:00:00+07:00,S22,reverse,29.8,45,490,0.61,SURVEI_SIMULASI,ok,True
2026-09-02T10:00:00+07:00,S22,reverse,34.6,45,335,0.42,SURVEI_SIMULASI,ok,True
2026-09-02T11:00:00+07:00,S22,reverse,35.5,45,307,0.38,SURVEI_SIMULASI,ok,True
2026-09-02T12:00:00+07:00,S22,reverse,35.9,45,296,0.37,SURVEI_SIMULASI,ok,True
2026-09-02T13:00:00+07:00,S22,reverse,35.5,45,309,0.39,SURVEI_SIMULASI,ok,True
2026-09-02T14:00:00+07:00,S22,reverse,34.9,45,328,0.41,SURVEI_SIMULASI,ok,True
2026-09-02T15:00:00+07:00,S22,reverse,34.9,45,327,0.41,SURVEI_SIMULASI,ok,True
2026-09-02T16:00:00+07:00,S22,reverse,28.7,45,527,0.66,SURVEI_SIMULASI,ok,True
2026-09-02T17:00:00+07:00,S22,reverse,30.7,45,463,0.58,SURVEI_SIMULASI,ok,True
2026-09-02T18:00:00+07:00,S22,reverse,30.1,45,482,0.6,SURVEI_SIMULASI,ok,True
2026-09-02T19:00:00+07:00,S22,reverse,30.5,45,468,0.58,SURVEI_SIMULASI,ok,True
2026-09-08T06:00:00+07:00,S22,reverse,34.0,45,354,0.44,SURVEI_SIMULASI,ok,True
2026-09-08T07:00:00+07:00,S22,reverse,30.4,45,473,0.59,SURVEI_SIMULASI,ok,True
2026-09-08T08:00:00+07:00,S22,reverse,27.6,45,562,0.7,SURVEI_SIMULASI,ok,True
2026-09-08T09:00:00+07:00,S22,reverse,29.9,45,489,0.61,SURVEI_SIMULASI,ok,True
2026-09-08T10:00:00+07:00,S22,reverse,35.9,45,293,0.37,SURVEI_SIMULASI,ok,True
2026-09-08T11:00:00+07:00,S22,reverse,34.7,45,334,0.42,SURVEI_SIMULASI,ok,True
2026-09-08T12:00:00+07:00,S22,reverse,36.4,45,279,0.35,SURVEI_SIMULASI,ok,True
2026-09-08T13:00:00+07:00,S22,reverse,35.6,45,305,0.38,SURVEI_SIMULASI,ok,True
2026-09-08T14:00:00+07:00,S22,reverse,34.2,45,349,0.44,SURVEI_SIMULASI,ok,True
2026-09-08T15:00:00+07:00,S22,reverse,34.4,45,342,0.43,SURVEI_SIMULASI,ok,True
2026-09-08T16:00:00+07:00,S22,reverse,30.3,45,475,0.59,SURVEI_SIMULASI,ok,True
2026-09-08T17:00:00+07:00,S22,reverse,29.8,45,493,0.62,SURVEI_SIMULASI,ok,True
2026-09-08T18:00:00+07:00,S22,reverse,30.5,45,469,0.59,SURVEI_SIMULASI,ok,True
2026-09-08T19:00:00+07:00,S22,reverse,30.4,45,471,0.59,SURVEI_SIMULASI,ok,True
2026-09-09T06:00:00+07:00,S22,reverse,34.9,45,328,0.41,SURVEI_SIMULASI,ok,True
2026-09-09T07:00:00+07:00,S22,reverse,29.7,45,493,0.62,SURVEI_SIMULASI,ok,True
2026-09-09T08:00:00+07:00,S22,reverse,28.8,45,525,0.66,SURVEI_SIMULASI,ok,True
2026-09-09T09:00:00+07:00,S22,reverse,29.1,45,514,0.64,SURVEI_SIMULASI,ok,True
2026-09-09T10:00:00+07:00,S22,reverse,34.7,45,332,0.41,SURVEI_SIMULASI,ok,True
2026-09-09T11:00:00+07:00,S22,reverse,34.2,45,348,0.43,SURVEI_SIMULASI,ok,True
2026-09-09T12:00:00+07:00,S22,reverse,36.1,45,288,0.36,SURVEI_SIMULASI,ok,True
2026-09-09T13:00:00+07:00,S22,reverse,36.1,45,288,0.36,SURVEI_SIMULASI,ok,True
2026-09-09T14:00:00+07:00,S22,reverse,35.0,45,322,0.4,SURVEI_SIMULASI,ok,True
2026-09-09T15:00:00+07:00,S22,reverse,34.9,45,327,0.41,SURVEI_SIMULASI,ok,True
2026-09-09T16:00:00+07:00,S22,reverse,28.8,45,524,0.65,SURVEI_SIMULASI,ok,True
2026-09-09T17:00:00+07:00,S22,reverse,29.5,45,501,0.63,SURVEI_SIMULASI,ok,True
2026-09-09T18:00:00+07:00,S22,reverse,28.4,45,535,0.67,SURVEI_SIMULASI,ok,True
2026-09-09T19:00:00+07:00,S22,reverse,31.3,45,443,0.55,SURVEI_SIMULASI,ok,True
2026-09-03T06:00:00+07:00,S22,reverse,35.7,45,302,0.38,SURVEI_SIMULASI,ok,True
2026-09-03T07:00:00+07:00,S22,reverse,29.4,45,503,0.63,SURVEI_SIMULASI,ok,True
2026-09-03T08:00:00+07:00,S22,reverse,29.2,45,510,0.64,SURVEI_SIMULASI,ok,True
2026-09-03T09:00:00+07:00,S22,reverse,27.6,45,564,0.7,SURVEI_SIMULASI,ok,True
2026-09-03T10:00:00+07:00,S22,reverse,35.2,45,316,0.39,SURVEI_SIMULASI,ok,True
2026-09-03T11:00:00+07:00,S22,reverse,34.4,45,343,0.43,SURVEI_SIMULASI,ok,True
2026-09-03T12:00:00+07:00,S22,reverse,35.4,45,309,0.39,SURVEI_SIMULASI,ok,True
2026-09-03T13:00:00+07:00,S22,reverse,36.5,45,276,0.34,SURVEI_SIMULASI,ok,True
2026-09-03T14:00:00+07:00,S22,reverse,35.7,45,302,0.38,SURVEI_SIMULASI,ok,True
2026-09-03T15:00:00+07:00,S22,reverse,34.4,45,341,0.43,SURVEI_SIMULASI,ok,True
2026-09-03T16:00:00+07:00,S22,reverse,28.5,45,534,0.67,SURVEI_SIMULASI,ok,True
2026-09-03T17:00:00+07:00,S22,reverse,30.3,45,476,0.6,SURVEI_SIMULASI,ok,True
2026-09-03T18:00:00+07:00,S22,reverse,30.5,45,468,0.58,SURVEI_SIMULASI,ok,True
2026-09-03T19:00:00+07:00,S22,reverse,29.6,45,498,0.62,SURVEI_SIMULASI,ok,True
2026-09-04T06:00:00+07:00,S22,reverse,34.8,45,328,0.41,SURVEI_SIMULASI,ok,True
2026-09-04T07:00:00+07:00,S22,reverse,29.9,45,488,0.61,SURVEI_SIMULASI,ok,True
2026-09-04T08:00:00+07:00,S22,reverse,27.3,45,572,0.72,SURVEI_SIMULASI,ok,True
2026-09-04T09:00:00+07:00,S22,reverse,27.5,45,564,0.71,SURVEI_SIMULASI,ok,True
2026-09-04T10:00:00+07:00,S22,reverse,34.4,45,343,0.43,SURVEI_SIMULASI,ok,True
2026-09-04T11:00:00+07:00,S22,reverse,35.6,45,305,0.38,SURVEI_SIMULASI,ok,True
2026-09-04T12:00:00+07:00,S22,reverse,36.0,45,291,0.36,SURVEI_SIMULASI,ok,True
2026-09-04T13:00:00+07:00,S22,reverse,35.2,45,316,0.4,SURVEI_SIMULASI,ok,True
2026-09-04T14:00:00+07:00,S22,reverse,35.7,45,302,0.38,SURVEI_SIMULASI,ok,True
2026-09-04T15:00:00+07:00,S22,reverse,34.9,45,327,0.41,SURVEI_SIMULASI,ok,True
2026-09-04T16:00:00+07:00,S22,reverse,30.5,45,468,0.59,SURVEI_SIMULASI,ok,True
2026-09-04T17:00:00+07:00,S22,reverse,30.2,45,477,0.6,SURVEI_SIMULASI,ok,True
2026-09-04T18:00:00+07:00,S22,reverse,29.8,45,490,0.61,SURVEI_SIMULASI,ok,True
2026-09-04T19:00:00+07:00,S22,reverse,30.8,45,460,0.57,SURVEI_SIMULASI,ok,True
2026-09-05T06:00:00+07:00,S22,reverse,34.7,45,334,0.42,SURVEI_SIMULASI,ok,True
2026-09-05T07:00:00+07:00,S22,reverse,30.4,45,472,0.59,SURVEI_SIMULASI,ok,True
2026-09-05T08:00:00+07:00,S22,reverse,28.7,45,526,0.66,SURVEI_SIMULASI,ok,True
2026-09-05T09:00:00+07:00,S22,reverse,28.5,45,533,0.67,SURVEI_SIMULASI,ok,True
2026-09-05T10:00:00+07:00,S22,reverse,35.3,45,314,0.39,SURVEI_SIMULASI,ok,True
2026-09-05T11:00:00+07:00,S22,reverse,35.4,45,311,0.39,SURVEI_SIMULASI,ok,True
2026-09-05T12:00:00+07:00,S22,reverse,36.6,45,272,0.34,SURVEI_SIMULASI,ok,True
2026-09-05T13:00:00+07:00,S22,reverse,36.0,45,292,0.36,SURVEI_SIMULASI,ok,True
2026-09-05T14:00:00+07:00,S22,reverse,34.2,45,350,0.44,SURVEI_SIMULASI,ok,True
2026-09-05T15:00:00+07:00,S22,reverse,34.8,45,331,0.41,SURVEI_SIMULASI,ok,True
2026-09-05T16:00:00+07:00,S22,reverse,28.5,45,534,0.67,SURVEI_SIMULASI,ok,True
2026-09-05T17:00:00+07:00,S22,reverse,30.6,45,466,0.58,SURVEI_SIMULASI,ok,True
2026-09-05T18:00:00+07:00,S22,reverse,29.8,45,492,0.61,SURVEI_SIMULASI,ok,True
2026-09-05T19:00:00+07:00,S22,reverse,30.1,45,482,0.6,SURVEI_SIMULASI,ok,True
2026-09-06T06:00:00+07:00,S22,reverse,36.8,45,265,0.33,SURVEI_SIMULASI,ok,True
2026-09-06T07:00:00+07:00,S22,reverse,30.3,45,474,0.59,SURVEI_SIMULASI,ok,True
2026-09-06T08:00:00+07:00,S22,reverse,29.8,45,491,0.61,SURVEI_SIMULASI,ok,True
2026-09-06T09:00:00+07:00,S22,reverse,31.2,45,445,0.56,SURVEI_SIMULASI,ok,True
2026-09-06T10:00:00+07:00,S22,reverse,35.5,45,308,0.38,SURVEI_SIMULASI,ok,True
2026-09-06T11:00:00+07:00,S22,reverse,35.7,45,300,0.38,SURVEI_SIMULASI,ok,True
2026-09-06T12:00:00+07:00,S22,reverse,36.8,45,266,0.33,SURVEI_SIMULASI,ok,True
2026-09-06T13:00:00+07:00,S22,reverse,36.2,45,283,0.35,SURVEI_SIMULASI,ok,True
2026-09-06T14:00:00+07:00,S22,reverse,35.8,45,298,0.37,SURVEI_SIMULASI,ok,True
2026-09-06T15:00:00+07:00,S22,reverse,36.0,45,292,0.37,SURVEI_SIMULASI,ok,True
2026-09-06T16:00:00+07:00,S22,reverse,30.4,45,473,0.59,SURVEI_SIMULASI,ok,True
2026-09-06T17:00:00+07:00,S22,reverse,31.9,45,423,0.53,SURVEI_SIMULASI,ok,True
2026-09-06T18:00:00+07:00,S22,reverse,30.8,45,460,0.58,SURVEI_SIMULASI,ok,True
2026-09-06T19:00:00+07:00,S22,reverse,32.5,45,405,0.51,SURVEI_SIMULASI,ok,True
2026-09-07T06:00:00+07:00,S22,reverse,36.6,45,271,0.34,SURVEI_SIMULASI,ok,True
2026-09-07T07:00:00+07:00,S22,reverse,29.8,45,493,0.62,SURVEI_SIMULASI,ok,True
2026-09-07T08:00:00+07:00,S22,reverse,31.4,45,438,0.55,SURVEI_SIMULASI,ok,True
2026-09-07T09:00:00+07:00,S22,reverse,29.1,45,513,0.64,SURVEI_SIMULASI,ok,True
2026-09-07T10:00:00+07:00,S22,reverse,35.2,45,316,0.4,SURVEI_SIMULASI,ok,True
2026-09-07T11:00:00+07:00,S22,reverse,35.1,45,319,0.4,SURVEI_SIMULASI,ok,True
2026-09-07T12:00:00+07:00,S22,reverse,36.2,45,284,0.35,SURVEI_SIMULASI,ok,True
2026-09-07T13:00:00+07:00,S22,reverse,37.4,45,245,0.31,SURVEI_SIMULASI,ok,True
2026-09-07T14:00:00+07:00,S22,reverse,35.8,45,297,0.37,SURVEI_SIMULASI,ok,True
2026-09-07T15:00:00+07:00,S22,reverse,35.6,45,303,0.38,SURVEI_SIMULASI,ok,True
2026-09-07T16:00:00+07:00,S22,reverse,31.3,45,444,0.55,SURVEI_SIMULASI,ok,True
2026-09-07T17:00:00+07:00,S22,reverse,32.0,45,419,0.52,SURVEI_SIMULASI,ok,True
2026-09-07T18:00:00+07:00,S22,reverse,32.0,45,422,0.53,SURVEI_SIMULASI,ok,True
2026-09-07T19:00:00+07:00,S22,reverse,31.9,45,423,0.53,SURVEI_SIMULASI,ok,True
2026-09-01T06:00:00+07:00,S23,forward,35.5,45,308,0.39,SURVEI_SIMULASI,ok,True
2026-09-01T07:00:00+07:00,S23,forward,28.8,45,523,0.65,SURVEI_SIMULASI,ok,True
2026-09-01T08:00:00+07:00,S23,forward,29.0,45,516,0.64,SURVEI_SIMULASI,ok,True
2026-09-01T09:00:00+07:00,S23,forward,29.2,45,512,0.64,SURVEI_SIMULASI,ok,True
2026-09-01T10:00:00+07:00,S23,forward,34.8,45,330,0.41,SURVEI_SIMULASI,ok,True
2026-09-01T11:00:00+07:00,S23,forward,33.8,45,361,0.45,SURVEI_SIMULASI,ok,True
2026-09-01T12:00:00+07:00,S23,forward,35.8,45,296,0.37,SURVEI_SIMULASI,ok,True
2026-09-01T13:00:00+07:00,S23,forward,34.8,45,329,0.41,SURVEI_SIMULASI,ok,True
2026-09-01T14:00:00+07:00,S23,forward,35.6,45,304,0.38,SURVEI_SIMULASI,ok,True
2026-09-01T15:00:00+07:00,S23,forward,33.9,45,360,0.45,SURVEI_SIMULASI,ok,True
2026-09-01T16:00:00+07:00,S23,forward,28.7,45,526,0.66,SURVEI_SIMULASI,ok,True
2026-09-01T17:00:00+07:00,S23,forward,30.6,45,465,0.58,SURVEI_SIMULASI,ok,True
2026-09-01T18:00:00+07:00,S23,forward,29.2,45,510,0.64,SURVEI_SIMULASI,ok,True
2026-09-01T19:00:00+07:00,S23,forward,29.9,45,487,0.61,SURVEI_SIMULASI,ok,True
2026-09-02T06:00:00+07:00,S23,forward,35.1,45,319,0.4,SURVEI_SIMULASI,ok,True
2026-09-02T07:00:00+07:00,S23,forward,29.7,45,495,0.62,SURVEI_SIMULASI,ok,True
2026-09-02T08:00:00+07:00,S23,forward,29.9,45,487,0.61,SURVEI_SIMULASI,ok,True
2026-09-02T09:00:00+07:00,S23,forward,28.0,45,548,0.69,SURVEI_SIMULASI,ok,True
2026-09-02T10:00:00+07:00,S23,forward,35.0,45,323,0.4,SURVEI_SIMULASI,ok,True
2026-09-02T11:00:00+07:00,S23,forward,35.6,45,304,0.38,SURVEI_SIMULASI,ok,True
2026-09-02T12:00:00+07:00,S23,forward,36.2,45,284,0.36,SURVEI_SIMULASI,ok,True
2026-09-02T13:00:00+07:00,S23,forward,34.9,45,325,0.41,SURVEI_SIMULASI,ok,True
2026-09-02T14:00:00+07:00,S23,forward,34.7,45,333,0.42,SURVEI_SIMULASI,ok,True
2026-09-02T15:00:00+07:00,S23,forward,34.4,45,343,0.43,SURVEI_SIMULASI,ok,True
2026-09-02T16:00:00+07:00,S23,forward,30.6,45,465,0.58,SURVEI_SIMULASI,ok,True
2026-09-02T17:00:00+07:00,S23,forward,29.9,45,487,0.61,SURVEI_SIMULASI,ok,True
2026-09-02T18:00:00+07:00,S23,forward,28.8,45,524,0.66,SURVEI_SIMULASI,ok,True
2026-09-02T19:00:00+07:00,S23,forward,28.7,45,526,0.66,SURVEI_SIMULASI,ok,True
2026-09-08T06:00:00+07:00,S23,forward,34.9,45,326,0.41,SURVEI_SIMULASI,ok,True
2026-09-08T07:00:00+07:00,S23,forward,28.7,45,528,0.66,SURVEI_SIMULASI,ok,True
2026-09-08T08:00:00+07:00,S23,forward,28.9,45,522,0.65,SURVEI_SIMULASI,ok,True
2026-09-08T09:00:00+07:00,S23,forward,28.5,45,532,0.66,SURVEI_SIMULASI,ok,True
2026-09-08T10:00:00+07:00,S23,forward,34.8,45,328,0.41,SURVEI_SIMULASI,ok,True
2026-09-08T11:00:00+07:00,S23,forward,35.3,45,312,0.39,SURVEI_SIMULASI,ok,True
2026-09-08T12:00:00+07:00,S23,forward,35.5,45,306,0.38,SURVEI_SIMULASI,ok,True
2026-09-08T13:00:00+07:00,S23,forward,36.0,45,291,0.36,SURVEI_SIMULASI,ok,True
2026-09-08T14:00:00+07:00,S23,forward,34.2,45,349,0.44,SURVEI_SIMULASI,ok,True
2026-09-08T15:00:00+07:00,S23,forward,35.4,45,309,0.39,SURVEI_SIMULASI,ok,True
2026-09-08T16:00:00+07:00,S23,forward,29.2,45,511,0.64,SURVEI_SIMULASI,ok,True
2026-09-08T17:00:00+07:00,S23,forward,29.6,45,499,0.62,SURVEI_SIMULASI,ok,True
2026-09-08T18:00:00+07:00,S23,forward,30.2,45,478,0.6,SURVEI_SIMULASI,ok,True
2026-09-08T19:00:00+07:00,S23,forward,29.9,45,489,0.61,SURVEI_SIMULASI,ok,True
2026-09-09T06:00:00+07:00,S23,forward,34.9,45,325,0.41,SURVEI_SIMULASI,ok,True
2026-09-09T07:00:00+07:00,S23,forward,28.5,45,535,0.67,SURVEI_SIMULASI,ok,True
2026-09-09T08:00:00+07:00,S23,forward,28.0,45,548,0.69,SURVEI_SIMULASI,ok,True
2026-09-09T09:00:00+07:00,S23,forward,27.2,45,574,0.72,SURVEI_SIMULASI,ok,True
2026-09-09T10:00:00+07:00,S23,forward,33.9,45,358,0.45,SURVEI_SIMULASI,ok,True
2026-09-09T11:00:00+07:00,S23,forward,33.6,45,367,0.46,SURVEI_SIMULASI,ok,True
2026-09-09T12:00:00+07:00,S23,forward,34.9,45,326,0.41,SURVEI_SIMULASI,ok,True
2026-09-09T13:00:00+07:00,S23,forward,34.9,45,326,0.41,SURVEI_SIMULASI,ok,True
2026-09-09T14:00:00+07:00,S23,forward,34.9,45,328,0.41,SURVEI_SIMULASI,ok,True
2026-09-09T15:00:00+07:00,S23,forward,34.8,45,329,0.41,SURVEI_SIMULASI,ok,True
2026-09-09T16:00:00+07:00,S23,forward,29.9,45,487,0.61,SURVEI_SIMULASI,ok,True
2026-09-09T17:00:00+07:00,S23,forward,28.5,45,535,0.67,SURVEI_SIMULASI,ok,True
2026-09-09T18:00:00+07:00,S23,forward,29.2,45,510,0.64,SURVEI_SIMULASI,ok,True
2026-09-09T19:00:00+07:00,S23,forward,29.8,45,492,0.61,SURVEI_SIMULASI,ok,True
2026-09-03T06:00:00+07:00,S23,forward,35.5,45,306,0.38,SURVEI_SIMULASI,ok,True
2026-09-03T07:00:00+07:00,S23,forward,27.0,45,582,0.73,SURVEI_SIMULASI,ok,True
2026-09-03T08:00:00+07:00,S23,forward,29.0,45,517,0.65,SURVEI_SIMULASI,ok,True
2026-09-03T09:00:00+07:00,S23,forward,26.8,45,587,0.73,SURVEI_SIMULASI,ok,True
2026-09-03T10:00:00+07:00,S23,forward,35.7,45,302,0.38,SURVEI_SIMULASI,ok,True
2026-09-03T11:00:00+07:00,S23,forward,35.5,45,307,0.38,SURVEI_SIMULASI,ok,True
2026-09-03T12:00:00+07:00,S23,forward,35.7,45,301,0.38,SURVEI_SIMULASI,ok,True
2026-09-03T13:00:00+07:00,S23,forward,36.4,45,279,0.35,SURVEI_SIMULASI,ok,True
2026-09-03T14:00:00+07:00,S23,forward,35.5,45,307,0.38,SURVEI_SIMULASI,ok,True
2026-09-03T15:00:00+07:00,S23,forward,34.6,45,336,0.42,SURVEI_SIMULASI,ok,True
2026-09-03T16:00:00+07:00,S23,forward,28.4,45,535,0.67,SURVEI_SIMULASI,ok,True
2026-09-03T17:00:00+07:00,S23,forward,31.0,45,454,0.57,SURVEI_SIMULASI,ok,True
2026-09-03T18:00:00+07:00,S23,forward,28.6,45,531,0.66,SURVEI_SIMULASI,ok,True
2026-09-03T19:00:00+07:00,S23,forward,30.1,45,483,0.6,SURVEI_SIMULASI,ok,True
2026-09-04T06:00:00+07:00,S23,forward,34.1,45,352,0.44,SURVEI_SIMULASI,ok,True
2026-09-04T07:00:00+07:00,S23,forward,29.9,45,489,0.61,SURVEI_SIMULASI,ok,True
2026-09-04T08:00:00+07:00,S23,forward,26.9,45,586,0.73,SURVEI_SIMULASI,ok,True
2026-09-04T09:00:00+07:00,S23,forward,29.1,45,514,0.64,SURVEI_SIMULASI,ok,True
2026-09-04T10:00:00+07:00,S23,forward,34.9,45,328,0.41,SURVEI_SIMULASI,ok,True
2026-09-04T11:00:00+07:00,S23,forward,35.6,45,305,0.38,SURVEI_SIMULASI,ok,True
2026-09-04T12:00:00+07:00,S23,forward,35.7,45,300,0.38,SURVEI_SIMULASI,ok,True
2026-09-04T13:00:00+07:00,S23,forward,36.4,45,279,0.35,SURVEI_SIMULASI,ok,True
2026-09-04T14:00:00+07:00,S23,forward,33.7,45,365,0.46,SURVEI_SIMULASI,ok,True
2026-09-04T15:00:00+07:00,S23,forward,33.7,45,364,0.45,SURVEI_SIMULASI,ok,True
2026-09-04T16:00:00+07:00,S23,forward,28.5,45,532,0.67,SURVEI_SIMULASI,ok,True
2026-09-04T17:00:00+07:00,S23,forward,28.0,45,548,0.69,SURVEI_SIMULASI,ok,True
2026-09-04T18:00:00+07:00,S23,forward,28.8,45,522,0.65,SURVEI_SIMULASI,ok,True
2026-09-04T19:00:00+07:00,S23,forward,31.0,45,454,0.57,SURVEI_SIMULASI,ok,True
2026-09-05T06:00:00+07:00,S23,forward,34.2,45,347,0.43,SURVEI_SIMULASI,ok,True
2026-09-05T07:00:00+07:00,S23,forward,28.5,45,532,0.67,SURVEI_SIMULASI,ok,True
2026-09-05T08:00:00+07:00,S23,forward,29.8,45,490,0.61,SURVEI_SIMULASI,ok,True
2026-09-05T09:00:00+07:00,S23,forward,28.8,45,523,0.65,SURVEI_SIMULASI,ok,True
2026-09-05T10:00:00+07:00,S23,forward,35.1,45,318,0.4,SURVEI_SIMULASI,ok,True
2026-09-05T11:00:00+07:00,S23,forward,33.7,45,366,0.46,SURVEI_SIMULASI,ok,True
2026-09-05T12:00:00+07:00,S23,forward,35.5,45,307,0.38,SURVEI_SIMULASI,ok,True
2026-09-05T13:00:00+07:00,S23,forward,36.0,45,291,0.36,SURVEI_SIMULASI,ok,True
2026-09-05T14:00:00+07:00,S23,forward,34.5,45,339,0.42,SURVEI_SIMULASI,ok,True
2026-09-05T15:00:00+07:00,S23,forward,34.5,45,340,0.42,SURVEI_SIMULASI,ok,True
2026-09-05T16:00:00+07:00,S23,forward,28.3,45,540,0.68,SURVEI_SIMULASI,ok,True
2026-09-05T17:00:00+07:00,S23,forward,30.8,45,458,0.57,SURVEI_SIMULASI,ok,True
2026-09-05T18:00:00+07:00,S23,forward,28.4,45,537,0.67,SURVEI_SIMULASI,ok,True
2026-09-05T19:00:00+07:00,S23,forward,31.0,45,454,0.57,SURVEI_SIMULASI,ok,True
2026-09-06T06:00:00+07:00,S23,forward,35.7,45,300,0.38,SURVEI_SIMULASI,ok,True
2026-09-06T07:00:00+07:00,S23,forward,29.2,45,512,0.64,SURVEI_SIMULASI,ok,True
2026-09-06T08:00:00+07:00,S23,forward,28.8,45,523,0.65,SURVEI_SIMULASI,ok,True
2026-09-06T09:00:00+07:00,S23,forward,28.7,45,526,0.66,SURVEI_SIMULASI,ok,True
2026-09-06T10:00:00+07:00,S23,forward,36.4,45,277,0.35,SURVEI_SIMULASI,ok,True
2026-09-06T11:00:00+07:00,S23,forward,35.1,45,320,0.4,SURVEI_SIMULASI,ok,True
2026-09-06T12:00:00+07:00,S23,forward,36.5,45,275,0.34,SURVEI_SIMULASI,ok,True
2026-09-06T13:00:00+07:00,S23,forward,36.3,45,280,0.35,SURVEI_SIMULASI,ok,True
2026-09-06T14:00:00+07:00,S23,forward,36.6,45,272,0.34,SURVEI_SIMULASI,ok,True
2026-09-06T15:00:00+07:00,S23,forward,36.3,45,281,0.35,SURVEI_SIMULASI,ok,True
2026-09-06T16:00:00+07:00,S23,forward,31.8,45,425,0.53,SURVEI_SIMULASI,ok,True
2026-09-06T17:00:00+07:00,S23,forward,29.7,45,496,0.62,SURVEI_SIMULASI,ok,True
2026-09-06T18:00:00+07:00,S23,forward,31.3,45,444,0.56,SURVEI_SIMULASI,ok,True
2026-09-06T19:00:00+07:00,S23,forward,31.5,45,435,0.54,SURVEI_SIMULASI,ok,True
2026-09-07T06:00:00+07:00,S23,forward,35.8,45,298,0.37,SURVEI_SIMULASI,ok,True
2026-09-07T07:00:00+07:00,S23,forward,31.6,45,435,0.54,SURVEI_SIMULASI,ok,True
2026-09-07T08:00:00+07:00,S23,forward,31.0,45,452,0.56,SURVEI_SIMULASI,ok,True
2026-09-07T09:00:00+07:00,S23,forward,28.7,45,526,0.66,SURVEI_SIMULASI,ok,True
2026-09-07T10:00:00+07:00,S23,forward,36.0,45,291,0.36,SURVEI_SIMULASI,ok,True
2026-09-07T11:00:00+07:00,S23,forward,34.9,45,325,0.41,SURVEI_SIMULASI,ok,True
2026-09-07T12:00:00+07:00,S23,forward,36.6,45,272,0.34,SURVEI_SIMULASI,ok,True
2026-09-07T13:00:00+07:00,S23,forward,37.4,45,246,0.31,SURVEI_SIMULASI,ok,True
2026-09-07T14:00:00+07:00,S23,forward,36.3,45,283,0.35,SURVEI_SIMULASI,ok,True
2026-09-07T15:00:00+07:00,S23,forward,34.9,45,327,0.41,SURVEI_SIMULASI,ok,True
2026-09-07T16:00:00+07:00,S23,forward,31.4,45,439,0.55,SURVEI_SIMULASI,ok,True
2026-09-07T17:00:00+07:00,S23,forward,30.4,45,473,0.59,SURVEI_SIMULASI,ok,True
2026-09-07T18:00:00+07:00,S23,forward,29.9,45,487,0.61,SURVEI_SIMULASI,ok,True
2026-09-07T19:00:00+07:00,S23,forward,32.3,45,410,0.51,SURVEI_SIMULASI,ok,True
2026-09-01T06:00:00+07:00,S23,reverse,33.6,45,367,0.46,SURVEI_SIMULASI,ok,True
2026-09-01T07:00:00+07:00,S23,reverse,29.8,45,492,0.61,SURVEI_SIMULASI,ok,True
2026-09-01T08:00:00+07:00,S23,reverse,27.8,45,556,0.69,SURVEI_SIMULASI,ok,True
2026-09-01T09:00:00+07:00,S23,reverse,28.0,45,550,0.69,SURVEI_SIMULASI,ok,True
2026-09-01T10:00:00+07:00,S23,reverse,34.6,45,337,0.42,SURVEI_SIMULASI,ok,True
2026-09-01T11:00:00+07:00,S23,reverse,34.0,45,357,0.45,SURVEI_SIMULASI,ok,True
2026-09-01T12:00:00+07:00,S23,reverse,36.6,45,272,0.34,SURVEI_SIMULASI,ok,True
2026-09-01T13:00:00+07:00,S23,reverse,36.0,45,291,0.36,SURVEI_SIMULASI,ok,True
2026-09-01T14:00:00+07:00,S23,reverse,35.5,45,307,0.38,SURVEI_SIMULASI,ok,True
2026-09-01T15:00:00+07:00,S23,reverse,34.9,45,328,0.41,SURVEI_SIMULASI,ok,True
2026-09-01T16:00:00+07:00,S23,reverse,28.9,45,522,0.65,SURVEI_SIMULASI,ok,True
2026-09-01T17:00:00+07:00,S23,reverse,28.7,45,526,0.66,SURVEI_SIMULASI,ok,True
2026-09-01T18:00:00+07:00,S23,reverse,29.9,45,487,0.61,SURVEI_SIMULASI,ok,True
2026-09-01T19:00:00+07:00,S23,reverse,29.3,45,506,0.63,SURVEI_SIMULASI,ok,True
2026-09-02T06:00:00+07:00,S23,reverse,34.5,45,339,0.42,SURVEI_SIMULASI,ok,True
2026-09-02T07:00:00+07:00,S23,reverse,29.2,45,512,0.64,SURVEI_SIMULASI,ok,True
2026-09-02T08:00:00+07:00,S23,reverse,27.7,45,559,0.7,SURVEI_SIMULASI,ok,True
2026-09-02T09:00:00+07:00,S23,reverse,28.6,45,531,0.66,SURVEI_SIMULASI,ok,True
2026-09-02T10:00:00+07:00,S23,reverse,35.0,45,324,0.4,SURVEI_SIMULASI,ok,True
2026-09-02T11:00:00+07:00,S23,reverse,35.1,45,321,0.4,SURVEI_SIMULASI,ok,True
2026-09-02T12:00:00+07:00,S23,reverse,36.5,45,275,0.34,SURVEI_SIMULASI,ok,True
2026-09-02T13:00:00+07:00,S23,reverse,36.4,45,279,0.35,SURVEI_SIMULASI,ok,True
2026-09-02T14:00:00+07:00,S23,reverse,34.9,45,326,0.41,SURVEI_SIMULASI,ok,True
2026-09-02T15:00:00+07:00,S23,reverse,34.3,45,345,0.43,SURVEI_SIMULASI,ok,True
2026-09-02T16:00:00+07:00,S23,reverse,28.1,45,547,0.68,SURVEI_SIMULASI,ok,True
2026-09-02T17:00:00+07:00,S23,reverse,30.1,45,482,0.6,SURVEI_SIMULASI,ok,True
2026-09-02T18:00:00+07:00,S23,reverse,28.3,45,539,0.67,SURVEI_SIMULASI,ok,True
2026-09-02T19:00:00+07:00,S23,reverse,28.7,45,527,0.66,SURVEI_SIMULASI,ok,True
2026-09-08T06:00:00+07:00,S23,reverse,34.7,45,333,0.42,SURVEI_SIMULASI,ok,True
2026-09-08T07:00:00+07:00,S23,reverse,30.0,45,484,0.6,SURVEI_SIMULASI,ok,True
2026-09-08T08:00:00+07:00,S23,reverse,28.6,45,530,0.66,SURVEI_SIMULASI,ok,True
2026-09-08T09:00:00+07:00,S23,reverse,29.6,45,499,0.62,SURVEI_SIMULASI,ok,True
2026-09-08T10:00:00+07:00,S23,reverse,34.9,45,327,0.41,SURVEI_SIMULASI,ok,True
2026-09-08T11:00:00+07:00,S23,reverse,33.9,45,359,0.45,SURVEI_SIMULASI,ok,True
2026-09-08T12:00:00+07:00,S23,reverse,35.9,45,293,0.37,SURVEI_SIMULASI,ok,True
2026-09-08T13:00:00+07:00,S23,reverse,35.5,45,308,0.38,SURVEI_SIMULASI,ok,True
2026-09-08T14:00:00+07:00,S23,reverse,35.7,45,301,0.38,SURVEI_SIMULASI,ok,True
2026-09-08T15:00:00+07:00,S23,reverse,33.9,45,359,0.45,SURVEI_SIMULASI,ok,True
2026-09-08T16:00:00+07:00,S23,reverse,28.3,45,540,0.68,SURVEI_SIMULASI,ok,True
2026-09-08T17:00:00+07:00,S23,reverse,28.9,45,520,0.65,SURVEI_SIMULASI,ok,True
2026-09-08T18:00:00+07:00,S23,reverse,29.8,45,490,0.61,SURVEI_SIMULASI,ok,True
2026-09-08T19:00:00+07:00,S23,reverse,28.1,45,546,0.68,SURVEI_SIMULASI,ok,True
2026-09-09T06:00:00+07:00,S23,reverse,35.7,45,301,0.38,SURVEI_SIMULASI,ok,True
2026-09-09T07:00:00+07:00,S23,reverse,27.1,45,579,0.72,SURVEI_SIMULASI,ok,True
2026-09-09T08:00:00+07:00,S23,reverse,29.8,45,492,0.62,SURVEI_SIMULASI,ok,True
2026-09-09T09:00:00+07:00,S23,reverse,29.6,45,499,0.62,SURVEI_SIMULASI,ok,True
2026-09-09T10:00:00+07:00,S23,reverse,34.0,45,355,0.44,SURVEI_SIMULASI,ok,True
2026-09-09T11:00:00+07:00,S23,reverse,35.6,45,305,0.38,SURVEI_SIMULASI,ok,True
2026-09-09T12:00:00+07:00,S23,reverse,35.7,45,301,0.38,SURVEI_SIMULASI,ok,True
2026-09-09T13:00:00+07:00,S23,reverse,36.0,45,292,0.36,SURVEI_SIMULASI,ok,True
2026-09-09T14:00:00+07:00,S23,reverse,33.8,45,363,0.45,SURVEI_SIMULASI,ok,True
2026-09-09T15:00:00+07:00,S23,reverse,34.6,45,336,0.42,SURVEI_SIMULASI,ok,True
2026-09-09T16:00:00+07:00,S23,reverse,28.3,45,539,0.67,SURVEI_SIMULASI,ok,True
2026-09-09T17:00:00+07:00,S23,reverse,28.6,45,531,0.66,SURVEI_SIMULASI,ok,True
2026-09-09T18:00:00+07:00,S23,reverse,29.5,45,503,0.63,SURVEI_SIMULASI,ok,True
2026-09-09T19:00:00+07:00,S23,reverse,29.5,45,500,0.62,SURVEI_SIMULASI,ok,True
2026-09-03T06:00:00+07:00,S23,reverse,34.4,45,343,0.43,SURVEI_SIMULASI,ok,True
2026-09-03T07:00:00+07:00,S23,reverse,29.6,45,497,0.62,SURVEI_SIMULASI,ok,True
2026-09-03T08:00:00+07:00,S23,reverse,29.3,45,508,0.64,SURVEI_SIMULASI,ok,True
2026-09-03T09:00:00+07:00,S23,reverse,28.5,45,534,0.67,SURVEI_SIMULASI,ok,True
2026-09-03T10:00:00+07:00,S23,reverse,35.0,45,323,0.4,SURVEI_SIMULASI,ok,True
2026-09-03T11:00:00+07:00,S23,reverse,35.4,45,310,0.39,SURVEI_SIMULASI,ok,True
2026-09-03T12:00:00+07:00,S23,reverse,35.3,45,314,0.39,SURVEI_SIMULASI,ok,True
2026-09-03T13:00:00+07:00,S23,reverse,36.5,45,274,0.34,SURVEI_SIMULASI,ok,True
2026-09-03T14:00:00+07:00,S23,reverse,35.6,45,305,0.38,SURVEI_SIMULASI,ok,True
2026-09-03T15:00:00+07:00,S23,reverse,34.2,45,348,0.44,SURVEI_SIMULASI,ok,True
2026-09-03T16:00:00+07:00,S23,reverse,30.9,45,455,0.57,SURVEI_SIMULASI,ok,True
2026-09-03T17:00:00+07:00,S23,reverse,28.3,45,540,0.67,SURVEI_SIMULASI,ok,True
2026-09-03T18:00:00+07:00,S23,reverse,28.2,45,544,0.68,SURVEI_SIMULASI,ok,True
2026-09-03T19:00:00+07:00,S23,reverse,28.6,45,529,0.66,SURVEI_SIMULASI,ok,True
2026-09-04T06:00:00+07:00,S23,reverse,35.4,45,309,0.39,SURVEI_SIMULASI,ok,True
2026-09-04T07:00:00+07:00,S23,reverse,28.0,45,549,0.69,SURVEI_SIMULASI,ok,True
2026-09-04T08:00:00+07:00,S23,reverse,27.6,45,563,0.7,SURVEI_SIMULASI,ok,True
2026-09-04T09:00:00+07:00,S23,reverse,28.5,45,535,0.67,SURVEI_SIMULASI,ok,True
2026-09-04T10:00:00+07:00,S23,reverse,34.9,45,328,0.41,SURVEI_SIMULASI,ok,True
2026-09-04T11:00:00+07:00,S23,reverse,35.3,45,315,0.39,SURVEI_SIMULASI,ok,True
2026-09-04T12:00:00+07:00,S23,reverse,36.0,45,290,0.36,SURVEI_SIMULASI,ok,True
2026-09-04T13:00:00+07:00,S23,reverse,34.8,45,330,0.41,SURVEI_SIMULASI,ok,True
2026-09-04T14:00:00+07:00,S23,reverse,35.7,45,302,0.38,SURVEI_SIMULASI,ok,True
2026-09-04T15:00:00+07:00,S23,reverse,35.6,45,304,0.38,SURVEI_SIMULASI,ok,True
2026-09-04T16:00:00+07:00,S23,reverse,30.9,45,456,0.57,SURVEI_SIMULASI,ok,True
2026-09-04T17:00:00+07:00,S23,reverse,28.3,45,540,0.67,SURVEI_SIMULASI,ok,True
2026-09-04T18:00:00+07:00,S23,reverse,30.5,45,470,0.59,SURVEI_SIMULASI,ok,True
2026-09-04T19:00:00+07:00,S23,reverse,29.6,45,497,0.62,SURVEI_SIMULASI,ok,True
2026-09-05T06:00:00+07:00,S23,reverse,35.5,45,307,0.38,SURVEI_SIMULASI,ok,True
2026-09-05T07:00:00+07:00,S23,reverse,29.7,45,495,0.62,SURVEI_SIMULASI,ok,True
2026-09-05T08:00:00+07:00,S23,reverse,29.2,45,512,0.64,SURVEI_SIMULASI,ok,True
2026-09-05T09:00:00+07:00,S23,reverse,28.2,45,542,0.68,SURVEI_SIMULASI,ok,True
2026-09-05T10:00:00+07:00,S23,reverse,34.1,45,352,0.44,SURVEI_SIMULASI,ok,True
2026-09-05T11:00:00+07:00,S23,reverse,33.7,45,366,0.46,SURVEI_SIMULASI,ok,True
2026-09-05T12:00:00+07:00,S23,reverse,36.3,45,283,0.35,SURVEI_SIMULASI,ok,True
2026-09-05T13:00:00+07:00,S23,reverse,35.1,45,320,0.4,SURVEI_SIMULASI,ok,True
2026-09-05T14:00:00+07:00,S23,reverse,34.2,45,350,0.44,SURVEI_SIMULASI,ok,True
2026-09-05T15:00:00+07:00,S23,reverse,35.3,45,312,0.39,SURVEI_SIMULASI,ok,True
2026-09-05T16:00:00+07:00,S23,reverse,29.7,45,495,0.62,SURVEI_SIMULASI,ok,True
2026-09-05T17:00:00+07:00,S23,reverse,30.9,45,455,0.57,SURVEI_SIMULASI,ok,True
2026-09-05T18:00:00+07:00,S23,reverse,28.9,45,521,0.65,SURVEI_SIMULASI,ok,True
2026-09-05T19:00:00+07:00,S23,reverse,28.5,45,533,0.67,SURVEI_SIMULASI,ok,True
2026-09-06T06:00:00+07:00,S23,reverse,34.8,45,330,0.41,SURVEI_SIMULASI,ok,True
2026-09-06T07:00:00+07:00,S23,reverse,29.4,45,506,0.63,SURVEI_SIMULASI,ok,True
2026-09-06T08:00:00+07:00,S23,reverse,29.1,45,514,0.64,SURVEI_SIMULASI,ok,True
2026-09-06T09:00:00+07:00,S23,reverse,31.0,45,453,0.57,SURVEI_SIMULASI,ok,True
2026-09-06T10:00:00+07:00,S23,reverse,35.7,45,300,0.38,SURVEI_SIMULASI,ok,True
2026-09-06T11:00:00+07:00,S23,reverse,35.2,45,316,0.39,SURVEI_SIMULASI,ok,True
2026-09-06T12:00:00+07:00,S23,reverse,37.3,45,249,0.31,SURVEI_SIMULASI,ok,True
2026-09-06T13:00:00+07:00,S23,reverse,36.0,45,291,0.36,SURVEI_SIMULASI,ok,True
2026-09-06T14:00:00+07:00,S23,reverse,36.6,45,271,0.34,SURVEI_SIMULASI,ok,True
2026-09-06T15:00:00+07:00,S23,reverse,35.9,45,295,0.37,SURVEI_SIMULASI,ok,True
2026-09-06T16:00:00+07:00,S23,reverse,30.6,45,464,0.58,SURVEI_SIMULASI,ok,True
2026-09-06T17:00:00+07:00,S23,reverse,30.6,45,467,0.58,SURVEI_SIMULASI,ok,True
2026-09-06T18:00:00+07:00,S23,reverse,31.5,45,435,0.54,SURVEI_SIMULASI,ok,True
2026-09-06T19:00:00+07:00,S23,reverse,32.0,45,420,0.52,SURVEI_SIMULASI,ok,True
2026-09-07T06:00:00+07:00,S23,reverse,35.2,45,316,0.39,SURVEI_SIMULASI,ok,True
2026-09-07T07:00:00+07:00,S23,reverse,28.9,45,521,0.65,SURVEI_SIMULASI,ok,True
2026-09-07T08:00:00+07:00,S23,reverse,31.2,45,447,0.56,SURVEI_SIMULASI,ok,True
2026-09-07T09:00:00+07:00,S23,reverse,30.7,45,463,0.58,SURVEI_SIMULASI,ok,True
2026-09-07T10:00:00+07:00,S23,reverse,35.5,45,307,0.38,SURVEI_SIMULASI,ok,True
2026-09-07T11:00:00+07:00,S23,reverse,35.3,45,315,0.39,SURVEI_SIMULASI,ok,True
2026-09-07T12:00:00+07:00,S23,reverse,36.6,45,271,0.34,SURVEI_SIMULASI,ok,True
2026-09-07T13:00:00+07:00,S23,reverse,36.4,45,277,0.35,SURVEI_SIMULASI,ok,True
2026-09-07T14:00:00+07:00,S23,reverse,36.4,45,279,0.35,SURVEI_SIMULASI,ok,True
2026-09-07T15:00:00+07:00,S23,reverse,35.6,45,305,0.38,SURVEI_SIMULASI,ok,True
2026-09-07T16:00:00+07:00,S23,reverse,30.4,45,471,0.59,SURVEI_SIMULASI,ok,True
2026-09-07T17:00:00+07:00,S23,reverse,30.1,45,483,0.6,SURVEI_SIMULASI,ok,True
2026-09-07T18:00:00+07:00,S23,reverse,29.9,45,487,0.61,SURVEI_SIMULASI,ok,True
2026-09-07T19:00:00+07:00,S23,reverse,30.5,45,469,0.59,SURVEI_SIMULASI,ok,True
2026-09-01T06:00:00+07:00,S24,forward,34.9,45,328,0.41,SURVEI_SIMULASI,ok,True
2026-09-01T07:00:00+07:00,S24,forward,26.6,45,596,0.75,SURVEI_SIMULASI,ok,True
2026-09-01T08:00:00+07:00,S24,forward,29.3,45,509,0.64,SURVEI_SIMULASI,ok,True
2026-09-01T09:00:00+07:00,S24,forward,27.6,45,562,0.7,SURVEI_SIMULASI,ok,True
2026-09-01T10:00:00+07:00,S24,forward,34.1,45,354,0.44,SURVEI_SIMULASI,ok,True
2026-09-01T11:00:00+07:00,S24,forward,34.7,45,333,0.42,SURVEI_SIMULASI,ok,True
2026-09-01T12:00:00+07:00,S24,forward,35.5,45,308,0.38,SURVEI_SIMULASI,ok,True
2026-09-01T13:00:00+07:00,S24,forward,35.8,45,296,0.37,SURVEI_SIMULASI,ok,True
2026-09-01T14:00:00+07:00,S24,forward,34.6,45,335,0.42,SURVEI_SIMULASI,ok,True
2026-09-01T15:00:00+07:00,S24,forward,35.3,45,313,0.39,SURVEI_SIMULASI,ok,True
2026-09-01T16:00:00+07:00,S24,forward,29.5,45,503,0.63,SURVEI_SIMULASI,ok,True
2026-09-01T17:00:00+07:00,S24,forward,29.6,45,498,0.62,SURVEI_SIMULASI,ok,True
2026-09-01T18:00:00+07:00,S24,forward,30.7,45,463,0.58,SURVEI_SIMULASI,ok,True
2026-09-01T19:00:00+07:00,S24,forward,28.5,45,535,0.67,SURVEI_SIMULASI,ok,True
2026-09-02T06:00:00+07:00,S24,forward,34.4,45,343,0.43,SURVEI_SIMULASI,ok,True
2026-09-02T07:00:00+07:00,S24,forward,26.4,45,601,0.75,SURVEI_SIMULASI,ok,True
2026-09-02T08:00:00+07:00,S24,forward,28.7,45,526,0.66,SURVEI_SIMULASI,ok,True
2026-09-02T09:00:00+07:00,S24,forward,28.7,45,526,0.66,SURVEI_SIMULASI,ok,True
2026-09-02T10:00:00+07:00,S24,forward,34.8,45,328,0.41,SURVEI_SIMULASI,ok,True
2026-09-02T11:00:00+07:00,S24,forward,35.0,45,323,0.4,SURVEI_SIMULASI,ok,True
2026-09-02T12:00:00+07:00,S24,forward,35.0,45,324,0.41,SURVEI_SIMULASI,ok,True
2026-09-02T13:00:00+07:00,S24,forward,35.5,45,308,0.39,SURVEI_SIMULASI,ok,True
2026-09-02T14:00:00+07:00,S24,forward,35.5,45,308,0.39,SURVEI_SIMULASI,ok,True
2026-09-02T15:00:00+07:00,S24,forward,33.9,45,359,0.45,SURVEI_SIMULASI,ok,True
2026-09-02T16:00:00+07:00,S24,forward,28.6,45,530,0.66,SURVEI_SIMULASI,ok,True
2026-09-02T17:00:00+07:00,S24,forward,30.4,45,473,0.59,SURVEI_SIMULASI,ok,True
2026-09-02T18:00:00+07:00,S24,forward,28.1,45,548,0.68,SURVEI_SIMULASI,ok,True
2026-09-02T19:00:00+07:00,S24,forward,30.6,45,465,0.58,SURVEI_SIMULASI,ok,True
2026-09-08T06:00:00+07:00,S24,forward,33.7,45,364,0.46,SURVEI_SIMULASI,ok,True
2026-09-08T07:00:00+07:00,S24,forward,27.9,45,552,0.69,SURVEI_SIMULASI,ok,True
2026-09-08T08:00:00+07:00,S24,forward,26.9,45,585,0.73,SURVEI_SIMULASI,ok,True
2026-09-08T09:00:00+07:00,S24,forward,28.2,45,544,0.68,SURVEI_SIMULASI,ok,True
2026-09-08T10:00:00+07:00,S24,forward,33.7,45,366,0.46,SURVEI_SIMULASI,ok,True
2026-09-08T11:00:00+07:00,S24,forward,35.0,45,324,0.4,SURVEI_SIMULASI,ok,True
2026-09-08T12:00:00+07:00,S24,forward,35.1,45,320,0.4,SURVEI_SIMULASI,ok,True
2026-09-08T13:00:00+07:00,S24,forward,35.9,45,294,0.37,SURVEI_SIMULASI,ok,True
2026-09-08T14:00:00+07:00,S24,forward,34.7,45,333,0.42,SURVEI_SIMULASI,ok,True
2026-09-08T15:00:00+07:00,S24,forward,35.4,45,310,0.39,SURVEI_SIMULASI,ok,True
2026-09-08T16:00:00+07:00,S24,forward,30.0,45,483,0.6,SURVEI_SIMULASI,ok,True
2026-09-08T17:00:00+07:00,S24,forward,29.2,45,509,0.64,SURVEI_SIMULASI,ok,True
2026-09-08T18:00:00+07:00,S24,forward,27.7,45,558,0.7,SURVEI_SIMULASI,ok,True
2026-09-08T19:00:00+07:00,S24,forward,27.8,45,556,0.69,SURVEI_SIMULASI,ok,True
2026-09-09T06:00:00+07:00,S24,forward,34.9,45,327,0.41,SURVEI_SIMULASI,ok,True
2026-09-09T07:00:00+07:00,S24,forward,26.8,45,589,0.74,SURVEI_SIMULASI,ok,True
2026-09-09T08:00:00+07:00,S24,forward,27.2,45,575,0.72,SURVEI_SIMULASI,ok,True
2026-09-09T09:00:00+07:00,S24,forward,26.5,45,597,0.75,SURVEI_SIMULASI,ok,True
2026-09-09T10:00:00+07:00,S24,forward,33.9,45,360,0.45,SURVEI_SIMULASI,ok,True
2026-09-09T11:00:00+07:00,S24,forward,35.0,45,323,0.4,SURVEI_SIMULASI,ok,True
2026-09-09T12:00:00+07:00,S24,forward,36.3,45,282,0.35,SURVEI_SIMULASI,ok,True
2026-09-09T13:00:00+07:00,S24,forward,35.4,45,311,0.39,SURVEI_SIMULASI,ok,True
2026-09-09T14:00:00+07:00,S24,forward,34.6,45,336,0.42,SURVEI_SIMULASI,ok,True
2026-09-09T15:00:00+07:00,S24,forward,33.4,45,374,0.47,SURVEI_SIMULASI,ok,True
2026-09-09T16:00:00+07:00,S24,forward,28.3,45,540,0.68,SURVEI_SIMULASI,ok,True
2026-09-09T17:00:00+07:00,S24,forward,28.9,45,521,0.65,SURVEI_SIMULASI,ok,True
2026-09-09T18:00:00+07:00,S24,forward,28.9,45,521,0.65,SURVEI_SIMULASI,ok,True
2026-09-09T19:00:00+07:00,S24,forward,30.7,45,462,0.58,SURVEI_SIMULASI,ok,True
2026-09-03T06:00:00+07:00,S24,forward,35.1,45,320,0.4,SURVEI_SIMULASI,ok,True
2026-09-03T07:00:00+07:00,S24,forward,29.2,45,512,0.64,SURVEI_SIMULASI,ok,True
2026-09-03T08:00:00+07:00,S24,forward,28.1,45,546,0.68,SURVEI_SIMULASI,ok,True
2026-09-03T09:00:00+07:00,S24,forward,27.6,45,564,0.7,SURVEI_SIMULASI,ok,True
2026-09-03T10:00:00+07:00,S24,forward,35.3,45,314,0.39,SURVEI_SIMULASI,ok,True
2026-09-03T11:00:00+07:00,S24,forward,33.5,45,373,0.47,SURVEI_SIMULASI,ok,True
2026-09-03T12:00:00+07:00,S24,forward,35.2,45,316,0.4,SURVEI_SIMULASI,ok,True
2026-09-03T13:00:00+07:00,S24,forward,35.6,45,305,0.38,SURVEI_SIMULASI,ok,True
2026-09-03T14:00:00+07:00,S24,forward,35.4,45,311,0.39,SURVEI_SIMULASI,ok,True
2026-09-03T15:00:00+07:00,S24,forward,34.5,45,340,0.43,SURVEI_SIMULASI,ok,True
2026-09-03T16:00:00+07:00,S24,forward,29.6,45,497,0.62,SURVEI_SIMULASI,ok,True
2026-09-03T17:00:00+07:00,S24,forward,30.5,45,467,0.58,SURVEI_SIMULASI,ok,True
2026-09-03T18:00:00+07:00,S24,forward,29.3,45,508,0.64,SURVEI_SIMULASI,ok,True
2026-09-03T19:00:00+07:00,S24,forward,27.7,45,560,0.7,SURVEI_SIMULASI,ok,True
2026-09-04T06:00:00+07:00,S24,forward,35.3,45,315,0.39,SURVEI_SIMULASI,ok,True
2026-09-04T07:00:00+07:00,S24,forward,29.3,45,507,0.63,SURVEI_SIMULASI,ok,True
2026-09-04T08:00:00+07:00,S24,forward,28.4,45,536,0.67,SURVEI_SIMULASI,ok,True
2026-09-04T09:00:00+07:00,S24,forward,27.5,45,566,0.71,SURVEI_SIMULASI,ok,True
2026-09-04T10:00:00+07:00,S24,forward,34.2,45,350,0.44,SURVEI_SIMULASI,ok,True
2026-09-04T11:00:00+07:00,S24,forward,35.1,45,321,0.4,SURVEI_SIMULASI,ok,True
2026-09-04T12:00:00+07:00,S24,forward,34.8,45,331,0.41,SURVEI_SIMULASI,ok,True
2026-09-04T13:00:00+07:00,S24,forward,34.8,45,330,0.41,SURVEI_SIMULASI,ok,True
2026-09-04T14:00:00+07:00,S24,forward,34.9,45,327,0.41,SURVEI_SIMULASI,ok,True
2026-09-04T15:00:00+07:00,S24,forward,34.5,45,340,0.42,SURVEI_SIMULASI,ok,True
2026-09-04T16:00:00+07:00,S24,forward,27.9,45,553,0.69,SURVEI_SIMULASI,ok,True
2026-09-04T17:00:00+07:00,S24,forward,29.1,45,513,0.64,SURVEI_SIMULASI,ok,True
2026-09-04T18:00:00+07:00,S24,forward,27.9,45,551,0.69,SURVEI_SIMULASI,ok,True
2026-09-04T19:00:00+07:00,S24,forward,30.7,45,464,0.58,SURVEI_SIMULASI,ok,True
2026-09-05T06:00:00+07:00,S24,forward,34.1,45,352,0.44,SURVEI_SIMULASI,ok,True
2026-09-05T07:00:00+07:00,S24,forward,29.1,45,515,0.64,SURVEI_SIMULASI,ok,True
2026-09-05T08:00:00+07:00,S24,forward,28.6,45,531,0.66,SURVEI_SIMULASI,ok,True
2026-09-05T09:00:00+07:00,S24,forward,28.8,45,524,0.65,SURVEI_SIMULASI,ok,True
2026-09-05T10:00:00+07:00,S24,forward,34.3,45,345,0.43,SURVEI_SIMULASI,ok,True
2026-09-05T11:00:00+07:00,S24,forward,33.6,45,367,0.46,SURVEI_SIMULASI,ok,True
2026-09-05T12:00:00+07:00,S24,forward,35.8,45,299,0.37,SURVEI_SIMULASI,ok,True
2026-09-05T13:00:00+07:00,S24,forward,36.4,45,279,0.35,SURVEI_SIMULASI,ok,True
2026-09-05T14:00:00+07:00,S24,forward,34.1,45,353,0.44,SURVEI_SIMULASI,ok,True
2026-09-05T15:00:00+07:00,S24,forward,34.2,45,348,0.43,SURVEI_SIMULASI,ok,True
2026-09-05T16:00:00+07:00,S24,forward,28.6,45,530,0.66,SURVEI_SIMULASI,ok,True
2026-09-05T17:00:00+07:00,S24,forward,27.7,45,559,0.7,SURVEI_SIMULASI,ok,True
2026-09-05T18:00:00+07:00,S24,forward,29.5,45,502,0.63,SURVEI_SIMULASI,ok,True
2026-09-05T19:00:00+07:00,S24,forward,28.5,45,532,0.67,SURVEI_SIMULASI,ok,True
2026-09-06T06:00:00+07:00,S24,forward,36.0,45,290,0.36,SURVEI_SIMULASI,ok,True
2026-09-06T07:00:00+07:00,S24,forward,28.8,45,524,0.66,SURVEI_SIMULASI,ok,True
2026-09-06T08:00:00+07:00,S24,forward,29.0,45,518,0.65,SURVEI_SIMULASI,ok,True
2026-09-06T09:00:00+07:00,S24,forward,31.0,45,452,0.57,SURVEI_SIMULASI,ok,True
2026-09-06T10:00:00+07:00,S24,forward,36.4,45,279,0.35,SURVEI_SIMULASI,ok,True
2026-09-06T11:00:00+07:00,S24,forward,35.1,45,320,0.4,SURVEI_SIMULASI,ok,True
2026-09-06T12:00:00+07:00,S24,forward,37.2,45,252,0.31,SURVEI_SIMULASI,ok,True
2026-09-06T13:00:00+07:00,S24,forward,35.7,45,302,0.38,SURVEI_SIMULASI,ok,True
2026-09-06T14:00:00+07:00,S24,forward,36.3,45,282,0.35,SURVEI_SIMULASI,ok,True
2026-09-06T15:00:00+07:00,S24,forward,35.0,45,322,0.4,SURVEI_SIMULASI,ok,True
2026-09-06T16:00:00+07:00,S24,forward,31.4,45,441,0.55,SURVEI_SIMULASI,ok,True
2026-09-06T17:00:00+07:00,S24,forward,29.7,45,494,0.62,SURVEI_SIMULASI,ok,True
2026-09-06T18:00:00+07:00,S24,forward,31.5,45,436,0.55,SURVEI_SIMULASI,ok,True
2026-09-06T19:00:00+07:00,S24,forward,30.9,45,456,0.57,SURVEI_SIMULASI,ok,True
2026-09-07T06:00:00+07:00,S24,forward,35.4,45,310,0.39,SURVEI_SIMULASI,ok,True
2026-09-07T07:00:00+07:00,S24,forward,29.4,45,504,0.63,SURVEI_SIMULASI,ok,True
2026-09-07T08:00:00+07:00,S24,forward,28.7,45,527,0.66,SURVEI_SIMULASI,ok,True
2026-09-07T09:00:00+07:00,S24,forward,29.5,45,500,0.63,SURVEI_SIMULASI,ok,True
2026-09-07T10:00:00+07:00,S24,forward,34.5,45,338,0.42,SURVEI_SIMULASI,ok,True
2026-09-07T11:00:00+07:00,S24,forward,35.0,45,325,0.41,SURVEI_SIMULASI,ok,True
2026-09-07T12:00:00+07:00,S24,forward,36.3,45,280,0.35,SURVEI_SIMULASI,ok,True
2026-09-07T13:00:00+07:00,S24,forward,36.4,45,278,0.35,SURVEI_SIMULASI,ok,True
2026-09-07T14:00:00+07:00,S24,forward,35.8,45,296,0.37,SURVEI_SIMULASI,ok,True
2026-09-07T15:00:00+07:00,S24,forward,36.3,45,281,0.35,SURVEI_SIMULASI,ok,True
2026-09-07T16:00:00+07:00,S24,forward,30.1,45,483,0.6,SURVEI_SIMULASI,ok,True
2026-09-07T17:00:00+07:00,S24,forward,31.8,45,426,0.53,SURVEI_SIMULASI,ok,True
2026-09-07T18:00:00+07:00,S24,forward,32.0,45,420,0.52,SURVEI_SIMULASI,ok,True
2026-09-07T19:00:00+07:00,S24,forward,30.4,45,471,0.59,SURVEI_SIMULASI,ok,True
2026-09-01T06:00:00+07:00,S24,reverse,35.4,45,311,0.39,SURVEI_SIMULASI,ok,True
2026-09-01T07:00:00+07:00,S24,reverse,29.0,45,517,0.65,SURVEI_SIMULASI,ok,True
2026-09-01T08:00:00+07:00,S24,reverse,26.6,45,594,0.74,SURVEI_SIMULASI,ok,True
2026-09-01T09:00:00+07:00,S24,reverse,28.1,45,545,0.68,SURVEI_SIMULASI,ok,True
2026-09-01T10:00:00+07:00,S24,reverse,35.3,45,312,0.39,SURVEI_SIMULASI,ok,True
2026-09-01T11:00:00+07:00,S24,reverse,34.3,45,347,0.43,SURVEI_SIMULASI,ok,True
2026-09-01T12:00:00+07:00,S24,reverse,34.7,45,332,0.41,SURVEI_SIMULASI,ok,True
2026-09-01T13:00:00+07:00,S24,reverse,35.1,45,322,0.4,SURVEI_SIMULASI,ok,True
2026-09-01T14:00:00+07:00,S24,reverse,34.5,45,340,0.42,SURVEI_SIMULASI,ok,True
2026-09-01T15:00:00+07:00,S24,reverse,34.6,45,337,0.42,SURVEI_SIMULASI,ok,True
2026-09-01T16:00:00+07:00,S24,reverse,28.6,45,531,0.66,SURVEI_SIMULASI,ok,True
2026-09-01T17:00:00+07:00,S24,reverse,29.0,45,518,0.65,SURVEI_SIMULASI,ok,True
2026-09-01T18:00:00+07:00,S24,reverse,29.9,45,487,0.61,SURVEI_SIMULASI,ok,True
2026-09-01T19:00:00+07:00,S24,reverse,28.3,45,540,0.67,SURVEI_SIMULASI,ok,True
2026-09-02T06:00:00+07:00,S24,reverse,33.8,45,361,0.45,SURVEI_SIMULASI,ok,True
2026-09-02T07:00:00+07:00,S24,reverse,26.9,45,585,0.73,SURVEI_SIMULASI,ok,True
2026-09-02T08:00:00+07:00,S24,reverse,28.5,45,533,0.67,SURVEI_SIMULASI,ok,True
2026-09-02T09:00:00+07:00,S24,reverse,27.9,45,553,0.69,SURVEI_SIMULASI,ok,True
2026-09-02T10:00:00+07:00,S24,reverse,34.1,45,354,0.44,SURVEI_SIMULASI,ok,True
2026-09-02T11:00:00+07:00,S24,reverse,33.7,45,365,0.46,SURVEI_SIMULASI,ok,True
2026-09-02T12:00:00+07:00,S24,reverse,35.6,45,303,0.38,SURVEI_SIMULASI,ok,True
2026-09-02T13:00:00+07:00,S24,reverse,35.5,45,308,0.38,SURVEI_SIMULASI,ok,True
2026-09-02T14:00:00+07:00,S24,reverse,35.0,45,325,0.41,SURVEI_SIMULASI,ok,True
2026-09-02T15:00:00+07:00,S24,reverse,33.6,45,370,0.46,SURVEI_SIMULASI,ok,True
2026-09-02T16:00:00+07:00,S24,reverse,29.1,45,514,0.64,SURVEI_SIMULASI,ok,True
2026-09-02T17:00:00+07:00,S24,reverse,30.3,45,476,0.59,SURVEI_SIMULASI,ok,True
2026-09-02T18:00:00+07:00,S24,reverse,28.2,45,542,0.68,SURVEI_SIMULASI,ok,True
2026-09-02T19:00:00+07:00,S24,reverse,30.4,45,473,0.59,SURVEI_SIMULASI,ok,True
2026-09-08T06:00:00+07:00,S24,reverse,34.3,45,347,0.43,SURVEI_SIMULASI,ok,True
2026-09-08T07:00:00+07:00,S24,reverse,27.9,45,554,0.69,SURVEI_SIMULASI,ok,True
2026-09-08T08:00:00+07:00,S24,reverse,27.6,45,562,0.7,SURVEI_SIMULASI,ok,True
2026-09-08T09:00:00+07:00,S24,reverse,27.5,45,564,0.71,SURVEI_SIMULASI,ok,True
2026-09-08T10:00:00+07:00,S24,reverse,33.5,45,371,0.46,SURVEI_SIMULASI,ok,True
2026-09-08T11:00:00+07:00,S24,reverse,34.8,45,329,0.41,SURVEI_SIMULASI,ok,True
2026-09-08T12:00:00+07:00,S24,reverse,34.6,45,336,0.42,SURVEI_SIMULASI,ok,True
2026-09-08T13:00:00+07:00,S24,reverse,34.8,45,329,0.41,SURVEI_SIMULASI,ok,True
2026-09-08T14:00:00+07:00,S24,reverse,34.7,45,334,0.42,SURVEI_SIMULASI,ok,True
2026-09-08T15:00:00+07:00,S24,reverse,35.0,45,323,0.4,SURVEI_SIMULASI,ok,True
2026-09-08T16:00:00+07:00,S24,reverse,28.3,45,540,0.67,SURVEI_SIMULASI,ok,True
2026-09-08T17:00:00+07:00,S24,reverse,28.7,45,528,0.66,SURVEI_SIMULASI,ok,True
2026-09-08T18:00:00+07:00,S24,reverse,30.5,45,470,0.59,SURVEI_SIMULASI,ok,True
2026-09-08T19:00:00+07:00,S24,reverse,30.5,45,469,0.59,SURVEI_SIMULASI,ok,True
2026-09-09T06:00:00+07:00,S24,reverse,35.4,45,309,0.39,SURVEI_SIMULASI,ok,True
2026-09-09T07:00:00+07:00,S24,reverse,29.5,45,502,0.63,SURVEI_SIMULASI,ok,True
2026-09-09T08:00:00+07:00,S24,reverse,28.2,45,543,0.68,SURVEI_SIMULASI,ok,True
2026-09-09T09:00:00+07:00,S24,reverse,28.3,45,541,0.68,SURVEI_SIMULASI,ok,True
2026-09-09T10:00:00+07:00,S24,reverse,34.9,45,325,0.41,SURVEI_SIMULASI,ok,True
2026-09-09T11:00:00+07:00,S24,reverse,34.8,45,329,0.41,SURVEI_SIMULASI,ok,True
2026-09-09T12:00:00+07:00,S24,reverse,36.2,45,285,0.36,SURVEI_SIMULASI,ok,True
2026-09-09T13:00:00+07:00,S24,reverse,35.6,45,304,0.38,SURVEI_SIMULASI,ok,True
2026-09-09T14:00:00+07:00,S24,reverse,35.1,45,320,0.4,SURVEI_SIMULASI,ok,True
2026-09-09T15:00:00+07:00,S24,reverse,34.5,45,341,0.43,SURVEI_SIMULASI,ok,True
2026-09-09T16:00:00+07:00,S24,reverse,30.7,45,463,0.58,SURVEI_SIMULASI,ok,True
2026-09-09T17:00:00+07:00,S24,reverse,28.1,45,547,0.68,SURVEI_SIMULASI,ok,True
2026-09-09T18:00:00+07:00,S24,reverse,29.1,45,513,0.64,SURVEI_SIMULASI,ok,True
2026-09-09T19:00:00+07:00,S24,reverse,28.6,45,530,0.66,SURVEI_SIMULASI,ok,True
2026-09-03T06:00:00+07:00,S24,reverse,35.4,45,309,0.39,SURVEI_SIMULASI,ok,True
2026-09-03T07:00:00+07:00,S24,reverse,28.9,45,522,0.65,SURVEI_SIMULASI,ok,True
2026-09-03T08:00:00+07:00,S24,reverse,29.3,45,509,0.64,SURVEI_SIMULASI,ok,True
2026-09-03T09:00:00+07:00,S24,reverse,26.8,45,587,0.73,SURVEI_SIMULASI,ok,True
2026-09-03T10:00:00+07:00,S24,reverse,33.5,45,371,0.46,SURVEI_SIMULASI,ok,True
2026-09-03T11:00:00+07:00,S24,reverse,34.9,45,327,0.41,SURVEI_SIMULASI,ok,True
2026-09-03T12:00:00+07:00,S24,reverse,35.2,45,316,0.4,SURVEI_SIMULASI,ok,True
2026-09-03T13:00:00+07:00,S24,reverse,35.6,45,305,0.38,SURVEI_SIMULASI,ok,True
2026-09-03T14:00:00+07:00,S24,reverse,35.0,45,323,0.4,SURVEI_SIMULASI,ok,True
2026-09-03T15:00:00+07:00,S24,reverse,33.5,45,373,0.47,SURVEI_SIMULASI,ok,True
2026-09-03T16:00:00+07:00,S24,reverse,28.6,45,531,0.66,SURVEI_SIMULASI,ok,True
2026-09-03T17:00:00+07:00,S24,reverse,30.0,45,486,0.61,SURVEI_SIMULASI,ok,True
2026-09-03T18:00:00+07:00,S24,reverse,28.3,45,538,0.67,SURVEI_SIMULASI,ok,True
2026-09-03T19:00:00+07:00,S24,reverse,28.0,45,549,0.69,SURVEI_SIMULASI,ok,True
2026-09-04T06:00:00+07:00,S24,reverse,33.8,45,363,0.45,SURVEI_SIMULASI,ok,True
2026-09-04T07:00:00+07:00,S24,reverse,29.3,45,509,0.64,SURVEI_SIMULASI,ok,True
2026-09-04T08:00:00+07:00,S24,reverse,26.8,45,589,0.74,SURVEI_SIMULASI,ok,True
2026-09-04T09:00:00+07:00,S24,reverse,28.4,45,538,0.67,SURVEI_SIMULASI,ok,True
2026-09-04T10:00:00+07:00,S24,reverse,35.1,45,321,0.4,SURVEI_SIMULASI,ok,True
2026-09-04T11:00:00+07:00,S24,reverse,34.8,45,331,0.41,SURVEI_SIMULASI,ok,True
2026-09-04T12:00:00+07:00,S24,reverse,35.8,45,296,0.37,SURVEI_SIMULASI,ok,True
2026-09-04T13:00:00+07:00,S24,reverse,35.3,45,313,0.39,SURVEI_SIMULASI,ok,True
2026-09-04T14:00:00+07:00,S24,reverse,33.5,45,372,0.47,SURVEI_SIMULASI,ok,True
2026-09-04T15:00:00+07:00,S24,reverse,35.1,45,319,0.4,SURVEI_SIMULASI,ok,True
2026-09-04T16:00:00+07:00,S24,reverse,30.6,45,464,0.58,SURVEI_SIMULASI,ok,True
2026-09-04T17:00:00+07:00,S24,reverse,29.6,45,498,0.62,SURVEI_SIMULASI,ok,True
2026-09-04T18:00:00+07:00,S24,reverse,27.9,45,553,0.69,SURVEI_SIMULASI,ok,True
2026-09-04T19:00:00+07:00,S24,reverse,30.5,45,469,0.59,SURVEI_SIMULASI,ok,True
2026-09-05T06:00:00+07:00,S24,reverse,34.3,45,346,0.43,SURVEI_SIMULASI,ok,True
2026-09-05T07:00:00+07:00,S24,reverse,29.8,45,493,0.62,SURVEI_SIMULASI,ok,True
2026-09-05T08:00:00+07:00,S24,reverse,27.8,45,555,0.69,SURVEI_SIMULASI,ok,True
2026-09-05T09:00:00+07:00,S24,reverse,29.3,45,507,0.63,SURVEI_SIMULASI,ok,True
2026-09-05T10:00:00+07:00,S24,reverse,34.5,45,340,0.42,SURVEI_SIMULASI,ok,True
2026-09-05T11:00:00+07:00,S24,reverse,35.3,45,312,0.39,SURVEI_SIMULASI,ok,True
2026-09-05T12:00:00+07:00,S24,reverse,35.8,45,298,0.37,SURVEI_SIMULASI,ok,True
2026-09-05T13:00:00+07:00,S24,reverse,35.2,45,317,0.4,SURVEI_SIMULASI,ok,True
2026-09-05T14:00:00+07:00,S24,reverse,34.2,45,350,0.44,SURVEI_SIMULASI,ok,True
2026-09-05T15:00:00+07:00,S24,reverse,33.5,45,371,0.46,SURVEI_SIMULASI,ok,True
2026-09-05T16:00:00+07:00,S24,reverse,30.1,45,482,0.6,SURVEI_SIMULASI,ok,True
2026-09-05T17:00:00+07:00,S24,reverse,29.6,45,498,0.62,SURVEI_SIMULASI,ok,True
2026-09-05T18:00:00+07:00,S24,reverse,28.1,45,547,0.68,SURVEI_SIMULASI,ok,True
2026-09-05T19:00:00+07:00,S24,reverse,28.4,45,535,0.67,SURVEI_SIMULASI,ok,True
2026-09-06T06:00:00+07:00,S24,reverse,34.8,45,329,0.41,SURVEI_SIMULASI,ok,True
2026-09-06T07:00:00+07:00,S24,reverse,31.0,45,452,0.57,SURVEI_SIMULASI,ok,True
2026-09-06T08:00:00+07:00,S24,reverse,29.8,45,493,0.62,SURVEI_SIMULASI,ok,True
2026-09-06T09:00:00+07:00,S24,reverse,30.3,45,474,0.59,SURVEI_SIMULASI,ok,True
2026-09-06T10:00:00+07:00,S24,reverse,36.0,45,291,0.36,SURVEI_SIMULASI,ok,True
2026-09-06T11:00:00+07:00,S24,reverse,34.7,45,332,0.42,SURVEI_SIMULASI,ok,True
2026-09-06T12:00:00+07:00,S24,reverse,36.8,45,264,0.33,SURVEI_SIMULASI,ok,True
2026-09-06T13:00:00+07:00,S24,reverse,35.8,45,299,0.37,SURVEI_SIMULASI,ok,True
2026-09-06T14:00:00+07:00,S24,reverse,35.1,45,320,0.4,SURVEI_SIMULASI,ok,True
2026-09-06T15:00:00+07:00,S24,reverse,35.2,45,316,0.4,SURVEI_SIMULASI,ok,True
2026-09-06T16:00:00+07:00,S24,reverse,32.0,45,419,0.52,SURVEI_SIMULASI,ok,True
2026-09-06T17:00:00+07:00,S24,reverse,29.7,45,496,0.62,SURVEI_SIMULASI,ok,True
2026-09-06T18:00:00+07:00,S24,reverse,30.9,45,456,0.57,SURVEI_SIMULASI,ok,True
2026-09-06T19:00:00+07:00,S24,reverse,31.6,45,434,0.54,SURVEI_SIMULASI,ok,True
2026-09-07T06:00:00+07:00,S24,reverse,35.6,45,304,0.38,SURVEI_SIMULASI,ok,True
2026-09-07T07:00:00+07:00,S24,reverse,31.0,45,453,0.57,SURVEI_SIMULASI,ok,True
2026-09-07T08:00:00+07:00,S24,reverse,29.6,45,498,0.62,SURVEI_SIMULASI,ok,True
2026-09-07T09:00:00+07:00,S24,reverse,28.6,45,531,0.66,SURVEI_SIMULASI,ok,True
2026-09-07T10:00:00+07:00,S24,reverse,34.6,45,337,0.42,SURVEI_SIMULASI,ok,True
2026-09-07T11:00:00+07:00,S24,reverse,34.5,45,338,0.42,SURVEI_SIMULASI,ok,True
2026-09-07T12:00:00+07:00,S24,reverse,36.1,45,289,0.36,SURVEI_SIMULASI,ok,True
2026-09-07T13:00:00+07:00,S24,reverse,37.0,45,259,0.32,SURVEI_SIMULASI,ok,True
2026-09-07T14:00:00+07:00,S24,reverse,36.2,45,284,0.36,SURVEI_SIMULASI,ok,True
2026-09-07T15:00:00+07:00,S24,reverse,35.8,45,296,0.37,SURVEI_SIMULASI,ok,True
2026-09-07T16:00:00+07:00,S24,reverse,31.2,45,445,0.56,SURVEI_SIMULASI,ok,True
2026-09-07T17:00:00+07:00,S24,reverse,30.1,45,481,0.6,SURVEI_SIMULASI,ok,True
2026-09-07T18:00:00+07:00,S24,reverse,30.9,45,455,0.57,SURVEI_SIMULASI,ok,True
2026-09-07T19:00:00+07:00,S24,reverse,29.9,45,488,0.61,SURVEI_SIMULASI,ok,True
2026-09-01T06:00:00+07:00,S25,forward,35.2,45,317,0.4,SURVEI_SIMULASI,ok,True
2026-09-01T07:00:00+07:00,S25,forward,26.5,45,598,0.75,SURVEI_SIMULASI,ok,True
2026-09-01T08:00:00+07:00,S25,forward,26.2,45,608,0.76,SURVEI_SIMULASI,ok,True
2026-09-01T09:00:00+07:00,S25,forward,29.3,45,506,0.63,SURVEI_SIMULASI,ok,True
2026-09-01T10:00:00+07:00,S25,forward,35.1,45,319,0.4,SURVEI_SIMULASI,ok,True
2026-09-01T11:00:00+07:00,S25,forward,34.2,45,350,0.44,SURVEI_SIMULASI,ok,True
2026-09-01T12:00:00+07:00,S25,forward,35.8,45,297,0.37,SURVEI_SIMULASI,ok,True
2026-09-01T13:00:00+07:00,S25,forward,35.6,45,304,0.38,SURVEI_SIMULASI,ok,True
2026-09-01T14:00:00+07:00,S25,forward,34.3,45,346,0.43,SURVEI_SIMULASI,ok,True
2026-09-01T15:00:00+07:00,S25,forward,33.7,45,366,0.46,SURVEI_SIMULASI,ok,True
2026-09-01T16:00:00+07:00,S25,forward,30.1,45,481,0.6,SURVEI_SIMULASI,ok,True
2026-09-01T17:00:00+07:00,S25,forward,27.5,45,566,0.71,SURVEI_SIMULASI,ok,True
2026-09-01T18:00:00+07:00,S25,forward,27.2,45,576,0.72,SURVEI_SIMULASI,ok,True
2026-09-01T19:00:00+07:00,S25,forward,29.1,45,513,0.64,SURVEI_SIMULASI,ok,True
2026-09-02T06:00:00+07:00,S25,forward,33.6,45,368,0.46,SURVEI_SIMULASI,ok,True
2026-09-02T07:00:00+07:00,S25,forward,26.3,45,603,0.75,SURVEI_SIMULASI,ok,True
2026-09-02T08:00:00+07:00,S25,forward,27.4,45,569,0.71,SURVEI_SIMULASI,ok,True
2026-09-02T09:00:00+07:00,S25,forward,27.2,45,574,0.72,SURVEI_SIMULASI,ok,True
2026-09-02T10:00:00+07:00,S25,forward,33.5,45,373,0.47,SURVEI_SIMULASI,ok,True
2026-09-02T11:00:00+07:00,S25,forward,33.2,45,381,0.48,SURVEI_SIMULASI,ok,True
2026-09-02T12:00:00+07:00,S25,forward,35.6,45,305,0.38,SURVEI_SIMULASI,ok,True
2026-09-02T13:00:00+07:00,S25,forward,35.7,45,301,0.38,SURVEI_SIMULASI,ok,True
2026-09-02T14:00:00+07:00,S25,forward,33.8,45,362,0.45,SURVEI_SIMULASI,ok,True
2026-09-02T15:00:00+07:00,S25,forward,34.5,45,338,0.42,SURVEI_SIMULASI,ok,True
2026-09-02T16:00:00+07:00,S25,forward,27.5,45,566,0.71,SURVEI_SIMULASI,ok,True
2026-09-02T17:00:00+07:00,S25,forward,27.4,45,570,0.71,SURVEI_SIMULASI,ok,True
2026-09-02T18:00:00+07:00,S25,forward,29.9,45,489,0.61,SURVEI_SIMULASI,ok,True
2026-09-02T19:00:00+07:00,S25,forward,28.7,45,527,0.66,SURVEI_SIMULASI,ok,True
2026-09-08T06:00:00+07:00,S25,forward,34.6,45,337,0.42,SURVEI_SIMULASI,ok,True
2026-09-08T07:00:00+07:00,S25,forward,27.9,45,554,0.69,SURVEI_SIMULASI,ok,True
2026-09-08T08:00:00+07:00,S25,forward,27.2,45,577,0.72,SURVEI_SIMULASI,ok,True
2026-09-08T09:00:00+07:00,S25,forward,26.8,45,587,0.73,SURVEI_SIMULASI,ok,True
2026-09-08T10:00:00+07:00,S25,forward,34.7,45,333,0.42,SURVEI_SIMULASI,ok,True
2026-09-08T11:00:00+07:00,S25,forward,33.4,45,376,0.47,SURVEI_SIMULASI,ok,True
2026-09-08T12:00:00+07:00,S25,forward,36.1,45,287,0.36,SURVEI_SIMULASI,ok,True
2026-09-08T13:00:00+07:00,S25,forward,35.7,45,300,0.37,SURVEI_SIMULASI,ok,True
2026-09-08T14:00:00+07:00,S25,forward,35.0,45,323,0.4,SURVEI_SIMULASI,ok,True
2026-09-08T15:00:00+07:00,S25,forward,34.7,45,333,0.42,SURVEI_SIMULASI,ok,True
2026-09-08T16:00:00+07:00,S25,forward,29.7,45,493,0.62,SURVEI_SIMULASI,ok,True
2026-09-08T17:00:00+07:00,S25,forward,28.4,45,538,0.67,SURVEI_SIMULASI,ok,True
2026-09-08T18:00:00+07:00,S25,forward,28.4,45,538,0.67,SURVEI_SIMULASI,ok,True
2026-09-08T19:00:00+07:00,S25,forward,27.9,45,553,0.69,SURVEI_SIMULASI,ok,True
2026-09-09T06:00:00+07:00,S25,forward,34.1,45,351,0.44,SURVEI_SIMULASI,ok,True
2026-09-09T07:00:00+07:00,S25,forward,28.4,45,538,0.67,SURVEI_SIMULASI,ok,True
2026-09-09T08:00:00+07:00,S25,forward,29.4,45,506,0.63,SURVEI_SIMULASI,ok,True
2026-09-09T09:00:00+07:00,S25,forward,28.0,45,548,0.69,SURVEI_SIMULASI,ok,True
2026-09-09T10:00:00+07:00,S25,forward,33.8,45,362,0.45,SURVEI_SIMULASI,ok,True
2026-09-09T11:00:00+07:00,S25,forward,34.6,45,337,0.42,SURVEI_SIMULASI,ok,True
2026-09-09T12:00:00+07:00,S25,forward,35.5,45,308,0.38,SURVEI_SIMULASI,ok,True
2026-09-09T13:00:00+07:00,S25,forward,35.7,45,301,0.38,SURVEI_SIMULASI,ok,True
2026-09-09T14:00:00+07:00,S25,forward,34.1,45,351,0.44,SURVEI_SIMULASI,ok,True
2026-09-09T15:00:00+07:00,S25,forward,34.2,45,348,0.43,SURVEI_SIMULASI,ok,True
2026-09-09T16:00:00+07:00,S25,forward,30.3,45,475,0.59,SURVEI_SIMULASI,ok,True
2026-09-09T17:00:00+07:00,S25,forward,29.4,45,504,0.63,SURVEI_SIMULASI,ok,True
2026-09-09T18:00:00+07:00,S25,forward,27.4,45,568,0.71,SURVEI_SIMULASI,ok,True
2026-09-09T19:00:00+07:00,S25,forward,27.2,45,575,0.72,SURVEI_SIMULASI,ok,True
2026-09-03T06:00:00+07:00,S25,forward,33.7,45,365,0.46,SURVEI_SIMULASI,ok,True
2026-09-03T07:00:00+07:00,S25,forward,27.2,45,574,0.72,SURVEI_SIMULASI,ok,True
2026-09-03T08:00:00+07:00,S25,forward,26.5,45,599,0.75,SURVEI_SIMULASI,ok,True
2026-09-03T09:00:00+07:00,S25,forward,26.7,45,591,0.74,SURVEI_SIMULASI,ok,True
2026-09-03T10:00:00+07:00,S25,forward,34.1,45,351,0.44,SURVEI_SIMULASI,ok,True
2026-09-03T11:00:00+07:00,S25,forward,34.0,45,354,0.44,SURVEI_SIMULASI,ok,True
2026-09-03T12:00:00+07:00,S25,forward,35.6,45,305,0.38,SURVEI_SIMULASI,ok,True
2026-09-03T13:00:00+07:00,S25,forward,36.1,45,288,0.36,SURVEI_SIMULASI,ok,True
2026-09-03T14:00:00+07:00,S25,forward,34.2,45,350,0.44,SURVEI_SIMULASI,ok,True
2026-09-03T15:00:00+07:00,S25,forward,33.6,45,367,0.46,SURVEI_SIMULASI,ok,True
2026-09-03T16:00:00+07:00,S25,forward,30.0,45,483,0.6,SURVEI_SIMULASI,ok,True
2026-09-03T17:00:00+07:00,S25,forward,30.3,45,475,0.59,SURVEI_SIMULASI,ok,True
2026-09-03T18:00:00+07:00,S25,forward,28.4,45,538,0.67,SURVEI_SIMULASI,ok,True
2026-09-03T19:00:00+07:00,S25,forward,30.4,45,473,0.59,SURVEI_SIMULASI,ok,True
2026-09-04T06:00:00+07:00,S25,forward,33.3,45,377,0.47,SURVEI_SIMULASI,ok,True
2026-09-04T07:00:00+07:00,S25,forward,27.4,45,568,0.71,SURVEI_SIMULASI,ok,True
2026-09-04T08:00:00+07:00,S25,forward,28.6,45,530,0.66,SURVEI_SIMULASI,ok,True
2026-09-04T09:00:00+07:00,S25,forward,26.7,45,593,0.74,SURVEI_SIMULASI,ok,True
2026-09-04T10:00:00+07:00,S25,forward,34.2,45,350,0.44,SURVEI_SIMULASI,ok,True
2026-09-04T11:00:00+07:00,S25,forward,33.3,45,379,0.47,SURVEI_SIMULASI,ok,True
2026-09-04T12:00:00+07:00,S25,forward,35.3,45,313,0.39,SURVEI_SIMULASI,ok,True
2026-09-04T13:00:00+07:00,S25,forward,35.9,45,293,0.37,SURVEI_SIMULASI,ok,True
2026-09-04T14:00:00+07:00,S25,forward,34.6,45,335,0.42,SURVEI_SIMULASI,ok,True
2026-09-04T15:00:00+07:00,S25,forward,35.0,45,323,0.4,SURVEI_SIMULASI,ok,True
2026-09-04T16:00:00+07:00,S25,forward,27.3,45,573,0.72,SURVEI_SIMULASI,ok,True
2026-09-04T17:00:00+07:00,S25,forward,29.6,45,496,0.62,SURVEI_SIMULASI,ok,True
2026-09-04T18:00:00+07:00,S25,forward,29.9,45,489,0.61,SURVEI_SIMULASI,ok,True
2026-09-04T19:00:00+07:00,S25,forward,27.8,45,557,0.7,SURVEI_SIMULASI,ok,True
2026-09-05T06:00:00+07:00,S25,forward,34.0,45,356,0.44,SURVEI_SIMULASI,ok,True
2026-09-05T07:00:00+07:00,S25,forward,27.4,45,569,0.71,SURVEI_SIMULASI,ok,True
2026-09-05T08:00:00+07:00,S25,forward,29.1,45,515,0.64,SURVEI_SIMULASI,ok,True
2026-09-05T09:00:00+07:00,S25,forward,27.3,45,571,0.71,SURVEI_SIMULASI,ok,True
2026-09-05T10:00:00+07:00,S25,forward,34.0,45,354,0.44,SURVEI_SIMULASI,ok,True
2026-09-05T11:00:00+07:00,S25,forward,33.7,45,365,0.46,SURVEI_SIMULASI,ok,True
2026-09-05T12:00:00+07:00,S25,forward,34.9,45,328,0.41,SURVEI_SIMULASI,ok,True
2026-09-05T13:00:00+07:00,S25,forward,36.2,45,284,0.35,SURVEI_SIMULASI,ok,True
2026-09-05T14:00:00+07:00,S25,forward,34.8,45,331,0.41,SURVEI_SIMULASI,ok,True
2026-09-05T15:00:00+07:00,S25,forward,35.2,45,317,0.4,SURVEI_SIMULASI,ok,True
2026-09-05T16:00:00+07:00,S25,forward,27.6,45,564,0.7,SURVEI_SIMULASI,ok,True
2026-09-05T17:00:00+07:00,S25,forward,28.7,45,526,0.66,SURVEI_SIMULASI,ok,True
2026-09-05T18:00:00+07:00,S25,forward,29.4,45,505,0.63,SURVEI_SIMULASI,ok,True
2026-09-05T19:00:00+07:00,S25,forward,28.3,45,540,0.68,SURVEI_SIMULASI,ok,True
2026-09-06T06:00:00+07:00,S25,forward,35.2,45,316,0.4,SURVEI_SIMULASI,ok,True
2026-09-06T07:00:00+07:00,S25,forward,28.7,45,526,0.66,SURVEI_SIMULASI,ok,True
2026-09-06T08:00:00+07:00,S25,forward,29.9,45,487,0.61,SURVEI_SIMULASI,ok,True
2026-09-06T09:00:00+07:00,S25,forward,28.5,45,534,0.67,SURVEI_SIMULASI,ok,True
2026-09-06T10:00:00+07:00,S25,forward,35.7,45,301,0.38,SURVEI_SIMULASI,ok,True
2026-09-06T11:00:00+07:00,S25,forward,35.7,45,300,0.38,SURVEI_SIMULASI,ok,True
2026-09-06T12:00:00+07:00,S25,forward,36.1,45,288,0.36,SURVEI_SIMULASI,ok,True
2026-09-06T13:00:00+07:00,S25,forward,36.9,45,260,0.33,SURVEI_SIMULASI,ok,True
2026-09-06T14:00:00+07:00,S25,forward,34.6,45,337,0.42,SURVEI_SIMULASI,ok,True
2026-09-06T15:00:00+07:00,S25,forward,34.5,45,341,0.43,SURVEI_SIMULASI,ok,True
2026-09-06T16:00:00+07:00,S25,forward,29.9,45,488,0.61,SURVEI_SIMULASI,ok,True
2026-09-06T17:00:00+07:00,S25,forward,31.6,45,432,0.54,SURVEI_SIMULASI,ok,True
2026-09-06T18:00:00+07:00,S25,forward,30.4,45,472,0.59,SURVEI_SIMULASI,ok,True
2026-09-06T19:00:00+07:00,S25,forward,29.8,45,491,0.61,SURVEI_SIMULASI,ok,True
2026-09-07T06:00:00+07:00,S25,forward,36.0,45,290,0.36,SURVEI_SIMULASI,ok,True
2026-09-07T07:00:00+07:00,S25,forward,28.2,45,543,0.68,SURVEI_SIMULASI,ok,True
2026-09-07T08:00:00+07:00,S25,forward,30.9,45,456,0.57,SURVEI_SIMULASI,ok,True
2026-09-07T09:00:00+07:00,S25,forward,30.5,45,468,0.58,SURVEI_SIMULASI,ok,True
2026-09-07T10:00:00+07:00,S25,forward,36.0,45,292,0.37,SURVEI_SIMULASI,ok,True
2026-09-07T11:00:00+07:00,S25,forward,36.1,45,287,0.36,SURVEI_SIMULASI,ok,True
2026-09-07T12:00:00+07:00,S25,forward,37.1,45,256,0.32,SURVEI_SIMULASI,ok,True
2026-09-07T13:00:00+07:00,S25,forward,35.9,45,294,0.37,SURVEI_SIMULASI,ok,True
2026-09-07T14:00:00+07:00,S25,forward,35.1,45,321,0.4,SURVEI_SIMULASI,ok,True
2026-09-07T15:00:00+07:00,S25,forward,35.5,45,307,0.38,SURVEI_SIMULASI,ok,True
2026-09-07T16:00:00+07:00,S25,forward,30.6,45,464,0.58,SURVEI_SIMULASI,ok,True
2026-09-07T17:00:00+07:00,S25,forward,29.1,45,513,0.64,SURVEI_SIMULASI,ok,True
2026-09-07T18:00:00+07:00,S25,forward,29.2,45,512,0.64,SURVEI_SIMULASI,ok,True
2026-09-07T19:00:00+07:00,S25,forward,30.8,45,460,0.57,SURVEI_SIMULASI,ok,True
2026-09-01T06:00:00+07:00,S25,reverse,34.2,45,349,0.44,SURVEI_SIMULASI,ok,True
2026-09-01T07:00:00+07:00,S25,reverse,26.8,45,589,0.74,SURVEI_SIMULASI,ok,True
2026-09-01T08:00:00+07:00,S25,reverse,26.4,45,601,0.75,SURVEI_SIMULASI,ok,True
2026-09-01T09:00:00+07:00,S25,reverse,28.8,45,524,0.66,SURVEI_SIMULASI,ok,True
2026-09-01T10:00:00+07:00,S25,reverse,34.3,45,347,0.43,SURVEI_SIMULASI,ok,True
2026-09-01T11:00:00+07:00,S25,reverse,35.0,45,323,0.4,SURVEI_SIMULASI,ok,True
2026-09-01T12:00:00+07:00,S25,reverse,35.4,45,310,0.39,SURVEI_SIMULASI,ok,True
2026-09-01T13:00:00+07:00,S25,reverse,35.8,45,298,0.37,SURVEI_SIMULASI,ok,True
2026-09-01T14:00:00+07:00,S25,reverse,33.6,45,369,0.46,SURVEI_SIMULASI,ok,True
2026-09-01T15:00:00+07:00,S25,reverse,34.9,45,327,0.41,SURVEI_SIMULASI,ok,True
2026-09-01T16:00:00+07:00,S25,reverse,29.6,45,497,0.62,SURVEI_SIMULASI,ok,True
2026-09-01T17:00:00+07:00,S25,reverse,28.3,45,539,0.67,SURVEI_SIMULASI,ok,True
2026-09-01T18:00:00+07:00,S25,reverse,29.3,45,506,0.63,SURVEI_SIMULASI,ok,True
2026-09-01T19:00:00+07:00,S25,reverse,27.8,45,556,0.69,SURVEI_SIMULASI,ok,True
2026-09-02T06:00:00+07:00,S25,reverse,34.4,45,344,0.43,SURVEI_SIMULASI,ok,True
2026-09-02T07:00:00+07:00,S25,reverse,26.2,45,609,0.76,SURVEI_SIMULASI,ok,True
2026-09-02T08:00:00+07:00,S25,reverse,27.7,45,560,0.7,SURVEI_SIMULASI,ok,True
2026-09-02T09:00:00+07:00,S25,reverse,28.1,45,545,0.68,SURVEI_SIMULASI,ok,True
2026-09-02T10:00:00+07:00,S25,reverse,35.2,45,318,0.4,SURVEI_SIMULASI,ok,True
2026-09-02T11:00:00+07:00,S25,reverse,34.5,45,338,0.42,SURVEI_SIMULASI,ok,True
2026-09-02T12:00:00+07:00,S25,reverse,35.2,45,317,0.4,SURVEI_SIMULASI,ok,True
2026-09-02T13:00:00+07:00,S25,reverse,35.7,45,301,0.38,SURVEI_SIMULASI,ok,True
2026-09-02T14:00:00+07:00,S25,reverse,34.7,45,331,0.41,SURVEI_SIMULASI,ok,True
2026-09-02T15:00:00+07:00,S25,reverse,33.2,45,380,0.48,SURVEI_SIMULASI,ok,True
2026-09-02T16:00:00+07:00,S25,reverse,28.4,45,537,0.67,SURVEI_SIMULASI,ok,True
2026-09-02T17:00:00+07:00,S25,reverse,30.2,45,478,0.6,SURVEI_SIMULASI,ok,True
2026-09-02T18:00:00+07:00,S25,reverse,29.7,45,493,0.62,SURVEI_SIMULASI,ok,True
2026-09-02T19:00:00+07:00,S25,reverse,27.9,45,551,0.69,SURVEI_SIMULASI,ok,True
2026-09-08T06:00:00+07:00,S25,reverse,33.6,45,369,0.46,SURVEI_SIMULASI,ok,True
2026-09-08T07:00:00+07:00,S25,reverse,27.2,45,576,0.72,SURVEI_SIMULASI,ok,True
2026-09-08T08:00:00+07:00,S25,reverse,28.1,45,547,0.68,SURVEI_SIMULASI,ok,True
2026-09-08T09:00:00+07:00,S25,reverse,27.1,45,578,0.72,SURVEI_SIMULASI,ok,True
2026-09-08T10:00:00+07:00,S25,reverse,34.3,45,347,0.43,SURVEI_SIMULASI,ok,True
2026-09-08T11:00:00+07:00,S25,reverse,34.5,45,340,0.43,SURVEI_SIMULASI,ok,True
2026-09-08T12:00:00+07:00,S25,reverse,35.7,45,300,0.37,SURVEI_SIMULASI,ok,True
2026-09-08T13:00:00+07:00,S25,reverse,35.2,45,316,0.4,SURVEI_SIMULASI,ok,True
2026-09-08T14:00:00+07:00,S25,reverse,34.1,45,354,0.44,SURVEI_SIMULASI,ok,True
2026-09-08T15:00:00+07:00,S25,reverse,34.6,45,336,0.42,SURVEI_SIMULASI,ok,True
2026-09-08T16:00:00+07:00,S25,reverse,29.2,45,511,0.64,SURVEI_SIMULASI,ok,True
2026-09-08T17:00:00+07:00,S25,reverse,28.5,45,533,0.67,SURVEI_SIMULASI,ok,True
2026-09-08T18:00:00+07:00,S25,reverse,30.2,45,478,0.6,SURVEI_SIMULASI,ok,True
2026-09-08T19:00:00+07:00,S25,reverse,28.6,45,530,0.66,SURVEI_SIMULASI,ok,True
2026-09-09T06:00:00+07:00,S25,reverse,34.0,45,355,0.44,SURVEI_SIMULASI,ok,True
2026-09-09T07:00:00+07:00,S25,reverse,27.7,45,560,0.7,SURVEI_SIMULASI,ok,True
2026-09-09T08:00:00+07:00,S25,reverse,26.0,45,614,0.77,SURVEI_SIMULASI,ok,True
2026-09-09T09:00:00+07:00,S25,reverse,28.5,45,532,0.67,SURVEI_SIMULASI,ok,True
2026-09-09T10:00:00+07:00,S25,reverse,33.3,45,379,0.47,SURVEI_SIMULASI,ok,True
2026-09-09T11:00:00+07:00,S25,reverse,34.4,45,343,0.43,SURVEI_SIMULASI,ok,True
2026-09-09T12:00:00+07:00,S25,reverse,34.5,45,341,0.43,SURVEI_SIMULASI,ok,True
2026-09-09T13:00:00+07:00,S25,reverse,34.4,45,343,0.43,SURVEI_SIMULASI,ok,True
2026-09-09T14:00:00+07:00,S25,reverse,33.1,45,385,0.48,SURVEI_SIMULASI,ok,True
2026-09-09T15:00:00+07:00,S25,reverse,34.3,45,345,0.43,SURVEI_SIMULASI,ok,True
2026-09-09T16:00:00+07:00,S25,reverse,27.3,45,573,0.72,SURVEI_SIMULASI,ok,True
2026-09-09T17:00:00+07:00,S25,reverse,28.1,45,548,0.68,SURVEI_SIMULASI,ok,True
2026-09-09T18:00:00+07:00,S25,reverse,29.1,45,515,0.64,SURVEI_SIMULASI,ok,True
2026-09-09T19:00:00+07:00,S25,reverse,28.1,45,547,0.68,SURVEI_SIMULASI,ok,True
2026-09-03T06:00:00+07:00,S25,reverse,35.2,45,318,0.4,SURVEI_SIMULASI,ok,True
2026-09-03T07:00:00+07:00,S25,reverse,26.1,45,612,0.76,SURVEI_SIMULASI,ok,True
2026-09-03T08:00:00+07:00,S25,reverse,27.0,45,582,0.73,SURVEI_SIMULASI,ok,True
2026-09-03T09:00:00+07:00,S25,reverse,26.9,45,585,0.73,SURVEI_SIMULASI,ok,True
2026-09-03T10:00:00+07:00,S25,reverse,34.0,45,356,0.45,SURVEI_SIMULASI,ok,True
2026-09-03T11:00:00+07:00,S25,reverse,34.7,45,333,0.42,SURVEI_SIMULASI,ok,True
2026-09-03T12:00:00+07:00,S25,reverse,34.3,45,345,0.43,SURVEI_SIMULASI,ok,True
2026-09-03T13:00:00+07:00,S25,reverse,35.1,45,319,0.4,SURVEI_SIMULASI,ok,True
2026-09-03T14:00:00+07:00,S25,reverse,35.0,45,324,0.4,SURVEI_SIMULASI,ok,True
2026-09-03T15:00:00+07:00,S25,reverse,33.1,45,384,0.48,SURVEI_SIMULASI,ok,True
2026-09-03T16:00:00+07:00,S25,reverse,28.3,45,541,0.68,SURVEI_SIMULASI,ok,True
2026-09-03T17:00:00+07:00,S25,reverse,29.1,45,514,0.64,SURVEI_SIMULASI,ok,True
2026-09-03T18:00:00+07:00,S25,reverse,28.4,45,537,0.67,SURVEI_SIMULASI,ok,True
2026-09-03T19:00:00+07:00,S25,reverse,29.7,45,494,0.62,SURVEI_SIMULASI,ok,True
2026-09-04T06:00:00+07:00,S25,reverse,33.5,45,370,0.46,SURVEI_SIMULASI,ok,True
2026-09-04T07:00:00+07:00,S25,reverse,27.6,45,563,0.7,SURVEI_SIMULASI,ok,True
2026-09-04T08:00:00+07:00,S25,reverse,26.7,45,593,0.74,SURVEI_SIMULASI,ok,True
2026-09-04T09:00:00+07:00,S25,reverse,28.7,45,527,0.66,SURVEI_SIMULASI,ok,True
2026-09-04T10:00:00+07:00,S25,reverse,33.7,45,366,0.46,SURVEI_SIMULASI,ok,True
2026-09-04T11:00:00+07:00,S25,reverse,33.9,45,360,0.45,SURVEI_SIMULASI,ok,True
2026-09-04T12:00:00+07:00,S25,reverse,35.2,45,316,0.4,SURVEI_SIMULASI,ok,True
2026-09-04T13:00:00+07:00,S25,reverse,35.8,45,298,0.37,SURVEI_SIMULASI,ok,True
2026-09-04T14:00:00+07:00,S25,reverse,35.1,45,321,0.4,SURVEI_SIMULASI,ok,True
2026-09-04T15:00:00+07:00,S25,reverse,33.3,45,377,0.47,SURVEI_SIMULASI,ok,True
2026-09-04T16:00:00+07:00,S25,reverse,29.8,45,491,0.61,SURVEI_SIMULASI,ok,True
2026-09-04T17:00:00+07:00,S25,reverse,29.0,45,517,0.65,SURVEI_SIMULASI,ok,True
2026-09-04T18:00:00+07:00,S25,reverse,30.3,45,476,0.6,SURVEI_SIMULASI,ok,True
2026-09-04T19:00:00+07:00,S25,reverse,28.9,45,519,0.65,SURVEI_SIMULASI,ok,True
2026-09-05T06:00:00+07:00,S25,reverse,34.3,45,346,0.43,SURVEI_SIMULASI,ok,True
2026-09-05T07:00:00+07:00,S25,reverse,28.0,45,550,0.69,SURVEI_SIMULASI,ok,True
2026-09-05T08:00:00+07:00,S25,reverse,29.1,45,514,0.64,SURVEI_SIMULASI,ok,True
2026-09-05T09:00:00+07:00,S25,reverse,27.0,45,582,0.73,SURVEI_SIMULASI,ok,True
2026-09-05T10:00:00+07:00,S25,reverse,34.1,45,352,0.44,SURVEI_SIMULASI,ok,True
2026-09-05T11:00:00+07:00,S25,reverse,35.2,45,316,0.4,SURVEI_SIMULASI,ok,True
2026-09-05T12:00:00+07:00,S25,reverse,35.9,45,295,0.37,SURVEI_SIMULASI,ok,True
2026-09-05T13:00:00+07:00,S25,reverse,34.7,45,334,0.42,SURVEI_SIMULASI,ok,True
2026-09-05T14:00:00+07:00,S25,reverse,34.1,45,352,0.44,SURVEI_SIMULASI,ok,True
2026-09-05T15:00:00+07:00,S25,reverse,34.1,45,352,0.44,SURVEI_SIMULASI,ok,True
2026-09-05T16:00:00+07:00,S25,reverse,29.7,45,493,0.62,SURVEI_SIMULASI,ok,True
2026-09-05T17:00:00+07:00,S25,reverse,29.6,45,496,0.62,SURVEI_SIMULASI,ok,True
2026-09-05T18:00:00+07:00,S25,reverse,29.1,45,515,0.64,SURVEI_SIMULASI,ok,True
2026-09-05T19:00:00+07:00,S25,reverse,29.8,45,492,0.62,SURVEI_SIMULASI,ok,True
2026-09-06T06:00:00+07:00,S25,reverse,34.7,45,332,0.42,SURVEI_SIMULASI,ok,True
2026-09-06T07:00:00+07:00,S25,reverse,29.3,45,507,0.63,SURVEI_SIMULASI,ok,True
2026-09-06T08:00:00+07:00,S25,reverse,29.7,45,494,0.62,SURVEI_SIMULASI,ok,True
2026-09-06T09:00:00+07:00,S25,reverse,30.2,45,479,0.6,SURVEI_SIMULASI,ok,True
2026-09-06T10:00:00+07:00,S25,reverse,34.5,45,339,0.42,SURVEI_SIMULASI,ok,True
2026-09-06T11:00:00+07:00,S25,reverse,36.1,45,287,0.36,SURVEI_SIMULASI,ok,True
2026-09-06T12:00:00+07:00,S25,reverse,35.6,45,305,0.38,SURVEI_SIMULASI,ok,True
2026-09-06T13:00:00+07:00,S25,reverse,36.2,45,284,0.35,SURVEI_SIMULASI,ok,True
2026-09-06T14:00:00+07:00,S25,reverse,35.5,45,307,0.38,SURVEI_SIMULASI,ok,True
2026-09-06T15:00:00+07:00,S25,reverse,35.1,45,318,0.4,SURVEI_SIMULASI,ok,True
2026-09-06T16:00:00+07:00,S25,reverse,30.7,45,461,0.58,SURVEI_SIMULASI,ok,True
2026-09-06T17:00:00+07:00,S25,reverse,30.8,45,460,0.57,SURVEI_SIMULASI,ok,True
2026-09-06T18:00:00+07:00,S25,reverse,29.2,45,511,0.64,SURVEI_SIMULASI,ok,True
2026-09-06T19:00:00+07:00,S25,reverse,30.2,45,479,0.6,SURVEI_SIMULASI,ok,True
2026-09-07T06:00:00+07:00,S25,reverse,35.7,45,300,0.38,SURVEI_SIMULASI,ok,True
2026-09-07T07:00:00+07:00,S25,reverse,29.9,45,489,0.61,SURVEI_SIMULASI,ok,True
2026-09-07T08:00:00+07:00,S25,reverse,29.5,45,501,0.63,SURVEI_SIMULASI,ok,True
2026-09-07T09:00:00+07:00,S25,reverse,30.4,45,473,0.59,SURVEI_SIMULASI,ok,True
2026-09-07T10:00:00+07:00,S25,reverse,35.9,45,293,0.37,SURVEI_SIMULASI,ok,True
2026-09-07T11:00:00+07:00,S25,reverse,36.1,45,288,0.36,SURVEI_SIMULASI,ok,True
2026-09-07T12:00:00+07:00,S25,reverse,37.1,45,257,0.32,SURVEI_SIMULASI,ok,True
2026-09-07T13:00:00+07:00,S25,reverse,36.5,45,276,0.35,SURVEI_SIMULASI,ok,True
2026-09-07T14:00:00+07:00,S25,reverse,35.2,45,317,0.4,SURVEI_SIMULASI,ok,True
2026-09-07T15:00:00+07:00,S25,reverse,35.1,45,319,0.4,SURVEI_SIMULASI,ok,True
2026-09-07T16:00:00+07:00,S25,reverse,30.5,45,470,0.59,SURVEI_SIMULASI,ok,True
2026-09-07T17:00:00+07:00,S25,reverse,29.8,45,492,0.62,SURVEI_SIMULASI,ok,True
2026-09-07T18:00:00+07:00,S25,reverse,31.6,45,434,0.54,SURVEI_SIMULASI,ok,True
2026-09-07T19:00:00+07:00,S25,reverse,28.9,45,519,0.65,SURVEI_SIMULASI,ok,True
2026-09-01T06:00:00+07:00,S26,forward,34.5,45,339,0.42,SURVEI_SIMULASI,ok,True
2026-09-01T07:00:00+07:00,S26,forward,27.9,45,552,0.69,SURVEI_SIMULASI,ok,True
2026-09-01T08:00:00+07:00,S26,forward,25.7,45,625,0.78,SURVEI_SIMULASI,ok,True
2026-09-01T09:00:00+07:00,S26,forward,26.6,45,595,0.74,SURVEI_SIMULASI,ok,True
2026-09-01T10:00:00+07:00,S26,forward,34.0,45,355,0.44,SURVEI_SIMULASI,ok,True
2026-09-01T11:00:00+07:00,S26,forward,34.9,45,327,0.41,SURVEI_SIMULASI,ok,True
2026-09-01T12:00:00+07:00,S26,forward,34.9,45,325,0.41,SURVEI_SIMULASI,ok,True
2026-09-01T13:00:00+07:00,S26,forward,35.4,45,310,0.39,SURVEI_SIMULASI,ok,True
2026-09-01T14:00:00+07:00,S26,forward,35.0,45,323,0.4,SURVEI_SIMULASI,ok,True
2026-09-01T15:00:00+07:00,S26,forward,34.6,45,337,0.42,SURVEI_SIMULASI,ok,True
2026-09-01T16:00:00+07:00,S26,forward,28.0,45,548,0.69,SURVEI_SIMULASI,ok,True
2026-09-01T17:00:00+07:00,S26,forward,28.6,45,531,0.66,SURVEI_SIMULASI,ok,True
2026-09-01T18:00:00+07:00,S26,forward,27.8,45,555,0.69,SURVEI_SIMULASI,ok,True
2026-09-01T19:00:00+07:00,S26,forward,27.4,45,570,0.71,SURVEI_SIMULASI,ok,True
2026-09-02T06:00:00+07:00,S26,forward,34.4,45,341,0.43,SURVEI_SIMULASI,ok,True
2026-09-02T07:00:00+07:00,S26,forward,27.1,45,580,0.72,SURVEI_SIMULASI,ok,True
2026-09-02T08:00:00+07:00,S26,forward,27.0,45,583,0.73,SURVEI_SIMULASI,ok,True
2026-09-02T09:00:00+07:00,S26,forward,28.5,45,534,0.67,SURVEI_SIMULASI,ok,True
2026-09-02T10:00:00+07:00,S26,forward,34.7,45,333,0.42,SURVEI_SIMULASI,ok,True
2026-09-02T11:00:00+07:00,S26,forward,34.4,45,344,0.43,SURVEI_SIMULASI,ok,True
2026-09-02T12:00:00+07:00,S26,forward,34.8,45,330,0.41,SURVEI_SIMULASI,ok,True
2026-09-02T13:00:00+07:00,S26,forward,35.6,45,302,0.38,SURVEI_SIMULASI,ok,True
2026-09-02T14:00:00+07:00,S26,forward,32.9,45,392,0.49,SURVEI_SIMULASI,ok,True
2026-09-02T15:00:00+07:00,S26,forward,34.9,45,325,0.41,SURVEI_SIMULASI,ok,True
2026-09-02T16:00:00+07:00,S26,forward,29.2,45,510,0.64,SURVEI_SIMULASI,ok,True
2026-09-02T17:00:00+07:00,S26,forward,29.3,45,509,0.64,SURVEI_SIMULASI,ok,True
2026-09-02T18:00:00+07:00,S26,forward,27.2,45,576,0.72,SURVEI_SIMULASI,ok,True
2026-09-02T19:00:00+07:00,S26,forward,28.7,45,528,0.66,SURVEI_SIMULASI,ok,True
2026-09-08T06:00:00+07:00,S26,forward,35.0,45,323,0.4,SURVEI_SIMULASI,ok,True
2026-09-08T07:00:00+07:00,S26,forward,28.8,45,524,0.65,SURVEI_SIMULASI,ok,True
2026-09-08T08:00:00+07:00,S26,forward,27.9,45,552,0.69,SURVEI_SIMULASI,ok,True
2026-09-08T09:00:00+07:00,S26,forward,26.7,45,592,0.74,SURVEI_SIMULASI,ok,True
2026-09-08T10:00:00+07:00,S26,forward,33.4,45,374,0.47,SURVEI_SIMULASI,ok,True
2026-09-08T11:00:00+07:00,S26,forward,34.1,45,351,0.44,SURVEI_SIMULASI,ok,True
2026-09-08T12:00:00+07:00,S26,forward,34.2,45,348,0.44,SURVEI_SIMULASI,ok,True
2026-09-08T13:00:00+07:00,S26,forward,35.1,45,320,0.4,SURVEI_SIMULASI,ok,True
2026-09-08T14:00:00+07:00,S26,forward,34.4,45,343,0.43,SURVEI_SIMULASI,ok,True
2026-09-08T15:00:00+07:00,S26,forward,33.2,45,381,0.48,SURVEI_SIMULASI,ok,True
2026-09-08T16:00:00+07:00,S26,forward,27.9,45,554,0.69,SURVEI_SIMULASI,ok,True
2026-09-08T17:00:00+07:00,S26,forward,27.4,45,570,0.71,SURVEI_SIMULASI,ok,True
2026-09-08T18:00:00+07:00,S26,forward,28.5,45,534,0.67,SURVEI_SIMULASI,ok,True
2026-09-08T19:00:00+07:00,S26,forward,29.7,45,494,0.62,SURVEI_SIMULASI,ok,True
2026-09-09T06:00:00+07:00,S26,forward,33.1,45,384,0.48,SURVEI_SIMULASI,ok,True
2026-09-09T07:00:00+07:00,S26,forward,28.6,45,530,0.66,SURVEI_SIMULASI,ok,True
2026-09-09T08:00:00+07:00,S26,forward,27.6,45,562,0.7,SURVEI_SIMULASI,ok,True
2026-09-09T09:00:00+07:00,S26,forward,26.6,45,596,0.74,SURVEI_SIMULASI,ok,True
2026-09-09T10:00:00+07:00,S26,forward,33.1,45,385,0.48,SURVEI_SIMULASI,ok,True
2026-09-09T11:00:00+07:00,S26,forward,32.9,45,392,0.49,SURVEI_SIMULASI,ok,True
2026-09-09T12:00:00+07:00,S26,forward,35.0,45,322,0.4,SURVEI_SIMULASI,ok,True
2026-09-09T13:00:00+07:00,S26,forward,34.0,45,354,0.44,SURVEI_SIMULASI,ok,True
2026-09-09T14:00:00+07:00,S26,forward,33.5,45,371,0.46,SURVEI_SIMULASI,ok,True
2026-09-09T15:00:00+07:00,S26,forward,34.2,45,349,0.44,SURVEI_SIMULASI,ok,True
2026-09-09T16:00:00+07:00,S26,forward,28.0,45,549,0.69,SURVEI_SIMULASI,ok,True
2026-09-09T17:00:00+07:00,S26,forward,28.9,45,520,0.65,SURVEI_SIMULASI,ok,True
2026-09-09T18:00:00+07:00,S26,forward,29.4,45,506,0.63,SURVEI_SIMULASI,ok,True
2026-09-09T19:00:00+07:00,S26,forward,29.8,45,491,0.61,SURVEI_SIMULASI,ok,True
2026-09-03T06:00:00+07:00,S26,forward,34.5,45,339,0.42,SURVEI_SIMULASI,ok,True
2026-09-03T07:00:00+07:00,S26,forward,27.0,45,581,0.73,SURVEI_SIMULASI,ok,True
2026-09-03T08:00:00+07:00,S26,forward,28.2,45,542,0.68,SURVEI_SIMULASI,ok,True
2026-09-03T09:00:00+07:00,S26,forward,26.4,45,602,0.75,SURVEI_SIMULASI,ok,True
2026-09-03T10:00:00+07:00,S26,forward,34.3,45,347,0.43,SURVEI_SIMULASI,ok,True
2026-09-03T11:00:00+07:00,S26,forward,34.2,45,350,0.44,SURVEI_SIMULASI,ok,True
2026-09-03T12:00:00+07:00,S26,forward,34.7,45,334,0.42,SURVEI_SIMULASI,ok,True
2026-09-03T13:00:00+07:00,S26,forward,35.5,45,308,0.39,SURVEI_SIMULASI,ok,True
2026-09-03T14:00:00+07:00,S26,forward,34.1,45,354,0.44,SURVEI_SIMULASI,ok,True
2026-09-03T15:00:00+07:00,S26,forward,33.8,45,363,0.45,SURVEI_SIMULASI,ok,True
2026-09-03T16:00:00+07:00,S26,forward,28.8,45,524,0.66,SURVEI_SIMULASI,ok,True
2026-09-03T17:00:00+07:00,S26,forward,30.0,45,485,0.61,SURVEI_SIMULASI,ok,True
2026-09-03T18:00:00+07:00,S26,forward,29.1,45,514,0.64,SURVEI_SIMULASI,ok,True
2026-09-03T19:00:00+07:00,S26,forward,27.5,45,565,0.71,SURVEI_SIMULASI,ok,True
2026-09-04T06:00:00+07:00,S26,forward,33.7,45,366,0.46,SURVEI_SIMULASI,ok,True
2026-09-04T07:00:00+07:00,S26,forward,28.3,45,541,0.68,SURVEI_SIMULASI,ok,True
2026-09-04T08:00:00+07:00,S26,forward,27.3,45,571,0.71,SURVEI_SIMULASI,ok,True
2026-09-04T09:00:00+07:00,S26,forward,26.0,45,615,0.77,SURVEI_SIMULASI,ok,True
2026-09-04T10:00:00+07:00,S26,forward,34.2,45,349,0.44,SURVEI_SIMULASI,ok,True
2026-09-04T11:00:00+07:00,S26,forward,34.5,45,338,0.42,SURVEI_SIMULASI,ok,True
2026-09-04T12:00:00+07:00,S26,forward,34.2,45,349,0.44,SURVEI_SIMULASI,ok,True
2026-09-04T13:00:00+07:00,S26,forward,35.1,45,319,0.4,SURVEI_SIMULASI,ok,True
2026-09-04T14:00:00+07:00,S26,forward,33.0,45,389,0.49,SURVEI_SIMULASI,ok,True
2026-09-04T15:00:00+07:00,S26,forward,33.6,45,368,0.46,SURVEI_SIMULASI,ok,True
2026-09-04T16:00:00+07:00,S26,forward,26.8,45,589,0.74,SURVEI_SIMULASI,ok,True
2026-09-04T17:00:00+07:00,S26,forward,29.7,45,495,0.62,SURVEI_SIMULASI,ok,True
2026-09-04T18:00:00+07:00,S26,forward,27.8,45,556,0.69,SURVEI_SIMULASI,ok,True
2026-09-04T19:00:00+07:00,S26,forward,29.8,45,492,0.62,SURVEI_SIMULASI,ok,True
2026-09-05T06:00:00+07:00,S26,forward,32.9,45,391,0.49,SURVEI_SIMULASI,ok,True
2026-09-05T07:00:00+07:00,S26,forward,26.7,45,593,0.74,SURVEI_SIMULASI,ok,True
2026-09-05T08:00:00+07:00,S26,forward,25.9,45,616,0.77,SURVEI_SIMULASI,ok,True
2026-09-05T09:00:00+07:00,S26,forward,26.2,45,607,0.76,SURVEI_SIMULASI,ok,True
2026-09-05T10:00:00+07:00,S26,forward,33.1,45,383,0.48,SURVEI_SIMULASI,ok,True
2026-09-05T11:00:00+07:00,S26,forward,33.5,45,371,0.46,SURVEI_SIMULASI,ok,True
2026-09-05T12:00:00+07:00,S26,forward,34.7,45,333,0.42,SURVEI_SIMULASI,ok,True
2026-09-05T13:00:00+07:00,S26,forward,34.8,45,329,0.41,SURVEI_SIMULASI,ok,True
2026-09-05T14:00:00+07:00,S26,forward,33.1,45,384,0.48,SURVEI_SIMULASI,ok,True
2026-09-05T15:00:00+07:00,S26,forward,33.5,45,372,0.46,SURVEI_SIMULASI,ok,True
2026-09-05T16:00:00+07:00,S26,forward,29.6,45,498,0.62,SURVEI_SIMULASI,ok,True
2026-09-05T17:00:00+07:00,S26,forward,28.3,45,539,0.67,SURVEI_SIMULASI,ok,True
2026-09-05T18:00:00+07:00,S26,forward,29.1,45,512,0.64,SURVEI_SIMULASI,ok,True
2026-09-05T19:00:00+07:00,S26,forward,28.8,45,523,0.65,SURVEI_SIMULASI,ok,True
2026-09-06T06:00:00+07:00,S26,forward,35.9,45,294,0.37,SURVEI_SIMULASI,ok,True
2026-09-06T07:00:00+07:00,S26,forward,28.9,45,520,0.65,SURVEI_SIMULASI,ok,True
2026-09-06T08:00:00+07:00,S26,forward,27.5,45,565,0.71,SURVEI_SIMULASI,ok,True
2026-09-06T09:00:00+07:00,S26,forward,30.4,45,471,0.59,SURVEI_SIMULASI,ok,True
2026-09-06T10:00:00+07:00,S26,forward,35.5,45,307,0.38,SURVEI_SIMULASI,ok,True
2026-09-06T11:00:00+07:00,S26,forward,35.3,45,313,0.39,SURVEI_SIMULASI,ok,True
2026-09-06T12:00:00+07:00,S26,forward,35.5,45,308,0.39,SURVEI_SIMULASI,ok,True
2026-09-06T13:00:00+07:00,S26,forward,36.0,45,289,0.36,SURVEI_SIMULASI,ok,True
2026-09-06T14:00:00+07:00,S26,forward,34.7,45,334,0.42,SURVEI_SIMULASI,ok,True
2026-09-06T15:00:00+07:00,S26,forward,34.3,45,345,0.43,SURVEI_SIMULASI,ok,True
2026-09-06T16:00:00+07:00,S26,forward,31.5,45,436,0.55,SURVEI_SIMULASI,ok,True
2026-09-06T17:00:00+07:00,S26,forward,30.3,45,476,0.59,SURVEI_SIMULASI,ok,True
2026-09-06T18:00:00+07:00,S26,forward,28.6,45,530,0.66,SURVEI_SIMULASI,ok,True
2026-09-06T19:00:00+07:00,S26,forward,30.9,45,455,0.57,SURVEI_SIMULASI,ok,True
2026-09-07T06:00:00+07:00,S26,forward,34.3,45,345,0.43,SURVEI_SIMULASI,ok,True
2026-09-07T07:00:00+07:00,S26,forward,29.8,45,493,0.62,SURVEI_SIMULASI,ok,True
2026-09-07T08:00:00+07:00,S26,forward,29.4,45,503,0.63,SURVEI_SIMULASI,ok,True
2026-09-07T09:00:00+07:00,S26,forward,28.1,45,547,0.68,SURVEI_SIMULASI,ok,True
2026-09-07T10:00:00+07:00,S26,forward,36.0,45,290,0.36,SURVEI_SIMULASI,ok,True
2026-09-07T11:00:00+07:00,S26,forward,35.2,45,315,0.39,SURVEI_SIMULASI,ok,True
2026-09-07T12:00:00+07:00,S26,forward,35.7,45,302,0.38,SURVEI_SIMULASI,ok,True
2026-09-07T13:00:00+07:00,S26,forward,36.5,45,275,0.34,SURVEI_SIMULASI,ok,True
2026-09-07T14:00:00+07:00,S26,forward,34.0,45,354,0.44,SURVEI_SIMULASI,ok,True
2026-09-07T15:00:00+07:00,S26,forward,34.9,45,326,0.41,SURVEI_SIMULASI,ok,True
2026-09-07T16:00:00+07:00,S26,forward,30.9,45,457,0.57,SURVEI_SIMULASI,ok,True
2026-09-07T17:00:00+07:00,S26,forward,30.8,45,460,0.57,SURVEI_SIMULASI,ok,True
2026-09-07T18:00:00+07:00,S26,forward,31.3,45,442,0.55,SURVEI_SIMULASI,ok,True
2026-09-07T19:00:00+07:00,S26,forward,30.6,45,466,0.58,SURVEI_SIMULASI,ok,True
2026-09-01T06:00:00+07:00,S26,reverse,33.5,45,371,0.46,SURVEI_SIMULASI,ok,True
2026-09-01T07:00:00+07:00,S26,reverse,28.5,45,532,0.67,SURVEI_SIMULASI,ok,True
2026-09-01T08:00:00+07:00,S26,reverse,29.0,45,518,0.65,SURVEI_SIMULASI,ok,True
2026-09-01T09:00:00+07:00,S26,reverse,28.3,45,541,0.68,SURVEI_SIMULASI,ok,True
2026-09-01T10:00:00+07:00,S26,reverse,33.3,45,379,0.47,SURVEI_SIMULASI,ok,True
2026-09-01T11:00:00+07:00,S26,reverse,33.2,45,382,0.48,SURVEI_SIMULASI,ok,True
2026-09-01T12:00:00+07:00,S26,reverse,34.8,45,330,0.41,SURVEI_SIMULASI,ok,True
2026-09-01T13:00:00+07:00,S26,reverse,34.7,45,333,0.42,SURVEI_SIMULASI,ok,True
2026-09-01T14:00:00+07:00,S26,reverse,34.1,45,352,0.44,SURVEI_SIMULASI,ok,True
2026-09-01T15:00:00+07:00,S26,reverse,33.0,45,388,0.48,SURVEI_SIMULASI,ok,True
2026-09-01T16:00:00+07:00,S26,reverse,27.0,45,582,0.73,SURVEI_SIMULASI,ok,True
2026-09-01T17:00:00+07:00,S26,reverse,29.7,45,495,0.62,SURVEI_SIMULASI,ok,True
2026-09-01T18:00:00+07:00,S26,reverse,26.9,45,585,0.73,SURVEI_SIMULASI,ok,True
2026-09-01T19:00:00+07:00,S26,reverse,27.9,45,552,0.69,SURVEI_SIMULASI,ok,True
2026-09-02T06:00:00+07:00,S26,reverse,34.7,45,333,0.42,SURVEI_SIMULASI,ok,True
2026-09-02T07:00:00+07:00,S26,reverse,28.2,45,544,0.68,SURVEI_SIMULASI,ok,True
2026-09-02T08:00:00+07:00,S26,reverse,27.2,45,575,0.72,SURVEI_SIMULASI,ok,True
2026-09-02T09:00:00+07:00,S26,reverse,26.6,45,594,0.74,SURVEI_SIMULASI,ok,True
2026-09-02T10:00:00+07:00,S26,reverse,33.3,45,379,0.47,SURVEI_SIMULASI,ok,True
2026-09-02T11:00:00+07:00,S26,reverse,34.9,45,328,0.41,SURVEI_SIMULASI,ok,True
2026-09-02T12:00:00+07:00,S26,reverse,35.5,45,308,0.38,SURVEI_SIMULASI,ok,True
2026-09-02T13:00:00+07:00,S26,reverse,34.8,45,329,0.41,SURVEI_SIMULASI,ok,True
2026-09-02T14:00:00+07:00,S26,reverse,34.6,45,335,0.42,SURVEI_SIMULASI,ok,True
2026-09-02T15:00:00+07:00,S26,reverse,34.8,45,329,0.41,SURVEI_SIMULASI,ok,True
2026-09-02T16:00:00+07:00,S26,reverse,28.4,45,537,0.67,SURVEI_SIMULASI,ok,True
2026-09-02T17:00:00+07:00,S26,reverse,28.7,45,527,0.66,SURVEI_SIMULASI,ok,True
2026-09-02T18:00:00+07:00,S26,reverse,28.1,45,548,0.68,SURVEI_SIMULASI,ok,True
2026-09-02T19:00:00+07:00,S26,reverse,29.5,45,500,0.62,SURVEI_SIMULASI,ok,True
2026-09-08T06:00:00+07:00,S26,reverse,34.0,45,355,0.44,SURVEI_SIMULASI,ok,True
2026-09-08T07:00:00+07:00,S26,reverse,29.0,45,518,0.65,SURVEI_SIMULASI,ok,True
2026-09-08T08:00:00+07:00,S26,reverse,25.7,45,624,0.78,SURVEI_SIMULASI,ok,True
2026-09-08T09:00:00+07:00,S26,reverse,26.9,45,586,0.73,SURVEI_SIMULASI,ok,True
2026-09-08T10:00:00+07:00,S26,reverse,33.6,45,367,0.46,SURVEI_SIMULASI,ok,True
2026-09-08T11:00:00+07:00,S26,reverse,32.9,45,391,0.49,SURVEI_SIMULASI,ok,True
2026-09-08T12:00:00+07:00,S26,reverse,34.5,45,340,0.43,SURVEI_SIMULASI,ok,True
2026-09-08T13:00:00+07:00,S26,reverse,34.5,45,339,0.42,SURVEI_SIMULASI,ok,True
2026-09-08T14:00:00+07:00,S26,reverse,34.3,45,344,0.43,SURVEI_SIMULASI,ok,True
2026-09-08T15:00:00+07:00,S26,reverse,34.5,45,340,0.43,SURVEI_SIMULASI,ok,True
2026-09-08T16:00:00+07:00,S26,reverse,28.4,45,535,0.67,SURVEI_SIMULASI,ok,True
2026-09-08T17:00:00+07:00,S26,reverse,28.2,45,544,0.68,SURVEI_SIMULASI,ok,True
2026-09-08T18:00:00+07:00,S26,reverse,27.5,45,564,0.71,SURVEI_SIMULASI,ok,True
2026-09-08T19:00:00+07:00,S26,reverse,29.2,45,510,0.64,SURVEI_SIMULASI,ok,True
2026-09-09T06:00:00+07:00,S26,reverse,34.5,45,340,0.42,SURVEI_SIMULASI,ok,True
2026-09-09T07:00:00+07:00,S26,reverse,26.3,45,604,0.76,SURVEI_SIMULASI,ok,True
2026-09-09T08:00:00+07:00,S26,reverse,26.8,45,588,0.74,SURVEI_SIMULASI,ok,True
2026-09-09T09:00:00+07:00,S26,reverse,28.7,45,525,0.66,SURVEI_SIMULASI,ok,True
2026-09-09T10:00:00+07:00,S26,reverse,34.9,45,328,0.41,SURVEI_SIMULASI,ok,True
2026-09-09T11:00:00+07:00,S26,reverse,32.8,45,394,0.49,SURVEI_SIMULASI,ok,True
2026-09-09T12:00:00+07:00,S26,reverse,34.6,45,335,0.42,SURVEI_SIMULASI,ok,True
2026-09-09T13:00:00+07:00,S26,reverse,35.4,45,310,0.39,SURVEI_SIMULASI,ok,True
2026-09-09T14:00:00+07:00,S26,reverse,34.9,45,327,0.41,SURVEI_SIMULASI,ok,True
2026-09-09T15:00:00+07:00,S26,reverse,33.8,45,362,0.45,SURVEI_SIMULASI,ok,True
2026-09-09T16:00:00+07:00,S26,reverse,27.2,45,574,0.72,SURVEI_SIMULASI,ok,True
2026-09-09T17:00:00+07:00,S26,reverse,29.2,45,512,0.64,SURVEI_SIMULASI,ok,True
2026-09-09T18:00:00+07:00,S26,reverse,29.8,45,492,0.61,SURVEI_SIMULASI,ok,True
2026-09-09T19:00:00+07:00,S26,reverse,29.0,45,516,0.65,SURVEI_SIMULASI,ok,True
2026-09-03T06:00:00+07:00,S26,reverse,33.7,45,365,0.46,SURVEI_SIMULASI,ok,True
2026-09-03T07:00:00+07:00,S26,reverse,27.2,45,576,0.72,SURVEI_SIMULASI,ok,True
2026-09-03T08:00:00+07:00,S26,reverse,26.5,45,596,0.75,SURVEI_SIMULASI,ok,True
2026-09-03T09:00:00+07:00,S26,reverse,25.9,45,617,0.77,SURVEI_SIMULASI,ok,True
2026-09-03T10:00:00+07:00,S26,reverse,34.8,45,331,0.41,SURVEI_SIMULASI,ok,True
2026-09-03T11:00:00+07:00,S26,reverse,33.8,45,361,0.45,SURVEI_SIMULASI,ok,True
2026-09-03T12:00:00+07:00,S26,reverse,34.7,45,333,0.42,SURVEI_SIMULASI,ok,True
2026-09-03T13:00:00+07:00,S26,reverse,35.9,45,293,0.37,SURVEI_SIMULASI,ok,True
2026-09-03T14:00:00+07:00,S26,reverse,34.8,45,330,0.41,SURVEI_SIMULASI,ok,True
2026-09-03T15:00:00+07:00,S26,reverse,34.3,45,347,0.43,SURVEI_SIMULASI,ok,True
2026-09-03T16:00:00+07:00,S26,reverse,27.6,45,563,0.7,SURVEI_SIMULASI,ok,True
2026-09-03T17:00:00+07:00,S26,reverse,29.0,45,517,0.65,SURVEI_SIMULASI,ok,True
2026-09-03T18:00:00+07:00,S26,reverse,28.5,45,534,0.67,SURVEI_SIMULASI,ok,True
2026-09-03T19:00:00+07:00,S26,reverse,29.8,45,491,0.61,SURVEI_SIMULASI,ok,True
2026-09-04T06:00:00+07:00,S26,reverse,35.0,45,324,0.41,SURVEI_SIMULASI,ok,True
2026-09-04T07:00:00+07:00,S26,reverse,28.0,45,548,0.69,SURVEI_SIMULASI,ok,True
2026-09-04T08:00:00+07:00,S26,reverse,28.5,45,533,0.67,SURVEI_SIMULASI,ok,True
2026-09-04T09:00:00+07:00,S26,reverse,28.4,45,537,0.67,SURVEI_SIMULASI,ok,True
2026-09-04T10:00:00+07:00,S26,reverse,33.5,45,371,0.46,SURVEI_SIMULASI,ok,True
2026-09-04T11:00:00+07:00,S26,reverse,34.4,45,342,0.43,SURVEI_SIMULASI,ok,True
2026-09-04T12:00:00+07:00,S26,reverse,35.7,45,300,0.37,SURVEI_SIMULASI,ok,True
2026-09-04T13:00:00+07:00,S26,reverse,34.9,45,328,0.41,SURVEI_SIMULASI,ok,True
2026-09-04T14:00:00+07:00,S26,reverse,33.9,45,360,0.45,SURVEI_SIMULASI,ok,True
2026-09-04T15:00:00+07:00,S26,reverse,33.2,45,382,0.48,SURVEI_SIMULASI,ok,True
2026-09-04T16:00:00+07:00,S26,reverse,29.8,45,493,0.62,SURVEI_SIMULASI,ok,True
2026-09-04T17:00:00+07:00,S26,reverse,29.6,45,497,0.62,SURVEI_SIMULASI,ok,True
2026-09-04T18:00:00+07:00,S26,reverse,28.4,45,537,0.67,SURVEI_SIMULASI,ok,True
2026-09-04T19:00:00+07:00,S26,reverse,28.1,45,545,0.68,SURVEI_SIMULASI,ok,True
2026-09-05T06:00:00+07:00,S26,reverse,34.4,45,344,0.43,SURVEI_SIMULASI,ok,True
2026-09-05T07:00:00+07:00,S26,reverse,26.1,45,611,0.76,SURVEI_SIMULASI,ok,True
2026-09-05T08:00:00+07:00,S26,reverse,27.3,45,571,0.71,SURVEI_SIMULASI,ok,True
2026-09-05T09:00:00+07:00,S26,reverse,28.7,45,527,0.66,SURVEI_SIMULASI,ok,True
2026-09-05T10:00:00+07:00,S26,reverse,34.2,45,349,0.44,SURVEI_SIMULASI,ok,True
2026-09-05T11:00:00+07:00,S26,reverse,33.7,45,365,0.46,SURVEI_SIMULASI,ok,True
2026-09-05T12:00:00+07:00,S26,reverse,35.9,45,295,0.37,SURVEI_SIMULASI,ok,True
2026-09-05T13:00:00+07:00,S26,reverse,35.8,45,297,0.37,SURVEI_SIMULASI,ok,True
2026-09-05T14:00:00+07:00,S26,reverse,34.6,45,335,0.42,SURVEI_SIMULASI,ok,True
2026-09-05T15:00:00+07:00,S26,reverse,35.0,45,322,0.4,SURVEI_SIMULASI,ok,True
2026-09-05T16:00:00+07:00,S26,reverse,29.9,45,488,0.61,SURVEI_SIMULASI,ok,True
2026-09-05T17:00:00+07:00,S26,reverse,28.4,45,538,0.67,SURVEI_SIMULASI,ok,True
2026-09-05T18:00:00+07:00,S26,reverse,26.9,45,586,0.73,SURVEI_SIMULASI,ok,True
2026-09-05T19:00:00+07:00,S26,reverse,29.3,45,506,0.63,SURVEI_SIMULASI,ok,True
2026-09-06T06:00:00+07:00,S26,reverse,35.2,45,317,0.4,SURVEI_SIMULASI,ok,True
2026-09-06T07:00:00+07:00,S26,reverse,30.0,45,486,0.61,SURVEI_SIMULASI,ok,True
2026-09-06T08:00:00+07:00,S26,reverse,29.8,45,493,0.62,SURVEI_SIMULASI,ok,True
2026-09-06T09:00:00+07:00,S26,reverse,27.5,45,566,0.71,SURVEI_SIMULASI,ok,True
2026-09-06T10:00:00+07:00,S26,reverse,34.6,45,337,0.42,SURVEI_SIMULASI,ok,True
2026-09-06T11:00:00+07:00,S26,reverse,35.9,45,293,0.37,SURVEI_SIMULASI,ok,True
2026-09-06T12:00:00+07:00,S26,reverse,36.6,45,271,0.34,SURVEI_SIMULASI,ok,True
2026-09-06T13:00:00+07:00,S26,reverse,36.8,45,266,0.33,SURVEI_SIMULASI,ok,True
2026-09-06T14:00:00+07:00,S26,reverse,34.5,45,339,0.42,SURVEI_SIMULASI,ok,True
2026-09-06T15:00:00+07:00,S26,reverse,35.2,45,316,0.4,SURVEI_SIMULASI,ok,True
2026-09-06T16:00:00+07:00,S26,reverse,29.8,45,490,0.61,SURVEI_SIMULASI,ok,True
2026-09-06T17:00:00+07:00,S26,reverse,30.3,45,474,0.59,SURVEI_SIMULASI,ok,True
2026-09-06T18:00:00+07:00,S26,reverse,29.0,45,516,0.65,SURVEI_SIMULASI,ok,True
2026-09-06T19:00:00+07:00,S26,reverse,29.6,45,497,0.62,SURVEI_SIMULASI,ok,True
2026-09-07T06:00:00+07:00,S26,reverse,35.0,45,323,0.4,SURVEI_SIMULASI,ok,True
2026-09-07T07:00:00+07:00,S26,reverse,27.8,45,557,0.7,SURVEI_SIMULASI,ok,True
2026-09-07T08:00:00+07:00,S26,reverse,30.2,45,477,0.6,SURVEI_SIMULASI,ok,True
2026-09-07T09:00:00+07:00,S26,reverse,28.7,45,528,0.66,SURVEI_SIMULASI,ok,True
2026-09-07T10:00:00+07:00,S26,reverse,35.3,45,314,0.39,SURVEI_SIMULASI,ok,True
2026-09-07T11:00:00+07:00,S26,reverse,35.8,45,296,0.37,SURVEI_SIMULASI,ok,True
2026-09-07T12:00:00+07:00,S26,reverse,35.6,45,303,0.38,SURVEI_SIMULASI,ok,True
2026-09-07T13:00:00+07:00,S26,reverse,35.5,45,307,0.38,SURVEI_SIMULASI,ok,True
2026-09-07T14:00:00+07:00,S26,reverse,35.0,45,323,0.4,SURVEI_SIMULASI,ok,True
2026-09-07T15:00:00+07:00,S26,reverse,34.5,45,338,0.42,SURVEI_SIMULASI,ok,True
2026-09-07T16:00:00+07:00,S26,reverse,31.5,45,437,0.55,SURVEI_SIMULASI,ok,True
2026-09-07T17:00:00+07:00,S26,reverse,31.1,45,448,0.56,SURVEI_SIMULASI,ok,True
2026-09-07T18:00:00+07:00,S26,reverse,30.5,45,470,0.59,SURVEI_SIMULASI,ok,True
2026-09-07T19:00:00+07:00,S26,reverse,30.6,45,466,0.58,SURVEI_SIMULASI,ok,True
2026-09-01T06:00:00+07:00,S27,forward,34.4,45,344,0.43,SURVEI_SIMULASI,ok,True
2026-09-01T07:00:00+07:00,S27,forward,25.2,45,640,0.8,SURVEI_SIMULASI,ok,True
2026-09-01T08:00:00+07:00,S27,forward,26.1,45,610,0.76,SURVEI_SIMULASI,ok,True
2026-09-01T09:00:00+07:00,S27,forward,25.7,45,623,0.78,SURVEI_SIMULASI,ok,True
2026-09-01T10:00:00+07:00,S27,forward,33.4,45,376,0.47,SURVEI_SIMULASI,ok,True
2026-09-01T11:00:00+07:00,S27,forward,34.8,45,330,0.41,SURVEI_SIMULASI,ok,True
2026-09-01T12:00:00+07:00,S27,forward,35.5,45,306,0.38,SURVEI_SIMULASI,ok,True
2026-09-01T13:00:00+07:00,S27,forward,34.4,45,342,0.43,SURVEI_SIMULASI,ok,True
2026-09-01T14:00:00+07:00,S27,forward,33.4,45,375,0.47,SURVEI_SIMULASI,ok,True
2026-09-01T15:00:00+07:00,S27,forward,34.0,45,356,0.44,SURVEI_SIMULASI,ok,True
2026-09-01T16:00:00+07:00,S27,forward,28.2,45,543,0.68,SURVEI_SIMULASI,ok,True
2026-09-01T17:00:00+07:00,S27,forward,27.7,45,558,0.7,SURVEI_SIMULASI,ok,True
2026-09-01T18:00:00+07:00,S27,forward,28.7,45,525,0.66,SURVEI_SIMULASI,ok,True
2026-09-01T19:00:00+07:00,S27,forward,27.6,45,562,0.7,SURVEI_SIMULASI,ok,True
2026-09-02T06:00:00+07:00,S27,forward,34.2,45,348,0.44,SURVEI_SIMULASI,ok,True
2026-09-02T07:00:00+07:00,S27,forward,25.1,45,644,0.81,SURVEI_SIMULASI,ok,True
2026-09-02T08:00:00+07:00,S27,forward,28.4,45,535,0.67,SURVEI_SIMULASI,ok,True
2026-09-02T09:00:00+07:00,S27,forward,25.6,45,626,0.78,SURVEI_SIMULASI,ok,True
2026-09-02T10:00:00+07:00,S27,forward,34.7,45,334,0.42,SURVEI_SIMULASI,ok,True
2026-09-02T11:00:00+07:00,S27,forward,33.9,45,359,0.45,SURVEI_SIMULASI,ok,True
2026-09-02T12:00:00+07:00,S27,forward,35.5,45,308,0.39,SURVEI_SIMULASI,ok,True
2026-09-02T13:00:00+07:00,S27,forward,35.6,45,304,0.38,SURVEI_SIMULASI,ok,True
2026-09-02T14:00:00+07:00,S27,forward,34.2,45,350,0.44,SURVEI_SIMULASI,ok,True
2026-09-02T15:00:00+07:00,S27,forward,34.4,45,341,0.43,SURVEI_SIMULASI,ok,True
2026-09-02T16:00:00+07:00,S27,forward,27.7,45,559,0.7,SURVEI_SIMULASI,ok,True
2026-09-02T17:00:00+07:00,S27,forward,26.7,45,592,0.74,SURVEI_SIMULASI,ok,True
2026-09-02T18:00:00+07:00,S27,forward,29.2,45,511,0.64,SURVEI_SIMULASI,ok,True
2026-09-02T19:00:00+07:00,S27,forward,26.8,45,587,0.73,SURVEI_SIMULASI,ok,True
2026-09-08T06:00:00+07:00,S27,forward,33.3,45,379,0.47,SURVEI_SIMULASI,ok,True
2026-09-08T07:00:00+07:00,S27,forward,28.7,45,527,0.66,SURVEI_SIMULASI,ok,True
2026-09-08T08:00:00+07:00,S27,forward,28.6,45,531,0.66,SURVEI_SIMULASI,ok,True
2026-09-08T09:00:00+07:00,S27,forward,27.7,45,559,0.7,SURVEI_SIMULASI,ok,True
2026-09-08T10:00:00+07:00,S27,forward,34.7,45,332,0.42,SURVEI_SIMULASI,ok,True
2026-09-08T11:00:00+07:00,S27,forward,33.1,45,383,0.48,SURVEI_SIMULASI,ok,True
2026-09-08T12:00:00+07:00,S27,forward,35.1,45,319,0.4,SURVEI_SIMULASI,ok,True
2026-09-08T13:00:00+07:00,S27,forward,34.0,45,356,0.44,SURVEI_SIMULASI,ok,True
2026-09-08T14:00:00+07:00,S27,forward,33.2,45,381,0.48,SURVEI_SIMULASI,ok,True
2026-09-08T15:00:00+07:00,S27,forward,34.8,45,331,0.41,SURVEI_SIMULASI,ok,True
2026-09-08T16:00:00+07:00,S27,forward,26.5,45,599,0.75,SURVEI_SIMULASI,ok,True
2026-09-08T17:00:00+07:00,S27,forward,27.4,45,568,0.71,SURVEI_SIMULASI,ok,True
2026-09-08T18:00:00+07:00,S27,forward,28.6,45,530,0.66,SURVEI_SIMULASI,ok,True
2026-09-08T19:00:00+07:00,S27,forward,29.5,45,500,0.62,SURVEI_SIMULASI,ok,True
2026-09-09T06:00:00+07:00,S27,forward,32.6,45,401,0.5,SURVEI_SIMULASI,ok,True
2026-09-09T07:00:00+07:00,S27,forward,26.5,45,597,0.75,SURVEI_SIMULASI,ok,True
2026-09-09T08:00:00+07:00,S27,forward,27.0,45,581,0.73,SURVEI_SIMULASI,ok,True
2026-09-09T09:00:00+07:00,S27,forward,25.4,45,634,0.79,SURVEI_SIMULASI,ok,True
2026-09-09T10:00:00+07:00,S27,forward,32.6,45,402,0.5,SURVEI_SIMULASI,ok,True
2026-09-09T11:00:00+07:00,S27,forward,33.0,45,389,0.49,SURVEI_SIMULASI,ok,True
2026-09-09T12:00:00+07:00,S27,forward,35.1,45,321,0.4,SURVEI_SIMULASI,ok,True
2026-09-09T13:00:00+07:00,S27,forward,33.9,45,360,0.45,SURVEI_SIMULASI,ok,True
2026-09-09T14:00:00+07:00,S27,forward,33.0,45,388,0.49,SURVEI_SIMULASI,ok,True
2026-09-09T15:00:00+07:00,S27,forward,34.3,45,346,0.43,SURVEI_SIMULASI,ok,True
2026-09-09T16:00:00+07:00,S27,forward,26.6,45,594,0.74,SURVEI_SIMULASI,ok,True
2026-09-09T17:00:00+07:00,S27,forward,28.6,45,530,0.66,SURVEI_SIMULASI,ok,True
2026-09-09T18:00:00+07:00,S27,forward,27.0,45,583,0.73,SURVEI_SIMULASI,ok,True
2026-09-09T19:00:00+07:00,S27,forward,29.7,45,496,0.62,SURVEI_SIMULASI,ok,True
2026-09-03T06:00:00+07:00,S27,forward,34.2,45,347,0.43,SURVEI_SIMULASI,ok,True
2026-09-03T07:00:00+07:00,S27,forward,25.8,45,621,0.78,SURVEI_SIMULASI,ok,True
2026-09-03T08:00:00+07:00,S27,forward,27.9,45,551,0.69,SURVEI_SIMULASI,ok,True
2026-09-03T09:00:00+07:00,S27,forward,25.5,45,632,0.79,SURVEI_SIMULASI,ok,True
2026-09-03T10:00:00+07:00,S27,forward,33.5,45,372,0.46,SURVEI_SIMULASI,ok,True
2026-09-03T11:00:00+07:00,S27,forward,33.6,45,369,0.46,SURVEI_SIMULASI,ok,True
2026-09-03T12:00:00+07:00,S27,forward,35.7,45,300,0.37,SURVEI_SIMULASI,ok,True
2026-09-03T13:00:00+07:00,S27,forward,35.3,45,315,0.39,SURVEI_SIMULASI,ok,True
2026-09-03T14:00:00+07:00,S27,forward,33.6,45,367,0.46,SURVEI_SIMULASI,ok,True
2026-09-03T15:00:00+07:00,S27,forward,32.7,45,396,0.5,SURVEI_SIMULASI,ok,True
2026-09-03T16:00:00+07:00,S27,forward,28.4,45,536,0.67,SURVEI_SIMULASI,ok,True
2026-09-03T17:00:00+07:00,S27,forward,26.7,45,591,0.74,SURVEI_SIMULASI,ok,True
2026-09-03T18:00:00+07:00,S27,forward,26.8,45,590,0.74,SURVEI_SIMULASI,ok,True
2026-09-03T19:00:00+07:00,S27,forward,28.7,45,526,0.66,SURVEI_SIMULASI,ok,True
2026-09-04T06:00:00+07:00,S27,forward,33.6,45,367,0.46,SURVEI_SIMULASI,ok,True
2026-09-04T07:00:00+07:00,S27,forward,25.6,45,628,0.79,SURVEI_SIMULASI,ok,True
2026-09-04T08:00:00+07:00,S27,forward,28.6,45,529,0.66,SURVEI_SIMULASI,ok,True
2026-09-04T09:00:00+07:00,S27,forward,28.2,45,544,0.68,SURVEI_SIMULASI,ok,True
2026-09-04T10:00:00+07:00,S27,forward,34.4,45,341,0.43,SURVEI_SIMULASI,ok,True
2026-09-04T11:00:00+07:00,S27,forward,33.0,45,388,0.48,SURVEI_SIMULASI,ok,True
2026-09-04T12:00:00+07:00,S27,forward,35.1,45,319,0.4,SURVEI_SIMULASI,ok,True
2026-09-04T13:00:00+07:00,S27,forward,35.5,45,306,0.38,SURVEI_SIMULASI,ok,True
2026-09-04T14:00:00+07:00,S27,forward,33.1,45,386,0.48,SURVEI_SIMULASI,ok,True
2026-09-04T15:00:00+07:00,S27,forward,32.6,45,401,0.5,SURVEI_SIMULASI,ok,True
2026-09-04T16:00:00+07:00,S27,forward,28.0,45,551,0.69,SURVEI_SIMULASI,ok,True
2026-09-04T17:00:00+07:00,S27,forward,29.7,45,495,0.62,SURVEI_SIMULASI,ok,True
2026-09-04T18:00:00+07:00,S27,forward,26.4,45,600,0.75,SURVEI_SIMULASI,ok,True
2026-09-04T19:00:00+07:00,S27,forward,27.4,45,568,0.71,SURVEI_SIMULASI,ok,True
2026-09-05T06:00:00+07:00,S27,forward,32.8,45,395,0.49,SURVEI_SIMULASI,ok,True
2026-09-05T07:00:00+07:00,S27,forward,25.9,45,616,0.77,SURVEI_SIMULASI,ok,True
2026-09-05T08:00:00+07:00,S27,forward,25.5,45,632,0.79,SURVEI_SIMULASI,ok,True
2026-09-05T09:00:00+07:00,S27,forward,26.4,45,600,0.75,SURVEI_SIMULASI,ok,True
2026-09-05T10:00:00+07:00,S27,forward,34.4,45,344,0.43,SURVEI_SIMULASI,ok,True
2026-09-05T11:00:00+07:00,S27,forward,33.0,45,387,0.48,SURVEI_SIMULASI,ok,True
2026-09-05T12:00:00+07:00,S27,forward,34.1,45,351,0.44,SURVEI_SIMULASI,ok,True
2026-09-05T13:00:00+07:00,S27,forward,35.1,45,320,0.4,SURVEI_SIMULASI,ok,True
2026-09-05T14:00:00+07:00,S27,forward,32.7,45,396,0.5,SURVEI_SIMULASI,ok,True
2026-09-05T15:00:00+07:00,S27,forward,34.5,45,340,0.43,SURVEI_SIMULASI,ok,True
2026-09-05T16:00:00+07:00,S27,forward,29.5,45,500,0.63,SURVEI_SIMULASI,ok,True
2026-09-05T17:00:00+07:00,S27,forward,29.2,45,512,0.64,SURVEI_SIMULASI,ok,True
2026-09-05T18:00:00+07:00,S27,forward,28.4,45,538,0.67,SURVEI_SIMULASI,ok,True
2026-09-05T19:00:00+07:00,S27,forward,26.5,45,599,0.75,SURVEI_SIMULASI,ok,True
2026-09-06T06:00:00+07:00,S27,forward,34.8,45,330,0.41,SURVEI_SIMULASI,ok,True
2026-09-06T07:00:00+07:00,S27,forward,30.3,45,475,0.59,SURVEI_SIMULASI,ok,True
2026-09-06T08:00:00+07:00,S27,forward,28.0,45,550,0.69,SURVEI_SIMULASI,ok,True
2026-09-06T09:00:00+07:00,S27,forward,27.2,45,574,0.72,SURVEI_SIMULASI,ok,True
2026-09-06T10:00:00+07:00,S27,forward,34.3,45,345,0.43,SURVEI_SIMULASI,ok,True
2026-09-06T11:00:00+07:00,S27,forward,35.6,45,304,0.38,SURVEI_SIMULASI,ok,True
2026-09-06T12:00:00+07:00,S27,forward,36.0,45,291,0.36,SURVEI_SIMULASI,ok,True
2026-09-06T13:00:00+07:00,S27,forward,36.3,45,281,0.35,SURVEI_SIMULASI,ok,True
2026-09-06T14:00:00+07:00,S27,forward,33.8,45,362,0.45,SURVEI_SIMULASI,ok,True
2026-09-06T15:00:00+07:00,S27,forward,35.2,45,316,0.39,SURVEI_SIMULASI,ok,True
2026-09-06T16:00:00+07:00,S27,forward,29.6,45,496,0.62,SURVEI_SIMULASI,ok,True
2026-09-06T17:00:00+07:00,S27,forward,30.9,45,455,0.57,SURVEI_SIMULASI,ok,True
2026-09-06T18:00:00+07:00,S27,forward,30.8,45,459,0.57,SURVEI_SIMULASI,ok,True
2026-09-06T19:00:00+07:00,S27,forward,31.0,45,452,0.57,SURVEI_SIMULASI,ok,True
2026-09-07T06:00:00+07:00,S27,forward,35.1,45,321,0.4,SURVEI_SIMULASI,ok,True
2026-09-07T07:00:00+07:00,S27,forward,27.7,45,559,0.7,SURVEI_SIMULASI,ok,True
2026-09-07T08:00:00+07:00,S27,forward,29.8,45,491,0.61,SURVEI_SIMULASI,ok,True
2026-09-07T09:00:00+07:00,S27,forward,27.4,45,570,0.71,SURVEI_SIMULASI,ok,True
2026-09-07T10:00:00+07:00,S27,forward,34.2,45,350,0.44,SURVEI_SIMULASI,ok,True
2026-09-07T11:00:00+07:00,S27,forward,34.7,45,334,0.42,SURVEI_SIMULASI,ok,True
2026-09-07T12:00:00+07:00,S27,forward,36.7,45,268,0.33,SURVEI_SIMULASI,ok,True
2026-09-07T13:00:00+07:00,S27,forward,36.7,45,268,0.34,SURVEI_SIMULASI,ok,True
2026-09-07T14:00:00+07:00,S27,forward,33.9,45,360,0.45,SURVEI_SIMULASI,ok,True
2026-09-07T15:00:00+07:00,S27,forward,34.5,45,340,0.43,SURVEI_SIMULASI,ok,True
2026-09-07T16:00:00+07:00,S27,forward,30.9,45,455,0.57,SURVEI_SIMULASI,ok,True
2026-09-07T17:00:00+07:00,S27,forward,31.0,45,453,0.57,SURVEI_SIMULASI,ok,True
2026-09-07T18:00:00+07:00,S27,forward,30.2,45,478,0.6,SURVEI_SIMULASI,ok,True
2026-09-07T19:00:00+07:00,S27,forward,30.0,45,483,0.6,SURVEI_SIMULASI,ok,True
2026-09-01T06:00:00+07:00,S27,reverse,34.8,45,330,0.41,SURVEI_SIMULASI,ok,True
2026-09-01T07:00:00+07:00,S27,reverse,28.2,45,544,0.68,SURVEI_SIMULASI,ok,True
2026-09-01T08:00:00+07:00,S27,reverse,28.7,45,528,0.66,SURVEI_SIMULASI,ok,True
2026-09-01T09:00:00+07:00,S27,reverse,28.1,45,547,0.68,SURVEI_SIMULASI,ok,True
2026-09-01T10:00:00+07:00,S27,reverse,33.5,45,373,0.47,SURVEI_SIMULASI,ok,True
2026-09-01T11:00:00+07:00,S27,reverse,34.7,45,332,0.41,SURVEI_SIMULASI,ok,True
2026-09-01T12:00:00+07:00,S27,reverse,34.8,45,331,0.41,SURVEI_SIMULASI,ok,True
2026-09-01T13:00:00+07:00,S27,reverse,35.6,45,303,0.38,SURVEI_SIMULASI,ok,True
2026-09-01T14:00:00+07:00,S27,reverse,33.3,45,377,0.47,SURVEI_SIMULASI,ok,True
2026-09-01T15:00:00+07:00,S27,reverse,34.0,45,354,0.44,SURVEI_SIMULASI,ok,True
2026-09-01T16:00:00+07:00,S27,reverse,27.7,45,560,0.7,SURVEI_SIMULASI,ok,True
2026-09-01T17:00:00+07:00,S27,reverse,28.9,45,520,0.65,SURVEI_SIMULASI,ok,True
2026-09-01T18:00:00+07:00,S27,reverse,28.0,45,550,0.69,SURVEI_SIMULASI,ok,True
2026-09-01T19:00:00+07:00,S27,reverse,26.5,45,599,0.75,SURVEI_SIMULASI,ok,True
2026-09-02T06:00:00+07:00,S27,reverse,32.7,45,399,0.5,SURVEI_SIMULASI,ok,True
2026-09-02T07:00:00+07:00,S27,reverse,27.8,45,557,0.7,SURVEI_SIMULASI,ok,True
2026-09-02T08:00:00+07:00,S27,reverse,28.7,45,527,0.66,SURVEI_SIMULASI,ok,True
2026-09-02T09:00:00+07:00,S27,reverse,25.2,45,639,0.8,SURVEI_SIMULASI,ok,True
2026-09-02T10:00:00+07:00,S27,reverse,34.0,45,354,0.44,SURVEI_SIMULASI,ok,True
2026-09-02T11:00:00+07:00,S27,reverse,34.3,45,346,0.43,SURVEI_SIMULASI,ok,True
2026-09-02T12:00:00+07:00,S27,reverse,34.0,45,354,0.44,SURVEI_SIMULASI,ok,True
2026-09-02T13:00:00+07:00,S27,reverse,34.3,45,345,0.43,SURVEI_SIMULASI,ok,True
2026-09-02T14:00:00+07:00,S27,reverse,34.3,45,347,0.43,SURVEI_SIMULASI,ok,True
2026-09-02T15:00:00+07:00,S27,reverse,33.1,45,384,0.48,SURVEI_SIMULASI,ok,True
2026-09-02T16:00:00+07:00,S27,reverse,27.1,45,579,0.72,SURVEI_SIMULASI,ok,True
2026-09-02T17:00:00+07:00,S27,reverse,26.6,45,594,0.74,SURVEI_SIMULASI,ok,True
2026-09-02T18:00:00+07:00,S27,reverse,28.9,45,520,0.65,SURVEI_SIMULASI,ok,True
2026-09-02T19:00:00+07:00,S27,reverse,28.3,45,539,0.67,SURVEI_SIMULASI,ok,True
2026-09-08T06:00:00+07:00,S27,reverse,33.4,45,375,0.47,SURVEI_SIMULASI,ok,True
2026-09-08T07:00:00+07:00,S27,reverse,28.1,45,548,0.68,SURVEI_SIMULASI,ok,True
2026-09-08T08:00:00+07:00,S27,reverse,26.6,45,596,0.75,SURVEI_SIMULASI,ok,True
2026-09-08T09:00:00+07:00,S27,reverse,28.2,45,543,0.68,SURVEI_SIMULASI,ok,True
2026-09-08T10:00:00+07:00,S27,reverse,34.7,45,334,0.42,SURVEI_SIMULASI,ok,True
2026-09-08T11:00:00+07:00,S27,reverse,33.8,45,363,0.45,SURVEI_SIMULASI,ok,True
2026-09-08T12:00:00+07:00,S27,reverse,33.9,45,359,0.45,SURVEI_SIMULASI,ok,True
2026-09-08T13:00:00+07:00,S27,reverse,34.2,45,348,0.43,SURVEI_SIMULASI,ok,True
2026-09-08T14:00:00+07:00,S27,reverse,34.3,45,346,0.43,SURVEI_SIMULASI,ok,True
2026-09-08T15:00:00+07:00,S27,reverse,33.7,45,364,0.46,SURVEI_SIMULASI,ok,True
2026-09-08T16:00:00+07:00,S27,reverse,28.5,45,534,0.67,SURVEI_SIMULASI,ok,True
2026-09-08T17:00:00+07:00,S27,reverse,26.9,45,585,0.73,SURVEI_SIMULASI,ok,True
2026-09-08T18:00:00+07:00,S27,reverse,29.7,45,496,0.62,SURVEI_SIMULASI,ok,True
2026-09-08T19:00:00+07:00,S27,reverse,27.7,45,558,0.7,SURVEI_SIMULASI,ok,True
2026-09-09T06:00:00+07:00,S27,reverse,33.9,45,359,0.45,SURVEI_SIMULASI,ok,True
2026-09-09T07:00:00+07:00,S27,reverse,26.1,45,611,0.76,SURVEI_SIMULASI,ok,True
2026-09-09T08:00:00+07:00,S27,reverse,28.5,45,532,0.67,SURVEI_SIMULASI,ok,True
2026-09-09T09:00:00+07:00,S27,reverse,27.7,45,558,0.7,SURVEI_SIMULASI,ok,True
2026-09-09T10:00:00+07:00,S27,reverse,32.6,45,402,0.5,SURVEI_SIMULASI,ok,True
2026-09-09T11:00:00+07:00,S27,reverse,33.8,45,364,0.45,SURVEI_SIMULASI,ok,True
2026-09-09T12:00:00+07:00,S27,reverse,33.9,45,360,0.45,SURVEI_SIMULASI,ok,True
2026-09-09T13:00:00+07:00,S27,reverse,35.1,45,320,0.4,SURVEI_SIMULASI,ok,True
2026-09-09T14:00:00+07:00,S27,reverse,33.0,45,387,0.48,SURVEI_SIMULASI,ok,True
2026-09-09T15:00:00+07:00,S27,reverse,33.6,45,369,0.46,SURVEI_SIMULASI,ok,True
2026-09-09T16:00:00+07:00,S27,reverse,26.5,45,598,0.75,SURVEI_SIMULASI,ok,True
2026-09-09T17:00:00+07:00,S27,reverse,28.9,45,520,0.65,SURVEI_SIMULASI,ok,True
2026-09-09T18:00:00+07:00,S27,reverse,28.3,45,541,0.68,SURVEI_SIMULASI,ok,True
2026-09-09T19:00:00+07:00,S27,reverse,28.4,45,536,0.67,SURVEI_SIMULASI,ok,True
2026-09-03T06:00:00+07:00,S27,reverse,32.6,45,400,0.5,SURVEI_SIMULASI,ok,True
2026-09-03T07:00:00+07:00,S27,reverse,27.1,45,578,0.72,SURVEI_SIMULASI,ok,True
2026-09-03T08:00:00+07:00,S27,reverse,26.1,45,612,0.76,SURVEI_SIMULASI,ok,True
2026-09-03T09:00:00+07:00,S27,reverse,26.8,45,587,0.73,SURVEI_SIMULASI,ok,True
2026-09-03T10:00:00+07:00,S27,reverse,33.6,45,370,0.46,SURVEI_SIMULASI,ok,True
2026-09-03T11:00:00+07:00,S27,reverse,33.6,45,367,0.46,SURVEI_SIMULASI,ok,True
2026-09-03T12:00:00+07:00,S27,reverse,34.0,45,354,0.44,SURVEI_SIMULASI,ok,True
2026-09-03T13:00:00+07:00,S27,reverse,34.5,45,339,0.42,SURVEI_SIMULASI,ok,True
2026-09-03T14:00:00+07:00,S27,reverse,33.2,45,382,0.48,SURVEI_SIMULASI,ok,True
2026-09-03T15:00:00+07:00,S27,reverse,34.2,45,350,0.44,SURVEI_SIMULASI,ok,True
2026-09-03T16:00:00+07:00,S27,reverse,26.4,45,603,0.75,SURVEI_SIMULASI,ok,True
2026-09-03T17:00:00+07:00,S27,reverse,29.3,45,509,0.64,SURVEI_SIMULASI,ok,True
2026-09-03T18:00:00+07:00,S27,reverse,27.9,45,551,0.69,SURVEI_SIMULASI,ok,True
2026-09-03T19:00:00+07:00,S27,reverse,27.5,45,565,0.71,SURVEI_SIMULASI,ok,True
2026-09-04T06:00:00+07:00,S27,reverse,33.1,45,386,0.48,SURVEI_SIMULASI,ok,True
2026-09-04T07:00:00+07:00,S27,reverse,26.6,45,596,0.75,SURVEI_SIMULASI,ok,True
2026-09-04T08:00:00+07:00,S27,reverse,28.3,45,539,0.67,SURVEI_SIMULASI,ok,True
2026-09-04T09:00:00+07:00,S27,reverse,25.3,45,637,0.8,SURVEI_SIMULASI,ok,True
2026-09-04T10:00:00+07:00,S27,reverse,34.8,45,330,0.41,SURVEI_SIMULASI,ok,True
2026-09-04T11:00:00+07:00,S27,reverse,32.7,45,398,0.5,SURVEI_SIMULASI,ok,True
2026-09-04T12:00:00+07:00,S27,reverse,34.7,45,334,0.42,SURVEI_SIMULASI,ok,True
2026-09-04T13:00:00+07:00,S27,reverse,34.4,45,342,0.43,SURVEI_SIMULASI,ok,True
2026-09-04T14:00:00+07:00,S27,reverse,33.8,45,361,0.45,SURVEI_SIMULASI,ok,True
2026-09-04T15:00:00+07:00,S27,reverse,33.2,45,382,0.48,SURVEI_SIMULASI,ok,True
2026-09-04T16:00:00+07:00,S27,reverse,29.7,45,495,0.62,SURVEI_SIMULASI,ok,True
2026-09-04T17:00:00+07:00,S27,reverse,29.6,45,498,0.62,SURVEI_SIMULASI,ok,True
2026-09-04T18:00:00+07:00,S27,reverse,27.2,45,574,0.72,SURVEI_SIMULASI,ok,True
2026-09-04T19:00:00+07:00,S27,reverse,28.4,45,535,0.67,SURVEI_SIMULASI,ok,True
2026-09-05T06:00:00+07:00,S27,reverse,32.6,45,402,0.5,SURVEI_SIMULASI,ok,True
2026-09-05T07:00:00+07:00,S27,reverse,25.2,45,641,0.8,SURVEI_SIMULASI,ok,True
2026-09-05T08:00:00+07:00,S27,reverse,28.0,45,549,0.69,SURVEI_SIMULASI,ok,True
2026-09-05T09:00:00+07:00,S27,reverse,25.8,45,621,0.78,SURVEI_SIMULASI,ok,True
2026-09-05T10:00:00+07:00,S27,reverse,33.2,45,382,0.48,SURVEI_SIMULASI,ok,True
2026-09-05T11:00:00+07:00,S27,reverse,34.5,45,339,0.42,SURVEI_SIMULASI,ok,True
2026-09-05T12:00:00+07:00,S27,reverse,35.6,45,305,0.38,SURVEI_SIMULASI,ok,True
2026-09-05T13:00:00+07:00,S27,reverse,35.4,45,311,0.39,SURVEI_SIMULASI,ok,True
2026-09-05T14:00:00+07:00,S27,reverse,33.2,45,382,0.48,SURVEI_SIMULASI,ok,True
2026-09-05T15:00:00+07:00,S27,reverse,33.8,45,362,0.45,SURVEI_SIMULASI,ok,True
2026-09-05T16:00:00+07:00,S27,reverse,28.7,45,528,0.66,SURVEI_SIMULASI,ok,True
2026-09-05T17:00:00+07:00,S27,reverse,28.7,45,527,0.66,SURVEI_SIMULASI,ok,True
2026-09-05T18:00:00+07:00,S27,reverse,29.3,45,509,0.64,SURVEI_SIMULASI,ok,True
2026-09-05T19:00:00+07:00,S27,reverse,27.7,45,560,0.7,SURVEI_SIMULASI,ok,True
2026-09-06T06:00:00+07:00,S27,reverse,35.4,45,311,0.39,SURVEI_SIMULASI,ok,True
2026-09-06T07:00:00+07:00,S27,reverse,29.6,45,497,0.62,SURVEI_SIMULASI,ok,True
2026-09-06T08:00:00+07:00,S27,reverse,29.8,45,490,0.61,SURVEI_SIMULASI,ok,True
2026-09-06T09:00:00+07:00,S27,reverse,29.4,45,504,0.63,SURVEI_SIMULASI,ok,True
2026-09-06T10:00:00+07:00,S27,reverse,33.9,45,360,0.45,SURVEI_SIMULASI,ok,True
2026-09-06T11:00:00+07:00,S27,reverse,35.8,45,299,0.37,SURVEI_SIMULASI,ok,True
2026-09-06T12:00:00+07:00,S27,reverse,36.0,45,292,0.36,SURVEI_SIMULASI,ok,True
2026-09-06T13:00:00+07:00,S27,reverse,35.5,45,308,0.39,SURVEI_SIMULASI,ok,True
2026-09-06T14:00:00+07:00,S27,reverse,35.5,45,305,0.38,SURVEI_SIMULASI,ok,True
2026-09-06T15:00:00+07:00,S27,reverse,34.5,45,340,0.42,SURVEI_SIMULASI,ok,True
2026-09-06T16:00:00+07:00,S27,reverse,30.7,45,462,0.58,SURVEI_SIMULASI,ok,True
2026-09-06T17:00:00+07:00,S27,reverse,28.3,45,539,0.67,SURVEI_SIMULASI,ok,True
2026-09-06T18:00:00+07:00,S27,reverse,28.9,45,521,0.65,SURVEI_SIMULASI,ok,True
2026-09-06T19:00:00+07:00,S27,reverse,28.6,45,532,0.66,SURVEI_SIMULASI,ok,True
2026-09-07T06:00:00+07:00,S27,reverse,34.3,45,347,0.43,SURVEI_SIMULASI,ok,True
2026-09-07T07:00:00+07:00,S27,reverse,27.5,45,565,0.71,SURVEI_SIMULASI,ok,True
2026-09-07T08:00:00+07:00,S27,reverse,27.8,45,558,0.7,SURVEI_SIMULASI,ok,True
2026-09-07T09:00:00+07:00,S27,reverse,29.3,45,506,0.63,SURVEI_SIMULASI,ok,True
2026-09-07T10:00:00+07:00,S27,reverse,35.6,45,304,0.38,SURVEI_SIMULASI,ok,True
2026-09-07T11:00:00+07:00,S27,reverse,35.1,45,320,0.4,SURVEI_SIMULASI,ok,True
2026-09-07T12:00:00+07:00,S27,reverse,35.8,45,297,0.37,SURVEI_SIMULASI,ok,True
2026-09-07T13:00:00+07:00,S27,reverse,36.7,45,269,0.34,SURVEI_SIMULASI,ok,True
2026-09-07T14:00:00+07:00,S27,reverse,35.5,45,308,0.39,SURVEI_SIMULASI,ok,True
2026-09-07T15:00:00+07:00,S27,reverse,35.1,45,319,0.4,SURVEI_SIMULASI,ok,True
2026-09-07T16:00:00+07:00,S27,reverse,30.5,45,470,0.59,SURVEI_SIMULASI,ok,True
2026-09-07T17:00:00+07:00,S27,reverse,29.5,45,500,0.62,SURVEI_SIMULASI,ok,True
2026-09-07T18:00:00+07:00,S27,reverse,29.0,45,516,0.65,SURVEI_SIMULASI,ok,True
2026-09-07T19:00:00+07:00,S27,reverse,31.0,45,453,0.57,SURVEI_SIMULASI,ok,True
2026-09-01T06:00:00+07:00,S28,forward,15.4,30,353,0.88,SURVEI_SIMULASI,ok,True
2026-09-01T07:00:00+07:00,S28,forward,13.5,30,560,0.99,SURVEI_SIMULASI,ok,True
2026-09-01T08:00:00+07:00,S28,forward,13.5,30,574,0.99,SURVEI_SIMULASI,ok,True
2026-09-01T09:00:00+07:00,S28,forward,13.5,30,576,0.99,SURVEI_SIMULASI,ok,True
2026-09-01T10:00:00+07:00,S28,forward,14.7,30,371,0.93,SURVEI_SIMULASI,ok,True
2026-09-01T11:00:00+07:00,S28,forward,13.6,30,399,0.99,SURVEI_SIMULASI,ok,True
2026-09-01T12:00:00+07:00,S28,forward,15.4,30,353,0.88,SURVEI_SIMULASI,ok,True
2026-09-01T13:00:00+07:00,S28,forward,16.4,30,329,0.82,SURVEI_SIMULASI,ok,True
2026-09-01T14:00:00+07:00,S28,forward,14.1,30,386,0.96,SURVEI_SIMULASI,ok,True
2026-09-01T15:00:00+07:00,S28,forward,14.8,30,370,0.92,SURVEI_SIMULASI,ok,True
2026-09-01T16:00:00+07:00,S28,forward,13.5,30,508,0.99,SURVEI_SIMULASI,ok,True
2026-09-01T17:00:00+07:00,S28,forward,13.5,30,554,0.99,SURVEI_SIMULASI,ok,True
2026-09-01T18:00:00+07:00,S28,forward,13.5,30,542,0.99,SURVEI_SIMULASI,ok,True
2026-09-01T19:00:00+07:00,S28,forward,13.5,30,609,0.99,SURVEI_SIMULASI,ok,True
2026-09-02T06:00:00+07:00,S28,forward,13.5,30,404,0.99,SURVEI_SIMULASI,ok,True
2026-09-02T07:00:00+07:00,S28,forward,13.5,30,624,0.99,SURVEI_SIMULASI,ok,True
2026-09-02T08:00:00+07:00,S28,forward,13.5,30,654,0.99,SURVEI_SIMULASI,ok,True
2026-09-02T09:00:00+07:00,S28,forward,13.5,30,595,0.99,SURVEI_SIMULASI,ok,True
2026-09-02T10:00:00+07:00,S28,forward,15.6,30,348,0.87,SURVEI_SIMULASI,ok,True
2026-09-02T11:00:00+07:00,S28,forward,14.8,30,367,0.92,SURVEI_SIMULASI,ok,True
2026-09-02T12:00:00+07:00,S28,forward,15.5,30,351,0.88,SURVEI_SIMULASI,ok,True
2026-09-02T13:00:00+07:00,S28,forward,16.8,30,320,0.8,SURVEI_SIMULASI,ok,True
2026-09-02T14:00:00+07:00,S28,forward,14.0,30,387,0.97,SURVEI_SIMULASI,ok,True
2026-09-02T15:00:00+07:00,S28,forward,13.8,30,394,0.98,SURVEI_SIMULASI,ok,True
2026-09-02T16:00:00+07:00,S28,forward,13.5,30,544,0.99,SURVEI_SIMULASI,ok,True
2026-09-02T17:00:00+07:00,S28,forward,13.5,30,534,0.99,SURVEI_SIMULASI,ok,True
2026-09-02T18:00:00+07:00,S28,forward,13.5,30,611,0.99,SURVEI_SIMULASI,ok,True
2026-09-02T19:00:00+07:00,S28,forward,13.5,30,520,0.99,SURVEI_SIMULASI,ok,True
2026-09-08T06:00:00+07:00,S28,forward,13.6,30,396,0.99,SURVEI_SIMULASI,ok,True
2026-09-08T07:00:00+07:00,S28,forward,13.5,30,555,0.99,SURVEI_SIMULASI,ok,True
2026-09-08T08:00:00+07:00,S28,forward,13.5,30,580,0.99,SURVEI_SIMULASI,ok,True
2026-09-08T09:00:00+07:00,S28,forward,13.5,30,637,0.99,SURVEI_SIMULASI,ok,True
2026-09-08T10:00:00+07:00,S28,forward,14.0,30,388,0.97,SURVEI_SIMULASI,ok,True
2026-09-08T11:00:00+07:00,S28,forward,15.0,30,364,0.91,SURVEI_SIMULASI,ok,True
2026-09-08T12:00:00+07:00,S28,forward,16.9,30,319,0.8,SURVEI_SIMULASI,ok,True
2026-09-08T13:00:00+07:00,S28,forward,15.8,30,344,0.86,SURVEI_SIMULASI,ok,True
2026-09-08T14:00:00+07:00,S28,forward,15.8,30,345,0.86,SURVEI_SIMULASI,ok,True
2026-09-08T15:00:00+07:00,S28,forward,14.1,30,386,0.96,SURVEI_SIMULASI,ok,True
2026-09-08T16:00:00+07:00,S28,forward,13.5,30,532,0.99,SURVEI_SIMULASI,ok,True
2026-09-08T17:00:00+07:00,S28,forward,13.5,30,580,0.99,SURVEI_SIMULASI,ok,True
2026-09-08T18:00:00+07:00,S28,forward,13.5,30,608,0.99,SURVEI_SIMULASI,ok,True
2026-09-08T19:00:00+07:00,S28,forward,13.5,30,558,0.99,SURVEI_SIMULASI,ok,True
2026-09-09T06:00:00+07:00,S28,forward,13.5,30,404,0.99,SURVEI_SIMULASI,ok,True
2026-09-09T07:00:00+07:00,S28,forward,13.5,30,600,0.99,SURVEI_SIMULASI,ok,True
2026-09-09T08:00:00+07:00,S28,forward,13.5,30,565,0.99,SURVEI_SIMULASI,ok,True
2026-09-09T09:00:00+07:00,S28,forward,13.5,30,598,0.99,SURVEI_SIMULASI,ok,True
2026-09-09T10:00:00+07:00,S28,forward,13.5,30,400,0.99,SURVEI_SIMULASI,ok,True
2026-09-09T11:00:00+07:00,S28,forward,15.5,30,350,0.88,SURVEI_SIMULASI,ok,True
2026-09-09T12:00:00+07:00,S28,forward,15.9,30,342,0.85,SURVEI_SIMULASI,ok,True
2026-09-09T13:00:00+07:00,S28,forward,16.7,30,323,0.81,SURVEI_SIMULASI,ok,True
2026-09-09T14:00:00+07:00,S28,forward,14.2,30,384,0.96,SURVEI_SIMULASI,ok,True
2026-09-09T15:00:00+07:00,S28,forward,14.9,30,366,0.92,SURVEI_SIMULASI,ok,True
2026-09-09T16:00:00+07:00,S28,forward,13.5,30,604,0.99,SURVEI_SIMULASI,ok,True
2026-09-09T17:00:00+07:00,S28,forward,13.5,30,562,0.99,SURVEI_SIMULASI,ok,True
2026-09-09T18:00:00+07:00,S28,forward,13.5,30,557,0.99,SURVEI_SIMULASI,ok,True
2026-09-09T19:00:00+07:00,S28,forward,13.5,30,587,0.99,SURVEI_SIMULASI,ok,True
2026-09-03T06:00:00+07:00,S28,forward,15.2,30,359,0.9,SURVEI_SIMULASI,ok,True
2026-09-03T07:00:00+07:00,S28,forward,13.5,30,546,0.99,SURVEI_SIMULASI,ok,True
2026-09-03T08:00:00+07:00,S28,forward,13.5,30,622,0.99,SURVEI_SIMULASI,ok,True
2026-09-03T09:00:00+07:00,S28,forward,13.5,30,558,0.99,SURVEI_SIMULASI,ok,True
2026-09-03T10:00:00+07:00,S28,forward,13.5,30,407,0.99,SURVEI_SIMULASI,ok,True
2026-09-03T11:00:00+07:00,S28,forward,14.1,30,386,0.96,SURVEI_SIMULASI,ok,True
2026-09-03T12:00:00+07:00,S28,forward,16.1,30,337,0.84,SURVEI_SIMULASI,ok,True
2026-09-03T13:00:00+07:00,S28,forward,16.4,30,329,0.82,SURVEI_SIMULASI,ok,True
2026-09-03T14:00:00+07:00,S28,forward,14.4,30,377,0.94,SURVEI_SIMULASI,ok,True
2026-09-03T15:00:00+07:00,S28,forward,14.9,30,366,0.92,SURVEI_SIMULASI,ok,True
2026-09-03T16:00:00+07:00,S28,forward,13.5,30,586,0.99,SURVEI_SIMULASI,ok,True
2026-09-03T17:00:00+07:00,S28,forward,13.5,30,566,0.99,SURVEI_SIMULASI,ok,True
2026-09-03T18:00:00+07:00,S28,forward,13.5,30,601,0.99,SURVEI_SIMULASI,ok,True
2026-09-03T19:00:00+07:00,S28,forward,13.5,30,575,0.99,SURVEI_SIMULASI,ok,True
2026-09-04T06:00:00+07:00,S28,forward,13.5,30,411,0.99,SURVEI_SIMULASI,ok,True
2026-09-04T07:00:00+07:00,S28,forward,13.5,30,552,0.99,SURVEI_SIMULASI,ok,True
2026-09-04T08:00:00+07:00,S28,forward,13.5,30,571,0.99,SURVEI_SIMULASI,ok,True
2026-09-04T09:00:00+07:00,S28,forward,13.5,30,611,0.99,SURVEI_SIMULASI,ok,True
2026-09-04T10:00:00+07:00,S28,forward,14.2,30,384,0.96,SURVEI_SIMULASI,ok,True
2026-09-04T11:00:00+07:00,S28,forward,13.8,30,393,0.98,SURVEI_SIMULASI,ok,True
2026-09-04T12:00:00+07:00,S28,forward,15.3,30,357,0.89,SURVEI_SIMULASI,ok,True
2026-09-04T13:00:00+07:00,S28,forward,14.9,30,365,0.91,SURVEI_SIMULASI,ok,True
2026-09-04T14:00:00+07:00,S28,forward,14.6,30,372,0.93,SURVEI_SIMULASI,ok,True
2026-09-04T15:00:00+07:00,S28,forward,15.3,30,355,0.89,SURVEI_SIMULASI,ok,True
2026-09-04T16:00:00+07:00,S28,forward,13.5,30,533,0.99,SURVEI_SIMULASI,ok,True
2026-09-04T17:00:00+07:00,S28,forward,13.5,30,579,0.99,SURVEI_SIMULASI,ok,True
2026-09-04T18:00:00+07:00,S28,forward,13.5,30,517,0.99,SURVEI_SIMULASI,ok,True
2026-09-04T19:00:00+07:00,S28,forward,13.5,30,514,0.99,SURVEI_SIMULASI,ok,True
2026-09-05T06:00:00+07:00,S28,forward,15.2,30,359,0.9,SURVEI_SIMULASI,ok,True
2026-09-05T07:00:00+07:00,S28,forward,13.5,30,539,0.99,SURVEI_SIMULASI,ok,True
2026-09-05T08:00:00+07:00,S28,forward,13.5,30,614,0.99,SURVEI_SIMULASI,ok,True
2026-09-05T09:00:00+07:00,S28,forward,13.5,30,631,0.99,SURVEI_SIMULASI,ok,True
2026-09-05T10:00:00+07:00,S28,forward,15.4,30,353,0.88,SURVEI_SIMULASI,ok,True
2026-09-05T11:00:00+07:00,S28,forward,13.5,30,409,0.99,SURVEI_SIMULASI,ok,True
2026-09-05T12:00:00+07:00,S28,forward,14.7,30,370,0.93,SURVEI_SIMULASI,ok,True
2026-09-05T13:00:00+07:00,S28,forward,14.9,30,365,0.91,SURVEI_SIMULASI,ok,True
2026-09-05T14:00:00+07:00,S28,forward,14.9,30,365,0.91,SURVEI_SIMULASI,ok,True
2026-09-05T15:00:00+07:00,S28,forward,14.0,30,388,0.97,SURVEI_SIMULASI,ok,True
2026-09-05T16:00:00+07:00,S28,forward,13.5,30,566,0.99,SURVEI_SIMULASI,ok,True
2026-09-05T17:00:00+07:00,S28,forward,13.5,30,540,0.99,SURVEI_SIMULASI,ok,True
2026-09-05T18:00:00+07:00,S28,forward,13.5,30,583,0.99,SURVEI_SIMULASI,ok,True
2026-09-05T19:00:00+07:00,S28,forward,13.5,30,587,0.99,SURVEI_SIMULASI,ok,True
2026-09-06T06:00:00+07:00,S28,forward,17.3,30,309,0.77,SURVEI_SIMULASI,ok,True
2026-09-06T07:00:00+07:00,S28,forward,13.5,30,560,0.99,SURVEI_SIMULASI,ok,True
2026-09-06T08:00:00+07:00,S28,forward,13.5,30,518,0.99,SURVEI_SIMULASI,ok,True
2026-09-06T09:00:00+07:00,S28,forward,13.5,30,564,0.99,SURVEI_SIMULASI,ok,True
2026-09-06T10:00:00+07:00,S28,forward,16.7,30,322,0.8,SURVEI_SIMULASI,ok,True
2026-09-06T11:00:00+07:00,S28,forward,17.2,30,309,0.77,SURVEI_SIMULASI,ok,True
2026-09-06T12:00:00+07:00,S28,forward,17.4,30,306,0.77,SURVEI_SIMULASI,ok,True
2026-09-06T13:00:00+07:00,S28,forward,17.9,30,292,0.73,SURVEI_SIMULASI,ok,True
2026-09-06T14:00:00+07:00,S28,forward,17.5,30,303,0.76,SURVEI_SIMULASI,ok,True
2026-09-06T15:00:00+07:00,S28,forward,15.4,30,354,0.88,SURVEI_SIMULASI,ok,True
2026-09-06T16:00:00+07:00,S28,forward,13.5,30,507,0.99,SURVEI_SIMULASI,ok,True
2026-09-06T17:00:00+07:00,S28,forward,13.5,30,507,0.99,SURVEI_SIMULASI,ok,True
2026-09-06T18:00:00+07:00,S28,forward,13.5,30,458,0.99,SURVEI_SIMULASI,ok,True
2026-09-06T19:00:00+07:00,S28,forward,13.5,30,464,0.99,SURVEI_SIMULASI,ok,True
2026-09-07T06:00:00+07:00,S28,forward,15.4,30,355,0.89,SURVEI_SIMULASI,ok,True
2026-09-07T07:00:00+07:00,S28,forward,13.5,30,497,0.99,SURVEI_SIMULASI,ok,True
2026-09-07T08:00:00+07:00,S28,forward,13.5,30,526,0.99,SURVEI_SIMULASI,ok,True
2026-09-07T09:00:00+07:00,S28,forward,13.5,30,503,0.99,SURVEI_SIMULASI,ok,True
2026-09-07T10:00:00+07:00,S28,forward,15.2,30,358,0.89,SURVEI_SIMULASI,ok,True
2026-09-07T11:00:00+07:00,S28,forward,14.8,30,367,0.92,SURVEI_SIMULASI,ok,True
2026-09-07T12:00:00+07:00,S28,forward,17.6,30,302,0.75,SURVEI_SIMULASI,ok,True
2026-09-07T13:00:00+07:00,S28,forward,16.6,30,325,0.81,SURVEI_SIMULASI,ok,True
2026-09-07T14:00:00+07:00,S28,forward,15.1,30,362,0.91,SURVEI_SIMULASI,ok,True
2026-09-07T15:00:00+07:00,S28,forward,16.9,30,319,0.8,SURVEI_SIMULASI,ok,True
2026-09-07T16:00:00+07:00,S28,forward,13.5,30,516,0.99,SURVEI_SIMULASI,ok,True
2026-09-07T17:00:00+07:00,S28,forward,13.5,30,536,0.99,SURVEI_SIMULASI,ok,True
2026-09-07T18:00:00+07:00,S28,forward,13.5,30,545,0.99,SURVEI_SIMULASI,ok,True
2026-09-07T19:00:00+07:00,S28,forward,13.5,30,479,0.99,SURVEI_SIMULASI,ok,True
2026-09-01T06:00:00+07:00,S28,reverse,13.5,30,401,0.99,SURVEI_SIMULASI,ok,True
2026-09-01T07:00:00+07:00,S28,reverse,13.5,30,641,0.99,SURVEI_SIMULASI,ok,True
2026-09-01T08:00:00+07:00,S28,reverse,13.5,30,553,0.99,SURVEI_SIMULASI,ok,True
2026-09-01T09:00:00+07:00,S28,reverse,13.5,30,630,0.99,SURVEI_SIMULASI,ok,True
2026-09-01T10:00:00+07:00,S28,reverse,14.5,30,375,0.94,SURVEI_SIMULASI,ok,True
2026-09-01T11:00:00+07:00,S28,reverse,14.4,30,378,0.94,SURVEI_SIMULASI,ok,True
2026-09-01T12:00:00+07:00,S28,reverse,16.4,30,330,0.83,SURVEI_SIMULASI,ok,True
2026-09-01T13:00:00+07:00,S28,reverse,16.0,30,340,0.85,SURVEI_SIMULASI,ok,True
2026-09-01T14:00:00+07:00,S28,reverse,13.5,30,403,0.99,SURVEI_SIMULASI,ok,True
2026-09-01T15:00:00+07:00,S28,reverse,15.8,30,345,0.86,SURVEI_SIMULASI,ok,True
2026-09-01T16:00:00+07:00,S28,reverse,13.5,30,563,0.99,SURVEI_SIMULASI,ok,True
2026-09-01T17:00:00+07:00,S28,reverse,13.5,30,510,0.99,SURVEI_SIMULASI,ok,True
2026-09-01T18:00:00+07:00,S28,reverse,13.5,30,582,0.99,SURVEI_SIMULASI,ok,True
2026-09-01T19:00:00+07:00,S28,reverse,13.5,30,615,0.99,SURVEI_SIMULASI,ok,True
2026-09-02T06:00:00+07:00,S28,reverse,15.6,30,350,0.87,SURVEI_SIMULASI,ok,True
2026-09-02T07:00:00+07:00,S28,reverse,13.5,30,645,0.99,SURVEI_SIMULASI,ok,True
2026-09-02T08:00:00+07:00,S28,reverse,13.5,30,560,0.99,SURVEI_SIMULASI,ok,True
2026-09-02T09:00:00+07:00,S28,reverse,13.5,30,647,0.99,SURVEI_SIMULASI,ok,True
2026-09-02T10:00:00+07:00,S28,reverse,14.8,30,369,0.92,SURVEI_SIMULASI,ok,True
2026-09-02T11:00:00+07:00,S28,reverse,14.8,30,369,0.92,SURVEI_SIMULASI,ok,True
2026-09-02T12:00:00+07:00,S28,reverse,17.5,30,304,0.76,SURVEI_SIMULASI,ok,True
2026-09-02T13:00:00+07:00,S28,reverse,16.0,30,339,0.85,SURVEI_SIMULASI,ok,True
2026-09-02T14:00:00+07:00,S28,reverse,16.0,30,338,0.85,SURVEI_SIMULASI,ok,True
2026-09-02T15:00:00+07:00,S28,reverse,13.5,30,399,0.99,SURVEI_SIMULASI,ok,True
2026-09-02T16:00:00+07:00,S28,reverse,13.5,30,536,0.99,SURVEI_SIMULASI,ok,True
2026-09-02T17:00:00+07:00,S28,reverse,13.5,30,592,0.99,SURVEI_SIMULASI,ok,True
2026-09-02T18:00:00+07:00,S28,reverse,13.5,30,539,0.99,SURVEI_SIMULASI,ok,True
2026-09-02T19:00:00+07:00,S28,reverse,13.5,30,551,0.99,SURVEI_SIMULASI,ok,True
2026-09-08T06:00:00+07:00,S28,reverse,15.5,30,352,0.88,SURVEI_SIMULASI,ok,True
2026-09-08T07:00:00+07:00,S28,reverse,13.5,30,563,0.99,SURVEI_SIMULASI,ok,True
2026-09-08T08:00:00+07:00,S28,reverse,13.5,30,600,0.99,SURVEI_SIMULASI,ok,True
2026-09-08T09:00:00+07:00,S28,reverse,13.5,30,651,0.99,SURVEI_SIMULASI,ok,True
2026-09-08T10:00:00+07:00,S28,reverse,14.4,30,377,0.94,SURVEI_SIMULASI,ok,True
2026-09-08T11:00:00+07:00,S28,reverse,14.6,30,374,0.94,SURVEI_SIMULASI,ok,True
2026-09-08T12:00:00+07:00,S28,reverse,15.5,30,352,0.88,SURVEI_SIMULASI,ok,True
2026-09-08T13:00:00+07:00,S28,reverse,17.5,30,304,0.76,SURVEI_SIMULASI,ok,True
2026-09-08T14:00:00+07:00,S28,reverse,14.6,30,374,0.93,SURVEI_SIMULASI,ok,True
2026-09-08T15:00:00+07:00,S28,reverse,15.2,30,358,0.9,SURVEI_SIMULASI,ok,True
2026-09-08T16:00:00+07:00,S28,reverse,13.5,30,578,0.99,SURVEI_SIMULASI,ok,True
2026-09-08T17:00:00+07:00,S28,reverse,13.5,30,613,0.99,SURVEI_SIMULASI,ok,True
2026-09-08T18:00:00+07:00,S28,reverse,13.5,30,525,0.99,SURVEI_SIMULASI,ok,True
2026-09-08T19:00:00+07:00,S28,reverse,13.5,30,554,0.99,SURVEI_SIMULASI,ok,True
2026-09-09T06:00:00+07:00,S28,reverse,13.5,30,400,0.99,SURVEI_SIMULASI,ok,True
2026-09-09T07:00:00+07:00,S28,reverse,13.5,30,540,0.99,SURVEI_SIMULASI,ok,True
2026-09-09T08:00:00+07:00,S28,reverse,13.5,30,583,0.99,SURVEI_SIMULASI,ok,True
2026-09-09T09:00:00+07:00,S28,reverse,13.5,30,639,0.99,SURVEI_SIMULASI,ok,True
2026-09-09T10:00:00+07:00,S28,reverse,14.4,30,379,0.95,SURVEI_SIMULASI,ok,True
2026-09-09T11:00:00+07:00,S28,reverse,15.7,30,347,0.87,SURVEI_SIMULASI,ok,True
2026-09-09T12:00:00+07:00,S28,reverse,17.4,30,304,0.76,SURVEI_SIMULASI,ok,True
2026-09-09T13:00:00+07:00,S28,reverse,15.3,30,356,0.89,SURVEI_SIMULASI,ok,True
2026-09-09T14:00:00+07:00,S28,reverse,14.4,30,378,0.94,SURVEI_SIMULASI,ok,True
2026-09-09T15:00:00+07:00,S28,reverse,13.9,30,390,0.98,SURVEI_SIMULASI,ok,True
2026-09-09T16:00:00+07:00,S28,reverse,13.5,30,571,0.99,SURVEI_SIMULASI,ok,True
2026-09-09T17:00:00+07:00,S28,reverse,13.5,30,515,0.99,SURVEI_SIMULASI,ok,True
2026-09-09T18:00:00+07:00,S28,reverse,13.5,30,567,0.99,SURVEI_SIMULASI,ok,True
2026-09-09T19:00:00+07:00,S28,reverse,13.5,30,507,0.99,SURVEI_SIMULASI,ok,True
2026-09-03T06:00:00+07:00,S28,reverse,15.1,30,362,0.9,SURVEI_SIMULASI,ok,True
2026-09-03T07:00:00+07:00,S28,reverse,13.5,30,584,0.99,SURVEI_SIMULASI,ok,True
2026-09-03T08:00:00+07:00,S28,reverse,13.5,30,582,0.99,SURVEI_SIMULASI,ok,True
2026-09-03T09:00:00+07:00,S28,reverse,13.5,30,570,0.99,SURVEI_SIMULASI,ok,True
2026-09-03T10:00:00+07:00,S28,reverse,15.7,30,346,0.87,SURVEI_SIMULASI,ok,True
2026-09-03T11:00:00+07:00,S28,reverse,15.6,30,349,0.87,SURVEI_SIMULASI,ok,True
2026-09-03T12:00:00+07:00,S28,reverse,15.6,30,348,0.87,SURVEI_SIMULASI,ok,True
2026-09-03T13:00:00+07:00,S28,reverse,14.8,30,368,0.92,SURVEI_SIMULASI,ok,True
2026-09-03T14:00:00+07:00,S28,reverse,13.5,30,408,0.99,SURVEI_SIMULASI,ok,True
2026-09-03T15:00:00+07:00,S28,reverse,15.6,30,350,0.88,SURVEI_SIMULASI,ok,True
2026-09-03T16:00:00+07:00,S28,reverse,13.5,30,580,0.99,SURVEI_SIMULASI,ok,True
2026-09-03T17:00:00+07:00,S28,reverse,13.5,30,523,0.99,SURVEI_SIMULASI,ok,True
2026-09-03T18:00:00+07:00,S28,reverse,13.5,30,552,0.99,SURVEI_SIMULASI,ok,True
2026-09-03T19:00:00+07:00,S28,reverse,13.5,30,523,0.99,SURVEI_SIMULASI,ok,True
2026-09-04T06:00:00+07:00,S28,reverse,15.5,30,351,0.88,SURVEI_SIMULASI,ok,True
2026-09-04T07:00:00+07:00,S28,reverse,13.5,30,575,0.99,SURVEI_SIMULASI,ok,True
2026-09-04T08:00:00+07:00,S28,reverse,13.5,30,639,0.99,SURVEI_SIMULASI,ok,True
2026-09-04T09:00:00+07:00,S28,reverse,13.5,30,592,0.99,SURVEI_SIMULASI,ok,True
2026-09-04T10:00:00+07:00,S28,reverse,14.9,30,365,0.91,SURVEI_SIMULASI,ok,True
2026-09-04T11:00:00+07:00,S28,reverse,13.5,30,401,0.99,SURVEI_SIMULASI,ok,True
2026-09-04T12:00:00+07:00,S28,reverse,14.8,30,368,0.92,SURVEI_SIMULASI,ok,True
2026-09-04T13:00:00+07:00,S28,reverse,16.1,30,336,0.84,SURVEI_SIMULASI,ok,True
2026-09-04T14:00:00+07:00,S28,reverse,15.6,30,349,0.87,SURVEI_SIMULASI,ok,True
2026-09-04T15:00:00+07:00,S28,reverse,13.9,30,391,0.98,SURVEI_SIMULASI,ok,True
2026-09-04T16:00:00+07:00,S28,reverse,13.5,30,570,0.99,SURVEI_SIMULASI,ok,True
2026-09-04T17:00:00+07:00,S28,reverse,13.5,30,551,0.99,SURVEI_SIMULASI,ok,True
2026-09-04T18:00:00+07:00,S28,reverse,13.5,30,512,0.99,SURVEI_SIMULASI,ok,True
2026-09-04T19:00:00+07:00,S28,reverse,13.5,30,515,0.99,SURVEI_SIMULASI,ok,True
2026-09-05T06:00:00+07:00,S28,reverse,13.5,30,400,0.99,SURVEI_SIMULASI,ok,True
2026-09-05T07:00:00+07:00,S28,reverse,13.5,30,647,0.99,SURVEI_SIMULASI,ok,True
2026-09-05T08:00:00+07:00,S28,reverse,13.5,30,552,0.99,SURVEI_SIMULASI,ok,True
2026-09-05T09:00:00+07:00,S28,reverse,13.5,30,564,0.99,SURVEI_SIMULASI,ok,True
2026-09-05T10:00:00+07:00,S28,reverse,15.3,30,356,0.89,SURVEI_SIMULASI,ok,True
2026-09-05T11:00:00+07:00,S28,reverse,15.5,30,351,0.88,SURVEI_SIMULASI,ok,True
2026-09-05T12:00:00+07:00,S28,reverse,14.8,30,370,0.92,SURVEI_SIMULASI,ok,True
2026-09-05T13:00:00+07:00,S28,reverse,16.0,30,339,0.85,SURVEI_SIMULASI,ok,True
2026-09-05T14:00:00+07:00,S28,reverse,15.6,30,349,0.87,SURVEI_SIMULASI,ok,True
2026-09-05T15:00:00+07:00,S28,reverse,15.1,30,362,0.9,SURVEI_SIMULASI,ok,True
2026-09-05T16:00:00+07:00,S28,reverse,13.5,30,528,0.99,SURVEI_SIMULASI,ok,True
2026-09-05T17:00:00+07:00,S28,reverse,13.5,30,574,0.99,SURVEI_SIMULASI,ok,True
2026-09-05T18:00:00+07:00,S28,reverse,13.5,30,600,0.99,SURVEI_SIMULASI,ok,True
2026-09-05T19:00:00+07:00,S28,reverse,13.5,30,567,0.99,SURVEI_SIMULASI,ok,True
2026-09-06T06:00:00+07:00,S28,reverse,15.9,30,341,0.85,SURVEI_SIMULASI,ok,True
2026-09-06T07:00:00+07:00,S28,reverse,13.5,30,569,0.99,SURVEI_SIMULASI,ok,True
2026-09-06T08:00:00+07:00,S28,reverse,13.5,30,560,0.99,SURVEI_SIMULASI,ok,True
2026-09-06T09:00:00+07:00,S28,reverse,13.5,30,580,0.99,SURVEI_SIMULASI,ok,True
2026-09-06T10:00:00+07:00,S28,reverse,17.1,30,312,0.78,SURVEI_SIMULASI,ok,True
2026-09-06T11:00:00+07:00,S28,reverse,16.0,30,338,0.85,SURVEI_SIMULASI,ok,True
2026-09-06T12:00:00+07:00,S28,reverse,18.3,30,284,0.71,SURVEI_SIMULASI,ok,True
2026-09-06T13:00:00+07:00,S28,reverse,18.0,30,292,0.73,SURVEI_SIMULASI,ok,True
2026-09-06T14:00:00+07:00,S28,reverse,16.2,30,334,0.84,SURVEI_SIMULASI,ok,True
2026-09-06T15:00:00+07:00,S28,reverse,16.3,30,332,0.83,SURVEI_SIMULASI,ok,True
2026-09-06T16:00:00+07:00,S28,reverse,13.5,30,529,0.99,SURVEI_SIMULASI,ok,True
2026-09-06T17:00:00+07:00,S28,reverse,13.5,30,485,0.99,SURVEI_SIMULASI,ok,True
2026-09-06T18:00:00+07:00,S28,reverse,13.5,30,483,0.99,SURVEI_SIMULASI,ok,True
2026-09-06T19:00:00+07:00,S28,reverse,13.5,30,530,0.99,SURVEI_SIMULASI,ok,True
2026-09-07T06:00:00+07:00,S28,reverse,16.7,30,323,0.81,SURVEI_SIMULASI,ok,True
2026-09-07T07:00:00+07:00,S28,reverse,13.5,30,574,0.99,SURVEI_SIMULASI,ok,True
2026-09-07T08:00:00+07:00,S28,reverse,13.5,30,561,0.99,SURVEI_SIMULASI,ok,True
2026-09-07T09:00:00+07:00,S28,reverse,13.5,30,546,0.99,SURVEI_SIMULASI,ok,True
2026-09-07T10:00:00+07:00,S28,reverse,16.1,30,336,0.84,SURVEI_SIMULASI,ok,True
2026-09-07T11:00:00+07:00,S28,reverse,15.8,30,345,0.86,SURVEI_SIMULASI,ok,True
2026-09-07T12:00:00+07:00,S28,reverse,17.3,30,308,0.77,SURVEI_SIMULASI,ok,True
2026-09-07T13:00:00+07:00,S28,reverse,18.5,30,278,0.69,SURVEI_SIMULASI,ok,True
2026-09-07T14:00:00+07:00,S28,reverse,16.8,30,321,0.8,SURVEI_SIMULASI,ok,True
2026-09-07T15:00:00+07:00,S28,reverse,16.2,30,334,0.83,SURVEI_SIMULASI,ok,True
2026-09-07T16:00:00+07:00,S28,reverse,13.5,30,518,0.99,SURVEI_SIMULASI,ok,True
2026-09-07T17:00:00+07:00,S28,reverse,13.5,30,545,0.99,SURVEI_SIMULASI,ok,True
2026-09-07T18:00:00+07:00,S28,reverse,13.5,30,466,0.99,SURVEI_SIMULASI,ok,True
2026-09-07T19:00:00+07:00,S28,reverse,13.5,30,461,0.99,SURVEI_SIMULASI,ok,True
2026-09-01T06:00:00+07:00,S29,forward,33.9,45,359,0.45,SURVEI_SIMULASI,ok,True
2026-09-01T07:00:00+07:00,S29,forward,27.0,45,582,0.73,SURVEI_SIMULASI,ok,True
2026-09-01T08:00:00+07:00,S29,forward,25.7,45,623,0.78,SURVEI_SIMULASI,ok,True
2026-09-01T09:00:00+07:00,S29,forward,24.5,45,663,0.83,SURVEI_SIMULASI,ok,True
2026-09-01T10:00:00+07:00,S29,forward,32.3,45,410,0.51,SURVEI_SIMULASI,ok,True
2026-09-01T11:00:00+07:00,S29,forward,33.8,45,361,0.45,SURVEI_SIMULASI,ok,True
2026-09-01T12:00:00+07:00,S29,forward,33.4,45,375,0.47,SURVEI_SIMULASI,ok,True
2026-09-01T13:00:00+07:00,S29,forward,33.5,45,372,0.47,SURVEI_SIMULASI,ok,True
2026-09-01T14:00:00+07:00,S29,forward,34.1,45,353,0.44,SURVEI_SIMULASI,ok,True
2026-09-01T15:00:00+07:00,S29,forward,33.9,45,359,0.45,SURVEI_SIMULASI,ok,True
2026-09-01T16:00:00+07:00,S29,forward,28.3,45,541,0.68,SURVEI_SIMULASI,ok,True
2026-09-01T17:00:00+07:00,S29,forward,27.2,45,577,0.72,SURVEI_SIMULASI,ok,True
2026-09-01T18:00:00+07:00,S29,forward,27.6,45,563,0.7,SURVEI_SIMULASI,ok,True
2026-09-01T19:00:00+07:00,S29,forward,27.5,45,567,0.71,SURVEI_SIMULASI,ok,True
2026-09-02T06:00:00+07:00,S29,forward,33.3,45,378,0.47,SURVEI_SIMULASI,ok,True
2026-09-02T07:00:00+07:00,S29,forward,26.4,45,602,0.75,SURVEI_SIMULASI,ok,True
2026-09-02T08:00:00+07:00,S29,forward,26.1,45,612,0.76,SURVEI_SIMULASI,ok,True
2026-09-02T09:00:00+07:00,S29,forward,25.2,45,639,0.8,SURVEI_SIMULASI,ok,True
2026-09-02T10:00:00+07:00,S29,forward,33.0,45,388,0.49,SURVEI_SIMULASI,ok,True
2026-09-02T11:00:00+07:00,S29,forward,32.5,45,404,0.51,SURVEI_SIMULASI,ok,True
2026-09-02T12:00:00+07:00,S29,forward,33.8,45,363,0.45,SURVEI_SIMULASI,ok,True
2026-09-02T13:00:00+07:00,S29,forward,35.0,45,323,0.4,SURVEI_SIMULASI,ok,True
2026-09-02T14:00:00+07:00,S29,forward,32.5,45,404,0.51,SURVEI_SIMULASI,ok,True
2026-09-02T15:00:00+07:00,S29,forward,32.4,45,407,0.51,SURVEI_SIMULASI,ok,True
2026-09-02T16:00:00+07:00,S29,forward,28.5,45,533,0.67,SURVEI_SIMULASI,ok,True
2026-09-02T17:00:00+07:00,S29,forward,26.8,45,589,0.74,SURVEI_SIMULASI,ok,True
2026-09-02T18:00:00+07:00,S29,forward,27.4,45,568,0.71,SURVEI_SIMULASI,ok,True
2026-09-02T19:00:00+07:00,S29,forward,28.2,45,542,0.68,SURVEI_SIMULASI,ok,True
2026-09-08T06:00:00+07:00,S29,forward,32.2,45,414,0.52,SURVEI_SIMULASI,ok,True
2026-09-08T07:00:00+07:00,S29,forward,27.4,45,569,0.71,SURVEI_SIMULASI,ok,True
2026-09-08T08:00:00+07:00,S29,forward,26.4,45,600,0.75,SURVEI_SIMULASI,ok,True
2026-09-08T09:00:00+07:00,S29,forward,26.2,45,606,0.76,SURVEI_SIMULASI,ok,True
2026-09-08T10:00:00+07:00,S29,forward,34.4,45,344,0.43,SURVEI_SIMULASI,ok,True
2026-09-08T11:00:00+07:00,S29,forward,32.6,45,402,0.5,SURVEI_SIMULASI,ok,True
2026-09-08T12:00:00+07:00,S29,forward,33.7,45,365,0.46,SURVEI_SIMULASI,ok,True
2026-09-08T13:00:00+07:00,S29,forward,35.3,45,313,0.39,SURVEI_SIMULASI,ok,True
2026-09-08T14:00:00+07:00,S29,forward,33.1,45,383,0.48,SURVEI_SIMULASI,ok,True
2026-09-08T15:00:00+07:00,S29,forward,33.3,45,379,0.47,SURVEI_SIMULASI,ok,True
2026-09-08T16:00:00+07:00,S29,forward,26.4,45,603,0.75,SURVEI_SIMULASI,ok,True
2026-09-08T17:00:00+07:00,S29,forward,28.4,45,538,0.67,SURVEI_SIMULASI,ok,True
2026-09-08T18:00:00+07:00,S29,forward,28.2,45,544,0.68,SURVEI_SIMULASI,ok,True
2026-09-08T19:00:00+07:00,S29,forward,29.0,45,517,0.65,SURVEI_SIMULASI,ok,True
2026-09-09T06:00:00+07:00,S29,forward,33.6,45,369,0.46,SURVEI_SIMULASI,ok,True
2026-09-09T07:00:00+07:00,S29,forward,28.0,45,550,0.69,SURVEI_SIMULASI,ok,True
2026-09-09T08:00:00+07:00,S29,forward,25.4,45,632,0.79,SURVEI_SIMULASI,ok,True
2026-09-09T09:00:00+07:00,S29,forward,27.8,45,557,0.7,SURVEI_SIMULASI,ok,True
2026-09-09T10:00:00+07:00,S29,forward,34.3,45,347,0.43,SURVEI_SIMULASI,ok,True
2026-09-09T11:00:00+07:00,S29,forward,33.1,45,385,0.48,SURVEI_SIMULASI,ok,True
2026-09-09T12:00:00+07:00,S29,forward,34.3,45,346,0.43,SURVEI_SIMULASI,ok,True
2026-09-09T13:00:00+07:00,S29,forward,34.9,45,325,0.41,SURVEI_SIMULASI,ok,True
2026-09-09T14:00:00+07:00,S29,forward,33.7,45,366,0.46,SURVEI_SIMULASI,ok,True
2026-09-09T15:00:00+07:00,S29,forward,32.9,45,392,0.49,SURVEI_SIMULASI,ok,True
2026-09-09T16:00:00+07:00,S29,forward,27.7,45,560,0.7,SURVEI_SIMULASI,ok,True
2026-09-09T17:00:00+07:00,S29,forward,26.3,45,604,0.76,SURVEI_SIMULASI,ok,True
2026-09-09T18:00:00+07:00,S29,forward,26.6,45,595,0.74,SURVEI_SIMULASI,ok,True
2026-09-09T19:00:00+07:00,S29,forward,27.5,45,565,0.71,SURVEI_SIMULASI,ok,True
2026-09-03T06:00:00+07:00,S29,forward,32.7,45,399,0.5,SURVEI_SIMULASI,ok,True
2026-09-03T07:00:00+07:00,S29,forward,26.0,45,614,0.77,SURVEI_SIMULASI,ok,True
2026-09-03T08:00:00+07:00,S29,forward,27.5,45,565,0.71,SURVEI_SIMULASI,ok,True
2026-09-03T09:00:00+07:00,S29,forward,27.8,45,558,0.7,SURVEI_SIMULASI,ok,True
2026-09-03T10:00:00+07:00,S29,forward,32.2,45,413,0.52,SURVEI_SIMULASI,ok,True
2026-09-03T11:00:00+07:00,S29,forward,34.3,45,346,0.43,SURVEI_SIMULASI,ok,True
2026-09-03T12:00:00+07:00,S29,forward,33.5,45,372,0.47,SURVEI_SIMULASI,ok,True
2026-09-03T13:00:00+07:00,S29,forward,35.1,45,321,0.4,SURVEI_SIMULASI,ok,True
2026-09-03T14:00:00+07:00,S29,forward,32.0,45,419,0.52,SURVEI_SIMULASI,ok,True
2026-09-03T15:00:00+07:00,S29,forward,34.0,45,357,0.45,SURVEI_SIMULASI,ok,True
2026-09-03T16:00:00+07:00,S29,forward,27.4,45,570,0.71,SURVEI_SIMULASI,ok,True
2026-09-03T17:00:00+07:00,S29,forward,26.9,45,585,0.73,SURVEI_SIMULASI,ok,True
2026-09-03T18:00:00+07:00,S29,forward,28.0,45,549,0.69,SURVEI_SIMULASI,ok,True
2026-09-03T19:00:00+07:00,S29,forward,26.7,45,591,0.74,SURVEI_SIMULASI,ok,True
2026-09-04T06:00:00+07:00,S29,forward,32.2,45,414,0.52,SURVEI_SIMULASI,ok,True
2026-09-04T07:00:00+07:00,S29,forward,24.5,45,662,0.83,SURVEI_SIMULASI,ok,True
2026-09-04T08:00:00+07:00,S29,forward,27.0,45,581,0.73,SURVEI_SIMULASI,ok,True
2026-09-04T09:00:00+07:00,S29,forward,26.6,45,596,0.74,SURVEI_SIMULASI,ok,True
2026-09-04T10:00:00+07:00,S29,forward,32.9,45,390,0.49,SURVEI_SIMULASI,ok,True
2026-09-04T11:00:00+07:00,S29,forward,34.0,45,355,0.44,SURVEI_SIMULASI,ok,True
2026-09-04T12:00:00+07:00,S29,forward,33.7,45,365,0.46,SURVEI_SIMULASI,ok,True
2026-09-04T13:00:00+07:00,S29,forward,34.7,45,332,0.41,SURVEI_SIMULASI,ok,True
2026-09-04T14:00:00+07:00,S29,forward,32.1,45,417,0.52,SURVEI_SIMULASI,ok,True
2026-09-04T15:00:00+07:00,S29,forward,32.9,45,393,0.49,SURVEI_SIMULASI,ok,True
2026-09-04T16:00:00+07:00,S29,forward,28.9,45,521,0.65,SURVEI_SIMULASI,ok,True
2026-09-04T17:00:00+07:00,S29,forward,26.3,45,604,0.75,SURVEI_SIMULASI,ok,True
2026-09-04T18:00:00+07:00,S29,forward,26.8,45,590,0.74,SURVEI_SIMULASI,ok,True
2026-09-04T19:00:00+07:00,S29,forward,27.5,45,565,0.71,SURVEI_SIMULASI,ok,True
2026-09-05T06:00:00+07:00,S29,forward,34.1,45,352,0.44,SURVEI_SIMULASI,ok,True
2026-09-05T07:00:00+07:00,S29,forward,27.2,45,576,0.72,SURVEI_SIMULASI,ok,True
2026-09-05T08:00:00+07:00,S29,forward,25.0,45,646,0.81,SURVEI_SIMULASI,ok,True
2026-09-05T09:00:00+07:00,S29,forward,27.9,45,553,0.69,SURVEI_SIMULASI,ok,True
2026-09-05T10:00:00+07:00,S29,forward,32.8,45,393,0.49,SURVEI_SIMULASI,ok,True
2026-09-05T11:00:00+07:00,S29,forward,34.1,45,353,0.44,SURVEI_SIMULASI,ok,True
2026-09-05T12:00:00+07:00,S29,forward,34.1,45,353,0.44,SURVEI_SIMULASI,ok,True
2026-09-05T13:00:00+07:00,S29,forward,34.7,45,333,0.42,SURVEI_SIMULASI,ok,True
2026-09-05T14:00:00+07:00,S29,forward,33.5,45,371,0.46,SURVEI_SIMULASI,ok,True
2026-09-05T15:00:00+07:00,S29,forward,33.5,45,371,0.46,SURVEI_SIMULASI,ok,True
2026-09-05T16:00:00+07:00,S29,forward,28.7,45,526,0.66,SURVEI_SIMULASI,ok,True
2026-09-05T17:00:00+07:00,S29,forward,29.0,45,517,0.65,SURVEI_SIMULASI,ok,True
2026-09-05T18:00:00+07:00,S29,forward,25.7,45,625,0.78,SURVEI_SIMULASI,ok,True
2026-09-05T19:00:00+07:00,S29,forward,27.9,45,554,0.69,SURVEI_SIMULASI,ok,True
2026-09-06T06:00:00+07:00,S29,forward,33.4,45,374,0.47,SURVEI_SIMULASI,ok,True
2026-09-06T07:00:00+07:00,S29,forward,27.4,45,568,0.71,SURVEI_SIMULASI,ok,True
2026-09-06T08:00:00+07:00,S29,forward,26.5,45,599,0.75,SURVEI_SIMULASI,ok,True
2026-09-06T09:00:00+07:00,S29,forward,28.8,45,522,0.65,SURVEI_SIMULASI,ok,True
2026-09-06T10:00:00+07:00,S29,forward,35.1,45,321,0.4,SURVEI_SIMULASI,ok,True
2026-09-06T11:00:00+07:00,S29,forward,34.5,45,341,0.43,SURVEI_SIMULASI,ok,True
2026-09-06T12:00:00+07:00,S29,forward,34.7,45,333,0.42,SURVEI_SIMULASI,ok,True
2026-09-06T13:00:00+07:00,S29,forward,35.9,45,294,0.37,SURVEI_SIMULASI,ok,True
2026-09-06T14:00:00+07:00,S29,forward,34.7,45,333,0.42,SURVEI_SIMULASI,ok,True
2026-09-06T15:00:00+07:00,S29,forward,35.2,45,317,0.4,SURVEI_SIMULASI,ok,True
2026-09-06T16:00:00+07:00,S29,forward,28.0,45,550,0.69,SURVEI_SIMULASI,ok,True
2026-09-06T17:00:00+07:00,S29,forward,27.6,45,564,0.7,SURVEI_SIMULASI,ok,True
2026-09-06T18:00:00+07:00,S29,forward,29.0,45,516,0.65,SURVEI_SIMULASI,ok,True
2026-09-06T19:00:00+07:00,S29,forward,30.2,45,479,0.6,SURVEI_SIMULASI,ok,True
2026-09-07T06:00:00+07:00,S29,forward,34.0,45,356,0.45,SURVEI_SIMULASI,ok,True
2026-09-07T07:00:00+07:00,S29,forward,26.5,45,598,0.75,SURVEI_SIMULASI,ok,True
2026-09-07T08:00:00+07:00,S29,forward,27.2,45,575,0.72,SURVEI_SIMULASI,ok,True
2026-09-07T09:00:00+07:00,S29,forward,28.6,45,530,0.66,SURVEI_SIMULASI,ok,True
2026-09-07T10:00:00+07:00,S29,forward,35.1,45,319,0.4,SURVEI_SIMULASI,ok,True
2026-09-07T11:00:00+07:00,S29,forward,34.5,45,339,0.42,SURVEI_SIMULASI,ok,True
2026-09-07T12:00:00+07:00,S29,forward,35.5,45,307,0.38,SURVEI_SIMULASI,ok,True
2026-09-07T13:00:00+07:00,S29,forward,35.3,45,313,0.39,SURVEI_SIMULASI,ok,True
2026-09-07T14:00:00+07:00,S29,forward,34.3,45,346,0.43,SURVEI_SIMULASI,ok,True
2026-09-07T15:00:00+07:00,S29,forward,35.4,45,310,0.39,SURVEI_SIMULASI,ok,True
2026-09-07T16:00:00+07:00,S29,forward,27.8,45,555,0.69,SURVEI_SIMULASI,ok,True
2026-09-07T17:00:00+07:00,S29,forward,29.6,45,497,0.62,SURVEI_SIMULASI,ok,True
2026-09-07T18:00:00+07:00,S29,forward,28.7,45,526,0.66,SURVEI_SIMULASI,ok,True
2026-09-07T19:00:00+07:00,S29,forward,27.5,45,566,0.71,SURVEI_SIMULASI,ok,True
2026-09-01T06:00:00+07:00,S29,reverse,33.8,45,362,0.45,SURVEI_SIMULASI,ok,True
2026-09-01T07:00:00+07:00,S29,reverse,24.8,45,652,0.81,SURVEI_SIMULASI,ok,True
2026-09-01T08:00:00+07:00,S29,reverse,27.0,45,583,0.73,SURVEI_SIMULASI,ok,True
2026-09-01T09:00:00+07:00,S29,reverse,26.3,45,605,0.76,SURVEI_SIMULASI,ok,True
2026-09-01T10:00:00+07:00,S29,reverse,33.5,45,371,0.46,SURVEI_SIMULASI,ok,True
2026-09-01T11:00:00+07:00,S29,reverse,32.1,45,416,0.52,SURVEI_SIMULASI,ok,True
2026-09-01T12:00:00+07:00,S29,reverse,34.6,45,338,0.42,SURVEI_SIMULASI,ok,True
2026-09-01T13:00:00+07:00,S29,reverse,34.6,45,337,0.42,SURVEI_SIMULASI,ok,True
2026-09-01T14:00:00+07:00,S29,reverse,34.2,45,350,0.44,SURVEI_SIMULASI,ok,True
2026-09-01T15:00:00+07:00,S29,reverse,32.6,45,402,0.5,SURVEI_SIMULASI,ok,True
2026-09-01T16:00:00+07:00,S29,reverse,26.4,45,601,0.75,SURVEI_SIMULASI,ok,True
2026-09-01T17:00:00+07:00,S29,reverse,26.6,45,596,0.74,SURVEI_SIMULASI,ok,True
2026-09-01T18:00:00+07:00,S29,reverse,25.8,45,619,0.77,SURVEI_SIMULASI,ok,True
2026-09-01T19:00:00+07:00,S29,reverse,28.7,45,526,0.66,SURVEI_SIMULASI,ok,True
2026-09-02T06:00:00+07:00,S29,reverse,34.0,45,356,0.45,SURVEI_SIMULASI,ok,True
2026-09-02T07:00:00+07:00,S29,reverse,25.2,45,641,0.8,SURVEI_SIMULASI,ok,True
2026-09-02T08:00:00+07:00,S29,reverse,25.5,45,632,0.79,SURVEI_SIMULASI,ok,True
2026-09-02T09:00:00+07:00,S29,reverse,27.9,45,553,0.69,SURVEI_SIMULASI,ok,True
2026-09-02T10:00:00+07:00,S29,reverse,32.1,45,416,0.52,SURVEI_SIMULASI,ok,True
2026-09-02T11:00:00+07:00,S29,reverse,34.0,45,356,0.45,SURVEI_SIMULASI,ok,True
2026-09-02T12:00:00+07:00,S29,reverse,35.1,45,319,0.4,SURVEI_SIMULASI,ok,True
2026-09-02T13:00:00+07:00,S29,reverse,33.7,45,365,0.46,SURVEI_SIMULASI,ok,True
2026-09-02T14:00:00+07:00,S29,reverse,33.9,45,358,0.45,SURVEI_SIMULASI,ok,True
2026-09-02T15:00:00+07:00,S29,reverse,32.9,45,391,0.49,SURVEI_SIMULASI,ok,True
2026-09-02T16:00:00+07:00,S29,reverse,27.4,45,570,0.71,SURVEI_SIMULASI,ok,True
2026-09-02T17:00:00+07:00,S29,reverse,26.8,45,588,0.73,SURVEI_SIMULASI,ok,True
2026-09-02T18:00:00+07:00,S29,reverse,27.8,45,555,0.69,SURVEI_SIMULASI,ok,True
2026-09-02T19:00:00+07:00,S29,reverse,26.4,45,600,0.75,SURVEI_SIMULASI,ok,True
2026-09-08T06:00:00+07:00,S29,reverse,33.7,45,365,0.46,SURVEI_SIMULASI,ok,True
2026-09-08T07:00:00+07:00,S29,reverse,26.5,45,596,0.75,SURVEI_SIMULASI,ok,True
2026-09-08T08:00:00+07:00,S29,reverse,26.8,45,588,0.74,SURVEI_SIMULASI,ok,True
2026-09-08T09:00:00+07:00,S29,reverse,27.9,45,554,0.69,SURVEI_SIMULASI,ok,True
2026-09-08T10:00:00+07:00,S29,reverse,32.6,45,401,0.5,SURVEI_SIMULASI,ok,True
2026-09-08T11:00:00+07:00,S29,reverse,33.9,45,358,0.45,SURVEI_SIMULASI,ok,True
2026-09-08T12:00:00+07:00,S29,reverse,35.1,45,319,0.4,SURVEI_SIMULASI,ok,True
2026-09-08T13:00:00+07:00,S29,reverse,34.8,45,330,0.41,SURVEI_SIMULASI,ok,True
2026-09-08T14:00:00+07:00,S29,reverse,34.0,45,357,0.45,SURVEI_SIMULASI,ok,True
2026-09-08T15:00:00+07:00,S29,reverse,34.0,45,354,0.44,SURVEI_SIMULASI,ok,True
2026-09-08T16:00:00+07:00,S29,reverse,28.6,45,530,0.66,SURVEI_SIMULASI,ok,True
2026-09-08T17:00:00+07:00,S29,reverse,26.7,45,591,0.74,SURVEI_SIMULASI,ok,True
2026-09-08T18:00:00+07:00,S29,reverse,28.2,45,542,0.68,SURVEI_SIMULASI,ok,True
2026-09-08T19:00:00+07:00,S29,reverse,27.7,45,558,0.7,SURVEI_SIMULASI,ok,True
2026-09-09T06:00:00+07:00,S29,reverse,33.0,45,388,0.49,SURVEI_SIMULASI,ok,True
2026-09-09T07:00:00+07:00,S29,reverse,25.9,45,619,0.77,SURVEI_SIMULASI,ok,True
2026-09-09T08:00:00+07:00,S29,reverse,25.6,45,626,0.78,SURVEI_SIMULASI,ok,True
2026-09-09T09:00:00+07:00,S29,reverse,27.0,45,582,0.73,SURVEI_SIMULASI,ok,True
2026-09-09T10:00:00+07:00,S29,reverse,33.3,45,377,0.47,SURVEI_SIMULASI,ok,True
2026-09-09T11:00:00+07:00,S29,reverse,33.8,45,363,0.45,SURVEI_SIMULASI,ok,True
2026-09-09T12:00:00+07:00,S29,reverse,34.4,45,344,0.43,SURVEI_SIMULASI,ok,True
2026-09-09T13:00:00+07:00,S29,reverse,33.9,45,359,0.45,SURVEI_SIMULASI,ok,True
2026-09-09T14:00:00+07:00,S29,reverse,33.1,45,385,0.48,SURVEI_SIMULASI,ok,True
2026-09-09T15:00:00+07:00,S29,reverse,34.3,45,346,0.43,SURVEI_SIMULASI,ok,True
2026-09-09T16:00:00+07:00,S29,reverse,28.3,45,539,0.67,SURVEI_SIMULASI,ok,True
2026-09-09T17:00:00+07:00,S29,reverse,28.7,45,526,0.66,SURVEI_SIMULASI,ok,True
2026-09-09T18:00:00+07:00,S29,reverse,27.1,45,579,0.72,SURVEI_SIMULASI,ok,True
2026-09-09T19:00:00+07:00,S29,reverse,28.1,45,545,0.68,SURVEI_SIMULASI,ok,True
2026-09-03T06:00:00+07:00,S29,reverse,33.9,45,360,0.45,SURVEI_SIMULASI,ok,True
2026-09-03T07:00:00+07:00,S29,reverse,26.3,45,604,0.76,SURVEI_SIMULASI,ok,True
2026-09-03T08:00:00+07:00,S29,reverse,24.3,45,668,0.83,SURVEI_SIMULASI,ok,True
2026-09-03T09:00:00+07:00,S29,reverse,26.0,45,615,0.77,SURVEI_SIMULASI,ok,True
2026-09-03T10:00:00+07:00,S29,reverse,34.1,45,351,0.44,SURVEI_SIMULASI,ok,True
2026-09-03T11:00:00+07:00,S29,reverse,32.3,45,412,0.51,SURVEI_SIMULASI,ok,True
2026-09-03T12:00:00+07:00,S29,reverse,33.3,45,377,0.47,SURVEI_SIMULASI,ok,True
2026-09-03T13:00:00+07:00,S29,reverse,34.1,45,353,0.44,SURVEI_SIMULASI,ok,True
2026-09-03T14:00:00+07:00,S29,reverse,34.0,45,355,0.44,SURVEI_SIMULASI,ok,True
2026-09-03T15:00:00+07:00,S29,reverse,32.1,45,418,0.52,SURVEI_SIMULASI,ok,True
2026-09-03T16:00:00+07:00,S29,reverse,29.0,45,518,0.65,SURVEI_SIMULASI,ok,True
2026-09-03T17:00:00+07:00,S29,reverse,28.0,45,550,0.69,SURVEI_SIMULASI,ok,True
2026-09-03T18:00:00+07:00,S29,reverse,26.6,45,594,0.74,SURVEI_SIMULASI,ok,True
2026-09-03T19:00:00+07:00,S29,reverse,28.5,45,532,0.67,SURVEI_SIMULASI,ok,True
2026-09-04T06:00:00+07:00,S29,reverse,33.3,45,377,0.47,SURVEI_SIMULASI,ok,True
2026-09-04T07:00:00+07:00,S29,reverse,27.4,45,568,0.71,SURVEI_SIMULASI,ok,True
2026-09-04T08:00:00+07:00,S29,reverse,26.9,45,585,0.73,SURVEI_SIMULASI,ok,True
2026-09-04T09:00:00+07:00,S29,reverse,26.3,45,606,0.76,SURVEI_SIMULASI,ok,True
2026-09-04T10:00:00+07:00,S29,reverse,34.4,45,344,0.43,SURVEI_SIMULASI,ok,True
2026-09-04T11:00:00+07:00,S29,reverse,33.5,45,373,0.47,SURVEI_SIMULASI,ok,True
2026-09-04T12:00:00+07:00,S29,reverse,34.3,45,346,0.43,SURVEI_SIMULASI,ok,True
2026-09-04T13:00:00+07:00,S29,reverse,35.4,45,310,0.39,SURVEI_SIMULASI,ok,True
2026-09-04T14:00:00+07:00,S29,reverse,32.6,45,401,0.5,SURVEI_SIMULASI,ok,True
2026-09-04T15:00:00+07:00,S29,reverse,34.1,45,353,0.44,SURVEI_SIMULASI,ok,True
2026-09-04T16:00:00+07:00,S29,reverse,28.4,45,538,0.67,SURVEI_SIMULASI,ok,True
2026-09-04T17:00:00+07:00,S29,reverse,26.1,45,609,0.76,SURVEI_SIMULASI,ok,True
2026-09-04T18:00:00+07:00,S29,reverse,28.3,45,540,0.67,SURVEI_SIMULASI,ok,True
2026-09-04T19:00:00+07:00,S29,reverse,29.0,45,516,0.65,SURVEI_SIMULASI,ok,True
2026-09-05T06:00:00+07:00,S29,reverse,32.8,45,394,0.49,SURVEI_SIMULASI,ok,True
2026-09-05T07:00:00+07:00,S29,reverse,26.5,45,599,0.75,SURVEI_SIMULASI,ok,True
2026-09-05T08:00:00+07:00,S29,reverse,26.9,45,585,0.73,SURVEI_SIMULASI,ok,True
2026-09-05T09:00:00+07:00,S29,reverse,27.2,45,576,0.72,SURVEI_SIMULASI,ok,True
2026-09-05T10:00:00+07:00,S29,reverse,32.7,45,398,0.5,SURVEI_SIMULASI,ok,True
2026-09-05T11:00:00+07:00,S29,reverse,32.5,45,404,0.5,SURVEI_SIMULASI,ok,True
2026-09-05T12:00:00+07:00,S29,reverse,35.4,45,310,0.39,SURVEI_SIMULASI,ok,True
2026-09-05T13:00:00+07:00,S29,reverse,33.8,45,362,0.45,SURVEI_SIMULASI,ok,True
2026-09-05T14:00:00+07:00,S29,reverse,32.7,45,397,0.5,SURVEI_SIMULASI,ok,True
2026-09-05T15:00:00+07:00,S29,reverse,34.2,45,348,0.43,SURVEI_SIMULASI,ok,True
2026-09-05T16:00:00+07:00,S29,reverse,27.4,45,568,0.71,SURVEI_SIMULASI,ok,True
2026-09-05T17:00:00+07:00,S29,reverse,25.8,45,620,0.77,SURVEI_SIMULASI,ok,True
2026-09-05T18:00:00+07:00,S29,reverse,25.8,45,622,0.78,SURVEI_SIMULASI,ok,True
2026-09-05T19:00:00+07:00,S29,reverse,26.7,45,590,0.74,SURVEI_SIMULASI,ok,True
2026-09-06T06:00:00+07:00,S29,reverse,33.8,45,361,0.45,SURVEI_SIMULASI,ok,True
2026-09-06T07:00:00+07:00,S29,reverse,27.6,45,564,0.71,SURVEI_SIMULASI,ok,True
2026-09-06T08:00:00+07:00,S29,reverse,29.6,45,498,0.62,SURVEI_SIMULASI,ok,True
2026-09-06T09:00:00+07:00,S29,reverse,26.7,45,593,0.74,SURVEI_SIMULASI,ok,True
2026-09-06T10:00:00+07:00,S29,reverse,35.0,45,322,0.4,SURVEI_SIMULASI,ok,True
2026-09-06T11:00:00+07:00,S29,reverse,33.5,45,372,0.47,SURVEI_SIMULASI,ok,True
2026-09-06T12:00:00+07:00,S29,reverse,35.0,45,323,0.4,SURVEI_SIMULASI,ok,True
2026-09-06T13:00:00+07:00,S29,reverse,35.1,45,319,0.4,SURVEI_SIMULASI,ok,True
2026-09-06T14:00:00+07:00,S29,reverse,34.1,45,352,0.44,SURVEI_SIMULASI,ok,True
2026-09-06T15:00:00+07:00,S29,reverse,33.7,45,364,0.46,SURVEI_SIMULASI,ok,True
2026-09-06T16:00:00+07:00,S29,reverse,27.7,45,561,0.7,SURVEI_SIMULASI,ok,True
2026-09-06T17:00:00+07:00,S29,reverse,28.2,45,542,0.68,SURVEI_SIMULASI,ok,True
2026-09-06T18:00:00+07:00,S29,reverse,28.2,45,542,0.68,SURVEI_SIMULASI,ok,True
2026-09-06T19:00:00+07:00,S29,reverse,28.8,45,524,0.66,SURVEI_SIMULASI,ok,True
2026-09-07T06:00:00+07:00,S29,reverse,33.3,45,378,0.47,SURVEI_SIMULASI,ok,True
2026-09-07T07:00:00+07:00,S29,reverse,26.9,45,585,0.73,SURVEI_SIMULASI,ok,True
2026-09-07T08:00:00+07:00,S29,reverse,28.5,45,534,0.67,SURVEI_SIMULASI,ok,True
2026-09-07T09:00:00+07:00,S29,reverse,28.5,45,534,0.67,SURVEI_SIMULASI,ok,True
2026-09-07T10:00:00+07:00,S29,reverse,33.5,45,372,0.47,SURVEI_SIMULASI,ok,True
2026-09-07T11:00:00+07:00,S29,reverse,35.2,45,316,0.4,SURVEI_SIMULASI,ok,True
2026-09-07T12:00:00+07:00,S29,reverse,34.8,45,328,0.41,SURVEI_SIMULASI,ok,True
2026-09-07T13:00:00+07:00,S29,reverse,36.4,45,279,0.35,SURVEI_SIMULASI,ok,True
2026-09-07T14:00:00+07:00,S29,reverse,34.6,45,336,0.42,SURVEI_SIMULASI,ok,True
2026-09-07T15:00:00+07:00,S29,reverse,34.1,45,351,0.44,SURVEI_SIMULASI,ok,True
2026-09-07T16:00:00+07:00,S29,reverse,28.0,45,550,0.69,SURVEI_SIMULASI,ok,True
2026-09-07T17:00:00+07:00,S29,reverse,29.1,45,512,0.64,SURVEI_SIMULASI,ok,True
2026-09-07T18:00:00+07:00,S29,reverse,30.0,45,484,0.6,SURVEI_SIMULASI,ok,True
2026-09-07T19:00:00+07:00,S29,reverse,30.4,45,472,0.59,SURVEI_SIMULASI,ok,True
2026-09-01T06:00:00+07:00,S30,forward,32.7,45,399,0.5,SURVEI_SIMULASI,ok,True
2026-09-01T07:00:00+07:00,S30,forward,26.6,45,594,0.74,SURVEI_SIMULASI,ok,True
2026-09-01T08:00:00+07:00,S30,forward,26.4,45,600,0.75,SURVEI_SIMULASI,ok,True
2026-09-01T09:00:00+07:00,S30,forward,26.1,45,611,0.76,SURVEI_SIMULASI,ok,True
2026-09-01T10:00:00+07:00,S30,forward,33.1,45,384,0.48,SURVEI_SIMULASI,ok,True
2026-09-01T11:00:00+07:00,S30,forward,32.5,45,404,0.5,SURVEI_SIMULASI,ok,True
2026-09-01T12:00:00+07:00,S30,forward,34.4,45,344,0.43,SURVEI_SIMULASI,ok,True
2026-09-01T13:00:00+07:00,S30,forward,34.4,45,341,0.43,SURVEI_SIMULASI,ok,True
2026-09-01T14:00:00+07:00,S30,forward,34.1,45,352,0.44,SURVEI_SIMULASI,ok,True
2026-09-01T15:00:00+07:00,S30,forward,32.8,45,394,0.49,SURVEI_SIMULASI,ok,True
2026-09-01T16:00:00+07:00,S30,forward,27.6,45,563,0.7,SURVEI_SIMULASI,ok,True
2026-09-01T17:00:00+07:00,S30,forward,25.9,45,616,0.77,SURVEI_SIMULASI,ok,True
2026-09-01T18:00:00+07:00,S30,forward,25.3,45,635,0.79,SURVEI_SIMULASI,ok,True
2026-09-01T19:00:00+07:00,S30,forward,28.2,45,543,0.68,SURVEI_SIMULASI,ok,True
2026-09-02T06:00:00+07:00,S30,forward,32.4,45,408,0.51,SURVEI_SIMULASI,ok,True
2026-09-02T07:00:00+07:00,S30,forward,26.4,45,600,0.75,SURVEI_SIMULASI,ok,True
2026-09-02T08:00:00+07:00,S30,forward,27.4,45,569,0.71,SURVEI_SIMULASI,ok,True
2026-09-02T09:00:00+07:00,S30,forward,26.7,45,591,0.74,SURVEI_SIMULASI,ok,True
2026-09-02T10:00:00+07:00,S30,forward,32.7,45,396,0.5,SURVEI_SIMULASI,ok,True
2026-09-02T11:00:00+07:00,S30,forward,34.1,45,352,0.44,SURVEI_SIMULASI,ok,True
2026-09-02T12:00:00+07:00,S30,forward,33.3,45,377,0.47,SURVEI_SIMULASI,ok,True
2026-09-02T13:00:00+07:00,S30,forward,33.7,45,366,0.46,SURVEI_SIMULASI,ok,True
2026-09-02T14:00:00+07:00,S30,forward,32.8,45,393,0.49,SURVEI_SIMULASI,ok,True
2026-09-02T15:00:00+07:00,S30,forward,32.8,45,395,0.49,SURVEI_SIMULASI,ok,True
2026-09-02T16:00:00+07:00,S30,forward,26.1,45,611,0.76,SURVEI_SIMULASI,ok,True
2026-09-02T17:00:00+07:00,S30,forward,27.1,45,580,0.72,SURVEI_SIMULASI,ok,True
2026-09-02T18:00:00+07:00,S30,forward,26.9,45,584,0.73,SURVEI_SIMULASI,ok,True
2026-09-02T19:00:00+07:00,S30,forward,25.5,45,630,0.79,SURVEI_SIMULASI,ok,True
2026-09-08T06:00:00+07:00,S30,forward,33.3,45,379,0.47,SURVEI_SIMULASI,ok,True
2026-09-08T07:00:00+07:00,S30,forward,25.6,45,627,0.78,SURVEI_SIMULASI,ok,True
2026-09-08T08:00:00+07:00,S30,forward,26.5,45,597,0.75,SURVEI_SIMULASI,ok,True
2026-09-08T09:00:00+07:00,S30,forward,24.9,45,650,0.81,SURVEI_SIMULASI,ok,True
2026-09-08T10:00:00+07:00,S30,forward,32.8,45,393,0.49,SURVEI_SIMULASI,ok,True
2026-09-08T11:00:00+07:00,S30,forward,33.7,45,366,0.46,SURVEI_SIMULASI,ok,True
2026-09-08T12:00:00+07:00,S30,forward,34.0,45,357,0.45,SURVEI_SIMULASI,ok,True
2026-09-08T13:00:00+07:00,S30,forward,35.0,45,323,0.4,SURVEI_SIMULASI,ok,True
2026-09-08T14:00:00+07:00,S30,forward,33.7,45,367,0.46,SURVEI_SIMULASI,ok,True
2026-09-08T15:00:00+07:00,S30,forward,31.8,45,427,0.53,SURVEI_SIMULASI,ok,True
2026-09-08T16:00:00+07:00,S30,forward,28.2,45,542,0.68,SURVEI_SIMULASI,ok,True
2026-09-08T17:00:00+07:00,S30,forward,27.1,45,578,0.72,SURVEI_SIMULASI,ok,True
2026-09-08T18:00:00+07:00,S30,forward,26.5,45,598,0.75,SURVEI_SIMULASI,ok,True
2026-09-08T19:00:00+07:00,S30,forward,25.6,45,627,0.78,SURVEI_SIMULASI,ok,True
2026-09-09T06:00:00+07:00,S30,forward,32.1,45,416,0.52,SURVEI_SIMULASI,ok,True
2026-09-09T07:00:00+07:00,S30,forward,24.7,45,656,0.82,SURVEI_SIMULASI,ok,True
2026-09-09T08:00:00+07:00,S30,forward,24.0,45,679,0.85,SURVEI_SIMULASI,ok,True
2026-09-09T09:00:00+07:00,S30,forward,24.3,45,671,0.84,SURVEI_SIMULASI,ok,True
2026-09-09T10:00:00+07:00,S30,forward,34.1,45,353,0.44,SURVEI_SIMULASI,ok,True
2026-09-09T11:00:00+07:00,S30,forward,32.6,45,402,0.5,SURVEI_SIMULASI,ok,True
2026-09-09T12:00:00+07:00,S30,forward,35.1,45,321,0.4,SURVEI_SIMULASI,ok,True
2026-09-09T13:00:00+07:00,S30,forward,34.5,45,340,0.43,SURVEI_SIMULASI,ok,True
2026-09-09T14:00:00+07:00,S30,forward,33.0,45,387,0.48,SURVEI_SIMULASI,ok,True
2026-09-09T15:00:00+07:00,S30,forward,33.7,45,366,0.46,SURVEI_SIMULASI,ok,True
2026-09-09T16:00:00+07:00,S30,forward,27.6,45,563,0.7,SURVEI_SIMULASI,ok,True
2026-09-09T17:00:00+07:00,S30,forward,27.1,45,580,0.72,SURVEI_SIMULASI,ok,True
2026-09-09T18:00:00+07:00,S30,forward,25.6,45,627,0.78,SURVEI_SIMULASI,ok,True
2026-09-09T19:00:00+07:00,S30,forward,26.2,45,608,0.76,SURVEI_SIMULASI,ok,True
2026-09-03T06:00:00+07:00,S30,forward,32.1,45,418,0.52,SURVEI_SIMULASI,ok,True
2026-09-03T07:00:00+07:00,S30,forward,26.6,45,594,0.74,SURVEI_SIMULASI,ok,True
2026-09-03T08:00:00+07:00,S30,forward,26.2,45,608,0.76,SURVEI_SIMULASI,ok,True
2026-09-03T09:00:00+07:00,S30,forward,25.8,45,622,0.78,SURVEI_SIMULASI,ok,True
2026-09-03T10:00:00+07:00,S30,forward,32.9,45,392,0.49,SURVEI_SIMULASI,ok,True
2026-09-03T11:00:00+07:00,S30,forward,32.1,45,417,0.52,SURVEI_SIMULASI,ok,True
2026-09-03T12:00:00+07:00,S30,forward,34.4,45,344,0.43,SURVEI_SIMULASI,ok,True
2026-09-03T13:00:00+07:00,S30,forward,35.1,45,321,0.4,SURVEI_SIMULASI,ok,True
2026-09-03T14:00:00+07:00,S30,forward,32.9,45,391,0.49,SURVEI_SIMULASI,ok,True
2026-09-03T15:00:00+07:00,S30,forward,33.1,45,384,0.48,SURVEI_SIMULASI,ok,True
2026-09-03T16:00:00+07:00,S30,forward,25.6,45,628,0.78,SURVEI_SIMULASI,ok,True
2026-09-03T17:00:00+07:00,S30,forward,25.9,45,616,0.77,SURVEI_SIMULASI,ok,True
2026-09-03T18:00:00+07:00,S30,forward,25.4,45,634,0.79,SURVEI_SIMULASI,ok,True
2026-09-03T19:00:00+07:00,S30,forward,27.0,45,583,0.73,SURVEI_SIMULASI,ok,True
2026-09-04T06:00:00+07:00,S30,forward,33.3,45,379,0.47,SURVEI_SIMULASI,ok,True
2026-09-04T07:00:00+07:00,S30,forward,24.0,45,680,0.85,SURVEI_SIMULASI,ok,True
2026-09-04T08:00:00+07:00,S30,forward,26.4,45,603,0.75,SURVEI_SIMULASI,ok,True
2026-09-04T09:00:00+07:00,S30,forward,24.8,45,652,0.81,SURVEI_SIMULASI,ok,True
2026-09-04T10:00:00+07:00,S30,forward,33.2,45,382,0.48,SURVEI_SIMULASI,ok,True
2026-09-04T11:00:00+07:00,S30,forward,32.1,45,416,0.52,SURVEI_SIMULASI,ok,True
2026-09-04T12:00:00+07:00,S30,forward,34.5,45,340,0.43,SURVEI_SIMULASI,ok,True
2026-09-04T13:00:00+07:00,S30,forward,34.1,45,351,0.44,SURVEI_SIMULASI,ok,True
2026-09-04T14:00:00+07:00,S30,forward,33.0,45,389,0.49,SURVEI_SIMULASI,ok,True
2026-09-04T15:00:00+07:00,S30,forward,32.6,45,400,0.5,SURVEI_SIMULASI,ok,True
2026-09-04T16:00:00+07:00,S30,forward,27.2,45,575,0.72,SURVEI_SIMULASI,ok,True
2026-09-04T17:00:00+07:00,S30,forward,26.2,45,609,0.76,SURVEI_SIMULASI,ok,True
2026-09-04T18:00:00+07:00,S30,forward,27.4,45,568,0.71,SURVEI_SIMULASI,ok,True
2026-09-04T19:00:00+07:00,S30,forward,27.8,45,555,0.69,SURVEI_SIMULASI,ok,True
2026-09-05T06:00:00+07:00,S30,forward,33.9,45,359,0.45,SURVEI_SIMULASI,ok,True
2026-09-05T07:00:00+07:00,S30,forward,26.1,45,610,0.76,SURVEI_SIMULASI,ok,True
2026-09-05T08:00:00+07:00,S30,forward,25.6,45,626,0.78,SURVEI_SIMULASI,ok,True
2026-09-05T09:00:00+07:00,S30,forward,24.7,45,656,0.82,SURVEI_SIMULASI,ok,True
2026-09-05T10:00:00+07:00,S30,forward,32.2,45,414,0.52,SURVEI_SIMULASI,ok,True
2026-09-05T11:00:00+07:00,S30,forward,33.4,45,376,0.47,SURVEI_SIMULASI,ok,True
2026-09-05T12:00:00+07:00,S30,forward,34.0,45,356,0.45,SURVEI_SIMULASI,ok,True
2026-09-05T13:00:00+07:00,S30,forward,34.7,45,331,0.41,SURVEI_SIMULASI,ok,True
2026-09-05T14:00:00+07:00,S30,forward,33.8,45,363,0.45,SURVEI_SIMULASI,ok,True
2026-09-05T15:00:00+07:00,S30,forward,32.4,45,409,0.51,SURVEI_SIMULASI,ok,True
2026-09-05T16:00:00+07:00,S30,forward,25.6,45,627,0.78,SURVEI_SIMULASI,ok,True
2026-09-05T17:00:00+07:00,S30,forward,27.5,45,566,0.71,SURVEI_SIMULASI,ok,True
2026-09-05T18:00:00+07:00,S30,forward,26.5,45,598,0.75,SURVEI_SIMULASI,ok,True
2026-09-05T19:00:00+07:00,S30,forward,26.7,45,593,0.74,SURVEI_SIMULASI,ok,True
2026-09-06T06:00:00+07:00,S30,forward,34.7,45,334,0.42,SURVEI_SIMULASI,ok,True
2026-09-06T07:00:00+07:00,S30,forward,26.4,45,601,0.75,SURVEI_SIMULASI,ok,True
2026-09-06T08:00:00+07:00,S30,forward,29.3,45,508,0.63,SURVEI_SIMULASI,ok,True
2026-09-06T09:00:00+07:00,S30,forward,26.3,45,606,0.76,SURVEI_SIMULASI,ok,True
2026-09-06T10:00:00+07:00,S30,forward,33.6,45,368,0.46,SURVEI_SIMULASI,ok,True
2026-09-06T11:00:00+07:00,S30,forward,33.1,45,385,0.48,SURVEI_SIMULASI,ok,True
2026-09-06T12:00:00+07:00,S30,forward,35.4,45,311,0.39,SURVEI_SIMULASI,ok,True
2026-09-06T13:00:00+07:00,S30,forward,35.3,45,314,0.39,SURVEI_SIMULASI,ok,True
2026-09-06T14:00:00+07:00,S30,forward,34.7,45,332,0.41,SURVEI_SIMULASI,ok,True
2026-09-06T15:00:00+07:00,S30,forward,33.2,45,381,0.48,SURVEI_SIMULASI,ok,True
2026-09-06T16:00:00+07:00,S30,forward,29.6,45,496,0.62,SURVEI_SIMULASI,ok,True
2026-09-06T17:00:00+07:00,S30,forward,27.6,45,564,0.7,SURVEI_SIMULASI,ok,True
2026-09-06T18:00:00+07:00,S30,forward,29.3,45,507,0.63,SURVEI_SIMULASI,ok,True
2026-09-06T19:00:00+07:00,S30,forward,27.9,45,551,0.69,SURVEI_SIMULASI,ok,True
2026-09-07T06:00:00+07:00,S30,forward,33.7,45,365,0.46,SURVEI_SIMULASI,ok,True
2026-09-07T07:00:00+07:00,S30,forward,26.3,45,604,0.75,SURVEI_SIMULASI,ok,True
2026-09-07T08:00:00+07:00,S30,forward,26.5,45,598,0.75,SURVEI_SIMULASI,ok,True
2026-09-07T09:00:00+07:00,S30,forward,28.7,45,528,0.66,SURVEI_SIMULASI,ok,True
2026-09-07T10:00:00+07:00,S30,forward,34.6,45,335,0.42,SURVEI_SIMULASI,ok,True
2026-09-07T11:00:00+07:00,S30,forward,34.8,45,328,0.41,SURVEI_SIMULASI,ok,True
2026-09-07T12:00:00+07:00,S30,forward,35.2,45,317,0.4,SURVEI_SIMULASI,ok,True
2026-09-07T13:00:00+07:00,S30,forward,35.0,45,325,0.41,SURVEI_SIMULASI,ok,True
2026-09-07T14:00:00+07:00,S30,forward,34.4,45,343,0.43,SURVEI_SIMULASI,ok,True
2026-09-07T15:00:00+07:00,S30,forward,33.7,45,364,0.46,SURVEI_SIMULASI,ok,True
2026-09-07T16:00:00+07:00,S30,forward,27.9,45,551,0.69,SURVEI_SIMULASI,ok,True
2026-09-07T17:00:00+07:00,S30,forward,28.1,45,546,0.68,SURVEI_SIMULASI,ok,True
2026-09-07T18:00:00+07:00,S30,forward,28.8,45,524,0.65,SURVEI_SIMULASI,ok,True
2026-09-07T19:00:00+07:00,S30,forward,30.2,45,477,0.6,SURVEI_SIMULASI,ok,True
2026-09-01T06:00:00+07:00,S30,reverse,33.8,45,364,0.45,SURVEI_SIMULASI,ok,True
2026-09-01T07:00:00+07:00,S30,reverse,27.6,45,563,0.7,SURVEI_SIMULASI,ok,True
2026-09-01T08:00:00+07:00,S30,reverse,24.5,45,661,0.83,SURVEI_SIMULASI,ok,True
2026-09-01T09:00:00+07:00,S30,reverse,24.3,45,668,0.83,SURVEI_SIMULASI,ok,True
2026-09-01T10:00:00+07:00,S30,reverse,32.9,45,393,0.49,SURVEI_SIMULASI,ok,True
2026-09-01T11:00:00+07:00,S30,reverse,32.2,45,413,0.52,SURVEI_SIMULASI,ok,True
2026-09-01T12:00:00+07:00,S30,reverse,34.1,45,351,0.44,SURVEI_SIMULASI,ok,True
2026-09-01T13:00:00+07:00,S30,reverse,35.0,45,324,0.41,SURVEI_SIMULASI,ok,True
2026-09-01T14:00:00+07:00,S30,reverse,33.9,45,360,0.45,SURVEI_SIMULASI,ok,True
2026-09-01T15:00:00+07:00,S30,reverse,32.4,45,408,0.51,SURVEI_SIMULASI,ok,True
2026-09-01T16:00:00+07:00,S30,reverse,28.3,45,539,0.67,SURVEI_SIMULASI,ok,True
2026-09-01T17:00:00+07:00,S30,reverse,28.1,45,545,0.68,SURVEI_SIMULASI,ok,True
2026-09-01T18:00:00+07:00,S30,reverse,28.0,45,549,0.69,SURVEI_SIMULASI,ok,True
2026-09-01T19:00:00+07:00,S30,reverse,28.0,45,551,0.69,SURVEI_SIMULASI,ok,True
2026-09-02T06:00:00+07:00,S30,reverse,32.6,45,401,0.5,SURVEI_SIMULASI,ok,True
2026-09-02T07:00:00+07:00,S30,reverse,27.2,45,575,0.72,SURVEI_SIMULASI,ok,True
2026-09-02T08:00:00+07:00,S30,reverse,27.1,45,578,0.72,SURVEI_SIMULASI,ok,True
2026-09-02T09:00:00+07:00,S30,reverse,25.4,45,633,0.79,SURVEI_SIMULASI,ok,True
2026-09-02T10:00:00+07:00,S30,reverse,32.9,45,393,0.49,SURVEI_SIMULASI,ok,True
2026-09-02T11:00:00+07:00,S30,reverse,32.3,45,411,0.51,SURVEI_SIMULASI,ok,True
2026-09-02T12:00:00+07:00,S30,reverse,34.1,45,353,0.44,SURVEI_SIMULASI,ok,True
2026-09-02T13:00:00+07:00,S30,reverse,35.2,45,317,0.4,SURVEI_SIMULASI,ok,True
2026-09-02T14:00:00+07:00,S30,reverse,31.8,45,427,0.53,SURVEI_SIMULASI,ok,True
2026-09-02T15:00:00+07:00,S30,reverse,33.3,45,378,0.47,SURVEI_SIMULASI,ok,True
2026-09-02T16:00:00+07:00,S30,reverse,25.3,45,637,0.8,SURVEI_SIMULASI,ok,True
2026-09-02T17:00:00+07:00,S30,reverse,25.9,45,617,0.77,SURVEI_SIMULASI,ok,True
2026-09-02T18:00:00+07:00,S30,reverse,25.8,45,621,0.78,SURVEI_SIMULASI,ok,True
2026-09-02T19:00:00+07:00,S30,reverse,26.3,45,604,0.75,SURVEI_SIMULASI,ok,True
2026-09-08T06:00:00+07:00,S30,reverse,33.4,45,376,0.47,SURVEI_SIMULASI,ok,True
2026-09-08T07:00:00+07:00,S30,reverse,24.7,45,656,0.82,SURVEI_SIMULASI,ok,True
2026-09-08T08:00:00+07:00,S30,reverse,26.8,45,587,0.73,SURVEI_SIMULASI,ok,True
2026-09-08T09:00:00+07:00,S30,reverse,26.2,45,609,0.76,SURVEI_SIMULASI,ok,True
2026-09-08T10:00:00+07:00,S30,reverse,31.9,45,423,0.53,SURVEI_SIMULASI,ok,True
2026-09-08T11:00:00+07:00,S30,reverse,33.5,45,370,0.46,SURVEI_SIMULASI,ok,True
2026-09-08T12:00:00+07:00,S30,reverse,33.6,45,367,0.46,SURVEI_SIMULASI,ok,True
2026-09-08T13:00:00+07:00,S30,reverse,34.3,45,345,0.43,SURVEI_SIMULASI,ok,True
2026-09-08T14:00:00+07:00,S30,reverse,32.9,45,391,0.49,SURVEI_SIMULASI,ok,True
2026-09-08T15:00:00+07:00,S30,reverse,31.8,45,428,0.53,SURVEI_SIMULASI,ok,True
2026-09-08T16:00:00+07:00,S30,reverse,27.8,45,556,0.69,SURVEI_SIMULASI,ok,True
2026-09-08T17:00:00+07:00,S30,reverse,27.4,45,567,0.71,SURVEI_SIMULASI,ok,True
2026-09-08T18:00:00+07:00,S30,reverse,27.8,45,555,0.69,SURVEI_SIMULASI,ok,True
2026-09-08T19:00:00+07:00,S30,reverse,25.1,45,642,0.8,SURVEI_SIMULASI,ok,True
2026-09-09T06:00:00+07:00,S30,reverse,33.7,45,365,0.46,SURVEI_SIMULASI,ok,True
2026-09-09T07:00:00+07:00,S30,reverse,26.8,45,589,0.74,SURVEI_SIMULASI,ok,True
2026-09-09T08:00:00+07:00,S30,reverse,23.9,45,683,0.85,SURVEI_SIMULASI,ok,True
2026-09-09T09:00:00+07:00,S30,reverse,26.5,45,598,0.75,SURVEI_SIMULASI,ok,True
2026-09-09T10:00:00+07:00,S30,reverse,33.7,45,366,0.46,SURVEI_SIMULASI,ok,True
2026-09-09T11:00:00+07:00,S30,reverse,32.3,45,411,0.51,SURVEI_SIMULASI,ok,True
2026-09-09T12:00:00+07:00,S30,reverse,34.7,45,332,0.41,SURVEI_SIMULASI,ok,True
2026-09-09T13:00:00+07:00,S30,reverse,35.0,45,325,0.41,SURVEI_SIMULASI,ok,True
2026-09-09T14:00:00+07:00,S30,reverse,32.0,45,421,0.53,SURVEI_SIMULASI,ok,True
2026-09-09T15:00:00+07:00,S30,reverse,32.7,45,397,0.5,SURVEI_SIMULASI,ok,True
2026-09-09T16:00:00+07:00,S30,reverse,26.0,45,616,0.77,SURVEI_SIMULASI,ok,True
2026-09-09T17:00:00+07:00,S30,reverse,28.4,45,535,0.67,SURVEI_SIMULASI,ok,True
2026-09-09T18:00:00+07:00,S30,reverse,26.0,45,613,0.77,SURVEI_SIMULASI,ok,True
2026-09-09T19:00:00+07:00,S30,reverse,27.7,45,559,0.7,SURVEI_SIMULASI,ok,True
2026-09-03T06:00:00+07:00,S30,reverse,34.0,45,357,0.45,SURVEI_SIMULASI,ok,True
2026-09-03T07:00:00+07:00,S30,reverse,24.3,45,669,0.84,SURVEI_SIMULASI,ok,True
2026-09-03T08:00:00+07:00,S30,reverse,24.2,45,672,0.84,SURVEI_SIMULASI,ok,True
2026-09-03T09:00:00+07:00,S30,reverse,26.4,45,603,0.75,SURVEI_SIMULASI,ok,True
2026-09-03T10:00:00+07:00,S30,reverse,32.6,45,401,0.5,SURVEI_SIMULASI,ok,True
2026-09-03T11:00:00+07:00,S30,reverse,32.8,45,393,0.49,SURVEI_SIMULASI,ok,True
2026-09-03T12:00:00+07:00,S30,reverse,34.7,45,333,0.42,SURVEI_SIMULASI,ok,True
2026-09-03T13:00:00+07:00,S30,reverse,34.3,45,345,0.43,SURVEI_SIMULASI,ok,True
2026-09-03T14:00:00+07:00,S30,reverse,32.0,45,422,0.53,SURVEI_SIMULASI,ok,True
2026-09-03T15:00:00+07:00,S30,reverse,32.6,45,402,0.5,SURVEI_SIMULASI,ok,True
2026-09-03T16:00:00+07:00,S30,reverse,26.8,45,590,0.74,SURVEI_SIMULASI,ok,True
2026-09-03T17:00:00+07:00,S30,reverse,26.4,45,600,0.75,SURVEI_SIMULASI,ok,True
2026-09-03T18:00:00+07:00,S30,reverse,25.9,45,618,0.77,SURVEI_SIMULASI,ok,True
2026-09-03T19:00:00+07:00,S30,reverse,26.4,45,600,0.75,SURVEI_SIMULASI,ok,True
2026-09-04T06:00:00+07:00,S30,reverse,32.2,45,415,0.52,SURVEI_SIMULASI,ok,True
2026-09-04T07:00:00+07:00,S30,reverse,26.7,45,592,0.74,SURVEI_SIMULASI,ok,True
2026-09-04T08:00:00+07:00,S30,reverse,23.8,45,686,0.86,SURVEI_SIMULASI,ok,True
2026-09-04T09:00:00+07:00,S30,reverse,26.1,45,612,0.76,SURVEI_SIMULASI,ok,True
2026-09-04T10:00:00+07:00,S30,reverse,33.1,45,384,0.48,SURVEI_SIMULASI,ok,True
2026-09-04T11:00:00+07:00,S30,reverse,33.9,45,360,0.45,SURVEI_SIMULASI,ok,True
2026-09-04T12:00:00+07:00,S30,reverse,34.4,45,344,0.43,SURVEI_SIMULASI,ok,True
2026-09-04T13:00:00+07:00,S30,reverse,33.5,45,370,0.46,SURVEI_SIMULASI,ok,True
2026-09-04T14:00:00+07:00,S30,reverse,34.0,45,355,0.44,SURVEI_SIMULASI,ok,True
2026-09-04T15:00:00+07:00,S30,reverse,32.0,45,419,0.52,SURVEI_SIMULASI,ok,True
2026-09-04T16:00:00+07:00,S30,reverse,25.9,45,618,0.77,SURVEI_SIMULASI,ok,True
2026-09-04T17:00:00+07:00,S30,reverse,26.1,45,611,0.76,SURVEI_SIMULASI,ok,True
2026-09-04T18:00:00+07:00,S30,reverse,27.3,45,573,0.72,SURVEI_SIMULASI,ok,True
2026-09-04T19:00:00+07:00,S30,reverse,26.4,45,603,0.75,SURVEI_SIMULASI,ok,True
2026-09-05T06:00:00+07:00,S30,reverse,33.7,45,366,0.46,SURVEI_SIMULASI,ok,True
2026-09-05T07:00:00+07:00,S30,reverse,23.9,45,681,0.85,SURVEI_SIMULASI,ok,True
2026-09-05T08:00:00+07:00,S30,reverse,25.1,45,642,0.8,SURVEI_SIMULASI,ok,True
2026-09-05T09:00:00+07:00,S30,reverse,27.1,45,579,0.72,SURVEI_SIMULASI,ok,True
2026-09-05T10:00:00+07:00,S30,reverse,32.7,45,397,0.5,SURVEI_SIMULASI,ok,True
2026-09-05T11:00:00+07:00,S30,reverse,32.3,45,411,0.51,SURVEI_SIMULASI,ok,True
2026-09-05T12:00:00+07:00,S30,reverse,33.9,45,359,0.45,SURVEI_SIMULASI,ok,True
2026-09-05T13:00:00+07:00,S30,reverse,33.8,45,361,0.45,SURVEI_SIMULASI,ok,True
2026-09-05T14:00:00+07:00,S30,reverse,33.0,45,389,0.49,SURVEI_SIMULASI,ok,True
2026-09-05T15:00:00+07:00,S30,reverse,33.3,45,377,0.47,SURVEI_SIMULASI,ok,True
2026-09-05T16:00:00+07:00,S30,reverse,26.8,45,587,0.73,SURVEI_SIMULASI,ok,True
2026-09-05T17:00:00+07:00,S30,reverse,28.4,45,535,0.67,SURVEI_SIMULASI,ok,True
2026-09-05T18:00:00+07:00,S30,reverse,27.2,45,575,0.72,SURVEI_SIMULASI,ok,True
2026-09-05T19:00:00+07:00,S30,reverse,27.3,45,571,0.71,SURVEI_SIMULASI,ok,True
2026-09-06T06:00:00+07:00,S30,reverse,33.4,45,375,0.47,SURVEI_SIMULASI,ok,True
2026-09-06T07:00:00+07:00,S30,reverse,26.3,45,603,0.75,SURVEI_SIMULASI,ok,True
2026-09-06T08:00:00+07:00,S30,reverse,27.2,45,575,0.72,SURVEI_SIMULASI,ok,True
2026-09-06T09:00:00+07:00,S30,reverse,26.6,45,593,0.74,SURVEI_SIMULASI,ok,True
2026-09-06T10:00:00+07:00,S30,reverse,34.6,45,337,0.42,SURVEI_SIMULASI,ok,True
2026-09-06T11:00:00+07:00,S30,reverse,33.1,45,385,0.48,SURVEI_SIMULASI,ok,True
2026-09-06T12:00:00+07:00,S30,reverse,35.3,45,314,0.39,SURVEI_SIMULASI,ok,True
2026-09-06T13:00:00+07:00,S30,reverse,35.2,45,315,0.39,SURVEI_SIMULASI,ok,True
2026-09-06T14:00:00+07:00,S30,reverse,34.5,45,338,0.42,SURVEI_SIMULASI,ok,True
2026-09-06T15:00:00+07:00,S30,reverse,34.1,45,354,0.44,SURVEI_SIMULASI,ok,True
2026-09-06T16:00:00+07:00,S30,reverse,28.7,45,527,0.66,SURVEI_SIMULASI,ok,True
2026-09-06T17:00:00+07:00,S30,reverse,29.9,45,489,0.61,SURVEI_SIMULASI,ok,True
2026-09-06T18:00:00+07:00,S30,reverse,30.2,45,477,0.6,SURVEI_SIMULASI,ok,True
2026-09-06T19:00:00+07:00,S30,reverse,29.4,45,503,0.63,SURVEI_SIMULASI,ok,True
2026-09-07T06:00:00+07:00,S30,reverse,33.8,45,363,0.45,SURVEI_SIMULASI,ok,True
2026-09-07T07:00:00+07:00,S30,reverse,27.6,45,562,0.7,SURVEI_SIMULASI,ok,True
2026-09-07T08:00:00+07:00,S30,reverse,26.5,45,598,0.75,SURVEI_SIMULASI,ok,True
2026-09-07T09:00:00+07:00,S30,reverse,26.7,45,592,0.74,SURVEI_SIMULASI,ok,True
2026-09-07T10:00:00+07:00,S30,reverse,33.8,45,363,0.45,SURVEI_SIMULASI,ok,True
2026-09-07T11:00:00+07:00,S30,reverse,34.7,45,333,0.42,SURVEI_SIMULASI,ok,True
2026-09-07T12:00:00+07:00,S30,reverse,36.2,45,285,0.36,SURVEI_SIMULASI,ok,True
2026-09-07T13:00:00+07:00,S30,reverse,35.1,45,320,0.4,SURVEI_SIMULASI,ok,True
2026-09-07T14:00:00+07:00,S30,reverse,35.2,45,318,0.4,SURVEI_SIMULASI,ok,True
2026-09-07T15:00:00+07:00,S30,reverse,33.8,45,363,0.45,SURVEI_SIMULASI,ok,True
2026-09-07T16:00:00+07:00,S30,reverse,29.5,45,500,0.62,SURVEI_SIMULASI,ok,True
2026-09-07T17:00:00+07:00,S30,reverse,28.7,45,528,0.66,SURVEI_SIMULASI,ok,True
2026-09-07T18:00:00+07:00,S30,reverse,27.6,45,563,0.7,SURVEI_SIMULASI,ok,True
2026-09-07T19:00:00+07:00,S30,reverse,27.1,45,578,0.72,SURVEI_SIMULASI,ok,True
2026-09-01T06:00:00+07:00,S31,forward,33.7,45,366,0.46,SURVEI_SIMULASI,ok,True
2026-09-01T07:00:00+07:00,S31,forward,27.0,45,582,0.73,SURVEI_SIMULASI,ok,True
2026-09-01T08:00:00+07:00,S31,forward,24.5,45,664,0.83,SURVEI_SIMULASI,ok,True
2026-09-01T09:00:00+07:00,S31,forward,26.6,45,594,0.74,SURVEI_SIMULASI,ok,True
2026-09-01T10:00:00+07:00,S31,forward,31.9,45,424,0.53,SURVEI_SIMULASI,ok,True
2026-09-01T11:00:00+07:00,S31,forward,32.6,45,401,0.5,SURVEI_SIMULASI,ok,True
2026-09-01T12:00:00+07:00,S31,forward,33.3,45,378,0.47,SURVEI_SIMULASI,ok,True
2026-09-01T13:00:00+07:00,S31,forward,33.1,45,385,0.48,SURVEI_SIMULASI,ok,True
2026-09-01T14:00:00+07:00,S31,forward,31.7,45,430,0.54,SURVEI_SIMULASI,ok,True
2026-09-01T15:00:00+07:00,S31,forward,32.5,45,405,0.51,SURVEI_SIMULASI,ok,True
2026-09-01T16:00:00+07:00,S31,forward,26.4,45,600,0.75,SURVEI_SIMULASI,ok,True
2026-09-01T17:00:00+07:00,S31,forward,25.1,45,643,0.8,SURVEI_SIMULASI,ok,True
2026-09-01T18:00:00+07:00,S31,forward,24.9,45,650,0.81,SURVEI_SIMULASI,ok,True
2026-09-01T19:00:00+07:00,S31,forward,27.7,45,559,0.7,SURVEI_SIMULASI,ok,True
2026-09-02T06:00:00+07:00,S31,forward,33.8,45,363,0.45,SURVEI_SIMULASI,ok,True
2026-09-02T07:00:00+07:00,S31,forward,24.2,45,672,0.84,SURVEI_SIMULASI,ok,True
2026-09-02T08:00:00+07:00,S31,forward,26.8,45,588,0.74,SURVEI_SIMULASI,ok,True
2026-09-02T09:00:00+07:00,S31,forward,25.3,45,637,0.8,SURVEI_SIMULASI,ok,True
2026-09-02T10:00:00+07:00,S31,forward,33.6,45,370,0.46,SURVEI_SIMULASI,ok,True
2026-09-02T11:00:00+07:00,S31,forward,32.1,45,419,0.52,SURVEI_SIMULASI,ok,True
2026-09-02T12:00:00+07:00,S31,forward,34.2,45,350,0.44,SURVEI_SIMULASI,ok,True
2026-09-02T13:00:00+07:00,S31,forward,33.3,45,378,0.47,SURVEI_SIMULASI,ok,True
2026-09-02T14:00:00+07:00,S31,forward,32.5,45,405,0.51,SURVEI_SIMULASI,ok,True
2026-09-02T15:00:00+07:00,S31,forward,31.6,45,433,0.54,SURVEI_SIMULASI,ok,True
2026-09-02T16:00:00+07:00,S31,forward,28.3,45,539,0.67,SURVEI_SIMULASI,ok,True
2026-09-02T17:00:00+07:00,S31,forward,26.7,45,593,0.74,SURVEI_SIMULASI,ok,True
2026-09-02T18:00:00+07:00,S31,forward,24.8,45,652,0.82,SURVEI_SIMULASI,ok,True
2026-09-02T19:00:00+07:00,S31,forward,25.3,45,635,0.79,SURVEI_SIMULASI,ok,True
2026-09-08T06:00:00+07:00,S31,forward,32.8,45,395,0.49,SURVEI_SIMULASI,ok,True
2026-09-08T07:00:00+07:00,S31,forward,24.3,45,670,0.84,SURVEI_SIMULASI,ok,True
2026-09-08T08:00:00+07:00,S31,forward,26.9,45,584,0.73,SURVEI_SIMULASI,ok,True
2026-09-08T09:00:00+07:00,S31,forward,24.2,45,674,0.84,SURVEI_SIMULASI,ok,True
2026-09-08T10:00:00+07:00,S31,forward,31.7,45,431,0.54,SURVEI_SIMULASI,ok,True
2026-09-08T11:00:00+07:00,S31,forward,33.6,45,369,0.46,SURVEI_SIMULASI,ok,True
2026-09-08T12:00:00+07:00,S31,forward,34.4,45,343,0.43,SURVEI_SIMULASI,ok,True
2026-09-08T13:00:00+07:00,S31,forward,34.1,45,354,0.44,SURVEI_SIMULASI,ok,True
2026-09-08T14:00:00+07:00,S31,forward,33.7,45,366,0.46,SURVEI_SIMULASI,ok,True
2026-09-08T15:00:00+07:00,S31,forward,33.9,45,359,0.45,SURVEI_SIMULASI,ok,True
2026-09-08T16:00:00+07:00,S31,forward,26.6,45,596,0.74,SURVEI_SIMULASI,ok,True
2026-09-08T17:00:00+07:00,S31,forward,27.3,45,571,0.71,SURVEI_SIMULASI,ok,True
2026-09-08T18:00:00+07:00,S31,forward,27.8,45,557,0.7,SURVEI_SIMULASI,ok,True
2026-09-08T19:00:00+07:00,S31,forward,26.9,45,584,0.73,SURVEI_SIMULASI,ok,True
2026-09-09T06:00:00+07:00,S31,forward,31.8,45,428,0.53,SURVEI_SIMULASI,ok,True
2026-09-09T07:00:00+07:00,S31,forward,26.5,45,599,0.75,SURVEI_SIMULASI,ok,True
2026-09-09T08:00:00+07:00,S31,forward,24.2,45,672,0.84,SURVEI_SIMULASI,ok,True
2026-09-09T09:00:00+07:00,S31,forward,27.2,45,575,0.72,SURVEI_SIMULASI,ok,True
2026-09-09T10:00:00+07:00,S31,forward,31.8,45,427,0.53,SURVEI_SIMULASI,ok,True
2026-09-09T11:00:00+07:00,S31,forward,33.3,45,379,0.47,SURVEI_SIMULASI,ok,True
2026-09-09T12:00:00+07:00,S31,forward,34.8,45,331,0.41,SURVEI_SIMULASI,ok,True
2026-09-09T13:00:00+07:00,S31,forward,34.4,45,344,0.43,SURVEI_SIMULASI,ok,True
2026-09-09T14:00:00+07:00,S31,forward,32.7,45,397,0.5,SURVEI_SIMULASI,ok,True
2026-09-09T15:00:00+07:00,S31,forward,32.5,45,404,0.5,SURVEI_SIMULASI,ok,True
2026-09-09T16:00:00+07:00,S31,forward,27.6,45,564,0.7,SURVEI_SIMULASI,ok,True
2026-09-09T17:00:00+07:00,S31,forward,25.7,45,623,0.78,SURVEI_SIMULASI,ok,True
2026-09-09T18:00:00+07:00,S31,forward,25.5,45,632,0.79,SURVEI_SIMULASI,ok,True
2026-09-09T19:00:00+07:00,S31,forward,24.9,45,651,0.81,SURVEI_SIMULASI,ok,True
2026-09-03T06:00:00+07:00,S31,forward,33.3,45,377,0.47,SURVEI_SIMULASI,ok,True
2026-09-03T07:00:00+07:00,S31,forward,24.8,45,653,0.82,SURVEI_SIMULASI,ok,True
2026-09-03T08:00:00+07:00,S31,forward,25.9,45,616,0.77,SURVEI_SIMULASI,ok,True
2026-09-03T09:00:00+07:00,S31,forward,24.7,45,656,0.82,SURVEI_SIMULASI,ok,True
2026-09-03T10:00:00+07:00,S31,forward,32.7,45,399,0.5,SURVEI_SIMULASI,ok,True
2026-09-03T11:00:00+07:00,S31,forward,33.7,45,367,0.46,SURVEI_SIMULASI,ok,True
2026-09-03T12:00:00+07:00,S31,forward,34.8,45,330,0.41,SURVEI_SIMULASI,ok,True
2026-09-03T13:00:00+07:00,S31,forward,34.6,45,336,0.42,SURVEI_SIMULASI,ok,True
2026-09-03T14:00:00+07:00,S31,forward,31.5,45,436,0.55,SURVEI_SIMULASI,ok,True
2026-09-03T15:00:00+07:00,S31,forward,32.4,45,406,0.51,SURVEI_SIMULASI,ok,True
2026-09-03T16:00:00+07:00,S31,forward,28.2,45,543,0.68,SURVEI_SIMULASI,ok,True
2026-09-03T17:00:00+07:00,S31,forward,25.9,45,618,0.77,SURVEI_SIMULASI,ok,True
2026-09-03T18:00:00+07:00,S31,forward,25.0,45,645,0.81,SURVEI_SIMULASI,ok,True
2026-09-03T19:00:00+07:00,S31,forward,27.9,45,553,0.69,SURVEI_SIMULASI,ok,True
2026-09-04T06:00:00+07:00,S31,forward,32.4,45,407,0.51,SURVEI_SIMULASI,ok,True
2026-09-04T07:00:00+07:00,S31,forward,26.2,45,609,0.76,SURVEI_SIMULASI,ok,True
2026-09-04T08:00:00+07:00,S31,forward,23.3,45,700,0.88,SURVEI_SIMULASI,ok,True
2026-09-04T09:00:00+07:00,S31,forward,27.3,45,574,0.72,SURVEI_SIMULASI,ok,True
2026-09-04T10:00:00+07:00,S31,forward,32.9,45,390,0.49,SURVEI_SIMULASI,ok,True
2026-09-04T11:00:00+07:00,S31,forward,32.5,45,404,0.5,SURVEI_SIMULASI,ok,True
2026-09-04T12:00:00+07:00,S31,forward,32.9,45,392,0.49,SURVEI_SIMULASI,ok,True
2026-09-04T13:00:00+07:00,S31,forward,34.6,45,336,0.42,SURVEI_SIMULASI,ok,True
2026-09-04T14:00:00+07:00,S31,forward,32.4,45,407,0.51,SURVEI_SIMULASI,ok,True
2026-09-04T15:00:00+07:00,S31,forward,31.8,45,427,0.53,SURVEI_SIMULASI,ok,True
2026-09-04T16:00:00+07:00,S31,forward,25.9,45,617,0.77,SURVEI_SIMULASI,ok,True
2026-09-04T17:00:00+07:00,S31,forward,25.4,45,635,0.79,SURVEI_SIMULASI,ok,True
2026-09-04T18:00:00+07:00,S31,forward,28.4,45,538,0.67,SURVEI_SIMULASI,ok,True
2026-09-04T19:00:00+07:00,S31,forward,27.9,45,554,0.69,SURVEI_SIMULASI,ok,True
2026-09-05T06:00:00+07:00,S31,forward,32.5,45,404,0.51,SURVEI_SIMULASI,ok,True
2026-09-05T07:00:00+07:00,S31,forward,24.4,45,665,0.83,SURVEI_SIMULASI,ok,True
2026-09-05T08:00:00+07:00,S31,forward,24.8,45,653,0.82,SURVEI_SIMULASI,ok,True
2026-09-05T09:00:00+07:00,S31,forward,23.6,45,692,0.87,SURVEI_SIMULASI,ok,True
2026-09-05T10:00:00+07:00,S31,forward,32.8,45,396,0.49,SURVEI_SIMULASI,ok,True
2026-09-05T11:00:00+07:00,S31,forward,32.8,45,394,0.49,SURVEI_SIMULASI,ok,True
2026-09-05T12:00:00+07:00,S31,forward,33.9,45,358,0.45,SURVEI_SIMULASI,ok,True
2026-09-05T13:00:00+07:00,S31,forward,33.6,45,367,0.46,SURVEI_SIMULASI,ok,True
2026-09-05T14:00:00+07:00,S31,forward,32.7,45,396,0.5,SURVEI_SIMULASI,ok,True
2026-09-05T15:00:00+07:00,S31,forward,31.7,45,429,0.54,SURVEI_SIMULASI,ok,True
2026-09-05T16:00:00+07:00,S31,forward,26.7,45,591,0.74,SURVEI_SIMULASI,ok,True
2026-09-05T17:00:00+07:00,S31,forward,25.8,45,622,0.78,SURVEI_SIMULASI,ok,True
2026-09-05T18:00:00+07:00,S31,forward,27.1,45,579,0.72,SURVEI_SIMULASI,ok,True
2026-09-05T19:00:00+07:00,S31,forward,24.7,45,656,0.82,SURVEI_SIMULASI,ok,True
2026-09-06T06:00:00+07:00,S31,forward,34.3,45,346,0.43,SURVEI_SIMULASI,ok,True
2026-09-06T07:00:00+07:00,S31,forward,28.1,45,546,0.68,SURVEI_SIMULASI,ok,True
2026-09-06T08:00:00+07:00,S31,forward,26.0,45,614,0.77,SURVEI_SIMULASI,ok,True
2026-09-06T09:00:00+07:00,S31,forward,26.3,45,604,0.76,SURVEI_SIMULASI,ok,True
2026-09-06T10:00:00+07:00,S31,forward,34.8,45,330,0.41,SURVEI_SIMULASI,ok,True
2026-09-06T11:00:00+07:00,S31,forward,33.9,45,357,0.45,SURVEI_SIMULASI,ok,True
2026-09-06T12:00:00+07:00,S31,forward,34.0,45,355,0.44,SURVEI_SIMULASI,ok,True
2026-09-06T13:00:00+07:00,S31,forward,35.3,45,313,0.39,SURVEI_SIMULASI,ok,True
2026-09-06T14:00:00+07:00,S31,forward,34.6,45,336,0.42,SURVEI_SIMULASI,ok,True
2026-09-06T15:00:00+07:00,S31,forward,34.1,45,353,0.44,SURVEI_SIMULASI,ok,True
2026-09-06T16:00:00+07:00,S31,forward,29.8,45,491,0.61,SURVEI_SIMULASI,ok,True
2026-09-06T17:00:00+07:00,S31,forward,29.9,45,489,0.61,SURVEI_SIMULASI,ok,True
2026-09-06T18:00:00+07:00,S31,forward,28.3,45,540,0.68,SURVEI_SIMULASI,ok,True
2026-09-06T19:00:00+07:00,S31,forward,27.9,45,553,0.69,SURVEI_SIMULASI,ok,True
2026-09-07T06:00:00+07:00,S31,forward,34.0,45,355,0.44,SURVEI_SIMULASI,ok,True
2026-09-07T07:00:00+07:00,S31,forward,26.5,45,598,0.75,SURVEI_SIMULASI,ok,True
2026-09-07T08:00:00+07:00,S31,forward,28.7,45,528,0.66,SURVEI_SIMULASI,ok,True
2026-09-07T09:00:00+07:00,S31,forward,28.0,45,549,0.69,SURVEI_SIMULASI,ok,True
2026-09-07T10:00:00+07:00,S31,forward,35.0,45,322,0.4,SURVEI_SIMULASI,ok,True
2026-09-07T11:00:00+07:00,S31,forward,34.6,45,335,0.42,SURVEI_SIMULASI,ok,True
2026-09-07T12:00:00+07:00,S31,forward,35.3,45,315,0.39,SURVEI_SIMULASI,ok,True
2026-09-07T13:00:00+07:00,S31,forward,34.3,45,346,0.43,SURVEI_SIMULASI,ok,True
2026-09-07T14:00:00+07:00,S31,forward,33.1,45,386,0.48,SURVEI_SIMULASI,ok,True
2026-09-07T15:00:00+07:00,S31,forward,33.1,45,385,0.48,SURVEI_SIMULASI,ok,True
2026-09-07T16:00:00+07:00,S31,forward,29.7,45,496,0.62,SURVEI_SIMULASI,ok,True
2026-09-07T17:00:00+07:00,S31,forward,27.8,45,557,0.7,SURVEI_SIMULASI,ok,True
2026-09-07T18:00:00+07:00,S31,forward,29.0,45,518,0.65,SURVEI_SIMULASI,ok,True
2026-09-07T19:00:00+07:00,S31,forward,28.9,45,521,0.65,SURVEI_SIMULASI,ok,True
2026-09-01T06:00:00+07:00,S31,reverse,31.9,45,425,0.53,SURVEI_SIMULASI,ok,True
2026-09-01T07:00:00+07:00,S31,reverse,27.2,45,574,0.72,SURVEI_SIMULASI,ok,True
2026-09-01T08:00:00+07:00,S31,reverse,25.8,45,620,0.77,SURVEI_SIMULASI,ok,True
2026-09-01T09:00:00+07:00,S31,reverse,23.8,45,684,0.85,SURVEI_SIMULASI,ok,True
2026-09-01T10:00:00+07:00,S31,reverse,32.0,45,420,0.52,SURVEI_SIMULASI,ok,True
2026-09-01T11:00:00+07:00,S31,reverse,32.6,45,399,0.5,SURVEI_SIMULASI,ok,True
2026-09-01T12:00:00+07:00,S31,reverse,34.7,45,334,0.42,SURVEI_SIMULASI,ok,True
2026-09-01T13:00:00+07:00,S31,reverse,33.3,45,377,0.47,SURVEI_SIMULASI,ok,True
2026-09-01T14:00:00+07:00,S31,reverse,33.9,45,360,0.45,SURVEI_SIMULASI,ok,True
2026-09-01T15:00:00+07:00,S31,reverse,33.4,45,376,0.47,SURVEI_SIMULASI,ok,True
2026-09-01T16:00:00+07:00,S31,reverse,26.5,45,597,0.75,SURVEI_SIMULASI,ok,True
2026-09-01T17:00:00+07:00,S31,reverse,25.9,45,618,0.77,SURVEI_SIMULASI,ok,True
2026-09-01T18:00:00+07:00,S31,reverse,25.2,45,640,0.8,SURVEI_SIMULASI,ok,True
2026-09-01T19:00:00+07:00,S31,reverse,25.8,45,619,0.77,SURVEI_SIMULASI,ok,True
2026-09-02T06:00:00+07:00,S31,reverse,31.9,45,422,0.53,SURVEI_SIMULASI,ok,True
2026-09-02T07:00:00+07:00,S31,reverse,26.7,45,593,0.74,SURVEI_SIMULASI,ok,True
2026-09-02T08:00:00+07:00,S31,reverse,25.4,45,633,0.79,SURVEI_SIMULASI,ok,True
2026-09-02T09:00:00+07:00,S31,reverse,23.9,45,681,0.85,SURVEI_SIMULASI,ok,True
2026-09-02T10:00:00+07:00,S31,reverse,33.7,45,364,0.46,SURVEI_SIMULASI,ok,True
2026-09-02T11:00:00+07:00,S31,reverse,32.6,45,400,0.5,SURVEI_SIMULASI,ok,True
2026-09-02T12:00:00+07:00,S31,reverse,33.0,45,388,0.49,SURVEI_SIMULASI,ok,True
2026-09-02T13:00:00+07:00,S31,reverse,33.2,45,383,0.48,SURVEI_SIMULASI,ok,True
2026-09-02T14:00:00+07:00,S31,reverse,33.8,45,363,0.45,SURVEI_SIMULASI,ok,True
2026-09-02T15:00:00+07:00,S31,reverse,32.1,45,418,0.52,SURVEI_SIMULASI,ok,True
2026-09-02T16:00:00+07:00,S31,reverse,25.2,45,639,0.8,SURVEI_SIMULASI,ok,True
2026-09-02T17:00:00+07:00,S31,reverse,25.2,45,639,0.8,SURVEI_SIMULASI,ok,True
2026-09-02T18:00:00+07:00,S31,reverse,25.5,45,631,0.79,SURVEI_SIMULASI,ok,True
2026-09-02T19:00:00+07:00,S31,reverse,27.9,45,552,0.69,SURVEI_SIMULASI,ok,True
2026-09-08T06:00:00+07:00,S31,reverse,31.9,45,422,0.53,SURVEI_SIMULASI,ok,True
2026-09-08T07:00:00+07:00,S31,reverse,25.5,45,629,0.79,SURVEI_SIMULASI,ok,True
2026-09-08T08:00:00+07:00,S31,reverse,25.8,45,622,0.78,SURVEI_SIMULASI,ok,True
2026-09-08T09:00:00+07:00,S31,reverse,26.3,45,606,0.76,SURVEI_SIMULASI,ok,True
2026-09-08T10:00:00+07:00,S31,reverse,33.2,45,382,0.48,SURVEI_SIMULASI,ok,True
2026-09-08T11:00:00+07:00,S31,reverse,33.6,45,368,0.46,SURVEI_SIMULASI,ok,True
2026-09-08T12:00:00+07:00,S31,reverse,34.6,45,336,0.42,SURVEI_SIMULASI,ok,True
2026-09-08T13:00:00+07:00,S31,reverse,33.9,45,358,0.45,SURVEI_SIMULASI,ok,True
2026-09-08T14:00:00+07:00,S31,reverse,31.8,45,426,0.53,SURVEI_SIMULASI,ok,True
2026-09-08T15:00:00+07:00,S31,reverse,32.5,45,405,0.51,SURVEI_SIMULASI,ok,True
2026-09-08T16:00:00+07:00,S31,reverse,26.5,45,598,0.75,SURVEI_SIMULASI,ok,True
2026-09-08T17:00:00+07:00,S31,reverse,27.4,45,567,0.71,SURVEI_SIMULASI,ok,True
2026-09-08T18:00:00+07:00,S31,reverse,25.5,45,631,0.79,SURVEI_SIMULASI,ok,True
2026-09-08T19:00:00+07:00,S31,reverse,26.1,45,610,0.76,SURVEI_SIMULASI,ok,True
2026-09-09T06:00:00+07:00,S31,reverse,33.2,45,383,0.48,SURVEI_SIMULASI,ok,True
2026-09-09T07:00:00+07:00,S31,reverse,24.1,45,676,0.85,SURVEI_SIMULASI,ok,True
2026-09-09T08:00:00+07:00,S31,reverse,26.4,45,602,0.75,SURVEI_SIMULASI,ok,True
2026-09-09T09:00:00+07:00,S31,reverse,23.5,45,694,0.87,SURVEI_SIMULASI,ok,True
2026-09-09T10:00:00+07:00,S31,reverse,32.9,45,392,0.49,SURVEI_SIMULASI,ok,True
2026-09-09T11:00:00+07:00,S31,reverse,33.8,45,360,0.45,SURVEI_SIMULASI,ok,True
2026-09-09T12:00:00+07:00,S31,reverse,34.5,45,338,0.42,SURVEI_SIMULASI,ok,True
2026-09-09T13:00:00+07:00,S31,reverse,34.1,45,353,0.44,SURVEI_SIMULASI,ok,True
2026-09-09T14:00:00+07:00,S31,reverse,33.9,45,360,0.45,SURVEI_SIMULASI,ok,True
2026-09-09T15:00:00+07:00,S31,reverse,32.6,45,402,0.5,SURVEI_SIMULASI,ok,True
2026-09-09T16:00:00+07:00,S31,reverse,28.3,45,540,0.68,SURVEI_SIMULASI,ok,True
2026-09-09T17:00:00+07:00,S31,reverse,28.3,45,538,0.67,SURVEI_SIMULASI,ok,True
2026-09-09T18:00:00+07:00,S31,reverse,27.5,45,567,0.71,SURVEI_SIMULASI,ok,True
2026-09-09T19:00:00+07:00,S31,reverse,24.8,45,653,0.82,SURVEI_SIMULASI,ok,True
2026-09-03T06:00:00+07:00,S31,reverse,33.0,45,387,0.48,SURVEI_SIMULASI,ok,True
2026-09-03T07:00:00+07:00,S31,reverse,25.3,45,638,0.8,SURVEI_SIMULASI,ok,True
2026-09-03T08:00:00+07:00,S31,reverse,26.1,45,610,0.76,SURVEI_SIMULASI,ok,True
2026-09-03T09:00:00+07:00,S31,reverse,25.1,45,643,0.8,SURVEI_SIMULASI,ok,True
2026-09-03T10:00:00+07:00,S31,reverse,31.5,45,437,0.55,SURVEI_SIMULASI,ok,True
2026-09-03T11:00:00+07:00,S31,reverse,33.0,45,389,0.49,SURVEI_SIMULASI,ok,True
2026-09-03T12:00:00+07:00,S31,reverse,32.8,45,394,0.49,SURVEI_SIMULASI,ok,True
2026-09-03T13:00:00+07:00,S31,reverse,34.9,45,328,0.41,SURVEI_SIMULASI,ok,True
2026-09-03T14:00:00+07:00,S31,reverse,32.9,45,391,0.49,SURVEI_SIMULASI,ok,True
2026-09-03T15:00:00+07:00,S31,reverse,33.5,45,373,0.47,SURVEI_SIMULASI,ok,True
2026-09-03T16:00:00+07:00,S31,reverse,25.4,45,633,0.79,SURVEI_SIMULASI,ok,True
2026-09-03T17:00:00+07:00,S31,reverse,25.0,45,646,0.81,SURVEI_SIMULASI,ok,True
2026-09-03T18:00:00+07:00,S31,reverse,25.3,45,636,0.79,SURVEI_SIMULASI,ok,True
2026-09-03T19:00:00+07:00,S31,reverse,26.6,45,594,0.74,SURVEI_SIMULASI,ok,True
2026-09-04T06:00:00+07:00,S31,reverse,31.6,45,433,0.54,SURVEI_SIMULASI,ok,True
2026-09-04T07:00:00+07:00,S31,reverse,23.5,45,694,0.87,SURVEI_SIMULASI,ok,True
2026-09-04T08:00:00+07:00,S31,reverse,25.3,45,637,0.8,SURVEI_SIMULASI,ok,True
2026-09-04T09:00:00+07:00,S31,reverse,27.0,45,583,0.73,SURVEI_SIMULASI,ok,True
2026-09-04T10:00:00+07:00,S31,reverse,33.6,45,368,0.46,SURVEI_SIMULASI,ok,True
2026-09-04T11:00:00+07:00,S31,reverse,32.7,45,397,0.5,SURVEI_SIMULASI,ok,True
2026-09-04T12:00:00+07:00,S31,reverse,33.7,45,365,0.46,SURVEI_SIMULASI,ok,True
2026-09-04T13:00:00+07:00,S31,reverse,34.7,45,334,0.42,SURVEI_SIMULASI,ok,True
2026-09-04T14:00:00+07:00,S31,reverse,32.3,45,412,0.51,SURVEI_SIMULASI,ok,True
2026-09-04T15:00:00+07:00,S31,reverse,32.0,45,421,0.53,SURVEI_SIMULASI,ok,True
2026-09-04T16:00:00+07:00,S31,reverse,27.6,45,562,0.7,SURVEI_SIMULASI,ok,True
2026-09-04T17:00:00+07:00,S31,reverse,28.2,45,543,0.68,SURVEI_SIMULASI,ok,True
2026-09-04T18:00:00+07:00,S31,reverse,26.0,45,614,0.77,SURVEI_SIMULASI,ok,True
2026-09-04T19:00:00+07:00,S31,reverse,25.2,45,640,0.8,SURVEI_SIMULASI,ok,True
2026-09-05T06:00:00+07:00,S31,reverse,32.6,45,402,0.5,SURVEI_SIMULASI,ok,True
2026-09-05T07:00:00+07:00,S31,reverse,25.1,45,644,0.81,SURVEI_SIMULASI,ok,True
2026-09-05T08:00:00+07:00,S31,reverse,23.6,45,691,0.86,SURVEI_SIMULASI,ok,True
2026-09-05T09:00:00+07:00,S31,reverse,24.8,45,654,0.82,SURVEI_SIMULASI,ok,True
2026-09-05T10:00:00+07:00,S31,reverse,33.5,45,372,0.46,SURVEI_SIMULASI,ok,True
2026-09-05T11:00:00+07:00,S31,reverse,31.9,45,424,0.53,SURVEI_SIMULASI,ok,True
2026-09-05T12:00:00+07:00,S31,reverse,33.8,45,363,0.45,SURVEI_SIMULASI,ok,True
2026-09-05T13:00:00+07:00,S31,reverse,34.9,45,325,0.41,SURVEI_SIMULASI,ok,True
2026-09-05T14:00:00+07:00,S31,reverse,33.7,45,366,0.46,SURVEI_SIMULASI,ok,True
2026-09-05T15:00:00+07:00,S31,reverse,31.8,45,427,0.53,SURVEI_SIMULASI,ok,True
2026-09-05T16:00:00+07:00,S31,reverse,27.1,45,578,0.72,SURVEI_SIMULASI,ok,True
2026-09-05T17:00:00+07:00,S31,reverse,27.8,45,557,0.7,SURVEI_SIMULASI,ok,True
2026-09-05T18:00:00+07:00,S31,reverse,27.9,45,552,0.69,SURVEI_SIMULASI,ok,True
2026-09-05T19:00:00+07:00,S31,reverse,26.8,45,588,0.73,SURVEI_SIMULASI,ok,True
2026-09-06T06:00:00+07:00,S31,reverse,34.1,45,351,0.44,SURVEI_SIMULASI,ok,True
2026-09-06T07:00:00+07:00,S31,reverse,25.7,45,623,0.78,SURVEI_SIMULASI,ok,True
2026-09-06T08:00:00+07:00,S31,reverse,26.1,45,610,0.76,SURVEI_SIMULASI,ok,True
2026-09-06T09:00:00+07:00,S31,reverse,28.9,45,519,0.65,SURVEI_SIMULASI,ok,True
2026-09-06T10:00:00+07:00,S31,reverse,34.0,45,356,0.44,SURVEI_SIMULASI,ok,True
2026-09-06T11:00:00+07:00,S31,reverse,33.9,45,360,0.45,SURVEI_SIMULASI,ok,True
2026-09-06T12:00:00+07:00,S31,reverse,34.4,45,342,0.43,SURVEI_SIMULASI,ok,True
2026-09-06T13:00:00+07:00,S31,reverse,35.7,45,300,0.38,SURVEI_SIMULASI,ok,True
2026-09-06T14:00:00+07:00,S31,reverse,33.8,45,361,0.45,SURVEI_SIMULASI,ok,True
2026-09-06T15:00:00+07:00,S31,reverse,34.1,45,353,0.44,SURVEI_SIMULASI,ok,True
2026-09-06T16:00:00+07:00,S31,reverse,27.3,45,573,0.72,SURVEI_SIMULASI,ok,True
2026-09-06T17:00:00+07:00,S31,reverse,28.6,45,531,0.66,SURVEI_SIMULASI,ok,True
2026-09-06T18:00:00+07:00,S31,reverse,27.1,45,577,0.72,SURVEI_SIMULASI,ok,True
2026-09-06T19:00:00+07:00,S31,reverse,29.4,45,505,0.63,SURVEI_SIMULASI,ok,True
2026-09-07T06:00:00+07:00,S31,reverse,34.2,45,349,0.44,SURVEI_SIMULASI,ok,True
2026-09-07T07:00:00+07:00,S31,reverse,25.9,45,617,0.77,SURVEI_SIMULASI,ok,True
2026-09-07T08:00:00+07:00,S31,reverse,26.3,45,604,0.76,SURVEI_SIMULASI,ok,True
2026-09-07T09:00:00+07:00,S31,reverse,26.4,45,600,0.75,SURVEI_SIMULASI,ok,True
2026-09-07T10:00:00+07:00,S31,reverse,35.0,45,324,0.41,SURVEI_SIMULASI,ok,True
2026-09-07T11:00:00+07:00,S31,reverse,34.8,45,330,0.41,SURVEI_SIMULASI,ok,True
2026-09-07T12:00:00+07:00,S31,reverse,35.2,45,317,0.4,SURVEI_SIMULASI,ok,True
2026-09-07T13:00:00+07:00,S31,reverse,35.2,45,316,0.4,SURVEI_SIMULASI,ok,True
2026-09-07T14:00:00+07:00,S31,reverse,33.4,45,375,0.47,SURVEI_SIMULASI,ok,True
2026-09-07T15:00:00+07:00,S31,reverse,34.7,45,334,0.42,SURVEI_SIMULASI,ok,True
2026-09-07T16:00:00+07:00,S31,reverse,27.4,45,570,0.71,SURVEI_SIMULASI,ok,True
2026-09-07T17:00:00+07:00,S31,reverse,28.3,45,541,0.68,SURVEI_SIMULASI,ok,True
2026-09-07T18:00:00+07:00,S31,reverse,27.3,45,574,0.72,SURVEI_SIMULASI,ok,True
2026-09-07T19:00:00+07:00,S31,reverse,27.8,45,554,0.69,SURVEI_SIMULASI,ok,True
2026-09-01T06:00:00+07:00,S32,forward,32.1,45,417,0.52,SURVEI_SIMULASI,ok,True
2026-09-01T07:00:00+07:00,S32,forward,26.0,45,615,0.77,SURVEI_SIMULASI,ok,True
2026-09-01T08:00:00+07:00,S32,forward,25.7,45,624,0.78,SURVEI_SIMULASI,ok,True
2026-09-01T09:00:00+07:00,S32,forward,26.8,45,589,0.74,SURVEI_SIMULASI,ok,True
2026-09-01T10:00:00+07:00,S32,forward,31.3,45,442,0.55,SURVEI_SIMULASI,ok,True
2026-09-01T11:00:00+07:00,S32,forward,33.4,45,374,0.47,SURVEI_SIMULASI,ok,True
2026-09-01T12:00:00+07:00,S32,forward,33.0,45,388,0.49,SURVEI_SIMULASI,ok,True
2026-09-01T13:00:00+07:00,S32,forward,33.3,45,378,0.47,SURVEI_SIMULASI,ok,True
2026-09-01T14:00:00+07:00,S32,forward,31.6,45,434,0.54,SURVEI_SIMULASI,ok,True
2026-09-01T15:00:00+07:00,S32,forward,31.4,45,440,0.55,SURVEI_SIMULASI,ok,True
2026-09-01T16:00:00+07:00,S32,forward,24.7,45,657,0.82,SURVEI_SIMULASI,ok,True
2026-09-01T17:00:00+07:00,S32,forward,25.8,45,622,0.78,SURVEI_SIMULASI,ok,True
2026-09-01T18:00:00+07:00,S32,forward,24.6,45,658,0.82,SURVEI_SIMULASI,ok,True
2026-09-01T19:00:00+07:00,S32,forward,27.1,45,579,0.72,SURVEI_SIMULASI,ok,True
2026-09-02T06:00:00+07:00,S32,forward,31.2,45,446,0.56,SURVEI_SIMULASI,ok,True
2026-09-02T07:00:00+07:00,S32,forward,25.3,45,636,0.8,SURVEI_SIMULASI,ok,True
2026-09-02T08:00:00+07:00,S32,forward,25.2,45,640,0.8,SURVEI_SIMULASI,ok,True
2026-09-02T09:00:00+07:00,S32,forward,26.1,45,612,0.77,SURVEI_SIMULASI,ok,True
2026-09-02T10:00:00+07:00,S32,forward,32.0,45,422,0.53,SURVEI_SIMULASI,ok,True
2026-09-02T11:00:00+07:00,S32,forward,32.6,45,400,0.5,SURVEI_SIMULASI,ok,True
2026-09-02T12:00:00+07:00,S32,forward,32.8,45,393,0.49,SURVEI_SIMULASI,ok,True
2026-09-02T13:00:00+07:00,S32,forward,33.6,45,370,0.46,SURVEI_SIMULASI,ok,True
2026-09-02T14:00:00+07:00,S32,forward,32.4,45,406,0.51,SURVEI_SIMULASI,ok,True
2026-09-02T15:00:00+07:00,S32,forward,32.9,45,391,0.49,SURVEI_SIMULASI,ok,True
2026-09-02T16:00:00+07:00,S32,forward,25.5,45,630,0.79,SURVEI_SIMULASI,ok,True
2026-09-02T17:00:00+07:00,S32,forward,24.7,45,656,0.82,SURVEI_SIMULASI,ok,True
2026-09-02T18:00:00+07:00,S32,forward,25.6,45,627,0.78,SURVEI_SIMULASI,ok,True
2026-09-02T19:00:00+07:00,S32,forward,26.7,45,592,0.74,SURVEI_SIMULASI,ok,True
2026-09-08T06:00:00+07:00,S32,forward,31.6,45,434,0.54,SURVEI_SIMULASI,ok,True
2026-09-08T07:00:00+07:00,S32,forward,26.7,45,590,0.74,SURVEI_SIMULASI,ok,True
2026-09-08T08:00:00+07:00,S32,forward,25.2,45,639,0.8,SURVEI_SIMULASI,ok,True
2026-09-08T09:00:00+07:00,S32,forward,23.8,45,685,0.86,SURVEI_SIMULASI,ok,True
2026-09-08T10:00:00+07:00,S32,forward,32.8,45,394,0.49,SURVEI_SIMULASI,ok,True
2026-09-08T11:00:00+07:00,S32,forward,33.2,45,382,0.48,SURVEI_SIMULASI,ok,True
2026-09-08T12:00:00+07:00,S32,forward,33.7,45,366,0.46,SURVEI_SIMULASI,ok,True
2026-09-08T13:00:00+07:00,S32,forward,34.5,45,340,0.43,SURVEI_SIMULASI,ok,True
2026-09-08T14:00:00+07:00,S32,forward,31.9,45,422,0.53,SURVEI_SIMULASI,ok,True
2026-09-08T15:00:00+07:00,S32,forward,31.8,45,427,0.53,SURVEI_SIMULASI,ok,True
2026-09-08T16:00:00+07:00,S32,forward,25.2,45,639,0.8,SURVEI_SIMULASI,ok,True
2026-09-08T17:00:00+07:00,S32,forward,25.9,45,617,0.77,SURVEI_SIMULASI,ok,True
2026-09-08T18:00:00+07:00,S32,forward,26.2,45,608,0.76,SURVEI_SIMULASI,ok,True
2026-09-08T19:00:00+07:00,S32,forward,24.8,45,652,0.81,SURVEI_SIMULASI,ok,True
2026-09-09T06:00:00+07:00,S32,forward,31.3,45,444,0.55,SURVEI_SIMULASI,ok,True
2026-09-09T07:00:00+07:00,S32,forward,26.3,45,605,0.76,SURVEI_SIMULASI,ok,True
2026-09-09T08:00:00+07:00,S32,forward,24.6,45,661,0.83,SURVEI_SIMULASI,ok,True
2026-09-09T09:00:00+07:00,S32,forward,24.0,45,678,0.85,SURVEI_SIMULASI,ok,True
2026-09-09T10:00:00+07:00,S32,forward,33.3,45,379,0.47,SURVEI_SIMULASI,ok,True
2026-09-09T11:00:00+07:00,S32,forward,33.0,45,387,0.48,SURVEI_SIMULASI,ok,True
2026-09-09T12:00:00+07:00,S32,forward,33.1,45,383,0.48,SURVEI_SIMULASI,ok,True
2026-09-09T13:00:00+07:00,S32,forward,33.5,45,371,0.46,SURVEI_SIMULASI,ok,True
2026-09-09T14:00:00+07:00,S32,forward,32.2,45,414,0.52,SURVEI_SIMULASI,ok,True
2026-09-09T15:00:00+07:00,S32,forward,32.0,45,419,0.52,SURVEI_SIMULASI,ok,True
2026-09-09T16:00:00+07:00,S32,forward,25.6,45,626,0.78,SURVEI_SIMULASI,ok,True
2026-09-09T17:00:00+07:00,S32,forward,27.0,45,581,0.73,SURVEI_SIMULASI,ok,True
2026-09-09T18:00:00+07:00,S32,forward,25.7,45,624,0.78,SURVEI_SIMULASI,ok,True
2026-09-09T19:00:00+07:00,S32,forward,25.7,45,623,0.78,SURVEI_SIMULASI,ok,True
2026-09-03T06:00:00+07:00,S32,forward,33.1,45,383,0.48,SURVEI_SIMULASI,ok,True
2026-09-03T07:00:00+07:00,S32,forward,24.9,45,651,0.81,SURVEI_SIMULASI,ok,True
2026-09-03T08:00:00+07:00,S32,forward,26.7,45,590,0.74,SURVEI_SIMULASI,ok,True
2026-09-03T09:00:00+07:00,S32,forward,25.8,45,620,0.77,SURVEI_SIMULASI,ok,True
2026-09-03T10:00:00+07:00,S32,forward,31.3,45,443,0.55,SURVEI_SIMULASI,ok,True
2026-09-03T11:00:00+07:00,S32,forward,32.8,45,395,0.49,SURVEI_SIMULASI,ok,True
2026-09-03T12:00:00+07:00,S32,forward,34.3,45,346,0.43,SURVEI_SIMULASI,ok,True
2026-09-03T13:00:00+07:00,S32,forward,34.5,45,339,0.42,SURVEI_SIMULASI,ok,True
2026-09-03T14:00:00+07:00,S32,forward,33.6,45,369,0.46,SURVEI_SIMULASI,ok,True
2026-09-03T15:00:00+07:00,S32,forward,32.9,45,391,0.49,SURVEI_SIMULASI,ok,True
2026-09-03T16:00:00+07:00,S32,forward,24.3,45,668,0.84,SURVEI_SIMULASI,ok,True
2026-09-03T17:00:00+07:00,S32,forward,24.9,45,649,0.81,SURVEI_SIMULASI,ok,True
2026-09-03T18:00:00+07:00,S32,forward,24.8,45,654,0.82,SURVEI_SIMULASI,ok,True
2026-09-03T19:00:00+07:00,S32,forward,25.5,45,629,0.79,SURVEI_SIMULASI,ok,True
2026-09-04T06:00:00+07:00,S32,forward,32.7,45,397,0.5,SURVEI_SIMULASI,ok,True
2026-09-04T07:00:00+07:00,S32,forward,24.5,45,663,0.83,SURVEI_SIMULASI,ok,True
2026-09-04T08:00:00+07:00,S32,forward,23.3,45,701,0.88,SURVEI_SIMULASI,ok,True
2026-09-04T09:00:00+07:00,S32,forward,24.8,45,654,0.82,SURVEI_SIMULASI,ok,True
2026-09-04T10:00:00+07:00,S32,forward,32.0,45,420,0.52,SURVEI_SIMULASI,ok,True
2026-09-04T11:00:00+07:00,S32,forward,32.8,45,396,0.49,SURVEI_SIMULASI,ok,True
2026-09-04T12:00:00+07:00,S32,forward,34.7,45,333,0.42,SURVEI_SIMULASI,ok,True
2026-09-04T13:00:00+07:00,S32,forward,32.7,45,399,0.5,SURVEI_SIMULASI,ok,True
2026-09-04T14:00:00+07:00,S32,forward,32.5,45,404,0.5,SURVEI_SIMULASI,ok,True
2026-09-04T15:00:00+07:00,S32,forward,31.4,45,438,0.55,SURVEI_SIMULASI,ok,True
2026-09-04T16:00:00+07:00,S32,forward,27.4,45,568,0.71,SURVEI_SIMULASI,ok,True
2026-09-04T17:00:00+07:00,S32,forward,25.4,45,634,0.79,SURVEI_SIMULASI,ok,True
2026-09-04T18:00:00+07:00,S32,forward,25.1,45,644,0.81,SURVEI_SIMULASI,ok,True
2026-09-04T19:00:00+07:00,S32,forward,27.3,45,574,0.72,SURVEI_SIMULASI,ok,True
2026-09-05T06:00:00+07:00,S32,forward,33.0,45,389,0.49,SURVEI_SIMULASI,ok,True
2026-09-05T07:00:00+07:00,S32,forward,26.2,45,607,0.76,SURVEI_SIMULASI,ok,True
2026-09-05T08:00:00+07:00,S32,forward,24.0,45,680,0.85,SURVEI_SIMULASI,ok,True
2026-09-05T09:00:00+07:00,S32,forward,26.5,45,599,0.75,SURVEI_SIMULASI,ok,True
2026-09-05T10:00:00+07:00,S32,forward,33.2,45,380,0.48,SURVEI_SIMULASI,ok,True
2026-09-05T11:00:00+07:00,S32,forward,31.4,45,440,0.55,SURVEI_SIMULASI,ok,True
2026-09-05T12:00:00+07:00,S32,forward,32.8,45,395,0.49,SURVEI_SIMULASI,ok,True
2026-09-05T13:00:00+07:00,S32,forward,34.8,45,331,0.41,SURVEI_SIMULASI,ok,True
2026-09-05T14:00:00+07:00,S32,forward,32.7,45,397,0.5,SURVEI_SIMULASI,ok,True
2026-09-05T15:00:00+07:00,S32,forward,33.2,45,382,0.48,SURVEI_SIMULASI,ok,True
2026-09-05T16:00:00+07:00,S32,forward,24.6,45,658,0.82,SURVEI_SIMULASI,ok,True
2026-09-05T17:00:00+07:00,S32,forward,25.2,45,640,0.8,SURVEI_SIMULASI,ok,True
2026-09-05T18:00:00+07:00,S32,forward,26.3,45,605,0.76,SURVEI_SIMULASI,ok,True
2026-09-05T19:00:00+07:00,S32,forward,25.4,45,633,0.79,SURVEI_SIMULASI,ok,True
2026-09-06T06:00:00+07:00,S32,forward,34.3,45,345,0.43,SURVEI_SIMULASI,ok,True
2026-09-06T07:00:00+07:00,S32,forward,28.0,45,549,0.69,SURVEI_SIMULASI,ok,True
2026-09-06T08:00:00+07:00,S32,forward,26.3,45,603,0.75,SURVEI_SIMULASI,ok,True
2026-09-06T09:00:00+07:00,S32,forward,26.2,45,609,0.76,SURVEI_SIMULASI,ok,True
2026-09-06T10:00:00+07:00,S32,forward,34.5,45,339,0.42,SURVEI_SIMULASI,ok,True
2026-09-06T11:00:00+07:00,S32,forward,33.4,45,374,0.47,SURVEI_SIMULASI,ok,True
2026-09-06T12:00:00+07:00,S32,forward,34.0,45,357,0.45,SURVEI_SIMULASI,ok,True
2026-09-06T13:00:00+07:00,S32,forward,34.2,45,349,0.44,SURVEI_SIMULASI,ok,True
2026-09-06T14:00:00+07:00,S32,forward,34.4,45,343,0.43,SURVEI_SIMULASI,ok,True
2026-09-06T15:00:00+07:00,S32,forward,34.0,45,355,0.44,SURVEI_SIMULASI,ok,True
2026-09-06T16:00:00+07:00,S32,forward,28.4,45,537,0.67,SURVEI_SIMULASI,ok,True
2026-09-06T17:00:00+07:00,S32,forward,26.8,45,587,0.73,SURVEI_SIMULASI,ok,True
2026-09-06T18:00:00+07:00,S32,forward,29.3,45,507,0.63,SURVEI_SIMULASI,ok,True
2026-09-06T19:00:00+07:00,S32,forward,29.4,45,503,0.63,SURVEI_SIMULASI,ok,True
2026-09-07T06:00:00+07:00,S32,forward,32.8,45,394,0.49,SURVEI_SIMULASI,ok,True
2026-09-07T07:00:00+07:00,S32,forward,25.6,45,627,0.78,SURVEI_SIMULASI,ok,True
2026-09-07T08:00:00+07:00,S32,forward,26.7,45,592,0.74,SURVEI_SIMULASI,ok,True
2026-09-07T09:00:00+07:00,S32,forward,26.7,45,590,0.74,SURVEI_SIMULASI,ok,True
2026-09-07T10:00:00+07:00,S32,forward,33.1,45,383,0.48,SURVEI_SIMULASI,ok,True
2026-09-07T11:00:00+07:00,S32,forward,33.2,45,382,0.48,SURVEI_SIMULASI,ok,True
2026-09-07T12:00:00+07:00,S32,forward,34.3,45,346,0.43,SURVEI_SIMULASI,ok,True
2026-09-07T13:00:00+07:00,S32,forward,34.5,45,339,0.42,SURVEI_SIMULASI,ok,True
2026-09-07T14:00:00+07:00,S32,forward,33.8,45,362,0.45,SURVEI_SIMULASI,ok,True
2026-09-07T15:00:00+07:00,S32,forward,32.9,45,392,0.49,SURVEI_SIMULASI,ok,True
2026-09-07T16:00:00+07:00,S32,forward,27.9,45,551,0.69,SURVEI_SIMULASI,ok,True
2026-09-07T17:00:00+07:00,S32,forward,26.9,45,584,0.73,SURVEI_SIMULASI,ok,True
2026-09-07T18:00:00+07:00,S32,forward,28.2,45,544,0.68,SURVEI_SIMULASI,ok,True
2026-09-07T19:00:00+07:00,S32,forward,29.3,45,509,0.64,SURVEI_SIMULASI,ok,True
2026-09-01T06:00:00+07:00,S32,reverse,31.8,45,427,0.53,SURVEI_SIMULASI,ok,True
2026-09-01T07:00:00+07:00,S32,reverse,24.9,45,650,0.81,SURVEI_SIMULASI,ok,True
2026-09-01T08:00:00+07:00,S32,reverse,26.9,45,586,0.73,SURVEI_SIMULASI,ok,True
2026-09-01T09:00:00+07:00,S32,reverse,23.3,45,701,0.88,SURVEI_SIMULASI,ok,True
2026-09-01T10:00:00+07:00,S32,reverse,31.5,45,437,0.55,SURVEI_SIMULASI,ok,True
2026-09-01T11:00:00+07:00,S32,reverse,31.5,45,436,0.54,SURVEI_SIMULASI,ok,True
2026-09-01T12:00:00+07:00,S32,reverse,34.4,45,341,0.43,SURVEI_SIMULASI,ok,True
2026-09-01T13:00:00+07:00,S32,reverse,32.7,45,398,0.5,SURVEI_SIMULASI,ok,True
2026-09-01T14:00:00+07:00,S32,reverse,32.3,45,411,0.51,SURVEI_SIMULASI,ok,True
2026-09-01T15:00:00+07:00,S32,reverse,32.5,45,403,0.5,SURVEI_SIMULASI,ok,True
2026-09-01T16:00:00+07:00,S32,reverse,24.4,45,666,0.83,SURVEI_SIMULASI,ok,True
2026-09-01T17:00:00+07:00,S32,reverse,27.2,45,574,0.72,SURVEI_SIMULASI,ok,True
2026-09-01T18:00:00+07:00,S32,reverse,27.8,45,557,0.7,SURVEI_SIMULASI,ok,True
2026-09-01T19:00:00+07:00,S32,reverse,26.2,45,607,0.76,SURVEI_SIMULASI,ok,True
2026-09-02T06:00:00+07:00,S32,reverse,32.0,45,419,0.52,SURVEI_SIMULASI,ok,True
2026-09-02T07:00:00+07:00,S32,reverse,26.2,45,608,0.76,SURVEI_SIMULASI,ok,True
2026-09-02T08:00:00+07:00,S32,reverse,24.5,45,662,0.83,SURVEI_SIMULASI,ok,True
2026-09-02T09:00:00+07:00,S32,reverse,25.4,45,635,0.79,SURVEI_SIMULASI,ok,True
2026-09-02T10:00:00+07:00,S32,reverse,31.4,45,440,0.55,SURVEI_SIMULASI,ok,True
2026-09-02T11:00:00+07:00,S32,reverse,32.9,45,392,0.49,SURVEI_SIMULASI,ok,True
2026-09-02T12:00:00+07:00,S32,reverse,33.8,45,362,0.45,SURVEI_SIMULASI,ok,True
2026-09-02T13:00:00+07:00,S32,reverse,33.3,45,380,0.47,SURVEI_SIMULASI,ok,True
2026-09-02T14:00:00+07:00,S32,reverse,33.0,45,389,0.49,SURVEI_SIMULASI,ok,True
2026-09-02T15:00:00+07:00,S32,reverse,32.5,45,402,0.5,SURVEI_SIMULASI,ok,True
2026-09-02T16:00:00+07:00,S32,reverse,27.0,45,582,0.73,SURVEI_SIMULASI,ok,True
2026-09-02T17:00:00+07:00,S32,reverse,26.5,45,599,0.75,SURVEI_SIMULASI,ok,True
2026-09-02T18:00:00+07:00,S32,reverse,25.9,45,619,0.77,SURVEI_SIMULASI,ok,True
2026-09-02T19:00:00+07:00,S32,reverse,26.8,45,589,0.74,SURVEI_SIMULASI,ok,True
2026-09-08T06:00:00+07:00,S32,reverse,31.3,45,442,0.55,SURVEI_SIMULASI,ok,True
2026-09-08T07:00:00+07:00,S32,reverse,26.5,45,599,0.75,SURVEI_SIMULASI,ok,True
2026-09-08T08:00:00+07:00,S32,reverse,25.2,45,642,0.8,SURVEI_SIMULASI,ok,True
2026-09-08T09:00:00+07:00,S32,reverse,24.3,45,668,0.83,SURVEI_SIMULASI,ok,True
2026-09-08T10:00:00+07:00,S32,reverse,32.7,45,397,0.5,SURVEI_SIMULASI,ok,True
2026-09-08T11:00:00+07:00,S32,reverse,33.7,45,367,0.46,SURVEI_SIMULASI,ok,True
2026-09-08T12:00:00+07:00,S32,reverse,34.0,45,354,0.44,SURVEI_SIMULASI,ok,True
2026-09-08T13:00:00+07:00,S32,reverse,32.7,45,397,0.5,SURVEI_SIMULASI,ok,True
2026-09-08T14:00:00+07:00,S32,reverse,33.5,45,371,0.46,SURVEI_SIMULASI,ok,True
2026-09-08T15:00:00+07:00,S32,reverse,31.5,45,437,0.55,SURVEI_SIMULASI,ok,True
2026-09-08T16:00:00+07:00,S32,reverse,25.5,45,631,0.79,SURVEI_SIMULASI,ok,True
2026-09-08T17:00:00+07:00,S32,reverse,26.8,45,589,0.74,SURVEI_SIMULASI,ok,True
2026-09-08T18:00:00+07:00,S32,reverse,27.2,45,575,0.72,SURVEI_SIMULASI,ok,True
2026-09-08T19:00:00+07:00,S32,reverse,25.6,45,628,0.78,SURVEI_SIMULASI,ok,True
2026-09-09T06:00:00+07:00,S32,reverse,32.2,45,414,0.52,SURVEI_SIMULASI,ok,True
2026-09-09T07:00:00+07:00,S32,reverse,25.0,45,647,0.81,SURVEI_SIMULASI,ok,True
2026-09-09T08:00:00+07:00,S32,reverse,25.4,45,632,0.79,SURVEI_SIMULASI,ok,True
2026-09-09T09:00:00+07:00,S32,reverse,23.0,45,710,0.89,SURVEI_SIMULASI,ok,True
2026-09-09T10:00:00+07:00,S32,reverse,32.8,45,393,0.49,SURVEI_SIMULASI,ok,True
2026-09-09T11:00:00+07:00,S32,reverse,31.4,45,438,0.55,SURVEI_SIMULASI,ok,True
2026-09-09T12:00:00+07:00,S32,reverse,33.4,45,373,0.47,SURVEI_SIMULASI,ok,True
2026-09-09T13:00:00+07:00,S32,reverse,34.1,45,352,0.44,SURVEI_SIMULASI,ok,True
2026-09-09T14:00:00+07:00,S32,reverse,32.5,45,404,0.5,SURVEI_SIMULASI,ok,True
2026-09-09T15:00:00+07:00,S32,reverse,32.9,45,392,0.49,SURVEI_SIMULASI,ok,True
2026-09-09T16:00:00+07:00,S32,reverse,25.1,45,643,0.8,SURVEI_SIMULASI,ok,True
2026-09-09T17:00:00+07:00,S32,reverse,25.5,45,631,0.79,SURVEI_SIMULASI,ok,True
2026-09-09T18:00:00+07:00,S32,reverse,26.3,45,605,0.76,SURVEI_SIMULASI,ok,True
2026-09-09T19:00:00+07:00,S32,reverse,25.2,45,639,0.8,SURVEI_SIMULASI,ok,True
2026-09-03T06:00:00+07:00,S32,reverse,32.9,45,390,0.49,SURVEI_SIMULASI,ok,True
2026-09-03T07:00:00+07:00,S32,reverse,25.3,45,637,0.8,SURVEI_SIMULASI,ok,True
2026-09-03T08:00:00+07:00,S32,reverse,23.7,45,689,0.86,SURVEI_SIMULASI,ok,True
2026-09-03T09:00:00+07:00,S32,reverse,26.6,45,595,0.74,SURVEI_SIMULASI,ok,True
2026-09-03T10:00:00+07:00,S32,reverse,31.7,45,430,0.54,SURVEI_SIMULASI,ok,True
2026-09-03T11:00:00+07:00,S32,reverse,32.6,45,402,0.5,SURVEI_SIMULASI,ok,True
2026-09-03T12:00:00+07:00,S32,reverse,33.1,45,386,0.48,SURVEI_SIMULASI,ok,True
2026-09-03T13:00:00+07:00,S32,reverse,34.1,45,353,0.44,SURVEI_SIMULASI,ok,True
2026-09-03T14:00:00+07:00,S32,reverse,32.8,45,396,0.49,SURVEI_SIMULASI,ok,True
2026-09-03T15:00:00+07:00,S32,reverse,32.9,45,391,0.49,SURVEI_SIMULASI,ok,True
2026-09-03T16:00:00+07:00,S32,reverse,26.3,45,606,0.76,SURVEI_SIMULASI,ok,True
2026-09-03T17:00:00+07:00,S32,reverse,24.8,45,652,0.82,SURVEI_SIMULASI,ok,True
2026-09-03T18:00:00+07:00,S32,reverse,27.3,45,572,0.71,SURVEI_SIMULASI,ok,True
2026-09-03T19:00:00+07:00,S32,reverse,26.5,45,599,0.75,SURVEI_SIMULASI,ok,True
2026-09-04T06:00:00+07:00,S32,reverse,32.6,45,402,0.5,SURVEI_SIMULASI,ok,True
2026-09-04T07:00:00+07:00,S32,reverse,25.7,45,623,0.78,SURVEI_SIMULASI,ok,True
2026-09-04T08:00:00+07:00,S32,reverse,23.6,45,693,0.87,SURVEI_SIMULASI,ok,True
2026-09-04T09:00:00+07:00,S32,reverse,25.6,45,627,0.78,SURVEI_SIMULASI,ok,True
2026-09-04T10:00:00+07:00,S32,reverse,33.2,45,380,0.48,SURVEI_SIMULASI,ok,True
2026-09-04T11:00:00+07:00,S32,reverse,32.1,45,415,0.52,SURVEI_SIMULASI,ok,True
2026-09-04T12:00:00+07:00,S32,reverse,33.9,45,359,0.45,SURVEI_SIMULASI,ok,True
2026-09-04T13:00:00+07:00,S32,reverse,34.4,45,342,0.43,SURVEI_SIMULASI,ok,True
2026-09-04T14:00:00+07:00,S32,reverse,32.4,45,407,0.51,SURVEI_SIMULASI,ok,True
2026-09-04T15:00:00+07:00,S32,reverse,33.0,45,387,0.48,SURVEI_SIMULASI,ok,True
2026-09-04T16:00:00+07:00,S32,reverse,24.7,45,656,0.82,SURVEI_SIMULASI,ok,True
2026-09-04T17:00:00+07:00,S32,reverse,26.3,45,605,0.76,SURVEI_SIMULASI,ok,True
2026-09-04T18:00:00+07:00,S32,reverse,25.0,45,646,0.81,SURVEI_SIMULASI,ok,True
2026-09-04T19:00:00+07:00,S32,reverse,27.6,45,561,0.7,SURVEI_SIMULASI,ok,True
2026-09-05T06:00:00+07:00,S32,reverse,32.9,45,391,0.49,SURVEI_SIMULASI,ok,True
2026-09-05T07:00:00+07:00,S32,reverse,26.8,45,589,0.74,SURVEI_SIMULASI,ok,True
2026-09-05T08:00:00+07:00,S32,reverse,26.0,45,613,0.77,SURVEI_SIMULASI,ok,True
2026-09-05T09:00:00+07:00,S32,reverse,26.1,45,610,0.76,SURVEI_SIMULASI,ok,True
2026-09-05T10:00:00+07:00,S32,reverse,32.2,45,413,0.52,SURVEI_SIMULASI,ok,True
2026-09-05T11:00:00+07:00,S32,reverse,33.2,45,381,0.48,SURVEI_SIMULASI,ok,True
2026-09-05T12:00:00+07:00,S32,reverse,32.8,45,394,0.49,SURVEI_SIMULASI,ok,True
2026-09-05T13:00:00+07:00,S32,reverse,33.1,45,384,0.48,SURVEI_SIMULASI,ok,True
2026-09-05T14:00:00+07:00,S32,reverse,32.3,45,411,0.51,SURVEI_SIMULASI,ok,True
2026-09-05T15:00:00+07:00,S32,reverse,33.3,45,377,0.47,SURVEI_SIMULASI,ok,True
2026-09-05T16:00:00+07:00,S32,reverse,25.6,45,627,0.78,SURVEI_SIMULASI,ok,True
2026-09-05T17:00:00+07:00,S32,reverse,27.3,45,573,0.72,SURVEI_SIMULASI,ok,True
2026-09-05T18:00:00+07:00,S32,reverse,27.5,45,567,0.71,SURVEI_SIMULASI,ok,True
2026-09-05T19:00:00+07:00,S32,reverse,27.3,45,573,0.72,SURVEI_SIMULASI,ok,True
2026-09-06T06:00:00+07:00,S32,reverse,34.6,45,335,0.42,SURVEI_SIMULASI,ok,True
2026-09-06T07:00:00+07:00,S32,reverse,25.5,45,631,0.79,SURVEI_SIMULASI,ok,True
2026-09-06T08:00:00+07:00,S32,reverse,28.0,45,550,0.69,SURVEI_SIMULASI,ok,True
2026-09-06T09:00:00+07:00,S32,reverse,28.3,45,539,0.67,SURVEI_SIMULASI,ok,True
2026-09-06T10:00:00+07:00,S32,reverse,34.1,45,352,0.44,SURVEI_SIMULASI,ok,True
2026-09-06T11:00:00+07:00,S32,reverse,33.5,45,372,0.47,SURVEI_SIMULASI,ok,True
2026-09-06T12:00:00+07:00,S32,reverse,33.9,45,357,0.45,SURVEI_SIMULASI,ok,True
2026-09-06T13:00:00+07:00,S32,reverse,35.5,45,309,0.39,SURVEI_SIMULASI,ok,True
2026-09-06T14:00:00+07:00,S32,reverse,33.0,45,388,0.48,SURVEI_SIMULASI,ok,True
2026-09-06T15:00:00+07:00,S32,reverse,34.1,45,352,0.44,SURVEI_SIMULASI,ok,True
2026-09-06T16:00:00+07:00,S32,reverse,26.9,45,587,0.73,SURVEI_SIMULASI,ok,True
2026-09-06T17:00:00+07:00,S32,reverse,29.0,45,518,0.65,SURVEI_SIMULASI,ok,True
2026-09-06T18:00:00+07:00,S32,reverse,26.8,45,588,0.73,SURVEI_SIMULASI,ok,True
2026-09-06T19:00:00+07:00,S32,reverse,27.6,45,564,0.7,SURVEI_SIMULASI,ok,True
2026-09-07T06:00:00+07:00,S32,reverse,34.3,45,344,0.43,SURVEI_SIMULASI,ok,True
2026-09-07T07:00:00+07:00,S32,reverse,26.4,45,601,0.75,SURVEI_SIMULASI,ok,True
2026-09-07T08:00:00+07:00,S32,reverse,25.8,45,622,0.78,SURVEI_SIMULASI,ok,True
2026-09-07T09:00:00+07:00,S32,reverse,25.7,45,625,0.78,SURVEI_SIMULASI,ok,True
2026-09-07T10:00:00+07:00,S32,reverse,34.1,45,351,0.44,SURVEI_SIMULASI,ok,True
2026-09-07T11:00:00+07:00,S32,reverse,34.2,45,350,0.44,SURVEI_SIMULASI,ok,True
2026-09-07T12:00:00+07:00,S32,reverse,34.7,45,333,0.42,SURVEI_SIMULASI,ok,True
2026-09-07T13:00:00+07:00,S32,reverse,35.7,45,300,0.38,SURVEI_SIMULASI,ok,True
2026-09-07T14:00:00+07:00,S32,reverse,33.0,45,387,0.48,SURVEI_SIMULASI,ok,True
2026-09-07T15:00:00+07:00,S32,reverse,34.4,45,342,0.43,SURVEI_SIMULASI,ok,True
2026-09-07T16:00:00+07:00,S32,reverse,29.3,45,506,0.63,SURVEI_SIMULASI,ok,True
2026-09-07T17:00:00+07:00,S32,reverse,27.7,45,560,0.7,SURVEI_SIMULASI,ok,True
2026-09-07T18:00:00+07:00,S32,reverse,28.1,45,546,0.68,SURVEI_SIMULASI,ok,True
2026-09-07T19:00:00+07:00,S32,reverse,28.3,45,541,0.68,SURVEI_SIMULASI,ok,True
2026-09-01T06:00:00+07:00,S33,forward,31.2,45,445,0.56,SURVEI_SIMULASI,ok,True
2026-09-01T07:00:00+07:00,S33,forward,23.2,45,705,0.88,SURVEI_SIMULASI,ok,True
2026-09-01T08:00:00+07:00,S33,forward,22.6,45,725,0.91,SURVEI_SIMULASI,ok,True
2026-09-01T09:00:00+07:00,S33,forward,24.6,45,659,0.82,SURVEI_SIMULASI,ok,True
2026-09-01T10:00:00+07:00,S33,forward,31.0,45,454,0.57,SURVEI_SIMULASI,ok,True
2026-09-01T11:00:00+07:00,S33,forward,31.1,45,449,0.56,SURVEI_SIMULASI,ok,True
2026-09-01T12:00:00+07:00,S33,forward,32.5,45,405,0.51,SURVEI_SIMULASI,ok,True
2026-09-01T13:00:00+07:00,S33,forward,33.7,45,365,0.46,SURVEI_SIMULASI,ok,True
2026-09-01T14:00:00+07:00,S33,forward,31.2,45,447,0.56,SURVEI_SIMULASI,ok,True
2026-09-01T15:00:00+07:00,S33,forward,32.8,45,396,0.49,SURVEI_SIMULASI,ok,True
2026-09-01T16:00:00+07:00,S33,forward,24.2,45,674,0.84,SURVEI_SIMULASI,ok,True
2026-09-01T17:00:00+07:00,S33,forward,27.5,45,565,0.71,SURVEI_SIMULASI,ok,True
2026-09-01T18:00:00+07:00,S33,forward,27.0,45,581,0.73,SURVEI_SIMULASI,ok,True
2026-09-01T19:00:00+07:00,S33,forward,24.2,45,672,0.84,SURVEI_SIMULASI,ok,True
2026-09-02T06:00:00+07:00,S33,forward,33.4,45,374,0.47,SURVEI_SIMULASI,ok,True
2026-09-02T07:00:00+07:00,S33,forward,25.0,45,647,0.81,SURVEI_SIMULASI,ok,True
2026-09-02T08:00:00+07:00,S33,forward,25.2,45,639,0.8,SURVEI_SIMULASI,ok,True
2026-09-02T09:00:00+07:00,S33,forward,23.8,45,687,0.86,SURVEI_SIMULASI,ok,True
2026-09-02T10:00:00+07:00,S33,forward,33.2,45,382,0.48,SURVEI_SIMULASI,ok,True
2026-09-02T11:00:00+07:00,S33,forward,32.4,45,406,0.51,SURVEI_SIMULASI,ok,True
2026-09-02T12:00:00+07:00,S33,forward,34.6,45,335,0.42,SURVEI_SIMULASI,ok,True
2026-09-02T13:00:00+07:00,S33,forward,34.6,45,336,0.42,SURVEI_SIMULASI,ok,True
2026-09-02T14:00:00+07:00,S33,forward,33.3,45,379,0.47,SURVEI_SIMULASI,ok,True
2026-09-02T15:00:00+07:00,S33,forward,33.3,45,380,0.47,SURVEI_SIMULASI,ok,True
2026-09-02T16:00:00+07:00,S33,forward,27.4,45,570,0.71,SURVEI_SIMULASI,ok,True
2026-09-02T17:00:00+07:00,S33,forward,25.0,45,645,0.81,SURVEI_SIMULASI,ok,True
2026-09-02T18:00:00+07:00,S33,forward,27.0,45,583,0.73,SURVEI_SIMULASI,ok,True
2026-09-02T19:00:00+07:00,S33,forward,26.1,45,612,0.76,SURVEI_SIMULASI,ok,True
2026-09-08T06:00:00+07:00,S33,forward,32.2,45,415,0.52,SURVEI_SIMULASI,ok,True
2026-09-08T07:00:00+07:00,S33,forward,23.5,45,695,0.87,SURVEI_SIMULASI,ok,True
2026-09-08T08:00:00+07:00,S33,forward,23.5,45,696,0.87,SURVEI_SIMULASI,ok,True
2026-09-08T09:00:00+07:00,S33,forward,24.7,45,656,0.82,SURVEI_SIMULASI,ok,True
2026-09-08T10:00:00+07:00,S33,forward,32.3,45,411,0.51,SURVEI_SIMULASI,ok,True
2026-09-08T11:00:00+07:00,S33,forward,32.7,45,398,0.5,SURVEI_SIMULASI,ok,True
2026-09-08T12:00:00+07:00,S33,forward,32.6,45,402,0.5,SURVEI_SIMULASI,ok,True
2026-09-08T13:00:00+07:00,S33,forward,33.9,45,360,0.45,SURVEI_SIMULASI,ok,True
2026-09-08T14:00:00+07:00,S33,forward,31.2,45,447,0.56,SURVEI_SIMULASI,ok,True
2026-09-08T15:00:00+07:00,S33,forward,32.4,45,407,0.51,SURVEI_SIMULASI,ok,True
2026-09-08T16:00:00+07:00,S33,forward,26.9,45,587,0.73,SURVEI_SIMULASI,ok,True
2026-09-08T17:00:00+07:00,S33,forward,25.8,45,622,0.78,SURVEI_SIMULASI,ok,True
2026-09-08T18:00:00+07:00,S33,forward,27.1,45,580,0.73,SURVEI_SIMULASI,ok,True
2026-09-08T19:00:00+07:00,S33,forward,24.6,45,661,0.83,SURVEI_SIMULASI,ok,True
2026-09-09T06:00:00+07:00,S33,forward,31.8,45,426,0.53,SURVEI_SIMULASI,ok,True
2026-09-09T07:00:00+07:00,S33,forward,23.2,45,705,0.88,SURVEI_SIMULASI,ok,True
2026-09-09T08:00:00+07:00,S33,forward,22.9,45,713,0.89,SURVEI_SIMULASI,ok,True
2026-09-09T09:00:00+07:00,S33,forward,25.2,45,639,0.8,SURVEI_SIMULASI,ok,True
2026-09-09T10:00:00+07:00,S33,forward,31.5,45,436,0.54,SURVEI_SIMULASI,ok,True
2026-09-09T11:00:00+07:00,S33,forward,32.7,45,398,0.5,SURVEI_SIMULASI,ok,True
2026-09-09T12:00:00+07:00,S33,forward,34.5,45,339,0.42,SURVEI_SIMULASI,ok,True
2026-09-09T13:00:00+07:00,S33,forward,33.9,45,360,0.45,SURVEI_SIMULASI,ok,True
2026-09-09T14:00:00+07:00,S33,forward,32.3,45,410,0.51,SURVEI_SIMULASI,ok,True
2026-09-09T15:00:00+07:00,S33,forward,32.6,45,399,0.5,SURVEI_SIMULASI,ok,True
2026-09-09T16:00:00+07:00,S33,forward,27.6,45,562,0.7,SURVEI_SIMULASI,ok,True
2026-09-09T17:00:00+07:00,S33,forward,27.3,45,571,0.71,SURVEI_SIMULASI,ok,True
2026-09-09T18:00:00+07:00,S33,forward,24.9,45,651,0.81,SURVEI_SIMULASI,ok,True
2026-09-09T19:00:00+07:00,S33,forward,24.6,45,659,0.82,SURVEI_SIMULASI,ok,True
2026-09-03T06:00:00+07:00,S33,forward,31.2,45,446,0.56,SURVEI_SIMULASI,ok,True
2026-09-03T07:00:00+07:00,S33,forward,26.3,45,605,0.76,SURVEI_SIMULASI,ok,True
2026-09-03T08:00:00+07:00,S33,forward,24.3,45,670,0.84,SURVEI_SIMULASI,ok,True
2026-09-03T09:00:00+07:00,S33,forward,23.0,45,710,0.89,SURVEI_SIMULASI,ok,True
2026-09-03T10:00:00+07:00,S33,forward,31.4,45,439,0.55,SURVEI_SIMULASI,ok,True
2026-09-03T11:00:00+07:00,S33,forward,32.5,45,403,0.5,SURVEI_SIMULASI,ok,True
2026-09-03T12:00:00+07:00,S33,forward,34.3,45,345,0.43,SURVEI_SIMULASI,ok,True
2026-09-03T13:00:00+07:00,S33,forward,33.9,45,358,0.45,SURVEI_SIMULASI,ok,True
2026-09-03T14:00:00+07:00,S33,forward,31.7,45,431,0.54,SURVEI_SIMULASI,ok,True
2026-09-03T15:00:00+07:00,S33,forward,32.0,45,421,0.53,SURVEI_SIMULASI,ok,True
2026-09-03T16:00:00+07:00,S33,forward,24.3,45,670,0.84,SURVEI_SIMULASI,ok,True
2026-09-03T17:00:00+07:00,S33,forward,25.8,45,620,0.78,SURVEI_SIMULASI,ok,True
2026-09-03T18:00:00+07:00,S33,forward,27.5,45,565,0.71,SURVEI_SIMULASI,ok,True
2026-09-03T19:00:00+07:00,S33,forward,26.6,45,594,0.74,SURVEI_SIMULASI,ok,True
2026-09-04T06:00:00+07:00,S33,forward,31.6,45,434,0.54,SURVEI_SIMULASI,ok,True
2026-09-04T07:00:00+07:00,S33,forward,25.3,45,635,0.79,SURVEI_SIMULASI,ok,True
2026-09-04T08:00:00+07:00,S33,forward,24.9,45,650,0.81,SURVEI_SIMULASI,ok,True
2026-09-04T09:00:00+07:00,S33,forward,24.4,45,665,0.83,SURVEI_SIMULASI,ok,True
2026-09-04T10:00:00+07:00,S33,forward,31.3,45,442,0.55,SURVEI_SIMULASI,ok,True
2026-09-04T11:00:00+07:00,S33,forward,31.1,45,450,0.56,SURVEI_SIMULASI,ok,True
2026-09-04T12:00:00+07:00,S33,forward,33.0,45,388,0.49,SURVEI_SIMULASI,ok,True
2026-09-04T13:00:00+07:00,S33,forward,34.2,45,349,0.44,SURVEI_SIMULASI,ok,True
2026-09-04T14:00:00+07:00,S33,forward,32.5,45,404,0.51,SURVEI_SIMULASI,ok,True
2026-09-04T15:00:00+07:00,S33,forward,31.4,45,438,0.55,SURVEI_SIMULASI,ok,True
2026-09-04T16:00:00+07:00,S33,forward,26.9,45,586,0.73,SURVEI_SIMULASI,ok,True
2026-09-04T17:00:00+07:00,S33,forward,25.5,45,630,0.79,SURVEI_SIMULASI,ok,True
2026-09-04T18:00:00+07:00,S33,forward,26.7,45,592,0.74,SURVEI_SIMULASI,ok,True
2026-09-04T19:00:00+07:00,S33,forward,26.1,45,612,0.77,SURVEI_SIMULASI,ok,True
2026-09-05T06:00:00+07:00,S33,forward,31.1,45,451,0.56,SURVEI_SIMULASI,ok,True
2026-09-05T07:00:00+07:00,S33,forward,25.9,45,618,0.77,SURVEI_SIMULASI,ok,True
2026-09-05T08:00:00+07:00,S33,forward,23.5,45,696,0.87,SURVEI_SIMULASI,ok,True
2026-09-05T09:00:00+07:00,S33,forward,25.7,45,623,0.78,SURVEI_SIMULASI,ok,True
2026-09-05T10:00:00+07:00,S33,forward,32.5,45,403,0.5,SURVEI_SIMULASI,ok,True
2026-09-05T11:00:00+07:00,S33,forward,31.4,45,441,0.55,SURVEI_SIMULASI,ok,True
2026-09-05T12:00:00+07:00,S33,forward,33.9,45,359,0.45,SURVEI_SIMULASI,ok,True
2026-09-05T13:00:00+07:00,S33,forward,33.8,45,362,0.45,SURVEI_SIMULASI,ok,True
2026-09-05T14:00:00+07:00,S33,forward,33.0,45,387,0.48,SURVEI_SIMULASI,ok,True
2026-09-05T15:00:00+07:00,S33,forward,33.3,45,378,0.47,SURVEI_SIMULASI,ok,True
2026-09-05T16:00:00+07:00,S33,forward,26.7,45,591,0.74,SURVEI_SIMULASI,ok,True
2026-09-05T17:00:00+07:00,S33,forward,26.9,45,585,0.73,SURVEI_SIMULASI,ok,True
2026-09-05T18:00:00+07:00,S33,forward,26.5,45,599,0.75,SURVEI_SIMULASI,ok,True
2026-09-05T19:00:00+07:00,S33,forward,26.5,45,598,0.75,SURVEI_SIMULASI,ok,True
2026-09-06T06:00:00+07:00,S33,forward,33.4,45,375,0.47,SURVEI_SIMULASI,ok,True
2026-09-06T07:00:00+07:00,S33,forward,28.1,45,545,0.68,SURVEI_SIMULASI,ok,True
2026-09-06T08:00:00+07:00,S33,forward,28.0,45,548,0.69,SURVEI_SIMULASI,ok,True
2026-09-06T09:00:00+07:00,S33,forward,25.2,45,638,0.8,SURVEI_SIMULASI,ok,True
2026-09-06T10:00:00+07:00,S33,forward,33.2,45,380,0.48,SURVEI_SIMULASI,ok,True
2026-09-06T11:00:00+07:00,S33,forward,34.1,45,352,0.44,SURVEI_SIMULASI,ok,True
2026-09-06T12:00:00+07:00,S33,forward,35.6,45,303,0.38,SURVEI_SIMULASI,ok,True
2026-09-06T13:00:00+07:00,S33,forward,34.9,45,325,0.41,SURVEI_SIMULASI,ok,True
2026-09-06T14:00:00+07:00,S33,forward,33.0,45,386,0.48,SURVEI_SIMULASI,ok,True
2026-09-06T15:00:00+07:00,S33,forward,32.5,45,403,0.5,SURVEI_SIMULASI,ok,True
2026-09-06T16:00:00+07:00,S33,forward,26.5,45,599,0.75,SURVEI_SIMULASI,ok,True
2026-09-06T17:00:00+07:00,S33,forward,27.6,45,562,0.7,SURVEI_SIMULASI,ok,True
2026-09-06T18:00:00+07:00,S33,forward,29.1,45,514,0.64,SURVEI_SIMULASI,ok,True
2026-09-06T19:00:00+07:00,S33,forward,29.1,45,515,0.64,SURVEI_SIMULASI,ok,True
2026-09-07T06:00:00+07:00,S33,forward,34.0,45,356,0.45,SURVEI_SIMULASI,ok,True
2026-09-07T07:00:00+07:00,S33,forward,28.4,45,537,0.67,SURVEI_SIMULASI,ok,True
2026-09-07T08:00:00+07:00,S33,forward,27.3,45,571,0.71,SURVEI_SIMULASI,ok,True
2026-09-07T09:00:00+07:00,S33,forward,27.5,45,564,0.71,SURVEI_SIMULASI,ok,True
2026-09-07T10:00:00+07:00,S33,forward,33.5,45,372,0.46,SURVEI_SIMULASI,ok,True
2026-09-07T11:00:00+07:00,S33,forward,34.1,45,351,0.44,SURVEI_SIMULASI,ok,True
2026-09-07T12:00:00+07:00,S33,forward,35.1,45,320,0.4,SURVEI_SIMULASI,ok,True
2026-09-07T13:00:00+07:00,S33,forward,34.3,45,346,0.43,SURVEI_SIMULASI,ok,True
2026-09-07T14:00:00+07:00,S33,forward,33.8,45,362,0.45,SURVEI_SIMULASI,ok,True
2026-09-07T15:00:00+07:00,S33,forward,32.4,45,407,0.51,SURVEI_SIMULASI,ok,True
2026-09-07T16:00:00+07:00,S33,forward,29.1,45,514,0.64,SURVEI_SIMULASI,ok,True
2026-09-07T17:00:00+07:00,S33,forward,28.1,45,547,0.68,SURVEI_SIMULASI,ok,True
2026-09-07T18:00:00+07:00,S33,forward,28.3,45,539,0.67,SURVEI_SIMULASI,ok,True
2026-09-07T19:00:00+07:00,S33,forward,28.4,45,538,0.67,SURVEI_SIMULASI,ok,True
2026-09-01T06:00:00+07:00,S33,reverse,32.2,45,413,0.52,SURVEI_SIMULASI,ok,True
2026-09-01T07:00:00+07:00,S33,reverse,24.7,45,656,0.82,SURVEI_SIMULASI,ok,True
2026-09-01T08:00:00+07:00,S33,reverse,26.0,45,615,0.77,SURVEI_SIMULASI,ok,True
2026-09-01T09:00:00+07:00,S33,reverse,26.5,45,599,0.75,SURVEI_SIMULASI,ok,True
2026-09-01T10:00:00+07:00,S33,reverse,33.2,45,382,0.48,SURVEI_SIMULASI,ok,True
2026-09-01T11:00:00+07:00,S33,reverse,31.5,45,436,0.55,SURVEI_SIMULASI,ok,True
2026-09-01T12:00:00+07:00,S33,reverse,32.7,45,399,0.5,SURVEI_SIMULASI,ok,True
2026-09-01T13:00:00+07:00,S33,reverse,32.7,45,397,0.5,SURVEI_SIMULASI,ok,True
2026-09-01T14:00:00+07:00,S33,reverse,32.0,45,421,0.53,SURVEI_SIMULASI,ok,True
2026-09-01T15:00:00+07:00,S33,reverse,32.5,45,403,0.5,SURVEI_SIMULASI,ok,True
2026-09-01T16:00:00+07:00,S33,reverse,25.1,45,644,0.81,SURVEI_SIMULASI,ok,True
2026-09-01T17:00:00+07:00,S33,reverse,23.9,45,681,0.85,SURVEI_SIMULASI,ok,True
2026-09-01T18:00:00+07:00,S33,reverse,26.5,45,598,0.75,SURVEI_SIMULASI,ok,True
2026-09-01T19:00:00+07:00,S33,reverse,25.2,45,639,0.8,SURVEI_SIMULASI,ok,True
2026-09-02T06:00:00+07:00,S33,reverse,33.1,45,385,0.48,SURVEI_SIMULASI,ok,True
2026-09-02T07:00:00+07:00,S33,reverse,23.2,45,703,0.88,SURVEI_SIMULASI,ok,True
2026-09-02T08:00:00+07:00,S33,reverse,25.9,45,618,0.77,SURVEI_SIMULASI,ok,True
2026-09-02T09:00:00+07:00,S33,reverse,26.3,45,605,0.76,SURVEI_SIMULASI,ok,True
2026-09-02T10:00:00+07:00,S33,reverse,33.1,45,385,0.48,SURVEI_SIMULASI,ok,True
2026-09-02T11:00:00+07:00,S33,reverse,33.4,45,376,0.47,SURVEI_SIMULASI,ok,True
2026-09-02T12:00:00+07:00,S33,reverse,33.3,45,377,0.47,SURVEI_SIMULASI,ok,True
2026-09-02T13:00:00+07:00,S33,reverse,32.4,45,407,0.51,SURVEI_SIMULASI,ok,True
2026-09-02T14:00:00+07:00,S33,reverse,31.9,45,424,0.53,SURVEI_SIMULASI,ok,True
2026-09-02T15:00:00+07:00,S33,reverse,32.2,45,415,0.52,SURVEI_SIMULASI,ok,True
2026-09-02T16:00:00+07:00,S33,reverse,24.3,45,668,0.84,SURVEI_SIMULASI,ok,True
2026-09-02T17:00:00+07:00,S33,reverse,24.4,45,665,0.83,SURVEI_SIMULASI,ok,True
2026-09-02T18:00:00+07:00,S33,reverse,27.2,45,575,0.72,SURVEI_SIMULASI,ok,True
2026-09-02T19:00:00+07:00,S33,reverse,26.4,45,602,0.75,SURVEI_SIMULASI,ok,True
2026-09-08T06:00:00+07:00,S33,reverse,32.0,45,421,0.53,SURVEI_SIMULASI,ok,True
2026-09-08T07:00:00+07:00,S33,reverse,26.0,45,615,0.77,SURVEI_SIMULASI,ok,True
2026-09-08T08:00:00+07:00,S33,reverse,25.4,45,633,0.79,SURVEI_SIMULASI,ok,True
2026-09-08T09:00:00+07:00,S33,reverse,24.0,45,679,0.85,SURVEI_SIMULASI,ok,True
2026-09-08T10:00:00+07:00,S33,reverse,31.9,45,423,0.53,SURVEI_SIMULASI,ok,True
2026-09-08T11:00:00+07:00,S33,reverse,32.0,45,419,0.52,SURVEI_SIMULASI,ok,True
2026-09-08T12:00:00+07:00,S33,reverse,33.8,45,362,0.45,SURVEI_SIMULASI,ok,True
2026-09-08T13:00:00+07:00,S33,reverse,33.0,45,388,0.49,SURVEI_SIMULASI,ok,True
2026-09-08T14:00:00+07:00,S33,reverse,32.7,45,398,0.5,SURVEI_SIMULASI,ok,True
2026-09-08T15:00:00+07:00,S33,reverse,33.0,45,388,0.49,SURVEI_SIMULASI,ok,True
2026-09-08T16:00:00+07:00,S33,reverse,25.3,45,636,0.8,SURVEI_SIMULASI,ok,True
2026-09-08T17:00:00+07:00,S33,reverse,24.9,45,651,0.81,SURVEI_SIMULASI,ok,True
2026-09-08T18:00:00+07:00,S33,reverse,27.6,45,561,0.7,SURVEI_SIMULASI,ok,True
2026-09-08T19:00:00+07:00,S33,reverse,25.7,45,623,0.78,SURVEI_SIMULASI,ok,True
2026-09-09T06:00:00+07:00,S33,reverse,32.8,45,395,0.49,SURVEI_SIMULASI,ok,True
2026-09-09T07:00:00+07:00,S33,reverse,23.6,45,692,0.87,SURVEI_SIMULASI,ok,True
2026-09-09T08:00:00+07:00,S33,reverse,23.6,45,691,0.86,SURVEI_SIMULASI,ok,True
2026-09-09T09:00:00+07:00,S33,reverse,25.8,45,621,0.78,SURVEI_SIMULASI,ok,True
2026-09-09T10:00:00+07:00,S33,reverse,32.9,45,391,0.49,SURVEI_SIMULASI,ok,True
2026-09-09T11:00:00+07:00,S33,reverse,32.5,45,403,0.5,SURVEI_SIMULASI,ok,True
2026-09-09T12:00:00+07:00,S33,reverse,33.0,45,388,0.49,SURVEI_SIMULASI,ok,True
2026-09-09T13:00:00+07:00,S33,reverse,32.6,45,401,0.5,SURVEI_SIMULASI,ok,True
2026-09-09T14:00:00+07:00,S33,reverse,32.0,45,420,0.52,SURVEI_SIMULASI,ok,True
2026-09-09T15:00:00+07:00,S33,reverse,32.2,45,415,0.52,SURVEI_SIMULASI,ok,True
2026-09-09T16:00:00+07:00,S33,reverse,26.9,45,585,0.73,SURVEI_SIMULASI,ok,True
2026-09-09T17:00:00+07:00,S33,reverse,26.8,45,588,0.74,SURVEI_SIMULASI,ok,True
2026-09-09T18:00:00+07:00,S33,reverse,27.1,45,580,0.72,SURVEI_SIMULASI,ok,True
2026-09-09T19:00:00+07:00,S33,reverse,25.6,45,626,0.78,SURVEI_SIMULASI,ok,True
2026-09-03T06:00:00+07:00,S33,reverse,32.1,45,416,0.52,SURVEI_SIMULASI,ok,True
2026-09-03T07:00:00+07:00,S33,reverse,24.4,45,665,0.83,SURVEI_SIMULASI,ok,True
2026-09-03T08:00:00+07:00,S33,reverse,23.0,45,710,0.89,SURVEI_SIMULASI,ok,True
2026-09-03T09:00:00+07:00,S33,reverse,22.9,45,714,0.89,SURVEI_SIMULASI,ok,True
2026-09-03T10:00:00+07:00,S33,reverse,32.0,45,421,0.53,SURVEI_SIMULASI,ok,True
2026-09-03T11:00:00+07:00,S33,reverse,32.1,45,418,0.52,SURVEI_SIMULASI,ok,True
2026-09-03T12:00:00+07:00,S33,reverse,32.5,45,404,0.51,SURVEI_SIMULASI,ok,True
2026-09-03T13:00:00+07:00,S33,reverse,34.6,45,338,0.42,SURVEI_SIMULASI,ok,True
2026-09-03T14:00:00+07:00,S33,reverse,32.6,45,402,0.5,SURVEI_SIMULASI,ok,True
2026-09-03T15:00:00+07:00,S33,reverse,32.4,45,408,0.51,SURVEI_SIMULASI,ok,True
2026-09-03T16:00:00+07:00,S33,reverse,26.6,45,595,0.74,SURVEI_SIMULASI,ok,True
2026-09-03T17:00:00+07:00,S33,reverse,24.5,45,662,0.83,SURVEI_SIMULASI,ok,True
2026-09-03T18:00:00+07:00,S33,reverse,23.9,45,683,0.85,SURVEI_SIMULASI,ok,True
2026-09-03T19:00:00+07:00,S33,reverse,26.9,45,586,0.73,SURVEI_SIMULASI,ok,True
2026-09-04T06:00:00+07:00,S33,reverse,32.1,45,417,0.52,SURVEI_SIMULASI,ok,True
2026-09-04T07:00:00+07:00,S33,reverse,25.6,45,629,0.79,SURVEI_SIMULASI,ok,True
2026-09-04T08:00:00+07:00,S33,reverse,24.2,45,673,0.84,SURVEI_SIMULASI,ok,True
2026-09-04T09:00:00+07:00,S33,reverse,23.1,45,707,0.88,SURVEI_SIMULASI,ok,True
2026-09-04T10:00:00+07:00,S33,reverse,32.6,45,402,0.5,SURVEI_SIMULASI,ok,True
2026-09-04T11:00:00+07:00,S33,reverse,32.0,45,419,0.52,SURVEI_SIMULASI,ok,True
2026-09-04T12:00:00+07:00,S33,reverse,33.8,45,363,0.45,SURVEI_SIMULASI,ok,True
2026-09-04T13:00:00+07:00,S33,reverse,33.2,45,381,0.48,SURVEI_SIMULASI,ok,True
2026-09-04T14:00:00+07:00,S33,reverse,32.2,45,414,0.52,SURVEI_SIMULASI,ok,True
2026-09-04T15:00:00+07:00,S33,reverse,32.6,45,400,0.5,SURVEI_SIMULASI,ok,True
2026-09-04T16:00:00+07:00,S33,reverse,25.0,45,645,0.81,SURVEI_SIMULASI,ok,True
2026-09-04T17:00:00+07:00,S33,reverse,25.9,45,617,0.77,SURVEI_SIMULASI,ok,True
2026-09-04T18:00:00+07:00,S33,reverse,27.0,45,583,0.73,SURVEI_SIMULASI,ok,True
2026-09-04T19:00:00+07:00,S33,reverse,24.1,45,677,0.85,SURVEI_SIMULASI,ok,True
2026-09-05T06:00:00+07:00,S33,reverse,31.5,45,436,0.55,SURVEI_SIMULASI,ok,True
2026-09-05T07:00:00+07:00,S33,reverse,23.2,45,706,0.88,SURVEI_SIMULASI,ok,True
2026-09-05T08:00:00+07:00,S33,reverse,25.6,45,627,0.78,SURVEI_SIMULASI,ok,True
2026-09-05T09:00:00+07:00,S33,reverse,23.6,45,690,0.86,SURVEI_SIMULASI,ok,True
2026-09-05T10:00:00+07:00,S33,reverse,31.3,45,441,0.55,SURVEI_SIMULASI,ok,True
2026-09-05T11:00:00+07:00,S33,reverse,33.1,45,384,0.48,SURVEI_SIMULASI,ok,True
2026-09-05T12:00:00+07:00,S33,reverse,32.4,45,409,0.51,SURVEI_SIMULASI,ok,True
2026-09-05T13:00:00+07:00,S33,reverse,34.2,45,350,0.44,SURVEI_SIMULASI,ok,True
2026-09-05T14:00:00+07:00,S33,reverse,32.5,45,405,0.51,SURVEI_SIMULASI,ok,True
2026-09-05T15:00:00+07:00,S33,reverse,31.8,45,426,0.53,SURVEI_SIMULASI,ok,True
2026-09-05T16:00:00+07:00,S33,reverse,26.0,45,614,0.77,SURVEI_SIMULASI,ok,True
2026-09-05T17:00:00+07:00,S33,reverse,27.3,45,572,0.72,SURVEI_SIMULASI,ok,True
2026-09-05T18:00:00+07:00,S33,reverse,26.6,45,595,0.74,SURVEI_SIMULASI,ok,True
2026-09-05T19:00:00+07:00,S33,reverse,24.8,45,654,0.82,SURVEI_SIMULASI,ok,True
2026-09-06T06:00:00+07:00,S33,reverse,33.9,45,358,0.45,SURVEI_SIMULASI,ok,True
2026-09-06T07:00:00+07:00,S33,reverse,28.0,45,549,0.69,SURVEI_SIMULASI,ok,True
2026-09-06T08:00:00+07:00,S33,reverse,26.9,45,584,0.73,SURVEI_SIMULASI,ok,True
2026-09-06T09:00:00+07:00,S33,reverse,26.4,45,600,0.75,SURVEI_SIMULASI,ok,True
2026-09-06T10:00:00+07:00,S33,reverse,32.6,45,400,0.5,SURVEI_SIMULASI,ok,True
2026-09-06T11:00:00+07:00,S33,reverse,34.1,45,352,0.44,SURVEI_SIMULASI,ok,True
2026-09-06T12:00:00+07:00,S33,reverse,35.0,45,322,0.4,SURVEI_SIMULASI,ok,True
2026-09-06T13:00:00+07:00,S33,reverse,34.2,45,348,0.44,SURVEI_SIMULASI,ok,True
2026-09-06T14:00:00+07:00,S33,reverse,33.1,45,385,0.48,SURVEI_SIMULASI,ok,True
2026-09-06T15:00:00+07:00,S33,reverse,33.3,45,380,0.47,SURVEI_SIMULASI,ok,True
2026-09-06T16:00:00+07:00,S33,reverse,29.0,45,516,0.64,SURVEI_SIMULASI,ok,True
2026-09-06T17:00:00+07:00,S33,reverse,27.8,45,556,0.7,SURVEI_SIMULASI,ok,True
2026-09-06T18:00:00+07:00,S33,reverse,28.1,45,545,0.68,SURVEI_SIMULASI,ok,True
2026-09-06T19:00:00+07:00,S33,reverse,27.1,45,578,0.72,SURVEI_SIMULASI,ok,True
2026-09-07T06:00:00+07:00,S33,reverse,33.7,45,367,0.46,SURVEI_SIMULASI,ok,True
2026-09-07T07:00:00+07:00,S33,reverse,25.1,45,643,0.8,SURVEI_SIMULASI,ok,True
2026-09-07T08:00:00+07:00,S33,reverse,24.9,45,651,0.81,SURVEI_SIMULASI,ok,True
2026-09-07T09:00:00+07:00,S33,reverse,26.4,45,601,0.75,SURVEI_SIMULASI,ok,True
2026-09-07T10:00:00+07:00,S33,reverse,32.7,45,397,0.5,SURVEI_SIMULASI,ok,True
2026-09-07T11:00:00+07:00,S33,reverse,32.9,45,391,0.49,SURVEI_SIMULASI,ok,True
2026-09-07T12:00:00+07:00,S33,reverse,33.8,45,363,0.45,SURVEI_SIMULASI,ok,True
2026-09-07T13:00:00+07:00,S33,reverse,34.9,45,328,0.41,SURVEI_SIMULASI,ok,True
2026-09-07T14:00:00+07:00,S33,reverse,33.2,45,382,0.48,SURVEI_SIMULASI,ok,True
2026-09-07T15:00:00+07:00,S33,reverse,34.0,45,355,0.44,SURVEI_SIMULASI,ok,True
2026-09-07T16:00:00+07:00,S33,reverse,28.6,45,530,0.66,SURVEI_SIMULASI,ok,True
2026-09-07T17:00:00+07:00,S33,reverse,27.0,45,582,0.73,SURVEI_SIMULASI,ok,True
2026-09-07T18:00:00+07:00,S33,reverse,29.1,45,515,0.64,SURVEI_SIMULASI,ok,True
2026-09-07T19:00:00+07:00,S33,reverse,27.1,45,579,0.72,SURVEI_SIMULASI,ok,True
2026-09-01T06:00:00+07:00,S34,forward,31.1,45,449,0.56,SURVEI_SIMULASI,ok,True
2026-09-01T07:00:00+07:00,S34,forward,25.7,45,623,0.78,SURVEI_SIMULASI,ok,True
2026-09-01T08:00:00+07:00,S34,forward,22.3,45,735,0.92,SURVEI_SIMULASI,ok,True
2026-09-01T09:00:00+07:00,S34,forward,26.1,45,609,0.76,SURVEI_SIMULASI,ok,True
2026-09-01T10:00:00+07:00,S34,forward,31.2,45,447,0.56,SURVEI_SIMULASI,ok,True
2026-09-01T11:00:00+07:00,S34,forward,31.1,45,450,0.56,SURVEI_SIMULASI,ok,True
2026-09-01T12:00:00+07:00,S34,forward,34.2,45,349,0.44,SURVEI_SIMULASI,ok,True
2026-09-01T13:00:00+07:00,S34,forward,32.9,45,390,0.49,SURVEI_SIMULASI,ok,True
2026-09-01T14:00:00+07:00,S34,forward,32.8,45,393,0.49,SURVEI_SIMULASI,ok,True
2026-09-01T15:00:00+07:00,S34,forward,32.8,45,396,0.49,SURVEI_SIMULASI,ok,True
2026-09-01T16:00:00+07:00,S34,forward,26.0,45,615,0.77,SURVEI_SIMULASI,ok,True
2026-09-01T17:00:00+07:00,S34,forward,25.3,45,635,0.79,SURVEI_SIMULASI,ok,True
2026-09-01T18:00:00+07:00,S34,forward,23.8,45,686,0.86,SURVEI_SIMULASI,ok,True
2026-09-01T19:00:00+07:00,S34,forward,24.7,45,656,0.82,SURVEI_SIMULASI,ok,True
2026-09-02T06:00:00+07:00,S34,forward,32.3,45,411,0.51,SURVEI_SIMULASI,ok,True
2026-09-02T07:00:00+07:00,S34,forward,24.0,45,679,0.85,SURVEI_SIMULASI,ok,True
2026-09-02T08:00:00+07:00,S34,forward,25.1,45,644,0.81,SURVEI_SIMULASI,ok,True
2026-09-02T09:00:00+07:00,S34,forward,24.5,45,662,0.83,SURVEI_SIMULASI,ok,True
2026-09-02T10:00:00+07:00,S34,forward,31.1,45,450,0.56,SURVEI_SIMULASI,ok,True
2026-09-02T11:00:00+07:00,S34,forward,31.2,45,446,0.56,SURVEI_SIMULASI,ok,True
2026-09-02T12:00:00+07:00,S34,forward,33.5,45,373,0.47,SURVEI_SIMULASI,ok,True
2026-09-02T13:00:00+07:00,S34,forward,34.0,45,355,0.44,SURVEI_SIMULASI,ok,True
2026-09-02T14:00:00+07:00,S34,forward,32.5,45,405,0.51,SURVEI_SIMULASI,ok,True
2026-09-02T15:00:00+07:00,S34,forward,32.8,45,395,0.49,SURVEI_SIMULASI,ok,True
2026-09-02T16:00:00+07:00,S34,forward,23.8,45,685,0.86,SURVEI_SIMULASI,ok,True
2026-09-02T17:00:00+07:00,S34,forward,25.8,45,621,0.78,SURVEI_SIMULASI,ok,True
2026-09-02T18:00:00+07:00,S34,forward,23.6,45,691,0.86,SURVEI_SIMULASI,ok,True
2026-09-02T19:00:00+07:00,S34,forward,27.0,45,583,0.73,SURVEI_SIMULASI,ok,True
2026-09-08T06:00:00+07:00,S34,forward,31.1,45,449,0.56,SURVEI_SIMULASI,ok,True
2026-09-08T07:00:00+07:00,S34,forward,22.7,45,722,0.9,SURVEI_SIMULASI,ok,True
2026-09-08T08:00:00+07:00,S34,forward,24.3,45,668,0.84,SURVEI_SIMULASI,ok,True
2026-09-08T09:00:00+07:00,S34,forward,25.8,45,621,0.78,SURVEI_SIMULASI,ok,True
2026-09-08T10:00:00+07:00,S34,forward,31.3,45,444,0.55,SURVEI_SIMULASI,ok,True
2026-09-08T11:00:00+07:00,S34,forward,32.6,45,402,0.5,SURVEI_SIMULASI,ok,True
2026-09-08T12:00:00+07:00,S34,forward,32.7,45,397,0.5,SURVEI_SIMULASI,ok,True
2026-09-08T13:00:00+07:00,S34,forward,34.4,45,343,0.43,SURVEI_SIMULASI,ok,True
2026-09-08T14:00:00+07:00,S34,forward,32.8,45,394,0.49,SURVEI_SIMULASI,ok,True
2026-09-08T15:00:00+07:00,S34,forward,31.8,45,425,0.53,SURVEI_SIMULASI,ok,True
2026-09-08T16:00:00+07:00,S34,forward,25.4,45,635,0.79,SURVEI_SIMULASI,ok,True
2026-09-08T17:00:00+07:00,S34,forward,26.6,45,595,0.74,SURVEI_SIMULASI,ok,True
2026-09-08T18:00:00+07:00,S34,forward,23.9,45,682,0.85,SURVEI_SIMULASI,ok,True
2026-09-08T19:00:00+07:00,S34,forward,26.4,45,602,0.75,SURVEI_SIMULASI,ok,True
2026-09-09T06:00:00+07:00,S34,forward,31.0,45,451,0.56,SURVEI_SIMULASI,ok,True
2026-09-09T07:00:00+07:00,S34,forward,23.5,45,695,0.87,SURVEI_SIMULASI,ok,True
2026-09-09T08:00:00+07:00,S34,forward,23.3,45,701,0.88,SURVEI_SIMULASI,ok,True
2026-09-09T09:00:00+07:00,S34,forward,26.2,45,609,0.76,SURVEI_SIMULASI,ok,True
2026-09-09T10:00:00+07:00,S34,forward,33.1,45,384,0.48,SURVEI_SIMULASI,ok,True
2026-09-09T11:00:00+07:00,S34,forward,32.4,45,408,0.51,SURVEI_SIMULASI,ok,True
2026-09-09T12:00:00+07:00,S34,forward,32.5,45,405,0.51,SURVEI_SIMULASI,ok,True
2026-09-09T13:00:00+07:00,S34,forward,32.6,45,400,0.5,SURVEI_SIMULASI,ok,True
2026-09-09T14:00:00+07:00,S34,forward,31.5,45,435,0.54,SURVEI_SIMULASI,ok,True
2026-09-09T15:00:00+07:00,S34,forward,32.8,45,394,0.49,SURVEI_SIMULASI,ok,True
2026-09-09T16:00:00+07:00,S34,forward,26.6,45,596,0.75,SURVEI_SIMULASI,ok,True
2026-09-09T17:00:00+07:00,S34,forward,23.6,45,693,0.87,SURVEI_SIMULASI,ok,True
2026-09-09T18:00:00+07:00,S34,forward,25.4,45,633,0.79,SURVEI_SIMULASI,ok,True
2026-09-09T19:00:00+07:00,S34,forward,24.0,45,679,0.85,SURVEI_SIMULASI,ok,True
2026-09-03T06:00:00+07:00,S34,forward,31.2,45,446,0.56,SURVEI_SIMULASI,ok,True
2026-09-03T07:00:00+07:00,S34,forward,22.5,45,728,0.91,SURVEI_SIMULASI,ok,True
2026-09-03T08:00:00+07:00,S34,forward,23.4,45,698,0.87,SURVEI_SIMULASI,ok,True
2026-09-03T09:00:00+07:00,S34,forward,25.0,45,647,0.81,SURVEI_SIMULASI,ok,True
2026-09-03T10:00:00+07:00,S34,forward,31.7,45,431,0.54,SURVEI_SIMULASI,ok,True
2026-09-03T11:00:00+07:00,S34,forward,31.3,45,443,0.55,SURVEI_SIMULASI,ok,True
2026-09-03T12:00:00+07:00,S34,forward,33.2,45,380,0.47,SURVEI_SIMULASI,ok,True
2026-09-03T13:00:00+07:00,S34,forward,32.5,45,403,0.5,SURVEI_SIMULASI,ok,True
2026-09-03T14:00:00+07:00,S34,forward,30.8,45,459,0.57,SURVEI_SIMULASI,ok,True
2026-09-03T15:00:00+07:00,S34,forward,31.7,45,431,0.54,SURVEI_SIMULASI,ok,True
2026-09-03T16:00:00+07:00,S34,forward,24.1,45,675,0.84,SURVEI_SIMULASI,ok,True
2026-09-03T17:00:00+07:00,S34,forward,25.9,45,617,0.77,SURVEI_SIMULASI,ok,True
2026-09-03T18:00:00+07:00,S34,forward,26.1,45,610,0.76,SURVEI_SIMULASI,ok,True
2026-09-03T19:00:00+07:00,S34,forward,24.0,45,678,0.85,SURVEI_SIMULASI,ok,True
2026-09-04T06:00:00+07:00,S34,forward,30.9,45,454,0.57,SURVEI_SIMULASI,ok,True
2026-09-04T07:00:00+07:00,S34,forward,25.8,45,620,0.77,SURVEI_SIMULASI,ok,True
2026-09-04T08:00:00+07:00,S34,forward,25.3,45,638,0.8,SURVEI_SIMULASI,ok,True
2026-09-04T09:00:00+07:00,S34,forward,24.3,45,668,0.83,SURVEI_SIMULASI,ok,True
2026-09-04T10:00:00+07:00,S34,forward,33.1,45,385,0.48,SURVEI_SIMULASI,ok,True
2026-09-04T11:00:00+07:00,S34,forward,32.0,45,420,0.53,SURVEI_SIMULASI,ok,True
2026-09-04T12:00:00+07:00,S34,forward,34.4,45,343,0.43,SURVEI_SIMULASI,ok,True
2026-09-04T13:00:00+07:00,S34,forward,33.1,45,383,0.48,SURVEI_SIMULASI,ok,True
2026-09-04T14:00:00+07:00,S34,forward,31.0,45,452,0.57,SURVEI_SIMULASI,ok,True
2026-09-04T15:00:00+07:00,S34,forward,31.4,45,439,0.55,SURVEI_SIMULASI,ok,True
2026-09-04T16:00:00+07:00,S34,forward,23.8,45,686,0.86,SURVEI_SIMULASI,ok,True
2026-09-04T17:00:00+07:00,S34,forward,25.8,45,619,0.77,SURVEI_SIMULASI,ok,True
2026-09-04T18:00:00+07:00,S34,forward,25.7,45,623,0.78,SURVEI_SIMULASI,ok,True
2026-09-04T19:00:00+07:00,S34,forward,23.6,45,692,0.86,SURVEI_SIMULASI,ok,True
2026-09-05T06:00:00+07:00,S34,forward,31.7,45,431,0.54,SURVEI_SIMULASI,ok,True
2026-09-05T07:00:00+07:00,S34,forward,25.7,45,625,0.78,SURVEI_SIMULASI,ok,True
2026-09-05T08:00:00+07:00,S34,forward,24.5,45,662,0.83,SURVEI_SIMULASI,ok,True
2026-09-05T09:00:00+07:00,S34,forward,23.3,45,701,0.88,SURVEI_SIMULASI,ok,True
2026-09-05T10:00:00+07:00,S34,forward,32.1,45,416,0.52,SURVEI_SIMULASI,ok,True
2026-09-05T11:00:00+07:00,S34,forward,33.0,45,389,0.49,SURVEI_SIMULASI,ok,True
2026-09-05T12:00:00+07:00,S34,forward,32.5,45,405,0.51,SURVEI_SIMULASI,ok,True
2026-09-05T13:00:00+07:00,S34,forward,33.4,45,375,0.47,SURVEI_SIMULASI,ok,True
2026-09-05T14:00:00+07:00,S34,forward,31.2,45,447,0.56,SURVEI_SIMULASI,ok,True
2026-09-05T15:00:00+07:00,S34,forward,31.7,45,429,0.54,SURVEI_SIMULASI,ok,True
2026-09-05T16:00:00+07:00,S34,forward,25.7,45,623,0.78,SURVEI_SIMULASI,ok,True
2026-09-05T17:00:00+07:00,S34,forward,27.2,45,574,0.72,SURVEI_SIMULASI,ok,True
2026-09-05T18:00:00+07:00,S34,forward,27.3,45,572,0.72,SURVEI_SIMULASI,ok,True
2026-09-05T19:00:00+07:00,S34,forward,26.8,45,589,0.74,SURVEI_SIMULASI,ok,True
2026-09-06T06:00:00+07:00,S34,forward,33.3,45,379,0.47,SURVEI_SIMULASI,ok,True
2026-09-06T07:00:00+07:00,S34,forward,25.6,45,628,0.79,SURVEI_SIMULASI,ok,True
2026-09-06T08:00:00+07:00,S34,forward,24.5,45,663,0.83,SURVEI_SIMULASI,ok,True
2026-09-06T09:00:00+07:00,S34,forward,26.3,45,606,0.76,SURVEI_SIMULASI,ok,True
2026-09-06T10:00:00+07:00,S34,forward,34.2,45,348,0.43,SURVEI_SIMULASI,ok,True
2026-09-06T11:00:00+07:00,S34,forward,32.6,45,402,0.5,SURVEI_SIMULASI,ok,True
2026-09-06T12:00:00+07:00,S34,forward,34.7,45,332,0.42,SURVEI_SIMULASI,ok,True
2026-09-06T13:00:00+07:00,S34,forward,33.8,45,363,0.45,SURVEI_SIMULASI,ok,True
2026-09-06T14:00:00+07:00,S34,forward,32.1,45,416,0.52,SURVEI_SIMULASI,ok,True
2026-09-06T15:00:00+07:00,S34,forward,32.7,45,396,0.5,SURVEI_SIMULASI,ok,True
2026-09-06T16:00:00+07:00,S34,forward,25.8,45,620,0.78,SURVEI_SIMULASI,ok,True
2026-09-06T17:00:00+07:00,S34,forward,29.1,45,514,0.64,SURVEI_SIMULASI,ok,True
2026-09-06T18:00:00+07:00,S34,forward,29.0,45,516,0.64,SURVEI_SIMULASI,ok,True
2026-09-06T19:00:00+07:00,S34,forward,25.7,45,622,0.78,SURVEI_SIMULASI,ok,True
2026-09-07T06:00:00+07:00,S34,forward,32.6,45,402,0.5,SURVEI_SIMULASI,ok,True
2026-09-07T07:00:00+07:00,S34,forward,27.7,45,558,0.7,SURVEI_SIMULASI,ok,True
2026-09-07T08:00:00+07:00,S34,forward,25.4,45,634,0.79,SURVEI_SIMULASI,ok,True
2026-09-07T09:00:00+07:00,S34,forward,24.5,45,664,0.83,SURVEI_SIMULASI,ok,True
2026-09-07T10:00:00+07:00,S34,forward,33.5,45,371,0.46,SURVEI_SIMULASI,ok,True
2026-09-07T11:00:00+07:00,S34,forward,33.6,45,368,0.46,SURVEI_SIMULASI,ok,True
2026-09-07T12:00:00+07:00,S34,forward,34.0,45,356,0.45,SURVEI_SIMULASI,ok,True
2026-09-07T13:00:00+07:00,S34,forward,33.9,45,360,0.45,SURVEI_SIMULASI,ok,True
2026-09-07T14:00:00+07:00,S34,forward,34.0,45,355,0.44,SURVEI_SIMULASI,ok,True
2026-09-07T15:00:00+07:00,S34,forward,34.2,45,348,0.43,SURVEI_SIMULASI,ok,True
2026-09-07T16:00:00+07:00,S34,forward,28.1,45,547,0.68,SURVEI_SIMULASI,ok,True
2026-09-07T17:00:00+07:00,S34,forward,26.4,45,600,0.75,SURVEI_SIMULASI,ok,True
2026-09-07T18:00:00+07:00,S34,forward,28.6,45,529,0.66,SURVEI_SIMULASI,ok,True
2026-09-07T19:00:00+07:00,S34,forward,29.0,45,516,0.64,SURVEI_SIMULASI,ok,True
2026-09-01T06:00:00+07:00,S34,reverse,32.7,45,396,0.5,SURVEI_SIMULASI,ok,True
2026-09-01T07:00:00+07:00,S34,reverse,25.7,45,624,0.78,SURVEI_SIMULASI,ok,True
2026-09-01T08:00:00+07:00,S34,reverse,22.5,45,727,0.91,SURVEI_SIMULASI,ok,True
2026-09-01T09:00:00+07:00,S34,reverse,22.0,45,742,0.93,SURVEI_SIMULASI,ok,True
2026-09-01T10:00:00+07:00,S34,reverse,31.2,45,446,0.56,SURVEI_SIMULASI,ok,True
2026-09-01T11:00:00+07:00,S34,reverse,31.8,45,428,0.53,SURVEI_SIMULASI,ok,True
2026-09-01T12:00:00+07:00,S34,reverse,32.2,45,415,0.52,SURVEI_SIMULASI,ok,True
2026-09-01T13:00:00+07:00,S34,reverse,33.8,45,363,0.45,SURVEI_SIMULASI,ok,True
2026-09-01T14:00:00+07:00,S34,reverse,31.2,45,445,0.56,SURVEI_SIMULASI,ok,True
2026-09-01T15:00:00+07:00,S34,reverse,33.0,45,389,0.49,SURVEI_SIMULASI,ok,True
2026-09-01T16:00:00+07:00,S34,reverse,25.8,45,619,0.77,SURVEI_SIMULASI,ok,True
2026-09-01T17:00:00+07:00,S34,reverse,23.6,45,693,0.87,SURVEI_SIMULASI,ok,True
2026-09-01T18:00:00+07:00,S34,reverse,24.1,45,676,0.84,SURVEI_SIMULASI,ok,True
2026-09-01T19:00:00+07:00,S34,reverse,24.2,45,672,0.84,SURVEI_SIMULASI,ok,True
2026-09-02T06:00:00+07:00,S34,reverse,32.0,45,419,0.52,SURVEI_SIMULASI,ok,True
2026-09-02T07:00:00+07:00,S34,reverse,24.4,45,667,0.83,SURVEI_SIMULASI,ok,True
2026-09-02T08:00:00+07:00,S34,reverse,23.1,45,708,0.88,SURVEI_SIMULASI,ok,True
2026-09-02T09:00:00+07:00,S34,reverse,24.2,45,673,0.84,SURVEI_SIMULASI,ok,True
2026-09-02T10:00:00+07:00,S34,reverse,30.6,45,464,0.58,SURVEI_SIMULASI,ok,True
2026-09-02T11:00:00+07:00,S34,reverse,32.7,45,398,0.5,SURVEI_SIMULASI,ok,True
2026-09-02T12:00:00+07:00,S34,reverse,32.6,45,401,0.5,SURVEI_SIMULASI,ok,True
2026-09-02T13:00:00+07:00,S34,reverse,33.0,45,387,0.48,SURVEI_SIMULASI,ok,True
2026-09-02T14:00:00+07:00,S34,reverse,31.0,45,453,0.57,SURVEI_SIMULASI,ok,True
2026-09-02T15:00:00+07:00,S34,reverse,32.6,45,400,0.5,SURVEI_SIMULASI,ok,True
2026-09-02T16:00:00+07:00,S34,reverse,23.9,45,680,0.85,SURVEI_SIMULASI,ok,True
2026-09-02T17:00:00+07:00,S34,reverse,26.2,45,607,0.76,SURVEI_SIMULASI,ok,True
2026-09-02T18:00:00+07:00,S34,reverse,25.9,45,617,0.77,SURVEI_SIMULASI,ok,True
2026-09-02T19:00:00+07:00,S34,reverse,25.2,45,640,0.8,SURVEI_SIMULASI,ok,True
2026-09-08T06:00:00+07:00,S34,reverse,31.2,45,446,0.56,SURVEI_SIMULASI,ok,True
2026-09-08T07:00:00+07:00,S34,reverse,22.2,45,737,0.92,SURVEI_SIMULASI,ok,True
2026-09-08T08:00:00+07:00,S34,reverse,25.4,45,632,0.79,SURVEI_SIMULASI,ok,True
2026-09-08T09:00:00+07:00,S34,reverse,23.8,45,686,0.86,SURVEI_SIMULASI,ok,True
2026-09-08T10:00:00+07:00,S34,reverse,31.0,45,453,0.57,SURVEI_SIMULASI,ok,True
2026-09-08T11:00:00+07:00,S34,reverse,32.9,45,391,0.49,SURVEI_SIMULASI,ok,True
2026-09-08T12:00:00+07:00,S34,reverse,34.1,45,351,0.44,SURVEI_SIMULASI,ok,True
2026-09-08T13:00:00+07:00,S34,reverse,34.1,45,353,0.44,SURVEI_SIMULASI,ok,True
2026-09-08T14:00:00+07:00,S34,reverse,31.8,45,427,0.53,SURVEI_SIMULASI,ok,True
2026-09-08T15:00:00+07:00,S34,reverse,31.5,45,437,0.55,SURVEI_SIMULASI,ok,True
2026-09-08T16:00:00+07:00,S34,reverse,25.3,45,637,0.8,SURVEI_SIMULASI,ok,True
2026-09-08T17:00:00+07:00,S34,reverse,25.1,45,644,0.81,SURVEI_SIMULASI,ok,True
2026-09-08T18:00:00+07:00,S34,reverse,25.1,45,643,0.8,SURVEI_SIMULASI,ok,True
2026-09-08T19:00:00+07:00,S34,reverse,25.2,45,639,0.8,SURVEI_SIMULASI,ok,True
2026-09-09T06:00:00+07:00,S34,reverse,30.9,45,456,0.57,SURVEI_SIMULASI,ok,True
2026-09-09T07:00:00+07:00,S34,reverse,23.6,45,692,0.87,SURVEI_SIMULASI,ok,True
2026-09-09T08:00:00+07:00,S34,reverse,22.4,45,731,0.91,SURVEI_SIMULASI,ok,True
2026-09-09T09:00:00+07:00,S34,reverse,26.1,45,611,0.76,SURVEI_SIMULASI,ok,True
2026-09-09T10:00:00+07:00,S34,reverse,32.2,45,414,0.52,SURVEI_SIMULASI,ok,True
2026-09-09T11:00:00+07:00,S34,reverse,31.7,45,429,0.54,SURVEI_SIMULASI,ok,True
2026-09-09T12:00:00+07:00,S34,reverse,34.2,45,349,0.44,SURVEI_SIMULASI,ok,True
2026-09-09T13:00:00+07:00,S34,reverse,32.1,45,415,0.52,SURVEI_SIMULASI,ok,True
2026-09-09T14:00:00+07:00,S34,reverse,32.5,45,405,0.51,SURVEI_SIMULASI,ok,True
2026-09-09T15:00:00+07:00,S34,reverse,31.5,45,435,0.54,SURVEI_SIMULASI,ok,True
2026-09-09T16:00:00+07:00,S34,reverse,25.2,45,641,0.8,SURVEI_SIMULASI,ok,True
2026-09-09T17:00:00+07:00,S34,reverse,26.7,45,591,0.74,SURVEI_SIMULASI,ok,True
2026-09-09T18:00:00+07:00,S34,reverse,25.1,45,642,0.8,SURVEI_SIMULASI,ok,True
2026-09-09T19:00:00+07:00,S34,reverse,26.6,45,596,0.75,SURVEI_SIMULASI,ok,True
2026-09-03T06:00:00+07:00,S34,reverse,31.6,45,434,0.54,SURVEI_SIMULASI,ok,True
2026-09-03T07:00:00+07:00,S34,reverse,24.1,45,676,0.85,SURVEI_SIMULASI,ok,True
2026-09-03T08:00:00+07:00,S34,reverse,25.0,45,647,0.81,SURVEI_SIMULASI,ok,True
2026-09-03T09:00:00+07:00,S34,reverse,25.0,45,646,0.81,SURVEI_SIMULASI,ok,True
2026-09-03T10:00:00+07:00,S34,reverse,30.7,45,462,0.58,SURVEI_SIMULASI,ok,True
2026-09-03T11:00:00+07:00,S34,reverse,32.0,45,422,0.53,SURVEI_SIMULASI,ok,True
2026-09-03T12:00:00+07:00,S34,reverse,32.4,45,407,0.51,SURVEI_SIMULASI,ok,True
2026-09-03T13:00:00+07:00,S34,reverse,32.5,45,405,0.51,SURVEI_SIMULASI,ok,True
2026-09-03T14:00:00+07:00,S34,reverse,31.4,45,438,0.55,SURVEI_SIMULASI,ok,True
2026-09-03T15:00:00+07:00,S34,reverse,31.0,45,452,0.57,SURVEI_SIMULASI,ok,True
2026-09-03T16:00:00+07:00,S34,reverse,26.6,45,595,0.74,SURVEI_SIMULASI,ok,True
2026-09-03T17:00:00+07:00,S34,reverse,24.2,45,674,0.84,SURVEI_SIMULASI,ok,True
2026-09-03T18:00:00+07:00,S34,reverse,25.6,45,628,0.79,SURVEI_SIMULASI,ok,True
2026-09-03T19:00:00+07:00,S34,reverse,24.5,45,662,0.83,SURVEI_SIMULASI,ok,True
2026-09-04T06:00:00+07:00,S34,reverse,30.9,45,457,0.57,SURVEI_SIMULASI,ok,True
2026-09-04T07:00:00+07:00,S34,reverse,25.7,45,623,0.78,SURVEI_SIMULASI,ok,True
2026-09-04T08:00:00+07:00,S34,reverse,23.4,45,699,0.87,SURVEI_SIMULASI,ok,True
2026-09-04T09:00:00+07:00,S34,reverse,22.6,45,725,0.91,SURVEI_SIMULASI,ok,True
2026-09-04T10:00:00+07:00,S34,reverse,31.5,45,438,0.55,SURVEI_SIMULASI,ok,True
2026-09-04T11:00:00+07:00,S34,reverse,31.4,45,439,0.55,SURVEI_SIMULASI,ok,True
2026-09-04T12:00:00+07:00,S34,reverse,34.2,45,350,0.44,SURVEI_SIMULASI,ok,True
2026-09-04T13:00:00+07:00,S34,reverse,33.2,45,381,0.48,SURVEI_SIMULASI,ok,True
2026-09-04T14:00:00+07:00,S34,reverse,31.5,45,437,0.55,SURVEI_SIMULASI,ok,True
2026-09-04T15:00:00+07:00,S34,reverse,30.7,45,461,0.58,SURVEI_SIMULASI,ok,True
2026-09-04T16:00:00+07:00,S34,reverse,26.6,45,596,0.75,SURVEI_SIMULASI,ok,True
2026-09-04T17:00:00+07:00,S34,reverse,27.3,45,572,0.72,SURVEI_SIMULASI,ok,True
2026-09-04T18:00:00+07:00,S34,reverse,24.2,45,672,0.84,SURVEI_SIMULASI,ok,True
2026-09-04T19:00:00+07:00,S34,reverse,25.7,45,625,0.78,SURVEI_SIMULASI,ok,True
2026-09-05T06:00:00+07:00,S34,reverse,31.9,45,423,0.53,SURVEI_SIMULASI,ok,True
2026-09-05T07:00:00+07:00,S34,reverse,23.1,45,709,0.89,SURVEI_SIMULASI,ok,True
2026-09-05T08:00:00+07:00,S34,reverse,24.3,45,670,0.84,SURVEI_SIMULASI,ok,True
2026-09-05T09:00:00+07:00,S34,reverse,23.9,45,682,0.85,SURVEI_SIMULASI,ok,True
2026-09-05T10:00:00+07:00,S34,reverse,31.3,45,442,0.55,SURVEI_SIMULASI,ok,True
2026-09-05T11:00:00+07:00,S34,reverse,31.4,45,438,0.55,SURVEI_SIMULASI,ok,True
2026-09-05T12:00:00+07:00,S34,reverse,32.3,45,410,0.51,SURVEI_SIMULASI,ok,True
2026-09-05T13:00:00+07:00,S34,reverse,32.7,45,397,0.5,SURVEI_SIMULASI,ok,True
2026-09-05T14:00:00+07:00,S34,reverse,31.2,45,447,0.56,SURVEI_SIMULASI,ok,True
2026-09-05T15:00:00+07:00,S34,reverse,33.0,45,388,0.49,SURVEI_SIMULASI,ok,True
2026-09-05T16:00:00+07:00,S34,reverse,24.1,45,675,0.84,SURVEI_SIMULASI,ok,True
2026-09-05T17:00:00+07:00,S34,reverse,23.7,45,688,0.86,SURVEI_SIMULASI,ok,True
2026-09-05T18:00:00+07:00,S34,reverse,25.0,45,648,0.81,SURVEI_SIMULASI,ok,True
2026-09-05T19:00:00+07:00,S34,reverse,24.7,45,656,0.82,SURVEI_SIMULASI,ok,True
2026-09-06T06:00:00+07:00,S34,reverse,32.3,45,409,0.51,SURVEI_SIMULASI,ok,True
2026-09-06T07:00:00+07:00,S34,reverse,27.6,45,562,0.7,SURVEI_SIMULASI,ok,True
2026-09-06T08:00:00+07:00,S34,reverse,27.1,45,579,0.72,SURVEI_SIMULASI,ok,True
2026-09-06T09:00:00+07:00,S34,reverse,25.4,45,632,0.79,SURVEI_SIMULASI,ok,True
2026-09-06T10:00:00+07:00,S34,reverse,32.3,45,412,0.51,SURVEI_SIMULASI,ok,True
2026-09-06T11:00:00+07:00,S34,reverse,34.0,45,355,0.44,SURVEI_SIMULASI,ok,True
2026-09-06T12:00:00+07:00,S34,reverse,34.3,45,346,0.43,SURVEI_SIMULASI,ok,True
2026-09-06T13:00:00+07:00,S34,reverse,34.0,45,357,0.45,SURVEI_SIMULASI,ok,True
2026-09-06T14:00:00+07:00,S34,reverse,33.7,45,366,0.46,SURVEI_SIMULASI,ok,True
2026-09-06T15:00:00+07:00,S34,reverse,34.3,45,346,0.43,SURVEI_SIMULASI,ok,True
2026-09-06T16:00:00+07:00,S34,reverse,26.5,45,597,0.75,SURVEI_SIMULASI,ok,True
2026-09-06T17:00:00+07:00,S34,reverse,27.7,45,558,0.7,SURVEI_SIMULASI,ok,True
2026-09-06T18:00:00+07:00,S34,reverse,28.0,45,548,0.69,SURVEI_SIMULASI,ok,True
2026-09-06T19:00:00+07:00,S34,reverse,26.4,45,602,0.75,SURVEI_SIMULASI,ok,True
2026-09-07T06:00:00+07:00,S34,reverse,32.1,45,417,0.52,SURVEI_SIMULASI,ok,True
2026-09-07T07:00:00+07:00,S34,reverse,28.1,45,547,0.68,SURVEI_SIMULASI,ok,True
2026-09-07T08:00:00+07:00,S34,reverse,26.3,45,603,0.75,SURVEI_SIMULASI,ok,True
2026-09-07T09:00:00+07:00,S34,reverse,25.8,45,620,0.78,SURVEI_SIMULASI,ok,True
2026-09-07T10:00:00+07:00,S34,reverse,33.0,45,387,0.48,SURVEI_SIMULASI,ok,True
2026-09-07T11:00:00+07:00,S34,reverse,33.9,45,359,0.45,SURVEI_SIMULASI,ok,True
2026-09-07T12:00:00+07:00,S34,reverse,35.3,45,315,0.39,SURVEI_SIMULASI,ok,True
2026-09-07T13:00:00+07:00,S34,reverse,35.1,45,321,0.4,SURVEI_SIMULASI,ok,True
2026-09-07T14:00:00+07:00,S34,reverse,33.0,45,388,0.49,SURVEI_SIMULASI,ok,True
2026-09-07T15:00:00+07:00,S34,reverse,34.0,45,357,0.45,SURVEI_SIMULASI,ok,True
2026-09-07T16:00:00+07:00,S34,reverse,26.5,45,597,0.75,SURVEI_SIMULASI,ok,True
2026-09-07T17:00:00+07:00,S34,reverse,27.0,45,583,0.73,SURVEI_SIMULASI,ok,True
2026-09-07T18:00:00+07:00,S34,reverse,26.1,45,612,0.77,SURVEI_SIMULASI,ok,True
2026-09-07T19:00:00+07:00,S34,reverse,25.9,45,616,0.77,SURVEI_SIMULASI,ok,True
2026-09-01T06:00:00+07:00,S35,forward,13.5,30,444,0.99,SURVEI_SIMULASI,ok,True
2026-09-01T07:00:00+07:00,S35,forward,13.5,30,636,0.99,SURVEI_SIMULASI,ok,True
2026-09-01T08:00:00+07:00,S35,forward,13.5,30,708,0.99,SURVEI_SIMULASI,ok,True
2026-09-01T09:00:00+07:00,S35,forward,13.5,30,719,0.99,SURVEI_SIMULASI,ok,True
2026-09-01T10:00:00+07:00,S35,forward,13.9,30,391,0.98,SURVEI_SIMULASI,ok,True
2026-09-01T11:00:00+07:00,S35,forward,13.5,30,448,0.99,SURVEI_SIMULASI,ok,True
2026-09-01T12:00:00+07:00,S35,forward,14.4,30,378,0.94,SURVEI_SIMULASI,ok,True
2026-09-01T13:00:00+07:00,S35,forward,13.5,30,405,0.99,SURVEI_SIMULASI,ok,True
2026-09-01T14:00:00+07:00,S35,forward,13.5,30,470,0.99,SURVEI_SIMULASI,ok,True
2026-09-01T15:00:00+07:00,S35,forward,13.5,30,432,0.99,SURVEI_SIMULASI,ok,True
2026-09-01T16:00:00+07:00,S35,forward,13.5,30,692,0.99,SURVEI_SIMULASI,ok,True
2026-09-01T17:00:00+07:00,S35,forward,13.5,30,674,0.99,SURVEI_SIMULASI,ok,True
2026-09-01T18:00:00+07:00,S35,forward,13.5,30,639,0.99,SURVEI_SIMULASI,ok,True
2026-09-01T19:00:00+07:00,S35,forward,13.5,30,678,0.99,SURVEI_SIMULASI,ok,True
2026-09-02T06:00:00+07:00,S35,forward,13.5,30,437,0.99,SURVEI_SIMULASI,ok,True
2026-09-02T07:00:00+07:00,S35,forward,13.5,30,652,0.99,SURVEI_SIMULASI,ok,True
2026-09-02T08:00:00+07:00,S35,forward,13.5,30,710,0.99,SURVEI_SIMULASI,ok,True
2026-09-02T09:00:00+07:00,S35,forward,13.5,30,741,0.99,SURVEI_SIMULASI,ok,True
2026-09-02T10:00:00+07:00,S35,forward,13.5,30,400,0.99,SURVEI_SIMULASI,ok,True
2026-09-02T11:00:00+07:00,S35,forward,13.5,30,439,0.99,SURVEI_SIMULASI,ok,True
2026-09-02T12:00:00+07:00,S35,forward,13.5,30,408,0.99,SURVEI_SIMULASI,ok,True
2026-09-02T13:00:00+07:00,S35,forward,14.6,30,373,0.93,SURVEI_SIMULASI,ok,True
2026-09-02T14:00:00+07:00,S35,forward,13.5,30,444,0.99,SURVEI_SIMULASI,ok,True
2026-09-02T15:00:00+07:00,S35,forward,13.5,30,415,0.99,SURVEI_SIMULASI,ok,True
2026-09-02T16:00:00+07:00,S35,forward,13.5,30,695,0.99,SURVEI_SIMULASI,ok,True
2026-09-02T17:00:00+07:00,S35,forward,13.5,30,647,0.99,SURVEI_SIMULASI,ok,True
2026-09-02T18:00:00+07:00,S35,forward,13.5,30,646,0.99,SURVEI_SIMULASI,ok,True
2026-09-02T19:00:00+07:00,S35,forward,13.5,30,699,0.99,SURVEI_SIMULASI,ok,True
2026-09-08T06:00:00+07:00,S35,forward,13.5,30,453,0.99,SURVEI_SIMULASI,ok,True
2026-09-08T07:00:00+07:00,S35,forward,13.5,30,670,0.99,SURVEI_SIMULASI,ok,True
2026-09-08T08:00:00+07:00,S35,forward,13.5,30,746,0.99,SURVEI_SIMULASI,ok,True
2026-09-08T09:00:00+07:00,S35,forward,13.5,30,741,0.99,SURVEI_SIMULASI,ok,True
2026-09-08T10:00:00+07:00,S35,forward,13.5,30,444,0.99,SURVEI_SIMULASI,ok,True
2026-09-08T11:00:00+07:00,S35,forward,13.5,30,438,0.99,SURVEI_SIMULASI,ok,True
2026-09-08T12:00:00+07:00,S35,forward,14.2,30,383,0.96,SURVEI_SIMULASI,ok,True
2026-09-08T13:00:00+07:00,S35,forward,13.5,30,405,0.99,SURVEI_SIMULASI,ok,True
2026-09-08T14:00:00+07:00,S35,forward,13.5,30,407,0.99,SURVEI_SIMULASI,ok,True
2026-09-08T15:00:00+07:00,S35,forward,13.5,30,407,0.99,SURVEI_SIMULASI,ok,True
2026-09-08T16:00:00+07:00,S35,forward,13.5,30,636,0.99,SURVEI_SIMULASI,ok,True
2026-09-08T17:00:00+07:00,S35,forward,13.5,30,649,0.99,SURVEI_SIMULASI,ok,True
2026-09-08T18:00:00+07:00,S35,forward,13.5,30,597,0.99,SURVEI_SIMULASI,ok,True
2026-09-08T19:00:00+07:00,S35,forward,13.5,30,657,0.99,SURVEI_SIMULASI,ok,True
2026-09-09T06:00:00+07:00,S35,forward,13.5,30,409,0.99,SURVEI_SIMULASI,ok,True
2026-09-09T07:00:00+07:00,S35,forward,13.5,30,731,0.99,SURVEI_SIMULASI,ok,True
2026-09-09T08:00:00+07:00,S35,forward,13.5,30,723,0.99,SURVEI_SIMULASI,ok,True
2026-09-09T09:00:00+07:00,S35,forward,13.5,30,688,0.99,SURVEI_SIMULASI,ok,True
2026-09-09T10:00:00+07:00,S35,forward,13.5,30,411,0.99,SURVEI_SIMULASI,ok,True
2026-09-09T11:00:00+07:00,S35,forward,13.5,30,451,0.99,SURVEI_SIMULASI,ok,True
2026-09-09T12:00:00+07:00,S35,forward,15.4,30,354,0.89,SURVEI_SIMULASI,ok,True
2026-09-09T13:00:00+07:00,S35,forward,13.5,30,410,0.99,SURVEI_SIMULASI,ok,True
2026-09-09T14:00:00+07:00,S35,forward,13.5,30,435,0.99,SURVEI_SIMULASI,ok,True
2026-09-09T15:00:00+07:00,S35,forward,13.5,30,426,0.99,SURVEI_SIMULASI,ok,True
2026-09-09T16:00:00+07:00,S35,forward,13.5,30,638,0.99,SURVEI_SIMULASI,ok,True
2026-09-09T17:00:00+07:00,S35,forward,13.5,30,667,0.99,SURVEI_SIMULASI,ok,True
2026-09-09T18:00:00+07:00,S35,forward,13.5,30,684,0.99,SURVEI_SIMULASI,ok,True
2026-09-09T19:00:00+07:00,S35,forward,13.5,30,635,0.99,SURVEI_SIMULASI,ok,True
2026-09-03T06:00:00+07:00,S35,forward,13.5,30,439,0.99,SURVEI_SIMULASI,ok,True
2026-09-03T07:00:00+07:00,S35,forward,13.5,30,716,0.99,SURVEI_SIMULASI,ok,True
2026-09-03T08:00:00+07:00,S35,forward,13.5,30,655,0.99,SURVEI_SIMULASI,ok,True
2026-09-03T09:00:00+07:00,S35,forward,13.5,30,626,0.99,SURVEI_SIMULASI,ok,True
2026-09-03T10:00:00+07:00,S35,forward,13.5,30,473,0.99,SURVEI_SIMULASI,ok,True
2026-09-03T11:00:00+07:00,S35,forward,13.8,30,393,0.98,SURVEI_SIMULASI,ok,True
2026-09-03T12:00:00+07:00,S35,forward,13.5,30,414,0.99,SURVEI_SIMULASI,ok,True
2026-09-03T13:00:00+07:00,S35,forward,13.6,30,397,0.99,SURVEI_SIMULASI,ok,True
2026-09-03T14:00:00+07:00,S35,forward,13.5,30,425,0.99,SURVEI_SIMULASI,ok,True
2026-09-03T15:00:00+07:00,S35,forward,13.5,30,424,0.99,SURVEI_SIMULASI,ok,True
2026-09-03T16:00:00+07:00,S35,forward,13.5,30,627,0.99,SURVEI_SIMULASI,ok,True
2026-09-03T17:00:00+07:00,S35,forward,13.5,30,594,0.99,SURVEI_SIMULASI,ok,True
2026-09-03T18:00:00+07:00,S35,forward,13.5,30,696,0.99,SURVEI_SIMULASI,ok,True
2026-09-03T19:00:00+07:00,S35,forward,13.5,30,635,0.99,SURVEI_SIMULASI,ok,True
2026-09-04T06:00:00+07:00,S35,forward,13.5,30,453,0.99,SURVEI_SIMULASI,ok,True
2026-09-04T07:00:00+07:00,S35,forward,13.5,30,711,0.99,SURVEI_SIMULASI,ok,True
2026-09-04T08:00:00+07:00,S35,forward,13.5,30,651,0.99,SURVEI_SIMULASI,ok,True
2026-09-04T09:00:00+07:00,S35,forward,13.5,30,704,0.99,SURVEI_SIMULASI,ok,True
2026-09-04T10:00:00+07:00,S35,forward,13.6,30,397,0.99,SURVEI_SIMULASI,ok,True
2026-09-04T11:00:00+07:00,S35,forward,13.5,30,436,0.99,SURVEI_SIMULASI,ok,True
2026-09-04T12:00:00+07:00,S35,forward,14.2,30,384,0.96,SURVEI_SIMULASI,ok,True
2026-09-04T13:00:00+07:00,S35,forward,15.6,30,349,0.87,SURVEI_SIMULASI,ok,True
2026-09-04T14:00:00+07:00,S35,forward,13.5,30,454,0.99,SURVEI_SIMULASI,ok,True
2026-09-04T15:00:00+07:00,S35,forward,13.5,30,431,0.99,SURVEI_SIMULASI,ok,True
2026-09-04T16:00:00+07:00,S35,forward,13.5,30,673,0.99,SURVEI_SIMULASI,ok,True
2026-09-04T17:00:00+07:00,S35,forward,13.5,30,656,0.99,SURVEI_SIMULASI,ok,True
2026-09-04T18:00:00+07:00,S35,forward,13.5,30,668,0.99,SURVEI_SIMULASI,ok,True
2026-09-04T19:00:00+07:00,S35,forward,13.5,30,601,0.99,SURVEI_SIMULASI,ok,True
2026-09-05T06:00:00+07:00,S35,forward,13.5,30,472,0.99,SURVEI_SIMULASI,ok,True
2026-09-05T07:00:00+07:00,S35,forward,13.5,30,717,0.99,SURVEI_SIMULASI,ok,True
2026-09-05T08:00:00+07:00,S35,forward,13.5,30,681,0.99,SURVEI_SIMULASI,ok,True
2026-09-05T09:00:00+07:00,S35,forward,13.5,30,709,0.99,SURVEI_SIMULASI,ok,True
2026-09-05T10:00:00+07:00,S35,forward,13.5,30,437,0.99,SURVEI_SIMULASI,ok,True
2026-09-05T11:00:00+07:00,S35,forward,13.5,30,437,0.99,SURVEI_SIMULASI,ok,True
2026-09-05T12:00:00+07:00,S35,forward,13.6,30,397,0.99,SURVEI_SIMULASI,ok,True
2026-09-05T13:00:00+07:00,S35,forward,15.2,30,358,0.9,SURVEI_SIMULASI,ok,True
2026-09-05T14:00:00+07:00,S35,forward,13.5,30,462,0.99,SURVEI_SIMULASI,ok,True
2026-09-05T15:00:00+07:00,S35,forward,13.5,30,462,0.99,SURVEI_SIMULASI,ok,True
2026-09-05T16:00:00+07:00,S35,forward,13.5,30,699,0.99,SURVEI_SIMULASI,ok,True
2026-09-05T17:00:00+07:00,S35,forward,13.5,30,706,0.99,SURVEI_SIMULASI,ok,True
2026-09-05T18:00:00+07:00,S35,forward,13.5,30,642,0.99,SURVEI_SIMULASI,ok,True
2026-09-05T19:00:00+07:00,S35,forward,13.5,30,620,0.99,SURVEI_SIMULASI,ok,True
2026-09-06T06:00:00+07:00,S35,forward,14.6,30,374,0.94,SURVEI_SIMULASI,ok,True
2026-09-06T07:00:00+07:00,S35,forward,13.5,30,679,0.99,SURVEI_SIMULASI,ok,True
2026-09-06T08:00:00+07:00,S35,forward,13.5,30,667,0.99,SURVEI_SIMULASI,ok,True
2026-09-06T09:00:00+07:00,S35,forward,13.5,30,631,0.99,SURVEI_SIMULASI,ok,True
2026-09-06T10:00:00+07:00,S35,forward,14.4,30,377,0.94,SURVEI_SIMULASI,ok,True
2026-09-06T11:00:00+07:00,S35,forward,14.1,30,386,0.97,SURVEI_SIMULASI,ok,True
2026-09-06T12:00:00+07:00,S35,forward,15.7,30,347,0.87,SURVEI_SIMULASI,ok,True
2026-09-06T13:00:00+07:00,S35,forward,15.3,30,357,0.89,SURVEI_SIMULASI,ok,True
2026-09-06T14:00:00+07:00,S35,forward,14.1,30,385,0.96,SURVEI_SIMULASI,ok,True
2026-09-06T15:00:00+07:00,S35,forward,15.2,30,359,0.9,SURVEI_SIMULASI,ok,True
2026-09-06T16:00:00+07:00,S35,forward,13.5,30,575,0.99,SURVEI_SIMULASI,ok,True
2026-09-06T17:00:00+07:00,S35,forward,13.5,30,615,0.99,SURVEI_SIMULASI,ok,True
2026-09-06T18:00:00+07:00,S35,forward,13.5,30,565,0.99,SURVEI_SIMULASI,ok,True
2026-09-06T19:00:00+07:00,S35,forward,13.5,30,554,0.99,SURVEI_SIMULASI,ok,True
2026-09-07T06:00:00+07:00,S35,forward,15.6,30,350,0.87,SURVEI_SIMULASI,ok,True
2026-09-07T07:00:00+07:00,S35,forward,13.5,30,663,0.99,SURVEI_SIMULASI,ok,True
2026-09-07T08:00:00+07:00,S35,forward,13.5,30,579,0.99,SURVEI_SIMULASI,ok,True
2026-09-07T09:00:00+07:00,S35,forward,13.5,30,598,0.99,SURVEI_SIMULASI,ok,True
2026-09-07T10:00:00+07:00,S35,forward,13.9,30,389,0.97,SURVEI_SIMULASI,ok,True
2026-09-07T11:00:00+07:00,S35,forward,13.5,30,425,0.99,SURVEI_SIMULASI,ok,True
2026-09-07T12:00:00+07:00,S35,forward,14.5,30,377,0.94,SURVEI_SIMULASI,ok,True
2026-09-07T13:00:00+07:00,S35,forward,16.3,30,331,0.83,SURVEI_SIMULASI,ok,True
2026-09-07T14:00:00+07:00,S35,forward,14.9,30,366,0.91,SURVEI_SIMULASI,ok,True
2026-09-07T15:00:00+07:00,S35,forward,13.5,30,411,0.99,SURVEI_SIMULASI,ok,True
2026-09-07T16:00:00+07:00,S35,forward,13.5,30,625,0.99,SURVEI_SIMULASI,ok,True
2026-09-07T17:00:00+07:00,S35,forward,13.5,30,587,0.99,SURVEI_SIMULASI,ok,True
2026-09-07T18:00:00+07:00,S35,forward,13.5,30,531,0.99,SURVEI_SIMULASI,ok,True
2026-09-07T19:00:00+07:00,S35,forward,13.5,30,545,0.99,SURVEI_SIMULASI,ok,True
2026-09-01T06:00:00+07:00,S35,reverse,13.7,30,396,0.99,SURVEI_SIMULASI,ok,True
2026-09-01T07:00:00+07:00,S35,reverse,13.5,30,666,0.99,SURVEI_SIMULASI,ok,True
2026-09-01T08:00:00+07:00,S35,reverse,13.5,30,637,0.99,SURVEI_SIMULASI,ok,True
2026-09-01T09:00:00+07:00,S35,reverse,13.5,30,628,0.99,SURVEI_SIMULASI,ok,True
2026-09-01T10:00:00+07:00,S35,reverse,13.5,30,427,0.99,SURVEI_SIMULASI,ok,True
2026-09-01T11:00:00+07:00,S35,reverse,13.5,30,418,0.99,SURVEI_SIMULASI,ok,True
2026-09-01T12:00:00+07:00,S35,reverse,14.5,30,375,0.94,SURVEI_SIMULASI,ok,True
2026-09-01T13:00:00+07:00,S35,reverse,13.5,30,424,0.99,SURVEI_SIMULASI,ok,True
2026-09-01T14:00:00+07:00,S35,reverse,13.5,30,473,0.99,SURVEI_SIMULASI,ok,True
2026-09-01T15:00:00+07:00,S35,reverse,13.5,30,443,0.99,SURVEI_SIMULASI,ok,True
2026-09-01T16:00:00+07:00,S35,reverse,13.5,30,639,0.99,SURVEI_SIMULASI,ok,True
2026-09-01T17:00:00+07:00,S35,reverse,13.5,30,626,0.99,SURVEI_SIMULASI,ok,True
2026-09-01T18:00:00+07:00,S35,reverse,13.5,30,606,0.99,SURVEI_SIMULASI,ok,True
2026-09-01T19:00:00+07:00,S35,reverse,13.5,30,602,0.99,SURVEI_SIMULASI,ok,True
2026-09-02T06:00:00+07:00,S35,reverse,13.5,30,442,0.99,SURVEI_SIMULASI,ok,True
2026-09-02T07:00:00+07:00,S35,reverse,13.5,30,656,0.99,SURVEI_SIMULASI,ok,True
2026-09-02T08:00:00+07:00,S35,reverse,13.5,30,672,0.99,SURVEI_SIMULASI,ok,True
2026-09-02T09:00:00+07:00,S35,reverse,13.5,30,686,0.99,SURVEI_SIMULASI,ok,True
2026-09-02T10:00:00+07:00,S35,reverse,13.5,30,462,0.99,SURVEI_SIMULASI,ok,True
2026-09-02T11:00:00+07:00,S35,reverse,13.7,30,396,0.99,SURVEI_SIMULASI,ok,True
2026-09-02T12:00:00+07:00,S35,reverse,13.5,30,405,0.99,SURVEI_SIMULASI,ok,True
2026-09-02T13:00:00+07:00,S35,reverse,13.5,30,401,0.99,SURVEI_SIMULASI,ok,True
2026-09-02T14:00:00+07:00,S35,reverse,13.5,30,470,0.99,SURVEI_SIMULASI,ok,True
2026-09-02T15:00:00+07:00,S35,reverse,13.5,30,410,0.99,SURVEI_SIMULASI,ok,True
2026-09-02T16:00:00+07:00,S35,reverse,13.5,30,671,0.99,SURVEI_SIMULASI,ok,True
2026-09-02T17:00:00+07:00,S35,reverse,13.5,30,677,0.99,SURVEI_SIMULASI,ok,True
2026-09-02T18:00:00+07:00,S35,reverse,13.5,30,623,0.99,SURVEI_SIMULASI,ok,True
2026-09-02T19:00:00+07:00,S35,reverse,13.5,30,583,0.99,SURVEI_SIMULASI,ok,True
2026-09-08T06:00:00+07:00,S35,reverse,13.9,30,391,0.98,SURVEI_SIMULASI,ok,True
2026-09-08T07:00:00+07:00,S35,reverse,13.5,30,744,0.99,SURVEI_SIMULASI,ok,True
2026-09-08T08:00:00+07:00,S35,reverse,13.5,30,718,0.99,SURVEI_SIMULASI,ok,True
2026-09-08T09:00:00+07:00,S35,reverse,13.5,30,662,0.99,SURVEI_SIMULASI,ok,True
2026-09-08T10:00:00+07:00,S35,reverse,13.5,30,440,0.99,SURVEI_SIMULASI,ok,True
2026-09-08T11:00:00+07:00,S35,reverse,13.5,30,454,0.99,SURVEI_SIMULASI,ok,True
2026-09-08T12:00:00+07:00,S35,reverse,14.7,30,370,0.93,SURVEI_SIMULASI,ok,True
2026-09-08T13:00:00+07:00,S35,reverse,13.5,30,408,0.99,SURVEI_SIMULASI,ok,True
2026-09-08T14:00:00+07:00,S35,reverse,13.5,30,438,0.99,SURVEI_SIMULASI,ok,True
2026-09-08T15:00:00+07:00,S35,reverse,13.8,30,392,0.98,SURVEI_SIMULASI,ok,True
2026-09-08T16:00:00+07:00,S35,reverse,13.5,30,705,0.99,SURVEI_SIMULASI,ok,True
2026-09-08T17:00:00+07:00,S35,reverse,13.5,30,655,0.99,SURVEI_SIMULASI,ok,True
2026-09-08T18:00:00+07:00,S35,reverse,13.5,30,661,0.99,SURVEI_SIMULASI,ok,True
2026-09-08T19:00:00+07:00,S35,reverse,13.5,30,637,0.99,SURVEI_SIMULASI,ok,True
2026-09-09T06:00:00+07:00,S35,reverse,13.5,30,430,0.99,SURVEI_SIMULASI,ok,True
2026-09-09T07:00:00+07:00,S35,reverse,13.5,30,662,0.99,SURVEI_SIMULASI,ok,True
2026-09-09T08:00:00+07:00,S35,reverse,13.5,30,754,0.99,SURVEI_SIMULASI,ok,True
2026-09-09T09:00:00+07:00,S35,reverse,13.5,30,671,0.99,SURVEI_SIMULASI,ok,True
2026-09-09T10:00:00+07:00,S35,reverse,13.5,30,444,0.99,SURVEI_SIMULASI,ok,True
2026-09-09T11:00:00+07:00,S35,reverse,13.5,30,399,0.99,SURVEI_SIMULASI,ok,True
2026-09-09T12:00:00+07:00,S35,reverse,13.5,30,409,0.99,SURVEI_SIMULASI,ok,True
2026-09-09T13:00:00+07:00,S35,reverse,15.3,30,357,0.89,SURVEI_SIMULASI,ok,True
2026-09-09T14:00:00+07:00,S35,reverse,13.5,30,445,0.99,SURVEI_SIMULASI,ok,True
2026-09-09T15:00:00+07:00,S35,reverse,13.5,30,412,0.99,SURVEI_SIMULASI,ok,True
2026-09-09T16:00:00+07:00,S35,reverse,13.5,30,701,0.99,SURVEI_SIMULASI,ok,True
2026-09-09T17:00:00+07:00,S35,reverse,13.5,30,589,0.99,SURVEI_SIMULASI,ok,True
2026-09-09T18:00:00+07:00,S35,reverse,13.5,30,655,0.99,SURVEI_SIMULASI,ok,True
2026-09-09T19:00:00+07:00,S35,reverse,13.5,30,608,0.99,SURVEI_SIMULASI,ok,True
2026-09-03T06:00:00+07:00,S35,reverse,13.5,30,465,0.99,SURVEI_SIMULASI,ok,True
2026-09-03T07:00:00+07:00,S35,reverse,13.5,30,639,0.99,SURVEI_SIMULASI,ok,True
2026-09-03T08:00:00+07:00,S35,reverse,13.5,30,725,0.99,SURVEI_SIMULASI,ok,True
2026-09-03T09:00:00+07:00,S35,reverse,13.5,30,740,0.99,SURVEI_SIMULASI,ok,True
2026-09-03T10:00:00+07:00,S35,reverse,13.5,30,440,0.99,SURVEI_SIMULASI,ok,True
2026-09-03T11:00:00+07:00,S35,reverse,13.5,30,413,0.99,SURVEI_SIMULASI,ok,True
2026-09-03T12:00:00+07:00,S35,reverse,13.5,30,406,0.99,SURVEI_SIMULASI,ok,True
2026-09-03T13:00:00+07:00,S35,reverse,15.3,30,356,0.89,SURVEI_SIMULASI,ok,True
2026-09-03T14:00:00+07:00,S35,reverse,14.0,30,388,0.97,SURVEI_SIMULASI,ok,True
2026-09-03T15:00:00+07:00,S35,reverse,13.5,30,403,0.99,SURVEI_SIMULASI,ok,True
2026-09-03T16:00:00+07:00,S35,reverse,13.5,30,592,0.99,SURVEI_SIMULASI,ok,True
2026-09-03T17:00:00+07:00,S35,reverse,13.5,30,587,0.99,SURVEI_SIMULASI,ok,True
2026-09-03T18:00:00+07:00,S35,reverse,13.5,30,624,0.99,SURVEI_SIMULASI,ok,True
2026-09-03T19:00:00+07:00,S35,reverse,13.5,30,694,0.99,SURVEI_SIMULASI,ok,True
2026-09-04T06:00:00+07:00,S35,reverse,13.5,30,410,0.99,SURVEI_SIMULASI,ok,True
2026-09-04T07:00:00+07:00,S35,reverse,13.5,30,642,0.99,SURVEI_SIMULASI,ok,True
2026-09-04T08:00:00+07:00,S35,reverse,13.5,30,645,0.99,SURVEI_SIMULASI,ok,True
2026-09-04T09:00:00+07:00,S35,reverse,13.5,30,645,0.99,SURVEI_SIMULASI,ok,True
2026-09-04T10:00:00+07:00,S35,reverse,13.5,30,465,0.99,SURVEI_SIMULASI,ok,True
2026-09-04T11:00:00+07:00,S35,reverse,13.5,30,419,0.99,SURVEI_SIMULASI,ok,True
2026-09-04T12:00:00+07:00,S35,reverse,14.6,30,373,0.93,SURVEI_SIMULASI,ok,True
2026-09-04T13:00:00+07:00,S35,reverse,13.5,30,421,0.99,SURVEI_SIMULASI,ok,True
2026-09-04T14:00:00+07:00,S35,reverse,14.0,30,387,0.97,SURVEI_SIMULASI,ok,True
2026-09-04T15:00:00+07:00,S35,reverse,13.5,30,401,0.99,SURVEI_SIMULASI,ok,True
2026-09-04T16:00:00+07:00,S35,reverse,13.5,30,702,0.99,SURVEI_SIMULASI,ok,True
2026-09-04T17:00:00+07:00,S35,reverse,13.5,30,591,0.99,SURVEI_SIMULASI,ok,True
2026-09-04T18:00:00+07:00,S35,reverse,13.5,30,640,0.99,SURVEI_SIMULASI,ok,True
2026-09-04T19:00:00+07:00,S35,reverse,13.5,30,583,0.99,SURVEI_SIMULASI,ok,True
2026-09-05T06:00:00+07:00,S35,reverse,13.7,30,396,0.99,SURVEI_SIMULASI,ok,True
2026-09-05T07:00:00+07:00,S35,reverse,13.5,30,674,0.99,SURVEI_SIMULASI,ok,True
2026-09-05T08:00:00+07:00,S35,reverse,13.5,30,677,0.99,SURVEI_SIMULASI,ok,True
2026-09-05T09:00:00+07:00,S35,reverse,13.5,30,673,0.99,SURVEI_SIMULASI,ok,True
2026-09-05T10:00:00+07:00,S35,reverse,13.5,30,419,0.99,SURVEI_SIMULASI,ok,True
2026-09-05T11:00:00+07:00,S35,reverse,13.7,30,396,0.99,SURVEI_SIMULASI,ok,True
2026-09-05T12:00:00+07:00,S35,reverse,15.0,30,364,0.91,SURVEI_SIMULASI,ok,True
2026-09-05T13:00:00+07:00,S35,reverse,13.5,30,410,0.99,SURVEI_SIMULASI,ok,True
2026-09-05T14:00:00+07:00,S35,reverse,13.5,30,429,0.99,SURVEI_SIMULASI,ok,True
2026-09-05T15:00:00+07:00,S35,reverse,13.5,30,407,0.99,SURVEI_SIMULASI,ok,True
2026-09-05T16:00:00+07:00,S35,reverse,13.5,30,685,0.99,SURVEI_SIMULASI,ok,True
2026-09-05T17:00:00+07:00,S35,reverse,13.5,30,685,0.99,SURVEI_SIMULASI,ok,True
2026-09-05T18:00:00+07:00,S35,reverse,13.5,30,631,0.99,SURVEI_SIMULASI,ok,True
2026-09-05T19:00:00+07:00,S35,reverse,13.5,30,682,0.99,SURVEI_SIMULASI,ok,True
2026-09-06T06:00:00+07:00,S35,reverse,14.3,30,382,0.95,SURVEI_SIMULASI,ok,True
2026-09-06T07:00:00+07:00,S35,reverse,13.5,30,586,0.99,SURVEI_SIMULASI,ok,True
2026-09-06T08:00:00+07:00,S35,reverse,13.5,30,648,0.99,SURVEI_SIMULASI,ok,True
2026-09-06T09:00:00+07:00,S35,reverse,13.5,30,561,0.99,SURVEI_SIMULASI,ok,True
2026-09-06T10:00:00+07:00,S35,reverse,15.1,30,360,0.9,SURVEI_SIMULASI,ok,True
2026-09-06T11:00:00+07:00,S35,reverse,14.4,30,379,0.95,SURVEI_SIMULASI,ok,True
2026-09-06T12:00:00+07:00,S35,reverse,14.3,30,381,0.95,SURVEI_SIMULASI,ok,True
2026-09-06T13:00:00+07:00,S35,reverse,14.9,30,367,0.92,SURVEI_SIMULASI,ok,True
2026-09-06T14:00:00+07:00,S35,reverse,13.5,30,407,0.99,SURVEI_SIMULASI,ok,True
2026-09-06T15:00:00+07:00,S35,reverse,14.9,30,365,0.91,SURVEI_SIMULASI,ok,True
2026-09-06T16:00:00+07:00,S35,reverse,13.5,30,624,0.99,SURVEI_SIMULASI,ok,True
2026-09-06T17:00:00+07:00,S35,reverse,13.5,30,608,0.99,SURVEI_SIMULASI,ok,True
2026-09-06T18:00:00+07:00,S35,reverse,13.5,30,618,0.99,SURVEI_SIMULASI,ok,True
2026-09-06T19:00:00+07:00,S35,reverse,13.5,30,574,0.99,SURVEI_SIMULASI,ok,True
2026-09-07T06:00:00+07:00,S35,reverse,13.5,30,422,0.99,SURVEI_SIMULASI,ok,True
2026-09-07T07:00:00+07:00,S35,reverse,13.5,30,561,0.99,SURVEI_SIMULASI,ok,True
2026-09-07T08:00:00+07:00,S35,reverse,13.5,30,655,0.99,SURVEI_SIMULASI,ok,True
2026-09-07T09:00:00+07:00,S35,reverse,13.5,30,667,0.99,SURVEI_SIMULASI,ok,True
2026-09-07T10:00:00+07:00,S35,reverse,14.6,30,374,0.94,SURVEI_SIMULASI,ok,True
2026-09-07T11:00:00+07:00,S35,reverse,13.8,30,393,0.98,SURVEI_SIMULASI,ok,True
2026-09-07T12:00:00+07:00,S35,reverse,16.1,30,336,0.84,SURVEI_SIMULASI,ok,True
2026-09-07T13:00:00+07:00,S35,reverse,16.8,30,319,0.8,SURVEI_SIMULASI,ok,True
2026-09-07T14:00:00+07:00,S35,reverse,13.6,30,397,0.99,SURVEI_SIMULASI,ok,True
2026-09-07T15:00:00+07:00,S35,reverse,13.5,30,399,0.99,SURVEI_SIMULASI,ok,True
2026-09-07T16:00:00+07:00,S35,reverse,13.5,30,612,0.99,SURVEI_SIMULASI,ok,True
2026-09-07T17:00:00+07:00,S35,reverse,13.5,30,566,0.99,SURVEI_SIMULASI,ok,True
2026-09-07T18:00:00+07:00,S35,reverse,13.5,30,617,0.99,SURVEI_SIMULASI,ok,True
2026-09-07T19:00:00+07:00,S35,reverse,13.5,30,545,0.99,SURVEI_SIMULASI,ok,True
2026-09-01T06:00:00+07:00,S36,forward,30.4,45,472,0.59,SURVEI_SIMULASI,ok,True
2026-09-01T07:00:00+07:00,S36,forward,21.8,45,749,0.94,SURVEI_SIMULASI,ok,True
2026-09-01T08:00:00+07:00,S36,forward,22.2,45,736,0.92,SURVEI_SIMULASI,ok,True
2026-09-01T09:00:00+07:00,S36,forward,22.5,45,727,0.91,SURVEI_SIMULASI,ok,True
2026-09-01T10:00:00+07:00,S36,forward,31.8,45,425,0.53,SURVEI_SIMULASI,ok,True
2026-09-01T11:00:00+07:00,S36,forward,31.6,45,433,0.54,SURVEI_SIMULASI,ok,True
2026-09-01T12:00:00+07:00,S36,forward,32.9,45,393,0.49,SURVEI_SIMULASI,ok,True
2026-09-01T13:00:00+07:00,S36,forward,33.9,45,358,0.45,SURVEI_SIMULASI,ok,True
2026-09-01T14:00:00+07:00,S36,forward,30.7,45,461,0.58,SURVEI_SIMULASI,ok,True
2026-09-01T15:00:00+07:00,S36,forward,31.5,45,436,0.55,SURVEI_SIMULASI,ok,True
2026-09-01T16:00:00+07:00,S36,forward,25.9,45,618,0.77,SURVEI_SIMULASI,ok,True
2026-09-01T17:00:00+07:00,S36,forward,25.8,45,620,0.77,SURVEI_SIMULASI,ok,True
2026-09-01T18:00:00+07:00,S36,forward,26.5,45,598,0.75,SURVEI_SIMULASI,ok,True
2026-09-01T19:00:00+07:00,S36,forward,24.9,45,649,0.81,SURVEI_SIMULASI,ok,True
2026-09-02T06:00:00+07:00,S36,forward,31.9,45,422,0.53,SURVEI_SIMULASI,ok,True
2026-09-02T07:00:00+07:00,S36,forward,21.8,45,750,0.94,SURVEI_SIMULASI,ok,True
2026-09-02T08:00:00+07:00,S36,forward,21.2,45,768,0.96,SURVEI_SIMULASI,ok,True
2026-09-02T09:00:00+07:00,S36,forward,23.3,45,700,0.88,SURVEI_SIMULASI,ok,True
2026-09-02T10:00:00+07:00,S36,forward,31.8,45,426,0.53,SURVEI_SIMULASI,ok,True
2026-09-02T11:00:00+07:00,S36,forward,31.4,45,439,0.55,SURVEI_SIMULASI,ok,True
2026-09-02T12:00:00+07:00,S36,forward,33.3,45,378,0.47,SURVEI_SIMULASI,ok,True
2026-09-02T13:00:00+07:00,S36,forward,32.7,45,398,0.5,SURVEI_SIMULASI,ok,True
2026-09-02T14:00:00+07:00,S36,forward,30.1,45,480,0.6,SURVEI_SIMULASI,ok,True
2026-09-02T15:00:00+07:00,S36,forward,31.8,45,426,0.53,SURVEI_SIMULASI,ok,True
2026-09-02T16:00:00+07:00,S36,forward,23.9,45,683,0.85,SURVEI_SIMULASI,ok,True
2026-09-02T17:00:00+07:00,S36,forward,25.8,45,622,0.78,SURVEI_SIMULASI,ok,True
2026-09-02T18:00:00+07:00,S36,forward,24.7,45,657,0.82,SURVEI_SIMULASI,ok,True
2026-09-02T19:00:00+07:00,S36,forward,25.5,45,629,0.79,SURVEI_SIMULASI,ok,True
2026-09-08T06:00:00+07:00,S36,forward,30.9,45,455,0.57,SURVEI_SIMULASI,ok,True
2026-09-08T07:00:00+07:00,S36,forward,24.4,45,666,0.83,SURVEI_SIMULASI,ok,True
2026-09-08T08:00:00+07:00,S36,forward,23.7,45,688,0.86,SURVEI_SIMULASI,ok,True
2026-09-08T09:00:00+07:00,S36,forward,23.5,45,696,0.87,SURVEI_SIMULASI,ok,True
2026-09-08T10:00:00+07:00,S36,forward,32.3,45,412,0.51,SURVEI_SIMULASI,ok,True
2026-09-08T11:00:00+07:00,S36,forward,32.7,45,399,0.5,SURVEI_SIMULASI,ok,True
2026-09-08T12:00:00+07:00,S36,forward,33.3,45,379,0.47,SURVEI_SIMULASI,ok,True
2026-09-08T13:00:00+07:00,S36,forward,31.6,45,433,0.54,SURVEI_SIMULASI,ok,True
2026-09-08T14:00:00+07:00,S36,forward,31.7,45,429,0.54,SURVEI_SIMULASI,ok,True
2026-09-08T15:00:00+07:00,S36,forward,30.5,45,470,0.59,SURVEI_SIMULASI,ok,True
2026-09-08T16:00:00+07:00,S36,forward,24.9,45,650,0.81,SURVEI_SIMULASI,ok,True
2026-09-08T17:00:00+07:00,S36,forward,24.3,45,669,0.84,SURVEI_SIMULASI,ok,True
2026-09-08T18:00:00+07:00,S36,forward,23.8,45,685,0.86,SURVEI_SIMULASI,ok,True
2026-09-08T19:00:00+07:00,S36,forward,26.7,45,592,0.74,SURVEI_SIMULASI,ok,True
2026-09-09T06:00:00+07:00,S36,forward,31.9,45,425,0.53,SURVEI_SIMULASI,ok,True
2026-09-09T07:00:00+07:00,S36,forward,25.2,45,639,0.8,SURVEI_SIMULASI,ok,True
2026-09-09T08:00:00+07:00,S36,forward,22.7,45,720,0.9,SURVEI_SIMULASI,ok,True
2026-09-09T09:00:00+07:00,S36,forward,22.8,45,718,0.9,SURVEI_SIMULASI,ok,True
2026-09-09T10:00:00+07:00,S36,forward,30.7,45,461,0.58,SURVEI_SIMULASI,ok,True
2026-09-09T11:00:00+07:00,S36,forward,30.6,45,465,0.58,SURVEI_SIMULASI,ok,True
2026-09-09T12:00:00+07:00,S36,forward,33.7,45,364,0.46,SURVEI_SIMULASI,ok,True
2026-09-09T13:00:00+07:00,S36,forward,32.0,45,420,0.53,SURVEI_SIMULASI,ok,True
2026-09-09T14:00:00+07:00,S36,forward,31.1,45,450,0.56,SURVEI_SIMULASI,ok,True
2026-09-09T15:00:00+07:00,S36,forward,30.8,45,458,0.57,SURVEI_SIMULASI,ok,True
2026-09-09T16:00:00+07:00,S36,forward,24.2,45,672,0.84,SURVEI_SIMULASI,ok,True
2026-09-09T17:00:00+07:00,S36,forward,23.0,45,712,0.89,SURVEI_SIMULASI,ok,True
2026-09-09T18:00:00+07:00,S36,forward,23.8,45,685,0.86,SURVEI_SIMULASI,ok,True
2026-09-09T19:00:00+07:00,S36,forward,24.1,45,675,0.84,SURVEI_SIMULASI,ok,True
2026-09-03T06:00:00+07:00,S36,forward,31.6,45,432,0.54,SURVEI_SIMULASI,ok,True
2026-09-03T07:00:00+07:00,S36,forward,21.4,45,762,0.95,SURVEI_SIMULASI,ok,True
2026-09-03T08:00:00+07:00,S36,forward,24.5,45,662,0.83,SURVEI_SIMULASI,ok,True
2026-09-03T09:00:00+07:00,S36,forward,23.8,45,684,0.86,SURVEI_SIMULASI,ok,True
2026-09-03T10:00:00+07:00,S36,forward,32.7,45,399,0.5,SURVEI_SIMULASI,ok,True
2026-09-03T11:00:00+07:00,S36,forward,31.8,45,426,0.53,SURVEI_SIMULASI,ok,True
2026-09-03T12:00:00+07:00,S36,forward,32.9,45,390,0.49,SURVEI_SIMULASI,ok,True
2026-09-03T13:00:00+07:00,S36,forward,32.9,45,390,0.49,SURVEI_SIMULASI,ok,True
2026-09-03T14:00:00+07:00,S36,forward,32.3,45,409,0.51,SURVEI_SIMULASI,ok,True
2026-09-03T15:00:00+07:00,S36,forward,31.5,45,438,0.55,SURVEI_SIMULASI,ok,True
2026-09-03T16:00:00+07:00,S36,forward,22.7,45,720,0.9,SURVEI_SIMULASI,ok,True
2026-09-03T17:00:00+07:00,S36,forward,23.7,45,687,0.86,SURVEI_SIMULASI,ok,True
2026-09-03T18:00:00+07:00,S36,forward,25.0,45,648,0.81,SURVEI_SIMULASI,ok,True
2026-09-03T19:00:00+07:00,S36,forward,26.7,45,592,0.74,SURVEI_SIMULASI,ok,True
2026-09-04T06:00:00+07:00,S36,forward,32.8,45,395,0.49,SURVEI_SIMULASI,ok,True
2026-09-04T07:00:00+07:00,S36,forward,22.3,45,734,0.92,SURVEI_SIMULASI,ok,True
2026-09-04T08:00:00+07:00,S36,forward,22.6,45,726,0.91,SURVEI_SIMULASI,ok,True
2026-09-04T09:00:00+07:00,S36,forward,21.2,45,768,0.96,SURVEI_SIMULASI,ok,True
2026-09-04T10:00:00+07:00,S36,forward,31.4,45,439,0.55,SURVEI_SIMULASI,ok,True
2026-09-04T11:00:00+07:00,S36,forward,31.8,45,427,0.53,SURVEI_SIMULASI,ok,True
2026-09-04T12:00:00+07:00,S36,forward,31.9,45,422,0.53,SURVEI_SIMULASI,ok,True
2026-09-04T13:00:00+07:00,S36,forward,31.8,45,426,0.53,SURVEI_SIMULASI,ok,True
2026-09-04T14:00:00+07:00,S36,forward,31.7,45,429,0.54,SURVEI_SIMULASI,ok,True
2026-09-04T15:00:00+07:00,S36,forward,30.8,45,460,0.57,SURVEI_SIMULASI,ok,True
2026-09-04T16:00:00+07:00,S36,forward,25.2,45,640,0.8,SURVEI_SIMULASI,ok,True
2026-09-04T17:00:00+07:00,S36,forward,24.3,45,669,0.84,SURVEI_SIMULASI,ok,True
2026-09-04T18:00:00+07:00,S36,forward,23.4,45,699,0.87,SURVEI_SIMULASI,ok,True
2026-09-04T19:00:00+07:00,S36,forward,25.1,45,643,0.8,SURVEI_SIMULASI,ok,True
2026-09-05T06:00:00+07:00,S36,forward,30.4,45,473,0.59,SURVEI_SIMULASI,ok,True
2026-09-05T07:00:00+07:00,S36,forward,25.2,45,639,0.8,SURVEI_SIMULASI,ok,True
2026-09-05T08:00:00+07:00,S36,forward,22.3,45,733,0.92,SURVEI_SIMULASI,ok,True
2026-09-05T09:00:00+07:00,S36,forward,24.1,45,674,0.84,SURVEI_SIMULASI,ok,True
2026-09-05T10:00:00+07:00,S36,forward,31.8,45,425,0.53,SURVEI_SIMULASI,ok,True
2026-09-05T11:00:00+07:00,S36,forward,30.7,45,463,0.58,SURVEI_SIMULASI,ok,True
2026-09-05T12:00:00+07:00,S36,forward,33.3,45,379,0.47,SURVEI_SIMULASI,ok,True
2026-09-05T13:00:00+07:00,S36,forward,33.5,45,373,0.47,SURVEI_SIMULASI,ok,True
2026-09-05T14:00:00+07:00,S36,forward,31.4,45,439,0.55,SURVEI_SIMULASI,ok,True
2026-09-05T15:00:00+07:00,S36,forward,32.2,45,414,0.52,SURVEI_SIMULASI,ok,True
2026-09-05T16:00:00+07:00,S36,forward,25.8,45,619,0.77,SURVEI_SIMULASI,ok,True
2026-09-05T17:00:00+07:00,S36,forward,26.6,45,593,0.74,SURVEI_SIMULASI,ok,True
2026-09-05T18:00:00+07:00,S36,forward,24.0,45,678,0.85,SURVEI_SIMULASI,ok,True
2026-09-05T19:00:00+07:00,S36,forward,25.9,45,616,0.77,SURVEI_SIMULASI,ok,True
2026-09-06T06:00:00+07:00,S36,forward,33.6,45,369,0.46,SURVEI_SIMULASI,ok,True
2026-09-06T07:00:00+07:00,S36,forward,26.4,45,602,0.75,SURVEI_SIMULASI,ok,True
2026-09-06T08:00:00+07:00,S36,forward,27.1,45,579,0.72,SURVEI_SIMULASI,ok,True
2026-09-06T09:00:00+07:00,S36,forward,25.9,45,619,0.77,SURVEI_SIMULASI,ok,True
2026-09-06T10:00:00+07:00,S36,forward,31.7,45,428,0.54,SURVEI_SIMULASI,ok,True
2026-09-06T11:00:00+07:00,S36,forward,33.2,45,381,0.48,SURVEI_SIMULASI,ok,True
2026-09-06T12:00:00+07:00,S36,forward,34.3,45,347,0.43,SURVEI_SIMULASI,ok,True
2026-09-06T13:00:00+07:00,S36,forward,34.3,45,346,0.43,SURVEI_SIMULASI,ok,True
2026-09-06T14:00:00+07:00,S36,forward,33.9,45,359,0.45,SURVEI_SIMULASI,ok,True
2026-09-06T15:00:00+07:00,S36,forward,32.4,45,408,0.51,SURVEI_SIMULASI,ok,True
2026-09-06T16:00:00+07:00,S36,forward,25.1,45,643,0.8,SURVEI_SIMULASI,ok,True
2026-09-06T17:00:00+07:00,S36,forward,25.3,45,637,0.8,SURVEI_SIMULASI,ok,True
2026-09-06T18:00:00+07:00,S36,forward,28.5,45,535,0.67,SURVEI_SIMULASI,ok,True
2026-09-06T19:00:00+07:00,S36,forward,27.8,45,557,0.7,SURVEI_SIMULASI,ok,True
2026-09-07T06:00:00+07:00,S36,forward,32.2,45,413,0.52,SURVEI_SIMULASI,ok,True
2026-09-07T07:00:00+07:00,S36,forward,27.1,45,578,0.72,SURVEI_SIMULASI,ok,True
2026-09-07T08:00:00+07:00,S36,forward,25.3,45,636,0.79,SURVEI_SIMULASI,ok,True
2026-09-07T09:00:00+07:00,S36,forward,25.4,45,633,0.79,SURVEI_SIMULASI,ok,True
2026-09-07T10:00:00+07:00,S36,forward,31.9,45,422,0.53,SURVEI_SIMULASI,ok,True
2026-09-07T11:00:00+07:00,S36,forward,34.0,45,355,0.44,SURVEI_SIMULASI,ok,True
2026-09-07T12:00:00+07:00,S36,forward,33.0,45,389,0.49,SURVEI_SIMULASI,ok,True
2026-09-07T13:00:00+07:00,S36,forward,33.8,45,361,0.45,SURVEI_SIMULASI,ok,True
2026-09-07T14:00:00+07:00,S36,forward,33.6,45,367,0.46,SURVEI_SIMULASI,ok,True
2026-09-07T15:00:00+07:00,S36,forward,32.9,45,392,0.49,SURVEI_SIMULASI,ok,True
2026-09-07T16:00:00+07:00,S36,forward,26.1,45,612,0.76,SURVEI_SIMULASI,ok,True
2026-09-07T17:00:00+07:00,S36,forward,25.0,45,647,0.81,SURVEI_SIMULASI,ok,True
2026-09-07T18:00:00+07:00,S36,forward,28.5,45,535,0.67,SURVEI_SIMULASI,ok,True
2026-09-07T19:00:00+07:00,S36,forward,25.8,45,622,0.78,SURVEI_SIMULASI,ok,True
2026-09-01T06:00:00+07:00,S36,reverse,31.9,45,425,0.53,SURVEI_SIMULASI,ok,True
2026-09-01T07:00:00+07:00,S36,reverse,23.2,45,706,0.88,SURVEI_SIMULASI,ok,True
2026-09-01T08:00:00+07:00,S36,reverse,25.3,45,637,0.8,SURVEI_SIMULASI,ok,True
2026-09-01T09:00:00+07:00,S36,reverse,22.2,45,736,0.92,SURVEI_SIMULASI,ok,True
2026-09-01T10:00:00+07:00,S36,reverse,32.3,45,412,0.51,SURVEI_SIMULASI,ok,True
2026-09-01T11:00:00+07:00,S36,reverse,30.9,45,455,0.57,SURVEI_SIMULASI,ok,True
2026-09-01T12:00:00+07:00,S36,reverse,32.0,45,419,0.52,SURVEI_SIMULASI,ok,True
2026-09-01T13:00:00+07:00,S36,reverse,33.1,45,386,0.48,SURVEI_SIMULASI,ok,True
2026-09-01T14:00:00+07:00,S36,reverse,31.5,45,436,0.55,SURVEI_SIMULASI,ok,True
2026-09-01T15:00:00+07:00,S36,reverse,31.4,45,440,0.55,SURVEI_SIMULASI,ok,True
2026-09-01T16:00:00+07:00,S36,reverse,23.6,45,691,0.86,SURVEI_SIMULASI,ok,True
2026-09-01T17:00:00+07:00,S36,reverse,23.1,45,707,0.88,SURVEI_SIMULASI,ok,True
2026-09-01T18:00:00+07:00,S36,reverse,25.9,45,618,0.77,SURVEI_SIMULASI,ok,True
2026-09-01T19:00:00+07:00,S36,reverse,23.7,45,687,0.86,SURVEI_SIMULASI,ok,True
2026-09-02T06:00:00+07:00,S36,reverse,31.7,45,429,0.54,SURVEI_SIMULASI,ok,True
2026-09-02T07:00:00+07:00,S36,reverse,21.9,45,748,0.93,SURVEI_SIMULASI,ok,True
2026-09-02T08:00:00+07:00,S36,reverse,24.0,45,680,0.85,SURVEI_SIMULASI,ok,True
2026-09-02T09:00:00+07:00,S36,reverse,23.7,45,688,0.86,SURVEI_SIMULASI,ok,True
2026-09-02T10:00:00+07:00,S36,reverse,32.8,45,396,0.49,SURVEI_SIMULASI,ok,True
2026-09-02T11:00:00+07:00,S36,reverse,31.9,45,424,0.53,SURVEI_SIMULASI,ok,True
2026-09-02T12:00:00+07:00,S36,reverse,31.9,45,424,0.53,SURVEI_SIMULASI,ok,True
2026-09-02T13:00:00+07:00,S36,reverse,33.1,45,385,0.48,SURVEI_SIMULASI,ok,True
2026-09-02T14:00:00+07:00,S36,reverse,30.5,45,470,0.59,SURVEI_SIMULASI,ok,True
2026-09-02T15:00:00+07:00,S36,reverse,32.7,45,399,0.5,SURVEI_SIMULASI,ok,True
2026-09-02T16:00:00+07:00,S36,reverse,24.9,45,650,0.81,SURVEI_SIMULASI,ok,True
2026-09-02T17:00:00+07:00,S36,reverse,24.5,45,664,0.83,SURVEI_SIMULASI,ok,True
2026-09-02T18:00:00+07:00,S36,reverse,25.0,45,646,0.81,SURVEI_SIMULASI,ok,True
2026-09-02T19:00:00+07:00,S36,reverse,25.8,45,622,0.78,SURVEI_SIMULASI,ok,True
2026-09-08T06:00:00+07:00,S36,reverse,30.2,45,480,0.6,SURVEI_SIMULASI,ok,True
2026-09-08T07:00:00+07:00,S36,reverse,24.0,45,680,0.85,SURVEI_SIMULASI,ok,True
2026-09-08T08:00:00+07:00,S36,reverse,23.0,45,710,0.89,SURVEI_SIMULASI,ok,True
2026-09-08T09:00:00+07:00,S36,reverse,23.2,45,704,0.88,SURVEI_SIMULASI,ok,True
2026-09-08T10:00:00+07:00,S36,reverse,32.4,45,407,0.51,SURVEI_SIMULASI,ok,True
2026-09-08T11:00:00+07:00,S36,reverse,31.1,45,449,0.56,SURVEI_SIMULASI,ok,True
2026-09-08T12:00:00+07:00,S36,reverse,32.2,45,413,0.52,SURVEI_SIMULASI,ok,True
2026-09-08T13:00:00+07:00,S36,reverse,32.3,45,411,0.51,SURVEI_SIMULASI,ok,True
2026-09-08T14:00:00+07:00,S36,reverse,31.3,45,443,0.55,SURVEI_SIMULASI,ok,True
2026-09-08T15:00:00+07:00,S36,reverse,32.8,45,396,0.49,SURVEI_SIMULASI,ok,True
2026-09-08T16:00:00+07:00,S36,reverse,26.2,45,606,0.76,SURVEI_SIMULASI,ok,True
2026-09-08T17:00:00+07:00,S36,reverse,25.9,45,617,0.77,SURVEI_SIMULASI,ok,True
2026-09-08T18:00:00+07:00,S36,reverse,23.9,45,682,0.85,SURVEI_SIMULASI,ok,True
2026-09-08T19:00:00+07:00,S36,reverse,23.3,45,701,0.88,SURVEI_SIMULASI,ok,True
2026-09-09T06:00:00+07:00,S36,reverse,32.0,45,419,0.52,SURVEI_SIMULASI,ok,True
2026-09-09T07:00:00+07:00,S36,reverse,24.0,45,678,0.85,SURVEI_SIMULASI,ok,True
2026-09-09T08:00:00+07:00,S36,reverse,24.3,45,670,0.84,SURVEI_SIMULASI,ok,True
2026-09-09T09:00:00+07:00,S36,reverse,24.1,45,676,0.85,SURVEI_SIMULASI,ok,True
2026-09-09T10:00:00+07:00,S36,reverse,31.3,45,443,0.55,SURVEI_SIMULASI,ok,True
2026-09-09T11:00:00+07:00,S36,reverse,32.3,45,411,0.51,SURVEI_SIMULASI,ok,True
2026-09-09T12:00:00+07:00,S36,reverse,32.3,45,410,0.51,SURVEI_SIMULASI,ok,True
2026-09-09T13:00:00+07:00,S36,reverse,32.5,45,405,0.51,SURVEI_SIMULASI,ok,True
2026-09-09T14:00:00+07:00,S36,reverse,31.9,45,422,0.53,SURVEI_SIMULASI,ok,True
2026-09-09T15:00:00+07:00,S36,reverse,31.6,45,434,0.54,SURVEI_SIMULASI,ok,True
2026-09-09T16:00:00+07:00,S36,reverse,24.6,45,658,0.82,SURVEI_SIMULASI,ok,True
2026-09-09T17:00:00+07:00,S36,reverse,25.0,45,647,0.81,SURVEI_SIMULASI,ok,True
2026-09-09T18:00:00+07:00,S36,reverse,23.6,45,692,0.86,SURVEI_SIMULASI,ok,True
2026-09-09T19:00:00+07:00,S36,reverse,25.0,45,645,0.81,SURVEI_SIMULASI,ok,True
2026-09-03T06:00:00+07:00,S36,reverse,30.3,45,475,0.59,SURVEI_SIMULASI,ok,True
2026-09-03T07:00:00+07:00,S36,reverse,21.3,45,765,0.96,SURVEI_SIMULASI,ok,True
2026-09-03T08:00:00+07:00,S36,reverse,25.4,45,635,0.79,SURVEI_SIMULASI,ok,True
2026-09-03T09:00:00+07:00,S36,reverse,25.1,45,644,0.81,SURVEI_SIMULASI,ok,True
2026-09-03T10:00:00+07:00,S36,reverse,30.3,45,474,0.59,SURVEI_SIMULASI,ok,True
2026-09-03T11:00:00+07:00,S36,reverse,32.3,45,410,0.51,SURVEI_SIMULASI,ok,True
2026-09-03T12:00:00+07:00,S36,reverse,33.4,45,377,0.47,SURVEI_SIMULASI,ok,True
2026-09-03T13:00:00+07:00,S36,reverse,33.4,45,375,0.47,SURVEI_SIMULASI,ok,True
2026-09-03T14:00:00+07:00,S36,reverse,31.6,45,432,0.54,SURVEI_SIMULASI,ok,True
2026-09-03T15:00:00+07:00,S36,reverse,31.8,45,425,0.53,SURVEI_SIMULASI,ok,True
2026-09-03T16:00:00+07:00,S36,reverse,23.8,45,686,0.86,SURVEI_SIMULASI,ok,True
2026-09-03T17:00:00+07:00,S36,reverse,24.8,45,654,0.82,SURVEI_SIMULASI,ok,True
2026-09-03T18:00:00+07:00,S36,reverse,24.9,45,651,0.81,SURVEI_SIMULASI,ok,True
2026-09-03T19:00:00+07:00,S36,reverse,26.1,45,610,0.76,SURVEI_SIMULASI,ok,True
2026-09-04T06:00:00+07:00,S36,reverse,32.3,45,410,0.51,SURVEI_SIMULASI,ok,True
2026-09-04T07:00:00+07:00,S36,reverse,22.8,45,718,0.9,SURVEI_SIMULASI,ok,True
2026-09-04T08:00:00+07:00,S36,reverse,24.6,45,658,0.82,SURVEI_SIMULASI,ok,True
2026-09-04T09:00:00+07:00,S36,reverse,24.2,45,671,0.84,SURVEI_SIMULASI,ok,True
2026-09-04T10:00:00+07:00,S36,reverse,30.2,45,480,0.6,SURVEI_SIMULASI,ok,True
2026-09-04T11:00:00+07:00,S36,reverse,30.8,45,458,0.57,SURVEI_SIMULASI,ok,True
2026-09-04T12:00:00+07:00,S36,reverse,34.0,45,356,0.45,SURVEI_SIMULASI,ok,True
2026-09-04T13:00:00+07:00,S36,reverse,33.1,45,384,0.48,SURVEI_SIMULASI,ok,True
2026-09-04T14:00:00+07:00,S36,reverse,31.5,45,437,0.55,SURVEI_SIMULASI,ok,True
2026-09-04T15:00:00+07:00,S36,reverse,30.9,45,456,0.57,SURVEI_SIMULASI,ok,True
2026-09-04T16:00:00+07:00,S36,reverse,25.9,45,616,0.77,SURVEI_SIMULASI,ok,True
2026-09-04T17:00:00+07:00,S36,reverse,25.9,45,618,0.77,SURVEI_SIMULASI,ok,True
2026-09-04T18:00:00+07:00,S36,reverse,26.5,45,597,0.75,SURVEI_SIMULASI,ok,True
2026-09-04T19:00:00+07:00,S36,reverse,23.1,45,709,0.89,SURVEI_SIMULASI,ok,True
2026-09-05T06:00:00+07:00,S36,reverse,30.7,45,464,0.58,SURVEI_SIMULASI,ok,True
2026-09-05T07:00:00+07:00,S36,reverse,22.5,45,726,0.91,SURVEI_SIMULASI,ok,True
2026-09-05T08:00:00+07:00,S36,reverse,23.5,45,695,0.87,SURVEI_SIMULASI,ok,True
2026-09-05T09:00:00+07:00,S36,reverse,22.2,45,737,0.92,SURVEI_SIMULASI,ok,True
2026-09-05T10:00:00+07:00,S36,reverse,30.9,45,455,0.57,SURVEI_SIMULASI,ok,True
2026-09-05T11:00:00+07:00,S36,reverse,32.8,45,395,0.49,SURVEI_SIMULASI,ok,True
2026-09-05T12:00:00+07:00,S36,reverse,32.3,45,410,0.51,SURVEI_SIMULASI,ok,True
2026-09-05T13:00:00+07:00,S36,reverse,31.7,45,429,0.54,SURVEI_SIMULASI,ok,True
2026-09-05T14:00:00+07:00,S36,reverse,31.4,45,439,0.55,SURVEI_SIMULASI,ok,True
2026-09-05T15:00:00+07:00,S36,reverse,31.7,45,431,0.54,SURVEI_SIMULASI,ok,True
2026-09-05T16:00:00+07:00,S36,reverse,24.2,45,673,0.84,SURVEI_SIMULASI,ok,True
2026-09-05T17:00:00+07:00,S36,reverse,23.3,45,703,0.88,SURVEI_SIMULASI,ok,True
2026-09-05T18:00:00+07:00,S36,reverse,26.5,45,598,0.75,SURVEI_SIMULASI,ok,True
2026-09-05T19:00:00+07:00,S36,reverse,24.3,45,668,0.84,SURVEI_SIMULASI,ok,True
2026-09-06T06:00:00+07:00,S36,reverse,32.2,45,414,0.52,SURVEI_SIMULASI,ok,True
2026-09-06T07:00:00+07:00,S36,reverse,25.3,45,635,0.79,SURVEI_SIMULASI,ok,True
2026-09-06T08:00:00+07:00,S36,reverse,26.2,45,606,0.76,SURVEI_SIMULASI,ok,True
2026-09-06T09:00:00+07:00,S36,reverse,25.2,45,640,0.8,SURVEI_SIMULASI,ok,True
2026-09-06T10:00:00+07:00,S36,reverse,33.8,45,361,0.45,SURVEI_SIMULASI,ok,True
2026-09-06T11:00:00+07:00,S36,reverse,33.7,45,364,0.45,SURVEI_SIMULASI,ok,True
2026-09-06T12:00:00+07:00,S36,reverse,34.4,45,343,0.43,SURVEI_SIMULASI,ok,True
2026-09-06T13:00:00+07:00,S36,reverse,34.4,45,342,0.43,SURVEI_SIMULASI,ok,True
2026-09-06T14:00:00+07:00,S36,reverse,32.2,45,412,0.52,SURVEI_SIMULASI,ok,True
2026-09-06T15:00:00+07:00,S36,reverse,32.7,45,398,0.5,SURVEI_SIMULASI,ok,True
2026-09-06T16:00:00+07:00,S36,reverse,28.5,45,533,0.67,SURVEI_SIMULASI,ok,True
2026-09-06T17:00:00+07:00,S36,reverse,28.0,45,549,0.69,SURVEI_SIMULASI,ok,True
2026-09-06T18:00:00+07:00,S36,reverse,27.1,45,580,0.72,SURVEI_SIMULASI,ok,True
2026-09-06T19:00:00+07:00,S36,reverse,25.0,45,645,0.81,SURVEI_SIMULASI,ok,True
2026-09-07T06:00:00+07:00,S36,reverse,33.8,45,361,0.45,SURVEI_SIMULASI,ok,True
2026-09-07T07:00:00+07:00,S36,reverse,25.2,45,640,0.8,SURVEI_SIMULASI,ok,True
2026-09-07T08:00:00+07:00,S36,reverse,24.1,45,675,0.84,SURVEI_SIMULASI,ok,True
2026-09-07T09:00:00+07:00,S36,reverse,23.7,45,688,0.86,SURVEI_SIMULASI,ok,True
2026-09-07T10:00:00+07:00,S36,reverse,31.8,45,425,0.53,SURVEI_SIMULASI,ok,True
2026-09-07T11:00:00+07:00,S36,reverse,33.4,45,374,0.47,SURVEI_SIMULASI,ok,True
2026-09-07T12:00:00+07:00,S36,reverse,34.7,45,334,0.42,SURVEI_SIMULASI,ok,True
2026-09-07T13:00:00+07:00,S36,reverse,34.9,45,326,0.41,SURVEI_SIMULASI,ok,True
2026-09-07T14:00:00+07:00,S36,reverse,32.0,45,419,0.52,SURVEI_SIMULASI,ok,True
2026-09-07T15:00:00+07:00,S36,reverse,33.6,45,369,0.46,SURVEI_SIMULASI,ok,True
2026-09-07T16:00:00+07:00,S36,reverse,25.5,45,629,0.79,SURVEI_SIMULASI,ok,True
2026-09-07T17:00:00+07:00,S36,reverse,27.2,45,574,0.72,SURVEI_SIMULASI,ok,True
2026-09-07T18:00:00+07:00,S36,reverse,27.5,45,565,0.71,SURVEI_SIMULASI,ok,True
2026-09-07T19:00:00+07:00,S36,reverse,26.6,45,594,0.74,SURVEI_SIMULASI,ok,True
2026-09-01T06:00:00+07:00,S37,forward,32.0,45,420,0.53,SURVEI_SIMULASI,ok,True
2026-09-01T07:00:00+07:00,S37,forward,24.8,45,654,0.82,SURVEI_SIMULASI,ok,True
2026-09-01T08:00:00+07:00,S37,forward,21.6,45,755,0.94,SURVEI_SIMULASI,ok,True
2026-09-01T09:00:00+07:00,S37,forward,21.9,45,746,0.93,SURVEI_SIMULASI,ok,True
2026-09-01T10:00:00+07:00,S37,forward,31.3,45,443,0.55,SURVEI_SIMULASI,ok,True
2026-09-01T11:00:00+07:00,S37,forward,32.2,45,414,0.52,SURVEI_SIMULASI,ok,True
2026-09-01T12:00:00+07:00,S37,forward,31.8,45,425,0.53,SURVEI_SIMULASI,ok,True
2026-09-01T13:00:00+07:00,S37,forward,32.8,45,394,0.49,SURVEI_SIMULASI,ok,True
2026-09-01T14:00:00+07:00,S37,forward,31.6,45,432,0.54,SURVEI_SIMULASI,ok,True
2026-09-01T15:00:00+07:00,S37,forward,31.2,45,445,0.56,SURVEI_SIMULASI,ok,True
2026-09-01T16:00:00+07:00,S37,forward,22.3,45,734,0.92,SURVEI_SIMULASI,ok,True
2026-09-01T17:00:00+07:00,S37,forward,23.7,45,687,0.86,SURVEI_SIMULASI,ok,True
2026-09-01T18:00:00+07:00,S37,forward,24.1,45,676,0.84,SURVEI_SIMULASI,ok,True
2026-09-01T19:00:00+07:00,S37,forward,25.0,45,646,0.81,SURVEI_SIMULASI,ok,True
2026-09-02T06:00:00+07:00,S37,forward,31.6,45,433,0.54,SURVEI_SIMULASI,ok,True
2026-09-02T07:00:00+07:00,S37,forward,22.0,45,745,0.93,SURVEI_SIMULASI,ok,True
2026-09-02T08:00:00+07:00,S37,forward,24.8,45,652,0.82,SURVEI_SIMULASI,ok,True
2026-09-02T09:00:00+07:00,S37,forward,21.4,45,763,0.95,SURVEI_SIMULASI,ok,True
2026-09-02T10:00:00+07:00,S37,forward,32.0,45,419,0.52,SURVEI_SIMULASI,ok,True
2026-09-02T11:00:00+07:00,S37,forward,32.5,45,405,0.51,SURVEI_SIMULASI,ok,True
2026-09-02T12:00:00+07:00,S37,forward,33.6,45,368,0.46,SURVEI_SIMULASI,ok,True
2026-09-02T13:00:00+07:00,S37,forward,33.5,45,373,0.47,SURVEI_SIMULASI,ok,True
2026-09-02T14:00:00+07:00,S37,forward,32.4,45,406,0.51,SURVEI_SIMULASI,ok,True
2026-09-02T15:00:00+07:00,S37,forward,30.1,45,481,0.6,SURVEI_SIMULASI,ok,True
2026-09-02T16:00:00+07:00,S37,forward,25.2,45,639,0.8,SURVEI_SIMULASI,ok,True
2026-09-02T17:00:00+07:00,S37,forward,24.4,45,666,0.83,SURVEI_SIMULASI,ok,True
2026-09-02T18:00:00+07:00,S37,forward,22.6,45,725,0.91,SURVEI_SIMULASI,ok,True
2026-09-02T19:00:00+07:00,S37,forward,23.9,45,682,0.85,SURVEI_SIMULASI,ok,True
2026-09-08T06:00:00+07:00,S37,forward,31.6,45,433,0.54,SURVEI_SIMULASI,ok,True
2026-09-08T07:00:00+07:00,S37,forward,24.7,45,655,0.82,SURVEI_SIMULASI,ok,True
2026-09-08T08:00:00+07:00,S37,forward,22.8,45,716,0.9,SURVEI_SIMULASI,ok,True
2026-09-08T09:00:00+07:00,S37,forward,23.4,45,699,0.87,SURVEI_SIMULASI,ok,True
2026-09-08T10:00:00+07:00,S37,forward,30.5,45,468,0.58,SURVEI_SIMULASI,ok,True
2026-09-08T11:00:00+07:00,S37,forward,30.5,45,470,0.59,SURVEI_SIMULASI,ok,True
2026-09-08T12:00:00+07:00,S37,forward,32.3,45,410,0.51,SURVEI_SIMULASI,ok,True
2026-09-08T13:00:00+07:00,S37,forward,32.9,45,391,0.49,SURVEI_SIMULASI,ok,True
2026-09-08T14:00:00+07:00,S37,forward,31.3,45,442,0.55,SURVEI_SIMULASI,ok,True
2026-09-08T15:00:00+07:00,S37,forward,31.7,45,430,0.54,SURVEI_SIMULASI,ok,True
2026-09-08T16:00:00+07:00,S37,forward,25.2,45,640,0.8,SURVEI_SIMULASI,ok,True
2026-09-08T17:00:00+07:00,S37,forward,23.5,45,694,0.87,SURVEI_SIMULASI,ok,True
2026-09-08T18:00:00+07:00,S37,forward,24.8,45,653,0.82,SURVEI_SIMULASI,ok,True
2026-09-08T19:00:00+07:00,S37,forward,25.3,45,635,0.79,SURVEI_SIMULASI,ok,True
2026-09-09T06:00:00+07:00,S37,forward,30.3,45,475,0.59,SURVEI_SIMULASI,ok,True
2026-09-09T07:00:00+07:00,S37,forward,21.5,45,760,0.95,SURVEI_SIMULASI,ok,True
2026-09-09T08:00:00+07:00,S37,forward,23.0,45,712,0.89,SURVEI_SIMULASI,ok,True
2026-09-09T09:00:00+07:00,S37,forward,25.0,45,648,0.81,SURVEI_SIMULASI,ok,True
2026-09-09T10:00:00+07:00,S37,forward,30.8,45,458,0.57,SURVEI_SIMULASI,ok,True
2026-09-09T11:00:00+07:00,S37,forward,29.9,45,489,0.61,SURVEI_SIMULASI,ok,True
2026-09-09T12:00:00+07:00,S37,forward,33.7,45,366,0.46,SURVEI_SIMULASI,ok,True
2026-09-09T13:00:00+07:00,S37,forward,32.5,45,405,0.51,SURVEI_SIMULASI,ok,True
2026-09-09T14:00:00+07:00,S37,forward,30.6,45,465,0.58,SURVEI_SIMULASI,ok,True
2026-09-09T15:00:00+07:00,S37,forward,30.5,45,467,0.58,SURVEI_SIMULASI,ok,True
2026-09-09T16:00:00+07:00,S37,forward,24.4,45,665,0.83,SURVEI_SIMULASI,ok,True
2026-09-09T17:00:00+07:00,S37,forward,25.0,45,647,0.81,SURVEI_SIMULASI,ok,True
2026-09-09T18:00:00+07:00,S37,forward,26.0,45,615,0.77,SURVEI_SIMULASI,ok,True
2026-09-09T19:00:00+07:00,S37,forward,24.6,45,659,0.82,SURVEI_SIMULASI,ok,True
2026-09-03T06:00:00+07:00,S37,forward,31.4,45,438,0.55,SURVEI_SIMULASI,ok,True
2026-09-03T07:00:00+07:00,S37,forward,21.2,45,770,0.96,SURVEI_SIMULASI,ok,True
2026-09-03T08:00:00+07:00,S37,forward,20.8,45,782,0.98,SURVEI_SIMULASI,ok,True
2026-09-03T09:00:00+07:00,S37,forward,20.9,45,779,0.97,SURVEI_SIMULASI,ok,True
2026-09-03T10:00:00+07:00,S37,forward,30.5,45,469,0.59,SURVEI_SIMULASI,ok,True
2026-09-03T11:00:00+07:00,S37,forward,32.2,45,414,0.52,SURVEI_SIMULASI,ok,True
2026-09-03T12:00:00+07:00,S37,forward,33.4,45,375,0.47,SURVEI_SIMULASI,ok,True
2026-09-03T13:00:00+07:00,S37,forward,33.3,45,379,0.47,SURVEI_SIMULASI,ok,True
2026-09-03T14:00:00+07:00,S37,forward,32.6,45,402,0.5,SURVEI_SIMULASI,ok,True
2026-09-03T15:00:00+07:00,S37,forward,31.2,45,446,0.56,SURVEI_SIMULASI,ok,True
2026-09-03T16:00:00+07:00,S37,forward,26.2,45,607,0.76,SURVEI_SIMULASI,ok,True
2026-09-03T17:00:00+07:00,S37,forward,26.1,45,612,0.76,SURVEI_SIMULASI,ok,True
2026-09-03T18:00:00+07:00,S37,forward,23.1,45,708,0.88,SURVEI_SIMULASI,ok,True
2026-09-03T19:00:00+07:00,S37,forward,24.1,45,675,0.84,SURVEI_SIMULASI,ok,True
2026-09-04T06:00:00+07:00,S37,forward,32.4,45,407,0.51,SURVEI_SIMULASI,ok,True
2026-09-04T07:00:00+07:00,S37,forward,21.1,45,772,0.97,SURVEI_SIMULASI,ok,True
2026-09-04T08:00:00+07:00,S37,forward,23.5,45,696,0.87,SURVEI_SIMULASI,ok,True
2026-09-04T09:00:00+07:00,S37,forward,23.1,45,709,0.89,SURVEI_SIMULASI,ok,True
2026-09-04T10:00:00+07:00,S37,forward,31.0,45,452,0.57,SURVEI_SIMULASI,ok,True
2026-09-04T11:00:00+07:00,S37,forward,31.1,45,451,0.56,SURVEI_SIMULASI,ok,True
2026-09-04T12:00:00+07:00,S37,forward,33.1,45,384,0.48,SURVEI_SIMULASI,ok,True
2026-09-04T13:00:00+07:00,S37,forward,33.4,45,375,0.47,SURVEI_SIMULASI,ok,True
2026-09-04T14:00:00+07:00,S37,forward,30.2,45,479,0.6,SURVEI_SIMULASI,ok,True
2026-09-04T15:00:00+07:00,S37,forward,31.3,45,442,0.55,SURVEI_SIMULASI,ok,True
2026-09-04T16:00:00+07:00,S37,forward,25.2,45,639,0.8,SURVEI_SIMULASI,ok,True
2026-09-04T17:00:00+07:00,S37,forward,26.0,45,614,0.77,SURVEI_SIMULASI,ok,True
2026-09-04T18:00:00+07:00,S37,forward,22.6,45,725,0.91,SURVEI_SIMULASI,ok,True
2026-09-04T19:00:00+07:00,S37,forward,22.6,45,725,0.91,SURVEI_SIMULASI,ok,True
2026-09-05T06:00:00+07:00,S37,forward,30.5,45,470,0.59,SURVEI_SIMULASI,ok,True
2026-09-05T07:00:00+07:00,S37,forward,22.9,45,714,0.89,SURVEI_SIMULASI,ok,True
2026-09-05T08:00:00+07:00,S37,forward,21.8,45,752,0.94,SURVEI_SIMULASI,ok,True
2026-09-05T09:00:00+07:00,S37,forward,21.1,45,773,0.97,SURVEI_SIMULASI,ok,True
2026-09-05T10:00:00+07:00,S37,forward,31.6,45,435,0.54,SURVEI_SIMULASI,ok,True
2026-09-05T11:00:00+07:00,S37,forward,32.0,45,422,0.53,SURVEI_SIMULASI,ok,True
2026-09-05T12:00:00+07:00,S37,forward,33.6,45,369,0.46,SURVEI_SIMULASI,ok,True
2026-09-05T13:00:00+07:00,S37,forward,31.5,45,437,0.55,SURVEI_SIMULASI,ok,True
2026-09-05T14:00:00+07:00,S37,forward,30.1,45,482,0.6,SURVEI_SIMULASI,ok,True
2026-09-05T15:00:00+07:00,S37,forward,30.0,45,485,0.61,SURVEI_SIMULASI,ok,True
2026-09-05T16:00:00+07:00,S37,forward,22.3,45,732,0.92,SURVEI_SIMULASI,ok,True
2026-09-05T17:00:00+07:00,S37,forward,25.7,45,623,0.78,SURVEI_SIMULASI,ok,True
2026-09-05T18:00:00+07:00,S37,forward,25.2,45,641,0.8,SURVEI_SIMULASI,ok,True
2026-09-05T19:00:00+07:00,S37,forward,26.3,45,605,0.76,SURVEI_SIMULASI,ok,True
2026-09-06T06:00:00+07:00,S37,forward,32.6,45,401,0.5,SURVEI_SIMULASI,ok,True
2026-09-06T07:00:00+07:00,S37,forward,23.7,45,689,0.86,SURVEI_SIMULASI,ok,True
2026-09-06T08:00:00+07:00,S37,forward,25.5,45,630,0.79,SURVEI_SIMULASI,ok,True
2026-09-06T09:00:00+07:00,S37,forward,25.4,45,633,0.79,SURVEI_SIMULASI,ok,True
2026-09-06T10:00:00+07:00,S37,forward,32.3,45,411,0.51,SURVEI_SIMULASI,ok,True
2026-09-06T11:00:00+07:00,S37,forward,32.7,45,399,0.5,SURVEI_SIMULASI,ok,True
2026-09-06T12:00:00+07:00,S37,forward,33.3,45,379,0.47,SURVEI_SIMULASI,ok,True
2026-09-06T13:00:00+07:00,S37,forward,33.7,45,366,0.46,SURVEI_SIMULASI,ok,True
2026-09-06T14:00:00+07:00,S37,forward,32.2,45,413,0.52,SURVEI_SIMULASI,ok,True
2026-09-06T15:00:00+07:00,S37,forward,33.1,45,385,0.48,SURVEI_SIMULASI,ok,True
2026-09-06T16:00:00+07:00,S37,forward,26.2,45,608,0.76,SURVEI_SIMULASI,ok,True
2026-09-06T17:00:00+07:00,S37,forward,27.4,45,568,0.71,SURVEI_SIMULASI,ok,True
2026-09-06T18:00:00+07:00,S37,forward,26.9,45,585,0.73,SURVEI_SIMULASI,ok,True
2026-09-06T19:00:00+07:00,S37,forward,25.6,45,627,0.78,SURVEI_SIMULASI,ok,True
2026-09-07T06:00:00+07:00,S37,forward,31.9,45,424,0.53,SURVEI_SIMULASI,ok,True
2026-09-07T07:00:00+07:00,S37,forward,23.7,45,687,0.86,SURVEI_SIMULASI,ok,True
2026-09-07T08:00:00+07:00,S37,forward,26.9,45,585,0.73,SURVEI_SIMULASI,ok,True
2026-09-07T09:00:00+07:00,S37,forward,25.9,45,617,0.77,SURVEI_SIMULASI,ok,True
2026-09-07T10:00:00+07:00,S37,forward,32.7,45,397,0.5,SURVEI_SIMULASI,ok,True
2026-09-07T11:00:00+07:00,S37,forward,32.5,45,406,0.51,SURVEI_SIMULASI,ok,True
2026-09-07T12:00:00+07:00,S37,forward,34.3,45,346,0.43,SURVEI_SIMULASI,ok,True
2026-09-07T13:00:00+07:00,S37,forward,33.5,45,373,0.47,SURVEI_SIMULASI,ok,True
2026-09-07T14:00:00+07:00,S37,forward,32.9,45,391,0.49,SURVEI_SIMULASI,ok,True
2026-09-07T15:00:00+07:00,S37,forward,33.1,45,386,0.48,SURVEI_SIMULASI,ok,True
2026-09-07T16:00:00+07:00,S37,forward,25.6,45,628,0.79,SURVEI_SIMULASI,ok,True
2026-09-07T17:00:00+07:00,S37,forward,25.1,45,643,0.8,SURVEI_SIMULASI,ok,True
2026-09-07T18:00:00+07:00,S37,forward,25.2,45,640,0.8,SURVEI_SIMULASI,ok,True
2026-09-07T19:00:00+07:00,S37,forward,26.2,45,608,0.76,SURVEI_SIMULASI,ok,True
2026-09-01T06:00:00+07:00,S37,reverse,32.2,45,415,0.52,SURVEI_SIMULASI,ok,True
2026-09-01T07:00:00+07:00,S37,reverse,21.4,45,763,0.95,SURVEI_SIMULASI,ok,True
2026-09-01T08:00:00+07:00,S37,reverse,21.3,45,766,0.96,SURVEI_SIMULASI,ok,True
2026-09-01T09:00:00+07:00,S37,reverse,20.8,45,783,0.98,SURVEI_SIMULASI,ok,True
2026-09-01T10:00:00+07:00,S37,reverse,32.3,45,409,0.51,SURVEI_SIMULASI,ok,True
2026-09-01T11:00:00+07:00,S37,reverse,32.1,45,417,0.52,SURVEI_SIMULASI,ok,True
2026-09-01T12:00:00+07:00,S37,reverse,31.5,45,436,0.54,SURVEI_SIMULASI,ok,True
2026-09-01T13:00:00+07:00,S37,reverse,33.0,45,387,0.48,SURVEI_SIMULASI,ok,True
2026-09-01T14:00:00+07:00,S37,reverse,30.6,45,467,0.58,SURVEI_SIMULASI,ok,True
2026-09-01T15:00:00+07:00,S37,reverse,31.6,45,433,0.54,SURVEI_SIMULASI,ok,True
2026-09-01T16:00:00+07:00,S37,reverse,26.1,45,610,0.76,SURVEI_SIMULASI,ok,True
2026-09-01T17:00:00+07:00,S37,reverse,24.8,45,654,0.82,SURVEI_SIMULASI,ok,True
2026-09-01T18:00:00+07:00,S37,reverse,26.3,45,606,0.76,SURVEI_SIMULASI,ok,True
2026-09-01T19:00:00+07:00,S37,reverse,22.3,45,734,0.92,SURVEI_SIMULASI,ok,True
2026-09-02T06:00:00+07:00,S37,reverse,30.5,45,469,0.59,SURVEI_SIMULASI,ok,True
2026-09-02T07:00:00+07:00,S37,reverse,21.4,45,763,0.95,SURVEI_SIMULASI,ok,True
2026-09-02T08:00:00+07:00,S37,reverse,24.5,45,661,0.83,SURVEI_SIMULASI,ok,True
2026-09-02T09:00:00+07:00,S37,reverse,21.8,45,751,0.94,SURVEI_SIMULASI,ok,True
2026-09-02T10:00:00+07:00,S37,reverse,29.9,45,489,0.61,SURVEI_SIMULASI,ok,True
2026-09-02T11:00:00+07:00,S37,reverse,31.2,45,446,0.56,SURVEI_SIMULASI,ok,True
2026-09-02T12:00:00+07:00,S37,reverse,32.3,45,410,0.51,SURVEI_SIMULASI,ok,True
2026-09-02T13:00:00+07:00,S37,reverse,32.7,45,399,0.5,SURVEI_SIMULASI,ok,True
2026-09-02T14:00:00+07:00,S37,reverse,30.8,45,460,0.58,SURVEI_SIMULASI,ok,True
2026-09-02T15:00:00+07:00,S37,reverse,31.8,45,428,0.54,SURVEI_SIMULASI,ok,True
2026-09-02T16:00:00+07:00,S37,reverse,22.9,45,715,0.89,SURVEI_SIMULASI,ok,True
2026-09-02T17:00:00+07:00,S37,reverse,24.4,45,666,0.83,SURVEI_SIMULASI,ok,True
2026-09-02T18:00:00+07:00,S37,reverse,22.8,45,718,0.9,SURVEI_SIMULASI,ok,True
2026-09-02T19:00:00+07:00,S37,reverse,24.9,45,650,0.81,SURVEI_SIMULASI,ok,True
2026-09-08T06:00:00+07:00,S37,reverse,30.1,45,480,0.6,SURVEI_SIMULASI,ok,True
2026-09-08T07:00:00+07:00,S37,reverse,21.4,45,763,0.95,SURVEI_SIMULASI,ok,True
2026-09-08T08:00:00+07:00,S37,reverse,23.4,45,697,0.87,SURVEI_SIMULASI,ok,True
2026-09-08T09:00:00+07:00,S37,reverse,24.2,45,671,0.84,SURVEI_SIMULASI,ok,True
2026-09-08T10:00:00+07:00,S37,reverse,31.2,45,446,0.56,SURVEI_SIMULASI,ok,True
2026-09-08T11:00:00+07:00,S37,reverse,32.0,45,419,0.52,SURVEI_SIMULASI,ok,True
2026-09-08T12:00:00+07:00,S37,reverse,33.4,45,374,0.47,SURVEI_SIMULASI,ok,True
2026-09-08T13:00:00+07:00,S37,reverse,32.6,45,400,0.5,SURVEI_SIMULASI,ok,True
2026-09-08T14:00:00+07:00,S37,reverse,32.5,45,405,0.51,SURVEI_SIMULASI,ok,True
2026-09-08T15:00:00+07:00,S37,reverse,31.5,45,438,0.55,SURVEI_SIMULASI,ok,True
2026-09-08T16:00:00+07:00,S37,reverse,25.0,45,648,0.81,SURVEI_SIMULASI,ok,True
2026-09-08T17:00:00+07:00,S37,reverse,25.3,45,636,0.79,SURVEI_SIMULASI,ok,True
2026-09-08T18:00:00+07:00,S37,reverse,25.5,45,630,0.79,SURVEI_SIMULASI,ok,True
2026-09-08T19:00:00+07:00,S37,reverse,23.6,45,693,0.87,SURVEI_SIMULASI,ok,True
2026-09-09T06:00:00+07:00,S37,reverse,31.3,45,443,0.55,SURVEI_SIMULASI,ok,True
2026-09-09T07:00:00+07:00,S37,reverse,23.7,45,687,0.86,SURVEI_SIMULASI,ok,True
2026-09-09T08:00:00+07:00,S37,reverse,23.2,45,706,0.88,SURVEI_SIMULASI,ok,True
2026-09-09T09:00:00+07:00,S37,reverse,24.5,45,664,0.83,SURVEI_SIMULASI,ok,True
2026-09-09T10:00:00+07:00,S37,reverse,32.6,45,402,0.5,SURVEI_SIMULASI,ok,True
2026-09-09T11:00:00+07:00,S37,reverse,31.3,45,441,0.55,SURVEI_SIMULASI,ok,True
2026-09-09T12:00:00+07:00,S37,reverse,32.2,45,413,0.52,SURVEI_SIMULASI,ok,True
2026-09-09T13:00:00+07:00,S37,reverse,31.8,45,428,0.53,SURVEI_SIMULASI,ok,True
2026-09-09T14:00:00+07:00,S37,reverse,32.2,45,414,0.52,SURVEI_SIMULASI,ok,True
2026-09-09T15:00:00+07:00,S37,reverse,32.2,45,415,0.52,SURVEI_SIMULASI,ok,True
2026-09-09T16:00:00+07:00,S37,reverse,25.2,45,641,0.8,SURVEI_SIMULASI,ok,True
2026-09-09T17:00:00+07:00,S37,reverse,25.4,45,634,0.79,SURVEI_SIMULASI,ok,True
2026-09-09T18:00:00+07:00,S37,reverse,22.4,45,729,0.91,SURVEI_SIMULASI,ok,True
2026-09-09T19:00:00+07:00,S37,reverse,24.5,45,662,0.83,SURVEI_SIMULASI,ok,True
2026-09-03T06:00:00+07:00,S37,reverse,30.9,45,456,0.57,SURVEI_SIMULASI,ok,True
2026-09-03T07:00:00+07:00,S37,reverse,23.8,45,685,0.86,SURVEI_SIMULASI,ok,True
2026-09-03T08:00:00+07:00,S37,reverse,22.5,45,726,0.91,SURVEI_SIMULASI,ok,True
2026-09-03T09:00:00+07:00,S37,reverse,23.6,45,691,0.86,SURVEI_SIMULASI,ok,True
2026-09-03T10:00:00+07:00,S37,reverse,31.6,45,432,0.54,SURVEI_SIMULASI,ok,True
2026-09-03T11:00:00+07:00,S37,reverse,31.3,45,442,0.55,SURVEI_SIMULASI,ok,True
2026-09-03T12:00:00+07:00,S37,reverse,32.7,45,398,0.5,SURVEI_SIMULASI,ok,True
2026-09-03T13:00:00+07:00,S37,reverse,32.2,45,414,0.52,SURVEI_SIMULASI,ok,True
2026-09-03T14:00:00+07:00,S37,reverse,31.9,45,423,0.53,SURVEI_SIMULASI,ok,True
2026-09-03T15:00:00+07:00,S37,reverse,31.8,45,428,0.53,SURVEI_SIMULASI,ok,True
2026-09-03T16:00:00+07:00,S37,reverse,25.1,45,644,0.81,SURVEI_SIMULASI,ok,True
2026-09-03T17:00:00+07:00,S37,reverse,23.8,45,684,0.85,SURVEI_SIMULASI,ok,True
2026-09-03T18:00:00+07:00,S37,reverse,22.9,45,716,0.89,SURVEI_SIMULASI,ok,True
2026-09-03T19:00:00+07:00,S37,reverse,23.2,45,705,0.88,SURVEI_SIMULASI,ok,True
2026-09-04T06:00:00+07:00,S37,reverse,32.0,45,419,0.52,SURVEI_SIMULASI,ok,True
2026-09-04T07:00:00+07:00,S37,reverse,21.4,45,764,0.96,SURVEI_SIMULASI,ok,True
2026-09-04T08:00:00+07:00,S37,reverse,23.3,45,701,0.88,SURVEI_SIMULASI,ok,True
2026-09-04T09:00:00+07:00,S37,reverse,23.9,45,681,0.85,SURVEI_SIMULASI,ok,True
2026-09-04T10:00:00+07:00,S37,reverse,31.0,45,451,0.56,SURVEI_SIMULASI,ok,True
2026-09-04T11:00:00+07:00,S37,reverse,31.7,45,429,0.54,SURVEI_SIMULASI,ok,True
2026-09-04T12:00:00+07:00,S37,reverse,32.0,45,422,0.53,SURVEI_SIMULASI,ok,True
2026-09-04T13:00:00+07:00,S37,reverse,33.8,45,363,0.45,SURVEI_SIMULASI,ok,True
2026-09-04T14:00:00+07:00,S37,reverse,32.5,45,403,0.5,SURVEI_SIMULASI,ok,True
2026-09-04T15:00:00+07:00,S37,reverse,31.9,45,423,0.53,SURVEI_SIMULASI,ok,True
2026-09-04T16:00:00+07:00,S37,reverse,22.5,45,727,0.91,SURVEI_SIMULASI,ok,True
2026-09-04T17:00:00+07:00,S37,reverse,24.2,45,671,0.84,SURVEI_SIMULASI,ok,True
2026-09-04T18:00:00+07:00,S37,reverse,25.4,45,635,0.79,SURVEI_SIMULASI,ok,True
2026-09-04T19:00:00+07:00,S37,reverse,25.2,45,640,0.8,SURVEI_SIMULASI,ok,True
2026-09-05T06:00:00+07:00,S37,reverse,32.2,45,413,0.52,SURVEI_SIMULASI,ok,True
2026-09-05T07:00:00+07:00,S37,reverse,24.7,45,657,0.82,SURVEI_SIMULASI,ok,True
2026-09-05T08:00:00+07:00,S37,reverse,21.9,45,748,0.94,SURVEI_SIMULASI,ok,True
2026-09-05T09:00:00+07:00,S37,reverse,24.7,45,658,0.82,SURVEI_SIMULASI,ok,True
2026-09-05T10:00:00+07:00,S37,reverse,30.3,45,474,0.59,SURVEI_SIMULASI,ok,True
2026-09-05T11:00:00+07:00,S37,reverse,30.7,45,462,0.58,SURVEI_SIMULASI,ok,True
2026-09-05T12:00:00+07:00,S37,reverse,32.7,45,396,0.5,SURVEI_SIMULASI,ok,True
2026-09-05T13:00:00+07:00,S37,reverse,33.7,45,366,0.46,SURVEI_SIMULASI,ok,True
2026-09-05T14:00:00+07:00,S37,reverse,30.1,45,482,0.6,SURVEI_SIMULASI,ok,True
2026-09-05T15:00:00+07:00,S37,reverse,30.2,45,479,0.6,SURVEI_SIMULASI,ok,True
2026-09-05T16:00:00+07:00,S37,reverse,23.2,45,705,0.88,SURVEI_SIMULASI,ok,True
2026-09-05T17:00:00+07:00,S37,reverse,25.2,45,640,0.8,SURVEI_SIMULASI,ok,True
2026-09-05T18:00:00+07:00,S37,reverse,24.6,45,658,0.82,SURVEI_SIMULASI,ok,True
2026-09-05T19:00:00+07:00,S37,reverse,26.1,45,611,0.76,SURVEI_SIMULASI,ok,True
2026-09-06T06:00:00+07:00,S37,reverse,32.6,45,401,0.5,SURVEI_SIMULASI,ok,True
2026-09-06T07:00:00+07:00,S37,reverse,24.5,45,663,0.83,SURVEI_SIMULASI,ok,True
2026-09-06T08:00:00+07:00,S37,reverse,24.5,45,664,0.83,SURVEI_SIMULASI,ok,True
2026-09-06T09:00:00+07:00,S37,reverse,24.0,45,680,0.85,SURVEI_SIMULASI,ok,True
2026-09-06T10:00:00+07:00,S37,reverse,33.7,45,365,0.46,SURVEI_SIMULASI,ok,True
2026-09-06T11:00:00+07:00,S37,reverse,32.8,45,394,0.49,SURVEI_SIMULASI,ok,True
2026-09-06T12:00:00+07:00,S37,reverse,34.0,45,357,0.45,SURVEI_SIMULASI,ok,True
2026-09-06T13:00:00+07:00,S37,reverse,34.1,45,351,0.44,SURVEI_SIMULASI,ok,True
2026-09-06T14:00:00+07:00,S37,reverse,32.0,45,422,0.53,SURVEI_SIMULASI,ok,True
2026-09-06T15:00:00+07:00,S37,reverse,33.2,45,382,0.48,SURVEI_SIMULASI,ok,True
2026-09-06T16:00:00+07:00,S37,reverse,25.0,45,648,0.81,SURVEI_SIMULASI,ok,True
2026-09-06T17:00:00+07:00,S37,reverse,25.3,45,638,0.8,SURVEI_SIMULASI,ok,True
2026-09-06T18:00:00+07:00,S37,reverse,28.0,45,551,0.69,SURVEI_SIMULASI,ok,True
2026-09-06T19:00:00+07:00,S37,reverse,27.7,45,559,0.7,SURVEI_SIMULASI,ok,True
2026-09-07T06:00:00+07:00,S37,reverse,31.9,45,424,0.53,SURVEI_SIMULASI,ok,True
2026-09-07T07:00:00+07:00,S37,reverse,25.8,45,620,0.77,SURVEI_SIMULASI,ok,True
2026-09-07T08:00:00+07:00,S37,reverse,25.4,45,634,0.79,SURVEI_SIMULASI,ok,True
2026-09-07T09:00:00+07:00,S37,reverse,25.3,45,637,0.8,SURVEI_SIMULASI,ok,True
2026-09-07T10:00:00+07:00,S37,reverse,32.4,45,407,0.51,SURVEI_SIMULASI,ok,True
2026-09-07T11:00:00+07:00,S37,reverse,32.4,45,406,0.51,SURVEI_SIMULASI,ok,True
2026-09-07T12:00:00+07:00,S37,reverse,34.5,45,338,0.42,SURVEI_SIMULASI,ok,True
2026-09-07T13:00:00+07:00,S37,reverse,34.1,45,351,0.44,SURVEI_SIMULASI,ok,True
2026-09-07T14:00:00+07:00,S37,reverse,32.8,45,395,0.49,SURVEI_SIMULASI,ok,True
2026-09-07T15:00:00+07:00,S37,reverse,33.0,45,387,0.48,SURVEI_SIMULASI,ok,True
2026-09-07T16:00:00+07:00,S37,reverse,27.1,45,578,0.72,SURVEI_SIMULASI,ok,True
2026-09-07T17:00:00+07:00,S37,reverse,24.7,45,655,0.82,SURVEI_SIMULASI,ok,True
2026-09-07T18:00:00+07:00,S37,reverse,24.8,45,651,0.81,SURVEI_SIMULASI,ok,True
2026-09-07T19:00:00+07:00,S37,reverse,27.2,45,574,0.72,SURVEI_SIMULASI,ok,True
2026-09-01T06:00:00+07:00,S38,forward,30.7,45,463,0.58,SURVEI_SIMULASI,ok,True
2026-09-01T07:00:00+07:00,S38,forward,24.4,45,666,0.83,SURVEI_SIMULASI,ok,True
2026-09-01T08:00:00+07:00,S38,forward,21.3,45,767,0.96,SURVEI_SIMULASI,ok,True
2026-09-01T09:00:00+07:00,S38,forward,23.7,45,689,0.86,SURVEI_SIMULASI,ok,True
2026-09-01T10:00:00+07:00,S38,forward,30.0,45,485,0.61,SURVEI_SIMULASI,ok,True
2026-09-01T11:00:00+07:00,S38,forward,31.1,45,449,0.56,SURVEI_SIMULASI,ok,True
2026-09-01T12:00:00+07:00,S38,forward,33.4,45,375,0.47,SURVEI_SIMULASI,ok,True
2026-09-01T13:00:00+07:00,S38,forward,32.4,45,407,0.51,SURVEI_SIMULASI,ok,True
2026-09-01T14:00:00+07:00,S38,forward,31.8,45,428,0.54,SURVEI_SIMULASI,ok,True
2026-09-01T15:00:00+07:00,S38,forward,30.8,45,460,0.57,SURVEI_SIMULASI,ok,True
2026-09-01T16:00:00+07:00,S38,forward,25.8,45,622,0.78,SURVEI_SIMULASI,ok,True
2026-09-01T17:00:00+07:00,S38,forward,25.1,45,644,0.8,SURVEI_SIMULASI,ok,True
2026-09-01T18:00:00+07:00,S38,forward,22.4,45,732,0.91,SURVEI_SIMULASI,ok,True
2026-09-01T19:00:00+07:00,S38,forward,25.1,45,644,0.81,SURVEI_SIMULASI,ok,True
2026-09-02T06:00:00+07:00,S38,forward,30.1,45,482,0.6,SURVEI_SIMULASI,ok,True
2026-09-02T07:00:00+07:00,S38,forward,20.4,45,795,0.99,SURVEI_SIMULASI,ok,True
2026-09-02T08:00:00+07:00,S38,forward,20.9,45,780,0.98,SURVEI_SIMULASI,ok,True
2026-09-02T09:00:00+07:00,S38,forward,22.6,45,725,0.91,SURVEI_SIMULASI,ok,True
2026-09-02T10:00:00+07:00,S38,forward,31.9,45,422,0.53,SURVEI_SIMULASI,ok,True
2026-09-02T11:00:00+07:00,S38,forward,32.0,45,420,0.53,SURVEI_SIMULASI,ok,True
2026-09-02T12:00:00+07:00,S38,forward,32.3,45,411,0.51,SURVEI_SIMULASI,ok,True
2026-09-02T13:00:00+07:00,S38,forward,33.3,45,377,0.47,SURVEI_SIMULASI,ok,True
2026-09-02T14:00:00+07:00,S38,forward,30.9,45,454,0.57,SURVEI_SIMULASI,ok,True
2026-09-02T15:00:00+07:00,S38,forward,31.9,45,423,0.53,SURVEI_SIMULASI,ok,True
2026-09-02T16:00:00+07:00,S38,forward,24.0,45,679,0.85,SURVEI_SIMULASI,ok,True
2026-09-02T17:00:00+07:00,S38,forward,24.9,45,649,0.81,SURVEI_SIMULASI,ok,True
2026-09-02T18:00:00+07:00,S38,forward,22.1,45,741,0.93,SURVEI_SIMULASI,ok,True
2026-09-02T19:00:00+07:00,S38,forward,21.9,45,746,0.93,SURVEI_SIMULASI,ok,True
2026-09-08T06:00:00+07:00,S38,forward,31.3,45,443,0.55,SURVEI_SIMULASI,ok,True
2026-09-08T07:00:00+07:00,S38,forward,22.3,45,733,0.92,SURVEI_SIMULASI,ok,True
2026-09-08T08:00:00+07:00,S38,forward,24.1,45,674,0.84,SURVEI_SIMULASI,ok,True
2026-09-08T09:00:00+07:00,S38,forward,24.4,45,667,0.83,SURVEI_SIMULASI,ok,True
2026-09-08T10:00:00+07:00,S38,forward,30.4,45,472,0.59,SURVEI_SIMULASI,ok,True
2026-09-08T11:00:00+07:00,S38,forward,29.8,45,492,0.62,SURVEI_SIMULASI,ok,True
2026-09-08T12:00:00+07:00,S38,forward,32.1,45,419,0.52,SURVEI_SIMULASI,ok,True
2026-09-08T13:00:00+07:00,S38,forward,31.7,45,431,0.54,SURVEI_SIMULASI,ok,True
2026-09-08T14:00:00+07:00,S38,forward,31.4,45,438,0.55,SURVEI_SIMULASI,ok,True
2026-09-08T15:00:00+07:00,S38,forward,30.1,45,483,0.6,SURVEI_SIMULASI,ok,True
2026-09-08T16:00:00+07:00,S38,forward,23.9,45,682,0.85,SURVEI_SIMULASI,ok,True
2026-09-08T17:00:00+07:00,S38,forward,22.6,45,723,0.9,SURVEI_SIMULASI,ok,True
2026-09-08T18:00:00+07:00,S38,forward,23.0,45,711,0.89,SURVEI_SIMULASI,ok,True
2026-09-08T19:00:00+07:00,S38,forward,24.4,45,666,0.83,SURVEI_SIMULASI,ok,True
2026-09-09T06:00:00+07:00,S38,forward,31.2,45,446,0.56,SURVEI_SIMULASI,ok,True
2026-09-09T07:00:00+07:00,S38,forward,24.2,45,671,0.84,SURVEI_SIMULASI,ok,True
2026-09-09T08:00:00+07:00,S38,forward,23.4,45,699,0.87,SURVEI_SIMULASI,ok,True
2026-09-09T09:00:00+07:00,S38,forward,24.5,45,662,0.83,SURVEI_SIMULASI,ok,True
2026-09-09T10:00:00+07:00,S38,forward,29.9,45,488,0.61,SURVEI_SIMULASI,ok,True
2026-09-09T11:00:00+07:00,S38,forward,31.3,45,443,0.55,SURVEI_SIMULASI,ok,True
2026-09-09T12:00:00+07:00,S38,forward,31.4,45,440,0.55,SURVEI_SIMULASI,ok,True
2026-09-09T13:00:00+07:00,S38,forward,32.1,45,415,0.52,SURVEI_SIMULASI,ok,True
2026-09-09T14:00:00+07:00,S38,forward,30.1,45,483,0.6,SURVEI_SIMULASI,ok,True
2026-09-09T15:00:00+07:00,S38,forward,30.1,45,480,0.6,SURVEI_SIMULASI,ok,True
2026-09-09T16:00:00+07:00,S38,forward,25.0,45,645,0.81,SURVEI_SIMULASI,ok,True
2026-09-09T17:00:00+07:00,S38,forward,25.9,45,616,0.77,SURVEI_SIMULASI,ok,True
2026-09-09T18:00:00+07:00,S38,forward,24.9,45,651,0.81,SURVEI_SIMULASI,ok,True
2026-09-09T19:00:00+07:00,S38,forward,25.2,45,639,0.8,SURVEI_SIMULASI,ok,True
2026-09-03T06:00:00+07:00,S38,forward,29.8,45,492,0.62,SURVEI_SIMULASI,ok,True
2026-09-03T07:00:00+07:00,S38,forward,20.6,45,789,0.99,SURVEI_SIMULASI,ok,True
2026-09-03T08:00:00+07:00,S38,forward,20.4,45,794,0.99,SURVEI_SIMULASI,ok,True
2026-09-03T09:00:00+07:00,S38,forward,22.5,45,729,0.91,SURVEI_SIMULASI,ok,True
2026-09-03T10:00:00+07:00,S38,forward,29.7,45,494,0.62,SURVEI_SIMULASI,ok,True
2026-09-03T11:00:00+07:00,S38,forward,30.3,45,476,0.6,SURVEI_SIMULASI,ok,True
2026-09-03T12:00:00+07:00,S38,forward,31.5,45,437,0.55,SURVEI_SIMULASI,ok,True
2026-09-03T13:00:00+07:00,S38,forward,31.3,45,444,0.56,SURVEI_SIMULASI,ok,True
2026-09-03T14:00:00+07:00,S38,forward,31.8,45,426,0.53,SURVEI_SIMULASI,ok,True
2026-09-03T15:00:00+07:00,S38,forward,29.6,45,498,0.62,SURVEI_SIMULASI,ok,True
2026-09-03T16:00:00+07:00,S38,forward,23.4,45,698,0.87,SURVEI_SIMULASI,ok,True
2026-09-03T17:00:00+07:00,S38,forward,24.5,45,663,0.83,SURVEI_SIMULASI,ok,True
2026-09-03T18:00:00+07:00,S38,forward,23.9,45,681,0.85,SURVEI_SIMULASI,ok,True
2026-09-03T19:00:00+07:00,S38,forward,23.0,45,711,0.89,SURVEI_SIMULASI,ok,True
2026-09-04T06:00:00+07:00,S38,forward,30.7,45,464,0.58,SURVEI_SIMULASI,ok,True
2026-09-04T07:00:00+07:00,S38,forward,22.7,45,721,0.9,SURVEI_SIMULASI,ok,True
2026-09-04T08:00:00+07:00,S38,forward,23.2,45,704,0.88,SURVEI_SIMULASI,ok,True
2026-09-04T09:00:00+07:00,S38,forward,22.4,45,732,0.91,SURVEI_SIMULASI,ok,True
2026-09-04T10:00:00+07:00,S38,forward,30.3,45,477,0.6,SURVEI_SIMULASI,ok,True
2026-09-04T11:00:00+07:00,S38,forward,30.2,45,479,0.6,SURVEI_SIMULASI,ok,True
2026-09-04T12:00:00+07:00,S38,forward,31.5,45,435,0.54,SURVEI_SIMULASI,ok,True
2026-09-04T13:00:00+07:00,S38,forward,31.4,45,441,0.55,SURVEI_SIMULASI,ok,True
2026-09-04T14:00:00+07:00,S38,forward,29.9,45,489,0.61,SURVEI_SIMULASI,ok,True
2026-09-04T15:00:00+07:00,S38,forward,30.0,45,483,0.6,SURVEI_SIMULASI,ok,True
2026-09-04T16:00:00+07:00,S38,forward,23.3,45,703,0.88,SURVEI_SIMULASI,ok,True
2026-09-04T17:00:00+07:00,S38,forward,23.9,45,682,0.85,SURVEI_SIMULASI,ok,True
2026-09-04T18:00:00+07:00,S38,forward,25.6,45,626,0.78,SURVEI_SIMULASI,ok,True
2026-09-04T19:00:00+07:00,S38,forward,23.1,45,708,0.89,SURVEI_SIMULASI,ok,True
2026-09-05T06:00:00+07:00,S38,forward,29.6,45,497,0.62,SURVEI_SIMULASI,ok,True
2026-09-05T07:00:00+07:00,S38,forward,20.4,45,796,0.99,SURVEI_SIMULASI,ok,True
2026-09-05T08:00:00+07:00,S38,forward,21.0,45,777,0.97,SURVEI_SIMULASI,ok,True
2026-09-05T09:00:00+07:00,S38,forward,22.6,45,725,0.91,SURVEI_SIMULASI,ok,True
2026-09-05T10:00:00+07:00,S38,forward,31.3,45,443,0.55,SURVEI_SIMULASI,ok,True
2026-09-05T11:00:00+07:00,S38,forward,30.0,45,484,0.61,SURVEI_SIMULASI,ok,True
2026-09-05T12:00:00+07:00,S38,forward,31.9,45,425,0.53,SURVEI_SIMULASI,ok,True
2026-09-05T13:00:00+07:00,S38,forward,32.6,45,401,0.5,SURVEI_SIMULASI,ok,True
2026-09-05T14:00:00+07:00,S38,forward,30.2,45,478,0.6,SURVEI_SIMULASI,ok,True
2026-09-05T15:00:00+07:00,S38,forward,29.8,45,491,0.61,SURVEI_SIMULASI,ok,True
2026-09-05T16:00:00+07:00,S38,forward,22.9,45,715,0.89,SURVEI_SIMULASI,ok,True
2026-09-05T17:00:00+07:00,S38,forward,24.3,45,669,0.84,SURVEI_SIMULASI,ok,True
2026-09-05T18:00:00+07:00,S38,forward,22.4,45,731,0.91,SURVEI_SIMULASI,ok,True
2026-09-05T19:00:00+07:00,S38,forward,24.8,45,654,0.82,SURVEI_SIMULASI,ok,True
2026-09-06T06:00:00+07:00,S38,forward,31.5,45,435,0.54,SURVEI_SIMULASI,ok,True
2026-09-06T07:00:00+07:00,S38,forward,23.2,45,705,0.88,SURVEI_SIMULASI,ok,True
2026-09-06T08:00:00+07:00,S38,forward,23.7,45,689,0.86,SURVEI_SIMULASI,ok,True
2026-09-06T09:00:00+07:00,S38,forward,25.1,45,642,0.8,SURVEI_SIMULASI,ok,True
2026-09-06T10:00:00+07:00,S38,forward,33.3,45,377,0.47,SURVEI_SIMULASI,ok,True
2026-09-06T11:00:00+07:00,S38,forward,32.8,45,393,0.49,SURVEI_SIMULASI,ok,True
2026-09-06T12:00:00+07:00,S38,forward,33.3,45,378,0.47,SURVEI_SIMULASI,ok,True
2026-09-06T13:00:00+07:00,S38,forward,33.0,45,389,0.49,SURVEI_SIMULASI,ok,True
2026-09-06T14:00:00+07:00,S38,forward,32.5,45,405,0.51,SURVEI_SIMULASI,ok,True
2026-09-06T15:00:00+07:00,S38,forward,31.2,45,445,0.56,SURVEI_SIMULASI,ok,True
2026-09-06T16:00:00+07:00,S38,forward,25.6,45,627,0.78,SURVEI_SIMULASI,ok,True
2026-09-06T17:00:00+07:00,S38,forward,26.4,45,602,0.75,SURVEI_SIMULASI,ok,True
2026-09-06T18:00:00+07:00,S38,forward,25.7,45,623,0.78,SURVEI_SIMULASI,ok,True
2026-09-06T19:00:00+07:00,S38,forward,26.2,45,606,0.76,SURVEI_SIMULASI,ok,True
2026-09-07T06:00:00+07:00,S38,forward,31.6,45,432,0.54,SURVEI_SIMULASI,ok,True
2026-09-07T07:00:00+07:00,S38,forward,23.8,45,685,0.86,SURVEI_SIMULASI,ok,True
2026-09-07T08:00:00+07:00,S38,forward,23.6,45,691,0.86,SURVEI_SIMULASI,ok,True
2026-09-07T09:00:00+07:00,S38,forward,25.4,45,634,0.79,SURVEI_SIMULASI,ok,True
2026-09-07T10:00:00+07:00,S38,forward,33.0,45,389,0.49,SURVEI_SIMULASI,ok,True
2026-09-07T11:00:00+07:00,S38,forward,32.3,45,409,0.51,SURVEI_SIMULASI,ok,True
2026-09-07T12:00:00+07:00,S38,forward,33.9,45,360,0.45,SURVEI_SIMULASI,ok,True
2026-09-07T13:00:00+07:00,S38,forward,33.2,45,383,0.48,SURVEI_SIMULASI,ok,True
2026-09-07T14:00:00+07:00,S38,forward,32.0,45,419,0.52,SURVEI_SIMULASI,ok,True
2026-09-07T15:00:00+07:00,S38,forward,33.4,45,376,0.47,SURVEI_SIMULASI,ok,True
2026-09-07T16:00:00+07:00,S38,forward,26.6,45,594,0.74,SURVEI_SIMULASI,ok,True
2026-09-07T17:00:00+07:00,S38,forward,24.6,45,658,0.82,SURVEI_SIMULASI,ok,True
2026-09-07T18:00:00+07:00,S38,forward,26.2,45,609,0.76,SURVEI_SIMULASI,ok,True
2026-09-07T19:00:00+07:00,S38,forward,25.8,45,620,0.77,SURVEI_SIMULASI,ok,True
2026-09-01T06:00:00+07:00,S38,reverse,29.8,45,492,0.61,SURVEI_SIMULASI,ok,True
2026-09-01T07:00:00+07:00,S38,reverse,20.9,45,778,0.97,SURVEI_SIMULASI,ok,True
2026-09-01T08:00:00+07:00,S38,reverse,22.0,45,743,0.93,SURVEI_SIMULASI,ok,True
2026-09-01T09:00:00+07:00,S38,reverse,23.8,45,685,0.86,SURVEI_SIMULASI,ok,True
2026-09-01T10:00:00+07:00,S38,reverse,31.4,45,439,0.55,SURVEI_SIMULASI,ok,True
2026-09-01T11:00:00+07:00,S38,reverse,32.1,45,418,0.52,SURVEI_SIMULASI,ok,True
2026-09-01T12:00:00+07:00,S38,reverse,33.0,45,389,0.49,SURVEI_SIMULASI,ok,True
2026-09-01T13:00:00+07:00,S38,reverse,32.6,45,402,0.5,SURVEI_SIMULASI,ok,True
2026-09-01T14:00:00+07:00,S38,reverse,30.8,45,458,0.57,SURVEI_SIMULASI,ok,True
2026-09-01T15:00:00+07:00,S38,reverse,32.3,45,409,0.51,SURVEI_SIMULASI,ok,True
2026-09-01T16:00:00+07:00,S38,reverse,25.5,45,630,0.79,SURVEI_SIMULASI,ok,True
2026-09-01T17:00:00+07:00,S38,reverse,24.3,45,670,0.84,SURVEI_SIMULASI,ok,True
2026-09-01T18:00:00+07:00,S38,reverse,23.2,45,706,0.88,SURVEI_SIMULASI,ok,True
2026-09-01T19:00:00+07:00,S38,reverse,24.8,45,651,0.81,SURVEI_SIMULASI,ok,True
2026-09-02T06:00:00+07:00,S38,reverse,31.6,45,432,0.54,SURVEI_SIMULASI,ok,True
2026-09-02T07:00:00+07:00,S38,reverse,21.5,45,758,0.95,SURVEI_SIMULASI,ok,True
2026-09-02T08:00:00+07:00,S38,reverse,24.4,45,664,0.83,SURVEI_SIMULASI,ok,True
2026-09-02T09:00:00+07:00,S38,reverse,21.7,45,754,0.94,SURVEI_SIMULASI,ok,True
2026-09-02T10:00:00+07:00,S38,reverse,31.9,45,424,0.53,SURVEI_SIMULASI,ok,True
2026-09-02T11:00:00+07:00,S38,reverse,32.2,45,413,0.52,SURVEI_SIMULASI,ok,True
2026-09-02T12:00:00+07:00,S38,reverse,32.1,45,418,0.52,SURVEI_SIMULASI,ok,True
2026-09-02T13:00:00+07:00,S38,reverse,32.9,45,390,0.49,SURVEI_SIMULASI,ok,True
2026-09-02T14:00:00+07:00,S38,reverse,29.9,45,489,0.61,SURVEI_SIMULASI,ok,True
2026-09-02T15:00:00+07:00,S38,reverse,31.4,45,439,0.55,SURVEI_SIMULASI,ok,True
2026-09-02T16:00:00+07:00,S38,reverse,25.2,45,640,0.8,SURVEI_SIMULASI,ok,True
2026-09-02T17:00:00+07:00,S38,reverse,23.3,45,701,0.88,SURVEI_SIMULASI,ok,True
2026-09-02T18:00:00+07:00,S38,reverse,23.3,45,702,0.88,SURVEI_SIMULASI,ok,True
2026-09-02T19:00:00+07:00,S38,reverse,23.5,45,695,0.87,SURVEI_SIMULASI,ok,True
2026-09-08T06:00:00+07:00,S38,reverse,30.2,45,480,0.6,SURVEI_SIMULASI,ok,True
2026-09-08T07:00:00+07:00,S38,reverse,21.5,45,758,0.95,SURVEI_SIMULASI,ok,True
2026-09-08T08:00:00+07:00,S38,reverse,21.9,45,746,0.93,SURVEI_SIMULASI,ok,True
2026-09-08T09:00:00+07:00,S38,reverse,23.4,45,698,0.87,SURVEI_SIMULASI,ok,True
2026-09-08T10:00:00+07:00,S38,reverse,32.0,45,419,0.52,SURVEI_SIMULASI,ok,True
2026-09-08T11:00:00+07:00,S38,reverse,31.4,45,440,0.55,SURVEI_SIMULASI,ok,True
2026-09-08T12:00:00+07:00,S38,reverse,32.8,45,393,0.49,SURVEI_SIMULASI,ok,True
2026-09-08T13:00:00+07:00,S38,reverse,32.8,45,395,0.49,SURVEI_SIMULASI,ok,True
2026-09-08T14:00:00+07:00,S38,reverse,30.6,45,466,0.58,SURVEI_SIMULASI,ok,True
2026-09-08T15:00:00+07:00,S38,reverse,32.0,45,420,0.52,SURVEI_SIMULASI,ok,True
2026-09-08T16:00:00+07:00,S38,reverse,22.6,45,724,0.91,SURVEI_SIMULASI,ok,True
2026-09-08T17:00:00+07:00,S38,reverse,22.8,45,718,0.9,SURVEI_SIMULASI,ok,True
2026-09-08T18:00:00+07:00,S38,reverse,24.5,45,664,0.83,SURVEI_SIMULASI,ok,True
2026-09-08T19:00:00+07:00,S38,reverse,22.4,45,729,0.91,SURVEI_SIMULASI,ok,True
2026-09-09T06:00:00+07:00,S38,reverse,30.9,45,457,0.57,SURVEI_SIMULASI,ok,True
2026-09-09T07:00:00+07:00,S38,reverse,24.0,45,680,0.85,SURVEI_SIMULASI,ok,True
2026-09-09T08:00:00+07:00,S38,reverse,21.2,45,771,0.96,SURVEI_SIMULASI,ok,True
2026-09-09T09:00:00+07:00,S38,reverse,21.5,45,760,0.95,SURVEI_SIMULASI,ok,True
2026-09-09T10:00:00+07:00,S38,reverse,30.7,45,462,0.58,SURVEI_SIMULASI,ok,True
2026-09-09T11:00:00+07:00,S38,reverse,29.7,45,495,0.62,SURVEI_SIMULASI,ok,True
2026-09-09T12:00:00+07:00,S38,reverse,32.5,45,403,0.5,SURVEI_SIMULASI,ok,True
2026-09-09T13:00:00+07:00,S38,reverse,32.7,45,397,0.5,SURVEI_SIMULASI,ok,True
2026-09-09T14:00:00+07:00,S38,reverse,30.7,45,462,0.58,SURVEI_SIMULASI,ok,True
2026-09-09T15:00:00+07:00,S38,reverse,32.1,45,418,0.52,SURVEI_SIMULASI,ok,True
2026-09-09T16:00:00+07:00,S38,reverse,23.3,45,703,0.88,SURVEI_SIMULASI,ok,True
2026-09-09T17:00:00+07:00,S38,reverse,25.1,45,642,0.8,SURVEI_SIMULASI,ok,True
2026-09-09T18:00:00+07:00,S38,reverse,24.9,45,650,0.81,SURVEI_SIMULASI,ok,True
2026-09-09T19:00:00+07:00,S38,reverse,21.9,45,748,0.93,SURVEI_SIMULASI,ok,True
2026-09-03T06:00:00+07:00,S38,reverse,30.7,45,462,0.58,SURVEI_SIMULASI,ok,True
2026-09-03T07:00:00+07:00,S38,reverse,23.2,45,703,0.88,SURVEI_SIMULASI,ok,True
2026-09-03T08:00:00+07:00,S38,reverse,20.7,45,787,0.98,SURVEI_SIMULASI,ok,True
2026-09-03T09:00:00+07:00,S38,reverse,23.1,45,708,0.88,SURVEI_SIMULASI,ok,True
2026-09-03T10:00:00+07:00,S38,reverse,32.1,45,417,0.52,SURVEI_SIMULASI,ok,True
2026-09-03T11:00:00+07:00,S38,reverse,31.2,45,447,0.56,SURVEI_SIMULASI,ok,True
2026-09-03T12:00:00+07:00,S38,reverse,31.1,45,449,0.56,SURVEI_SIMULASI,ok,True
2026-09-03T13:00:00+07:00,S38,reverse,31.6,45,432,0.54,SURVEI_SIMULASI,ok,True
2026-09-03T14:00:00+07:00,S38,reverse,31.6,45,432,0.54,SURVEI_SIMULASI,ok,True
2026-09-03T15:00:00+07:00,S38,reverse,29.6,45,496,0.62,SURVEI_SIMULASI,ok,True
2026-09-03T16:00:00+07:00,S38,reverse,22.4,45,730,0.91,SURVEI_SIMULASI,ok,True
2026-09-03T17:00:00+07:00,S38,reverse,22.5,45,728,0.91,SURVEI_SIMULASI,ok,True
2026-09-03T18:00:00+07:00,S38,reverse,22.8,45,718,0.9,SURVEI_SIMULASI,ok,True
2026-09-03T19:00:00+07:00,S38,reverse,24.8,45,652,0.82,SURVEI_SIMULASI,ok,True
2026-09-04T06:00:00+07:00,S38,reverse,30.9,45,457,0.57,SURVEI_SIMULASI,ok,True
2026-09-04T07:00:00+07:00,S38,reverse,24.7,45,657,0.82,SURVEI_SIMULASI,ok,True
2026-09-04T08:00:00+07:00,S38,reverse,22.0,45,742,0.93,SURVEI_SIMULASI,ok,True
2026-09-04T09:00:00+07:00,S38,reverse,21.6,45,758,0.95,SURVEI_SIMULASI,ok,True
2026-09-04T10:00:00+07:00,S38,reverse,31.2,45,447,0.56,SURVEI_SIMULASI,ok,True
2026-09-04T11:00:00+07:00,S38,reverse,31.1,45,450,0.56,SURVEI_SIMULASI,ok,True
2026-09-04T12:00:00+07:00,S38,reverse,33.1,45,384,0.48,SURVEI_SIMULASI,ok,True
2026-09-04T13:00:00+07:00,S38,reverse,31.3,45,442,0.55,SURVEI_SIMULASI,ok,True
2026-09-04T14:00:00+07:00,S38,reverse,30.0,45,486,0.61,SURVEI_SIMULASI,ok,True
2026-09-04T15:00:00+07:00,S38,reverse,30.6,45,464,0.58,SURVEI_SIMULASI,ok,True
2026-09-04T16:00:00+07:00,S38,reverse,22.4,45,732,0.92,SURVEI_SIMULASI,ok,True
2026-09-04T17:00:00+07:00,S38,reverse,22.3,45,733,0.92,SURVEI_SIMULASI,ok,True
2026-09-04T18:00:00+07:00,S38,reverse,24.1,45,676,0.84,SURVEI_SIMULASI,ok,True
2026-09-04T19:00:00+07:00,S38,reverse,22.1,45,740,0.93,SURVEI_SIMULASI,ok,True
2026-09-05T06:00:00+07:00,S38,reverse,31.0,45,454,0.57,SURVEI_SIMULASI,ok,True
2026-09-05T07:00:00+07:00,S38,reverse,22.6,45,725,0.91,SURVEI_SIMULASI,ok,True
2026-09-05T08:00:00+07:00,S38,reverse,21.0,45,776,0.97,SURVEI_SIMULASI,ok,True
2026-09-05T09:00:00+07:00,S38,reverse,22.4,45,732,0.91,SURVEI_SIMULASI,ok,True
2026-09-05T10:00:00+07:00,S38,reverse,32.0,45,420,0.52,SURVEI_SIMULASI,ok,True
2026-09-05T11:00:00+07:00,S38,reverse,32.2,45,413,0.52,SURVEI_SIMULASI,ok,True
2026-09-05T12:00:00+07:00,S38,reverse,31.1,45,449,0.56,SURVEI_SIMULASI,ok,True
2026-09-05T13:00:00+07:00,S38,reverse,33.0,45,389,0.49,SURVEI_SIMULASI,ok,True
2026-09-05T14:00:00+07:00,S38,reverse,31.6,45,434,0.54,SURVEI_SIMULASI,ok,True
2026-09-05T15:00:00+07:00,S38,reverse,31.2,45,446,0.56,SURVEI_SIMULASI,ok,True
2026-09-05T16:00:00+07:00,S38,reverse,23.4,45,698,0.87,SURVEI_SIMULASI,ok,True
2026-09-05T17:00:00+07:00,S38,reverse,25.9,45,616,0.77,SURVEI_SIMULASI,ok,True
2026-09-05T18:00:00+07:00,S38,reverse,22.7,45,721,0.9,SURVEI_SIMULASI,ok,True
2026-09-05T19:00:00+07:00,S38,reverse,25.5,45,631,0.79,SURVEI_SIMULASI,ok,True
2026-09-06T06:00:00+07:00,S38,reverse,31.5,45,437,0.55,SURVEI_SIMULASI,ok,True
2026-09-06T07:00:00+07:00,S38,reverse,26.3,45,605,0.76,SURVEI_SIMULASI,ok,True
2026-09-06T08:00:00+07:00,S38,reverse,26.4,45,600,0.75,SURVEI_SIMULASI,ok,True
2026-09-06T09:00:00+07:00,S38,reverse,23.4,45,700,0.87,SURVEI_SIMULASI,ok,True
2026-09-06T10:00:00+07:00,S38,reverse,31.9,45,422,0.53,SURVEI_SIMULASI,ok,True
2026-09-06T11:00:00+07:00,S38,reverse,32.0,45,419,0.52,SURVEI_SIMULASI,ok,True
2026-09-06T12:00:00+07:00,S38,reverse,34.2,45,349,0.44,SURVEI_SIMULASI,ok,True
2026-09-06T13:00:00+07:00,S38,reverse,33.1,45,384,0.48,SURVEI_SIMULASI,ok,True
2026-09-06T14:00:00+07:00,S38,reverse,32.5,45,403,0.5,SURVEI_SIMULASI,ok,True
2026-09-06T15:00:00+07:00,S38,reverse,31.9,45,423,0.53,SURVEI_SIMULASI,ok,True
2026-09-06T16:00:00+07:00,S38,reverse,27.2,45,576,0.72,SURVEI_SIMULASI,ok,True
2026-09-06T17:00:00+07:00,S38,reverse,24.7,45,657,0.82,SURVEI_SIMULASI,ok,True
2026-09-06T18:00:00+07:00,S38,reverse,24.8,45,653,0.82,SURVEI_SIMULASI,ok,True
2026-09-06T19:00:00+07:00,S38,reverse,25.0,45,647,0.81,SURVEI_SIMULASI,ok,True
2026-09-07T06:00:00+07:00,S38,reverse,32.8,45,396,0.49,SURVEI_SIMULASI,ok,True
2026-09-07T07:00:00+07:00,S38,reverse,26.1,45,611,0.76,SURVEI_SIMULASI,ok,True
2026-09-07T08:00:00+07:00,S38,reverse,23.3,45,702,0.88,SURVEI_SIMULASI,ok,True
2026-09-07T09:00:00+07:00,S38,reverse,23.2,45,703,0.88,SURVEI_SIMULASI,ok,True
2026-09-07T10:00:00+07:00,S38,reverse,31.5,45,437,0.55,SURVEI_SIMULASI,ok,True
2026-09-07T11:00:00+07:00,S38,reverse,31.3,45,444,0.56,SURVEI_SIMULASI,ok,True
2026-09-07T12:00:00+07:00,S38,reverse,33.7,45,364,0.46,SURVEI_SIMULASI,ok,True
2026-09-07T13:00:00+07:00,S38,reverse,34.2,45,350,0.44,SURVEI_SIMULASI,ok,True
2026-09-07T14:00:00+07:00,S38,reverse,32.5,45,403,0.5,SURVEI_SIMULASI,ok,True
2026-09-07T15:00:00+07:00,S38,reverse,32.4,45,408,0.51,SURVEI_SIMULASI,ok,True
2026-09-07T16:00:00+07:00,S38,reverse,26.6,45,596,0.75,SURVEI_SIMULASI,ok,True
2026-09-07T17:00:00+07:00,S38,reverse,24.4,45,665,0.83,SURVEI_SIMULASI,ok,True
2026-09-07T18:00:00+07:00,S38,reverse,25.1,45,643,0.8,SURVEI_SIMULASI,ok,True
2026-09-07T19:00:00+07:00,S38,reverse,25.3,45,637,0.8,SURVEI_SIMULASI,ok,True
2026-09-01T06:00:00+07:00,S39,forward,30.5,45,467,0.58,SURVEI_SIMULASI,ok,True
2026-09-01T07:00:00+07:00,S39,forward,23.7,45,688,0.86,SURVEI_SIMULASI,ok,True
2026-09-01T08:00:00+07:00,S39,forward,23.3,45,700,0.88,SURVEI_SIMULASI,ok,True
2026-09-01T09:00:00+07:00,S39,forward,20.3,45,797,0.99,SURVEI_SIMULASI,ok,True
2026-09-01T10:00:00+07:00,S39,forward,30.3,45,474,0.59,SURVEI_SIMULASI,ok,True
2026-09-01T11:00:00+07:00,S39,forward,32.0,45,421,0.53,SURVEI_SIMULASI,ok,True
2026-09-01T12:00:00+07:00,S39,forward,32.9,45,391,0.49,SURVEI_SIMULASI,ok,True
2026-09-01T13:00:00+07:00,S39,forward,31.1,45,450,0.56,SURVEI_SIMULASI,ok,True
2026-09-01T14:00:00+07:00,S39,forward,32.0,45,421,0.53,SURVEI_SIMULASI,ok,True
2026-09-01T15:00:00+07:00,S39,forward,30.9,45,455,0.57,SURVEI_SIMULASI,ok,True
2026-09-01T16:00:00+07:00,S39,forward,24.1,45,675,0.84,SURVEI_SIMULASI,ok,True
2026-09-01T17:00:00+07:00,S39,forward,23.4,45,699,0.87,SURVEI_SIMULASI,ok,True
2026-09-01T18:00:00+07:00,S39,forward,23.6,45,691,0.86,SURVEI_SIMULASI,ok,True
2026-09-01T19:00:00+07:00,S39,forward,25.5,45,630,0.79,SURVEI_SIMULASI,ok,True
2026-09-02T06:00:00+07:00,S39,forward,29.8,45,491,0.61,SURVEI_SIMULASI,ok,True
2026-09-02T07:00:00+07:00,S39,forward,20.2,45,805,0.99,SURVEI_SIMULASI,ok,True
2026-09-02T08:00:00+07:00,S39,forward,23.7,45,688,0.86,SURVEI_SIMULASI,ok,True
2026-09-02T09:00:00+07:00,S39,forward,23.0,45,711,0.89,SURVEI_SIMULASI,ok,True
2026-09-02T10:00:00+07:00,S39,forward,30.1,45,480,0.6,SURVEI_SIMULASI,ok,True
2026-09-02T11:00:00+07:00,S39,forward,32.1,45,417,0.52,SURVEI_SIMULASI,ok,True
2026-09-02T12:00:00+07:00,S39,forward,31.3,45,442,0.55,SURVEI_SIMULASI,ok,True
2026-09-02T13:00:00+07:00,S39,forward,31.9,45,424,0.53,SURVEI_SIMULASI,ok,True
2026-09-02T14:00:00+07:00,S39,forward,30.3,45,476,0.6,SURVEI_SIMULASI,ok,True
2026-09-02T15:00:00+07:00,S39,forward,31.5,45,437,0.55,SURVEI_SIMULASI,ok,True
2026-09-02T16:00:00+07:00,S39,forward,22.9,45,715,0.89,SURVEI_SIMULASI,ok,True
2026-09-02T17:00:00+07:00,S39,forward,22.6,45,725,0.91,SURVEI_SIMULASI,ok,True
2026-09-02T18:00:00+07:00,S39,forward,25.3,45,636,0.79,SURVEI_SIMULASI,ok,True
2026-09-02T19:00:00+07:00,S39,forward,23.1,45,707,0.88,SURVEI_SIMULASI,ok,True
2026-09-08T06:00:00+07:00,S39,forward,30.1,45,481,0.6,SURVEI_SIMULASI,ok,True
2026-09-08T07:00:00+07:00,S39,forward,23.6,45,690,0.86,SURVEI_SIMULASI,ok,True
2026-09-08T08:00:00+07:00,S39,forward,21.6,45,758,0.95,SURVEI_SIMULASI,ok,True
2026-09-08T09:00:00+07:00,S39,forward,22.6,45,723,0.9,SURVEI_SIMULASI,ok,True
2026-09-08T10:00:00+07:00,S39,forward,30.9,45,456,0.57,SURVEI_SIMULASI,ok,True
2026-09-08T11:00:00+07:00,S39,forward,29.4,45,503,0.63,SURVEI_SIMULASI,ok,True
2026-09-08T12:00:00+07:00,S39,forward,33.1,45,385,0.48,SURVEI_SIMULASI,ok,True
2026-09-08T13:00:00+07:00,S39,forward,32.6,45,400,0.5,SURVEI_SIMULASI,ok,True
2026-09-08T14:00:00+07:00,S39,forward,31.4,45,439,0.55,SURVEI_SIMULASI,ok,True
2026-09-08T15:00:00+07:00,S39,forward,31.7,45,429,0.54,SURVEI_SIMULASI,ok,True
2026-09-08T16:00:00+07:00,S39,forward,25.3,45,638,0.8,SURVEI_SIMULASI,ok,True
2026-09-08T17:00:00+07:00,S39,forward,22.0,45,743,0.93,SURVEI_SIMULASI,ok,True
2026-09-08T18:00:00+07:00,S39,forward,22.3,45,734,0.92,SURVEI_SIMULASI,ok,True
2026-09-08T19:00:00+07:00,S39,forward,24.4,45,665,0.83,SURVEI_SIMULASI,ok,True
2026-09-09T06:00:00+07:00,S39,forward,31.2,45,446,0.56,SURVEI_SIMULASI,ok,True
2026-09-09T07:00:00+07:00,S39,forward,24.1,45,675,0.84,SURVEI_SIMULASI,ok,True
2026-09-09T08:00:00+07:00,S39,forward,22.2,45,737,0.92,SURVEI_SIMULASI,ok,True
2026-09-09T09:00:00+07:00,S39,forward,20.4,45,795,0.99,SURVEI_SIMULASI,ok,True
2026-09-09T10:00:00+07:00,S39,forward,30.6,45,464,0.58,SURVEI_SIMULASI,ok,True
2026-09-09T11:00:00+07:00,S39,forward,31.2,45,447,0.56,SURVEI_SIMULASI,ok,True
2026-09-09T12:00:00+07:00,S39,forward,32.2,45,415,0.52,SURVEI_SIMULASI,ok,True
2026-09-09T13:00:00+07:00,S39,forward,32.7,45,399,0.5,SURVEI_SIMULASI,ok,True
2026-09-09T14:00:00+07:00,S39,forward,30.0,45,484,0.6,SURVEI_SIMULASI,ok,True
2026-09-09T15:00:00+07:00,S39,forward,29.3,45,507,0.63,SURVEI_SIMULASI,ok,True
2026-09-09T16:00:00+07:00,S39,forward,25.5,45,631,0.79,SURVEI_SIMULASI,ok,True
2026-09-09T17:00:00+07:00,S39,forward,25.5,45,629,0.79,SURVEI_SIMULASI,ok,True
2026-09-09T18:00:00+07:00,S39,forward,23.5,45,694,0.87,SURVEI_SIMULASI,ok,True
2026-09-09T19:00:00+07:00,S39,forward,21.7,45,754,0.94,SURVEI_SIMULASI,ok,True
2026-09-03T06:00:00+07:00,S39,forward,30.5,45,468,0.58,SURVEI_SIMULASI,ok,True
2026-09-03T07:00:00+07:00,S39,forward,24.4,45,666,0.83,SURVEI_SIMULASI,ok,True
2026-09-03T08:00:00+07:00,S39,forward,21.9,45,746,0.93,SURVEI_SIMULASI,ok,True
2026-09-03T09:00:00+07:00,S39,forward,20.2,45,802,0.99,SURVEI_SIMULASI,ok,True
2026-09-03T10:00:00+07:00,S39,forward,30.5,45,469,0.59,SURVEI_SIMULASI,ok,True
2026-09-03T11:00:00+07:00,S39,forward,31.8,45,426,0.53,SURVEI_SIMULASI,ok,True
2026-09-03T12:00:00+07:00,S39,forward,31.8,45,425,0.53,SURVEI_SIMULASI,ok,True
2026-09-03T13:00:00+07:00,S39,forward,32.7,45,398,0.5,SURVEI_SIMULASI,ok,True
2026-09-03T14:00:00+07:00,S39,forward,30.6,45,467,0.58,SURVEI_SIMULASI,ok,True
2026-09-03T15:00:00+07:00,S39,forward,30.6,45,464,0.58,SURVEI_SIMULASI,ok,True
2026-09-03T16:00:00+07:00,S39,forward,23.5,45,696,0.87,SURVEI_SIMULASI,ok,True
2026-09-03T17:00:00+07:00,S39,forward,25.3,45,637,0.8,SURVEI_SIMULASI,ok,True
2026-09-03T18:00:00+07:00,S39,forward,24.8,45,652,0.81,SURVEI_SIMULASI,ok,True
2026-09-03T19:00:00+07:00,S39,forward,22.8,45,719,0.9,SURVEI_SIMULASI,ok,True
2026-09-04T06:00:00+07:00,S39,forward,30.6,45,467,0.58,SURVEI_SIMULASI,ok,True
2026-09-04T07:00:00+07:00,S39,forward,21.7,45,752,0.94,SURVEI_SIMULASI,ok,True
2026-09-04T08:00:00+07:00,S39,forward,20.2,45,802,0.99,SURVEI_SIMULASI,ok,True
2026-09-04T09:00:00+07:00,S39,forward,21.7,45,753,0.94,SURVEI_SIMULASI,ok,True
2026-09-04T10:00:00+07:00,S39,forward,30.9,45,454,0.57,SURVEI_SIMULASI,ok,True
2026-09-04T11:00:00+07:00,S39,forward,29.5,45,501,0.63,SURVEI_SIMULASI,ok,True
2026-09-04T12:00:00+07:00,S39,forward,30.9,45,455,0.57,SURVEI_SIMULASI,ok,True
2026-09-04T13:00:00+07:00,S39,forward,33.1,45,384,0.48,SURVEI_SIMULASI,ok,True
2026-09-04T14:00:00+07:00,S39,forward,30.8,45,459,0.57,SURVEI_SIMULASI,ok,True
2026-09-04T15:00:00+07:00,S39,forward,29.9,45,487,0.61,SURVEI_SIMULASI,ok,True
2026-09-04T16:00:00+07:00,S39,forward,23.5,45,695,0.87,SURVEI_SIMULASI,ok,True
2026-09-04T17:00:00+07:00,S39,forward,23.8,45,684,0.86,SURVEI_SIMULASI,ok,True
2026-09-04T18:00:00+07:00,S39,forward,23.1,45,709,0.89,SURVEI_SIMULASI,ok,True
2026-09-04T19:00:00+07:00,S39,forward,25.3,45,636,0.79,SURVEI_SIMULASI,ok,True
2026-09-05T06:00:00+07:00,S39,forward,29.7,45,493,0.62,SURVEI_SIMULASI,ok,True
2026-09-05T07:00:00+07:00,S39,forward,23.5,45,695,0.87,SURVEI_SIMULASI,ok,True
2026-09-05T08:00:00+07:00,S39,forward,20.2,45,801,0.99,SURVEI_SIMULASI,ok,True
2026-09-05T09:00:00+07:00,S39,forward,21.5,45,759,0.95,SURVEI_SIMULASI,ok,True
2026-09-05T10:00:00+07:00,S39,forward,29.7,45,496,0.62,SURVEI_SIMULASI,ok,True
2026-09-05T11:00:00+07:00,S39,forward,31.4,45,438,0.55,SURVEI_SIMULASI,ok,True
2026-09-05T12:00:00+07:00,S39,forward,31.9,45,422,0.53,SURVEI_SIMULASI,ok,True
2026-09-05T13:00:00+07:00,S39,forward,31.9,45,425,0.53,SURVEI_SIMULASI,ok,True
2026-09-05T14:00:00+07:00,S39,forward,30.9,45,456,0.57,SURVEI_SIMULASI,ok,True
2026-09-05T15:00:00+07:00,S39,forward,30.0,45,483,0.6,SURVEI_SIMULASI,ok,True
2026-09-05T16:00:00+07:00,S39,forward,22.7,45,721,0.9,SURVEI_SIMULASI,ok,True
2026-09-05T17:00:00+07:00,S39,forward,21.8,45,751,0.94,SURVEI_SIMULASI,ok,True
2026-09-05T18:00:00+07:00,S39,forward,22.6,45,725,0.91,SURVEI_SIMULASI,ok,True
2026-09-05T19:00:00+07:00,S39,forward,24.6,45,660,0.83,SURVEI_SIMULASI,ok,True
2026-09-06T06:00:00+07:00,S39,forward,33.1,45,384,0.48,SURVEI_SIMULASI,ok,True
2026-09-06T07:00:00+07:00,S39,forward,25.0,45,648,0.81,SURVEI_SIMULASI,ok,True
2026-09-06T08:00:00+07:00,S39,forward,24.6,45,659,0.82,SURVEI_SIMULASI,ok,True
2026-09-06T09:00:00+07:00,S39,forward,24.8,45,654,0.82,SURVEI_SIMULASI,ok,True
2026-09-06T10:00:00+07:00,S39,forward,31.2,45,446,0.56,SURVEI_SIMULASI,ok,True
2026-09-06T11:00:00+07:00,S39,forward,31.6,45,433,0.54,SURVEI_SIMULASI,ok,True
2026-09-06T12:00:00+07:00,S39,forward,34.3,45,347,0.43,SURVEI_SIMULASI,ok,True
2026-09-06T13:00:00+07:00,S39,forward,33.6,45,367,0.46,SURVEI_SIMULASI,ok,True
2026-09-06T14:00:00+07:00,S39,forward,31.8,45,428,0.53,SURVEI_SIMULASI,ok,True
2026-09-06T15:00:00+07:00,S39,forward,32.5,45,405,0.51,SURVEI_SIMULASI,ok,True
2026-09-06T16:00:00+07:00,S39,forward,24.6,45,660,0.83,SURVEI_SIMULASI,ok,True
2026-09-06T17:00:00+07:00,S39,forward,27.5,45,564,0.71,SURVEI_SIMULASI,ok,True
2026-09-06T18:00:00+07:00,S39,forward,25.3,45,636,0.8,SURVEI_SIMULASI,ok,True
2026-09-06T19:00:00+07:00,S39,forward,26.0,45,616,0.77,SURVEI_SIMULASI,ok,True
2026-09-07T06:00:00+07:00,S39,forward,33.3,45,378,0.47,SURVEI_SIMULASI,ok,True
2026-09-07T07:00:00+07:00,S39,forward,24.1,45,675,0.84,SURVEI_SIMULASI,ok,True
2026-09-07T08:00:00+07:00,S39,forward,24.8,45,652,0.82,SURVEI_SIMULASI,ok,True
2026-09-07T09:00:00+07:00,S39,forward,22.5,45,729,0.91,SURVEI_SIMULASI,ok,True
2026-09-07T10:00:00+07:00,S39,forward,33.0,45,389,0.49,SURVEI_SIMULASI,ok,True
2026-09-07T11:00:00+07:00,S39,forward,32.7,45,396,0.5,SURVEI_SIMULASI,ok,True
2026-09-07T12:00:00+07:00,S39,forward,32.9,45,390,0.49,SURVEI_SIMULASI,ok,True
2026-09-07T13:00:00+07:00,S39,forward,33.1,45,384,0.48,SURVEI_SIMULASI,ok,True
2026-09-07T14:00:00+07:00,S39,forward,32.4,45,409,0.51,SURVEI_SIMULASI,ok,True
2026-09-07T15:00:00+07:00,S39,forward,31.8,45,428,0.53,SURVEI_SIMULASI,ok,True
2026-09-07T16:00:00+07:00,S39,forward,24.6,45,659,0.82,SURVEI_SIMULASI,ok,True
2026-09-07T17:00:00+07:00,S39,forward,25.4,45,635,0.79,SURVEI_SIMULASI,ok,True
2026-09-07T18:00:00+07:00,S39,forward,26.7,45,592,0.74,SURVEI_SIMULASI,ok,True
2026-09-07T19:00:00+07:00,S39,forward,24.4,45,666,0.83,SURVEI_SIMULASI,ok,True
2026-09-01T06:00:00+07:00,S39,reverse,31.1,45,450,0.56,SURVEI_SIMULASI,ok,True
2026-09-01T07:00:00+07:00,S39,reverse,23.4,45,697,0.87,SURVEI_SIMULASI,ok,True
2026-09-01T08:00:00+07:00,S39,reverse,23.2,45,706,0.88,SURVEI_SIMULASI,ok,True
2026-09-01T09:00:00+07:00,S39,reverse,22.2,45,737,0.92,SURVEI_SIMULASI,ok,True
2026-09-01T10:00:00+07:00,S39,reverse,29.3,45,507,0.63,SURVEI_SIMULASI,ok,True
2026-09-01T11:00:00+07:00,S39,reverse,31.5,45,436,0.54,SURVEI_SIMULASI,ok,True
2026-09-01T12:00:00+07:00,S39,reverse,31.6,45,433,0.54,SURVEI_SIMULASI,ok,True
2026-09-01T13:00:00+07:00,S39,reverse,32.6,45,402,0.5,SURVEI_SIMULASI,ok,True
2026-09-01T14:00:00+07:00,S39,reverse,31.7,45,431,0.54,SURVEI_SIMULASI,ok,True
2026-09-01T15:00:00+07:00,S39,reverse,30.0,45,484,0.6,SURVEI_SIMULASI,ok,True
2026-09-01T16:00:00+07:00,S39,reverse,23.2,45,705,0.88,SURVEI_SIMULASI,ok,True
2026-09-01T17:00:00+07:00,S39,reverse,24.2,45,673,0.84,SURVEI_SIMULASI,ok,True
2026-09-01T18:00:00+07:00,S39,reverse,24.9,45,649,0.81,SURVEI_SIMULASI,ok,True
2026-09-01T19:00:00+07:00,S39,reverse,22.1,45,740,0.93,SURVEI_SIMULASI,ok,True
2026-09-02T06:00:00+07:00,S39,reverse,30.7,45,463,0.58,SURVEI_SIMULASI,ok,True
2026-09-02T07:00:00+07:00,S39,reverse,21.0,45,776,0.97,SURVEI_SIMULASI,ok,True
2026-09-02T08:00:00+07:00,S39,reverse,23.3,45,702,0.88,SURVEI_SIMULASI,ok,True
2026-09-02T09:00:00+07:00,S39,reverse,23.9,45,681,0.85,SURVEI_SIMULASI,ok,True
2026-09-02T10:00:00+07:00,S39,reverse,30.3,45,476,0.6,SURVEI_SIMULASI,ok,True
2026-09-02T11:00:00+07:00,S39,reverse,31.3,45,443,0.55,SURVEI_SIMULASI,ok,True
2026-09-02T12:00:00+07:00,S39,reverse,33.3,45,379,0.47,SURVEI_SIMULASI,ok,True
2026-09-02T13:00:00+07:00,S39,reverse,31.2,45,445,0.56,SURVEI_SIMULASI,ok,True
2026-09-02T14:00:00+07:00,S39,reverse,30.6,45,464,0.58,SURVEI_SIMULASI,ok,True
2026-09-02T15:00:00+07:00,S39,reverse,30.0,45,485,0.61,SURVEI_SIMULASI,ok,True
2026-09-02T16:00:00+07:00,S39,reverse,25.6,45,626,0.78,SURVEI_SIMULASI,ok,True
2026-09-02T17:00:00+07:00,S39,reverse,25.2,45,641,0.8,SURVEI_SIMULASI,ok,True
2026-09-02T18:00:00+07:00,S39,reverse,22.7,45,721,0.9,SURVEI_SIMULASI,ok,True
2026-09-02T19:00:00+07:00,S39,reverse,25.5,45,631,0.79,SURVEI_SIMULASI,ok,True
2026-09-08T06:00:00+07:00,S39,reverse,31.0,45,453,0.57,SURVEI_SIMULASI,ok,True
2026-09-08T07:00:00+07:00,S39,reverse,22.5,45,729,0.91,SURVEI_SIMULASI,ok,True
2026-09-08T08:00:00+07:00,S39,reverse,23.2,45,704,0.88,SURVEI_SIMULASI,ok,True
2026-09-08T09:00:00+07:00,S39,reverse,23.3,45,701,0.88,SURVEI_SIMULASI,ok,True
2026-09-08T10:00:00+07:00,S39,reverse,31.3,45,443,0.55,SURVEI_SIMULASI,ok,True
2026-09-08T11:00:00+07:00,S39,reverse,30.2,45,477,0.6,SURVEI_SIMULASI,ok,True
2026-09-08T12:00:00+07:00,S39,reverse,32.4,45,407,0.51,SURVEI_SIMULASI,ok,True
2026-09-08T13:00:00+07:00,S39,reverse,33.1,45,385,0.48,SURVEI_SIMULASI,ok,True
2026-09-08T14:00:00+07:00,S39,reverse,30.2,45,480,0.6,SURVEI_SIMULASI,ok,True
2026-09-08T15:00:00+07:00,S39,reverse,31.8,45,425,0.53,SURVEI_SIMULASI,ok,True
2026-09-08T16:00:00+07:00,S39,reverse,25.1,45,643,0.8,SURVEI_SIMULASI,ok,True
2026-09-08T17:00:00+07:00,S39,reverse,23.0,45,710,0.89,SURVEI_SIMULASI,ok,True
2026-09-08T18:00:00+07:00,S39,reverse,24.9,45,651,0.81,SURVEI_SIMULASI,ok,True
2026-09-08T19:00:00+07:00,S39,reverse,24.3,45,668,0.84,SURVEI_SIMULASI,ok,True
2026-09-09T06:00:00+07:00,S39,reverse,29.5,45,501,0.63,SURVEI_SIMULASI,ok,True
2026-09-09T07:00:00+07:00,S39,reverse,22.1,45,740,0.93,SURVEI_SIMULASI,ok,True
2026-09-09T08:00:00+07:00,S39,reverse,23.0,45,709,0.89,SURVEI_SIMULASI,ok,True
2026-09-09T09:00:00+07:00,S39,reverse,20.2,45,806,0.99,SURVEI_SIMULASI,ok,True
2026-09-09T10:00:00+07:00,S39,reverse,32.0,45,419,0.52,SURVEI_SIMULASI,ok,True
2026-09-09T11:00:00+07:00,S39,reverse,29.7,45,494,0.62,SURVEI_SIMULASI,ok,True
2026-09-09T12:00:00+07:00,S39,reverse,31.2,45,445,0.56,SURVEI_SIMULASI,ok,True
2026-09-09T13:00:00+07:00,S39,reverse,31.1,45,451,0.56,SURVEI_SIMULASI,ok,True
2026-09-09T14:00:00+07:00,S39,reverse,30.9,45,457,0.57,SURVEI_SIMULASI,ok,True
2026-09-09T15:00:00+07:00,S39,reverse,29.6,45,499,0.62,SURVEI_SIMULASI,ok,True
2026-09-09T16:00:00+07:00,S39,reverse,23.4,45,698,0.87,SURVEI_SIMULASI,ok,True
2026-09-09T17:00:00+07:00,S39,reverse,21.5,45,761,0.95,SURVEI_SIMULASI,ok,True
2026-09-09T18:00:00+07:00,S39,reverse,22.4,45,731,0.91,SURVEI_SIMULASI,ok,True
2026-09-09T19:00:00+07:00,S39,reverse,21.9,45,748,0.93,SURVEI_SIMULASI,ok,True
2026-09-03T06:00:00+07:00,S39,reverse,30.7,45,463,0.58,SURVEI_SIMULASI,ok,True
2026-09-03T07:00:00+07:00,S39,reverse,21.8,45,748,0.94,SURVEI_SIMULASI,ok,True
2026-09-03T08:00:00+07:00,S39,reverse,20.2,45,804,0.99,SURVEI_SIMULASI,ok,True
2026-09-03T09:00:00+07:00,S39,reverse,24.1,45,676,0.84,SURVEI_SIMULASI,ok,True
2026-09-03T10:00:00+07:00,S39,reverse,31.9,45,422,0.53,SURVEI_SIMULASI,ok,True
2026-09-03T11:00:00+07:00,S39,reverse,31.3,45,442,0.55,SURVEI_SIMULASI,ok,True
2026-09-03T12:00:00+07:00,S39,reverse,31.4,45,439,0.55,SURVEI_SIMULASI,ok,True
2026-09-03T13:00:00+07:00,S39,reverse,31.6,45,433,0.54,SURVEI_SIMULASI,ok,True
2026-09-03T14:00:00+07:00,S39,reverse,30.1,45,482,0.6,SURVEI_SIMULASI,ok,True
2026-09-03T15:00:00+07:00,S39,reverse,31.2,45,446,0.56,SURVEI_SIMULASI,ok,True
2026-09-03T16:00:00+07:00,S39,reverse,22.7,45,722,0.9,SURVEI_SIMULASI,ok,True
2026-09-03T17:00:00+07:00,S39,reverse,24.5,45,663,0.83,SURVEI_SIMULASI,ok,True
2026-09-03T18:00:00+07:00,S39,reverse,21.7,45,752,0.94,SURVEI_SIMULASI,ok,True
2026-09-03T19:00:00+07:00,S39,reverse,24.1,45,677,0.85,SURVEI_SIMULASI,ok,True
2026-09-04T06:00:00+07:00,S39,reverse,30.5,45,468,0.58,SURVEI_SIMULASI,ok,True
2026-09-04T07:00:00+07:00,S39,reverse,20.2,45,802,0.99,SURVEI_SIMULASI,ok,True
2026-09-04T08:00:00+07:00,S39,reverse,21.6,45,757,0.95,SURVEI_SIMULASI,ok,True
2026-09-04T09:00:00+07:00,S39,reverse,21.8,45,749,0.94,SURVEI_SIMULASI,ok,True
2026-09-04T10:00:00+07:00,S39,reverse,32.0,45,420,0.53,SURVEI_SIMULASI,ok,True
2026-09-04T11:00:00+07:00,S39,reverse,30.7,45,462,0.58,SURVEI_SIMULASI,ok,True
2026-09-04T12:00:00+07:00,S39,reverse,31.6,45,434,0.54,SURVEI_SIMULASI,ok,True
2026-09-04T13:00:00+07:00,S39,reverse,32.7,45,399,0.5,SURVEI_SIMULASI,ok,True
2026-09-04T14:00:00+07:00,S39,reverse,29.4,45,505,0.63,SURVEI_SIMULASI,ok,True
2026-09-04T15:00:00+07:00,S39,reverse,31.3,45,442,0.55,SURVEI_SIMULASI,ok,True
2026-09-04T16:00:00+07:00,S39,reverse,21.8,45,750,0.94,SURVEI_SIMULASI,ok,True
2026-09-04T17:00:00+07:00,S39,reverse,22.8,45,717,0.9,SURVEI_SIMULASI,ok,True
2026-09-04T18:00:00+07:00,S39,reverse,22.4,45,731,0.91,SURVEI_SIMULASI,ok,True
2026-09-04T19:00:00+07:00,S39,reverse,22.2,45,735,0.92,SURVEI_SIMULASI,ok,True
2026-09-05T06:00:00+07:00,S39,reverse,31.0,45,454,0.57,SURVEI_SIMULASI,ok,True
2026-09-05T07:00:00+07:00,S39,reverse,20.8,45,782,0.98,SURVEI_SIMULASI,ok,True
2026-09-05T08:00:00+07:00,S39,reverse,22.5,45,726,0.91,SURVEI_SIMULASI,ok,True
2026-09-05T09:00:00+07:00,S39,reverse,20.9,45,779,0.97,SURVEI_SIMULASI,ok,True
2026-09-05T10:00:00+07:00,S39,reverse,31.1,45,449,0.56,SURVEI_SIMULASI,ok,True
2026-09-05T11:00:00+07:00,S39,reverse,30.7,45,462,0.58,SURVEI_SIMULASI,ok,True
2026-09-05T12:00:00+07:00,S39,reverse,30.9,45,457,0.57,SURVEI_SIMULASI,ok,True
2026-09-05T13:00:00+07:00,S39,reverse,31.2,45,447,0.56,SURVEI_SIMULASI,ok,True
2026-09-05T14:00:00+07:00,S39,reverse,31.3,45,443,0.55,SURVEI_SIMULASI,ok,True
2026-09-05T15:00:00+07:00,S39,reverse,29.3,45,507,0.63,SURVEI_SIMULASI,ok,True
2026-09-05T16:00:00+07:00,S39,reverse,24.1,45,676,0.84,SURVEI_SIMULASI,ok,True
2026-09-05T17:00:00+07:00,S39,reverse,25.5,45,631,0.79,SURVEI_SIMULASI,ok,True
2026-09-05T18:00:00+07:00,S39,reverse,21.9,45,745,0.93,SURVEI_SIMULASI,ok,True
2026-09-05T19:00:00+07:00,S39,reverse,21.9,45,745,0.93,SURVEI_SIMULASI,ok,True
2026-09-06T06:00:00+07:00,S39,reverse,32.7,45,397,0.5,SURVEI_SIMULASI,ok,True
2026-09-06T07:00:00+07:00,S39,reverse,22.4,45,731,0.91,SURVEI_SIMULASI,ok,True
2026-09-06T08:00:00+07:00,S39,reverse,25.7,45,623,0.78,SURVEI_SIMULASI,ok,True
2026-09-06T09:00:00+07:00,S39,reverse,25.9,45,616,0.77,SURVEI_SIMULASI,ok,True
2026-09-06T10:00:00+07:00,S39,reverse,31.6,45,433,0.54,SURVEI_SIMULASI,ok,True
2026-09-06T11:00:00+07:00,S39,reverse,31.4,45,440,0.55,SURVEI_SIMULASI,ok,True
2026-09-06T12:00:00+07:00,S39,reverse,32.6,45,400,0.5,SURVEI_SIMULASI,ok,True
2026-09-06T13:00:00+07:00,S39,reverse,34.1,45,354,0.44,SURVEI_SIMULASI,ok,True
2026-09-06T14:00:00+07:00,S39,reverse,31.5,45,438,0.55,SURVEI_SIMULASI,ok,True
2026-09-06T15:00:00+07:00,S39,reverse,31.0,45,451,0.56,SURVEI_SIMULASI,ok,True
2026-09-06T16:00:00+07:00,S39,reverse,26.0,45,614,0.77,SURVEI_SIMULASI,ok,True
2026-09-06T17:00:00+07:00,S39,reverse,24.6,45,660,0.83,SURVEI_SIMULASI,ok,True
2026-09-06T18:00:00+07:00,S39,reverse,25.7,45,625,0.78,SURVEI_SIMULASI,ok,True
2026-09-06T19:00:00+07:00,S39,reverse,25.0,45,646,0.81,SURVEI_SIMULASI,ok,True
2026-09-07T06:00:00+07:00,S39,reverse,32.3,45,409,0.51,SURVEI_SIMULASI,ok,True
2026-09-07T07:00:00+07:00,S39,reverse,24.3,45,671,0.84,SURVEI_SIMULASI,ok,True
2026-09-07T08:00:00+07:00,S39,reverse,24.1,45,676,0.85,SURVEI_SIMULASI,ok,True
2026-09-07T09:00:00+07:00,S39,reverse,25.7,45,625,0.78,SURVEI_SIMULASI,ok,True
2026-09-07T10:00:00+07:00,S39,reverse,32.4,45,408,0.51,SURVEI_SIMULASI,ok,True
2026-09-07T11:00:00+07:00,S39,reverse,33.2,45,381,0.48,SURVEI_SIMULASI,ok,True
2026-09-07T12:00:00+07:00,S39,reverse,32.9,45,390,0.49,SURVEI_SIMULASI,ok,True
2026-09-07T13:00:00+07:00,S39,reverse,33.2,45,381,0.48,SURVEI_SIMULASI,ok,True
2026-09-07T14:00:00+07:00,S39,reverse,32.4,45,407,0.51,SURVEI_SIMULASI,ok,True
2026-09-07T15:00:00+07:00,S39,reverse,32.7,45,398,0.5,SURVEI_SIMULASI,ok,True
2026-09-07T16:00:00+07:00,S39,reverse,26.9,45,584,0.73,SURVEI_SIMULASI,ok,True
2026-09-07T17:00:00+07:00,S39,reverse,24.4,45,667,0.83,SURVEI_SIMULASI,ok,True
2026-09-07T18:00:00+07:00,S39,reverse,24.3,45,668,0.83,SURVEI_SIMULASI,ok,True
2026-09-07T19:00:00+07:00,S39,reverse,25.0,45,648,0.81,SURVEI_SIMULASI,ok,True
