{"type": "FeatureCollection", "attribution": "(c) OpenStreetMap contributors (ODbL)", "source_url": "https://www.openstreetmap.org", "features": [{"type": "Feature", "properties": {"osm_id": 18051129, "name": "Jalan Teuku Umar", "highway": "tertiary", "oneway": "yes", "lanes": "2", "maxspeed": "", "source": "OpenStreetMap", "license": "ODbL"}, "geometry": {"type": "LineString", "coordinates": [[106.8332063, -6.1885346], [106.8331892, -6.1887853], [106.8331831, -6.1894397], [106.8331797, -6.1898169], [106.8331696, -6.1909036]]}}, {"type": "Feature", "properties": {"osm_id": 18051561, "name": "Jalan Teuku Umar", "highway": "tertiary", "oneway": "yes", "lanes": "2", "maxspeed": "", "source": "OpenStreetMap", "license": "ODbL"}, "geometry": {"type": "LineString", "coordinates": [[106.8329362, -6.1970343], [106.8330094, -6.1963765], [106.833036, -6.196015]]}}, {"type": "Feature", "properties": {"osm_id": 27946607, "name": "Jalan Dokter Sitanala", "highway": "primary", "oneway": "", "lanes": "2", "maxspeed": "", "source": "OpenStreetMap", "license": "ODbL"}, "geometry": {"type": "LineString", "coordinates": [[106.6344152, -6.1642596], [106.634378, -6.1641541], [106.6343247, -6.1640029], [106.6342182, -6.1637001], [106.6341414, -6.1634863], [106.6340334, -6.1631967], [106.633972, -6.1630029], [106.6339221, -6.1628722], [106.6338129, -6.1626083], [106.6337827, -6.1625493], [106.6336106, -6.1622516], [106.6334464, -6.1619833], [106.6333509, -6.1618442], [106.6332206, -6.1616555], [106.6331934, -6.1616158], [106.6329666, -6.1613121], [106.632887, -6.1612016], [106.6328037, -6.1610847], [106.6327706, -6.1610301], [106.632735, -6.1609712], [106.6326086, -6.1607572], [106.6325617, -6.1606639], [106.6325367, -6.1606255]]}}, {"type": "Feature", "properties": {"osm_id": 28765421, "name": "Jalan Otto Iskandar Dinata", "highway": "primary", "oneway": "yes", "lanes": "2", "maxspeed": "50", "source": "OpenStreetMap", "license": "ODbL"}, "geometry": {"type": "LineString", "coordinates": [[106.8674013, -6.2320081], [106.8674323, -6.232298], [106.8674597, -6.2325237], [106.8675051, -6.2329644], [106.8675597, -6.2334621], [106.8675898, -6.2337662], [106.8676034, -6.2339024], [106.8676634, -6.2343417], [106.8677352, -6.2346598], [106.8677775, -6.2347958], [106.8678392, -6.2349505], [106.8678943, -6.235078], [106.8679318, -6.2351659], [106.867962, -6.235234], [106.8680365, -6.235402], [106.8680909, -6.2355249], [106.8682811, -6.2359719], [106.8685171, -6.2364822], [106.8686264, -6.2367278], [106.8687194, -6.2369368], [106.8688254, -6.2371832], [106.8688516, -6.2372535], [106.8688741, -6.2373222], [106.8689087, -6.2374355], [106.8691488, -6.2384247], [106.8691796, -6.238602], [106.8692943, -6.2392586], [106.8693271, -6.2396499], [106.869366, -6.2404344], [106.8693674, -6.2405964], [106.8693828, -6.240985], [106.8693694, -6.2415183], [106.8693446, -6.2417923], [106.8692843, -6.242206], [106.8692718, -6.2422661], [106.8692533, -6.2423551], [106.8691109, -6.2428419], [106.8689782, -6.2432823], [106.8688757, -6.2436251]]}}, {"type": "Feature", "properties": {"osm_id": 28997173, "name": "Jalan Raya Bayur Kali", "highway": "tertiary", "oneway": "", "lanes": "2", "maxspeed": "", "source": "OpenStreetMap", "license": "ODbL"}, "geometry": {"type": "LineString", "coordinates": [[106.6139315, -6.1429722], [106.613925, -6.1429911], [106.613734, -6.1432676], [106.6136141, -6.1435059], [106.6135758, -6.1435802], [106.61349, -6.1438356], [106.6134337, -6.144003], [106.6131654, -6.144859], [106.6130353, -6.1453684], [106.6129629, -6.1458591], [106.6129243, -6.1464972], [106.6128865, -6.1469636], [106.6129039, -6.1473018], [106.6128597, -6.1476031], [106.6125554, -6.1481221], [106.6124091, -6.1483605], [106.6118945, -6.149303], [106.611823, -6.1494632], [106.6117717, -6.1499071], [106.6117668, -6.1501125], [106.6117449, -6.1509412], [106.6117241, -6.1523137], [106.6119839, -6.1534117], [106.6120425, -6.1536106], [106.6120587, -6.1536656], [106.6122516, -6.15432], [106.6123355, -6.1546045], [106.6124036, -6.1548604], [106.6125276, -6.1552984], [106.6126411, -6.1556469], [106.6127833, -6.1560263], [106.612918, -6.1563035], [106.6130958, -6.1565194], [106.6137817, -6.1573381], [106.6137904, -6.1574195], [106.6137388, -6.1575315], [106.6135959, -6.1576848], [106.613552, -6.1577321], [106.6131681, -6.1581208], [106.6130803, -6.1582002], [106.6129321, -6.1583942], [106.612913, -6.1584741], [106.6129167, -6.1587515], [106.6129227, -6.1591395], [106.6129946, -6.1593554], [106.6130694, -6.1593967], [106.6136362, -6.1596915]]}}, {"type": "Feature", "properties": {"osm_id": 28997177, "name": "Jalan Dokter Sitanala", "highway": "primary", "oneway": "", "lanes": "2", "maxspeed": "", "source": "OpenStreetMap", "license": "ODbL"}, "geometry": {"type": "LineString", "coordinates": [[106.6344152, -6.1642596], [106.6344803, -6.1644466], [106.6345634, -6.1646896], [106.6345884, -6.1647557], [106.6347378, -6.1651516], [106.6348152, -6.1653635], [106.6349106, -6.1656184], [106.6350054, -6.1658741], [106.6351722, -6.1663232], [106.6352592, -6.1665906], [106.6353017, -6.1667125]]}}, {"type": "Feature", "properties": {"osm_id": 31852073, "name": "Jalan Garuda IV", "highway": "residential", "oneway": "", "lanes": "", "maxspeed": "", "source": "OpenStreetMap", "license": "ODbL"}, "geometry": {"type": "LineString", "coordinates": [[106.7571234, -6.268138], [106.7571374, -6.2690559]]}}, {"type": "Feature", "properties": {"osm_id": 31852076, "name": "Jalan Garuda V", "highway": "residential", "oneway": "no", "lanes": "2", "maxspeed": "", "source": "OpenStreetMap", "license": "ODbL"}, "geometry": {"type": "LineString", "coordinates": [[106.7571234, -6.268138], [106.7568957, -6.2678934], [106.7565415, -6.2675545]]}}, {"type": "Feature", "properties": {"osm_id": 31858470, "name": "Jalan Garuda", "highway": "tertiary", "oneway": "no", "lanes": "2", "maxspeed": "", "source": "OpenStreetMap", "license": "ODbL"}, "geometry": {"type": "LineString", "coordinates": [[106.7566447, -6.2497335], [106.7566063, -6.2498268], [106.7565638, -6.2499578], [106.7564688, -6.2502514], [106.7564441, -6.2503294], [106.7563583, -6.250565], [106.7562801, -6.250778], [106.756277, -6.2508057], [106.7562729, -6.25087], [106.7562694, -6.2509242], [106.7562765, -6.2509616], [106.7563286, -6.2510959], [106.7563296, -6.2510986], [106.7563324, -6.2511056], [106.7563672, -6.2511722], [106.756384, -6.2512162], [106.7563878, -6.2512903], [106.7563865, -6.2513193], [106.7563852, -6.2513482], [106.7563737, -6.2514547], [106.7563675, -6.251496], [106.7563499, -6.2516496], [106.7563411, -6.2517268], [106.7563385, -6.2517675], [106.7563359, -6.2518081], [106.7563339, -6.2519234], [106.7563314, -6.2520705], [106.756325, -6.2522459], [106.7563236, -6.2522848], [106.756326, -6.2523422], [106.7563352, -6.2525602], [106.7563391, -6.2526538], [106.7563439, -6.2527678], [106.7563718, -6.253098], [106.7563896, -6.2533105], [106.7564047, -6.2534382], [106.7564208, -6.2537054], [106.7564254, -6.2538602], [106.7564293, -6.2539946], [106.756431, -6.2540253], [106.7564362, -6.2541175], [106.7564404, -6.2542081], [106.7564653, -6.2545965], [106.7564706, -6.2546783]]}}, {"type": "Feature", "properties": {"osm_id": 31955529, "name": "Jalan Husein Sastranegara", "highway": "secondary", "oneway": "no", "lanes": "2", "maxspeed": "", "source": "OpenStreetMap", "license": "ODbL"}, "geometry": {"type": "LineString", "coordinates": [[106.6881748, -6.1113975], [106.6880742, -6.1110629], [106.6880473, -6.1109923], [106.6880178, -6.1109355], [106.6879869, -6.1108934], [106.6879427, -6.1108402], [106.6878904, -6.1107962], [106.6878355, -6.1107629], [106.6877764, -6.1107322], [106.6877115, -6.1107209], [106.6875725, -6.1107102]]}}, {"type": "Feature", "properties": {"osm_id": 31955564, "name": "Jalan Husein Sastranegara", "highway": "secondary", "oneway": "yes", "lanes": "2", "maxspeed": "", "source": "OpenStreetMap", "license": "ODbL"}, "geometry": {"type": "LineString", "coordinates": [[106.6885587, -6.1141671], [106.6886266, -6.1141427], [106.6887774, -6.1140969]]}}, {"type": "Feature", "properties": {"osm_id": 31955585, "name": "Jalan Husein Sastranegara", "highway": "secondary", "oneway": "no", "lanes": "2", "maxspeed": "", "source": "OpenStreetMap", "license": "ODbL"}, "geometry": {"type": "LineString", "coordinates": [[106.6887662, -6.1134912], [106.6881748, -6.1113975]]}}, {"type": "Feature", "properties": {"osm_id": 32077298, "name": "Jalan Sultan Iskandar Muda", "highway": "trunk", "oneway": "yes", "lanes": "3", "maxspeed": "", "source": "OpenStreetMap", "license": "ODbL"}, "geometry": {"type": "LineString", "coordinates": [[106.7824705, -6.2618919], [106.7825416, -6.2619192], [106.7826965, -6.2620462], [106.7830183, -6.2623005], [106.7832188, -6.2624917], [106.7833167, -6.2625917], [106.7834173, -6.262729], [106.7835226, -6.262907], [106.7836163, -6.2631263], [106.7836493, -6.2632269], [106.7836788, -6.2633429]]}}, {"type": "Feature", "properties": {"osm_id": 32077304, "name": "Jalan Sultan Iskandar Muda", "highway": "trunk", "oneway": "yes", "lanes": "2", "maxspeed": "", "source": "OpenStreetMap", "license": "ODbL"}, "geometry": {"type": "LineString", "coordinates": [[106.7831813, -6.2391633], [106.7831303, -6.2394072], [106.7830364, -6.2398978], [106.7829701, -6.2402618], [106.7829439, -6.2404531], [106.7829305, -6.2406071], [106.7829157, -6.2407851], [106.7828979, -6.2410045]]}}, {"type": "Feature", "properties": {"osm_id": 32077782, "name": "Jalan Sultan Iskandar Muda", "highway": "trunk", "oneway": "yes", "lanes": "3", "maxspeed": "", "source": "OpenStreetMap", "license": "ODbL"}, "geometry": {"type": "LineString", "coordinates": [[106.7834538, -6.2637995], [106.7834487, -6.2636736]]}}, {"type": "Feature", "properties": {"osm_id": 32077784, "name": "Jalan Sultan Iskandar Muda", "highway": "trunk", "oneway": "yes", "lanes": "2", "maxspeed": "", "source": "OpenStreetMap", "license": "ODbL"}, "geometry": {"type": "LineString", "coordinates": [[106.783524, -6.2657277], [106.7835966, -6.2654296], [106.7835566, -6.264004]]}}, {"type": "Feature", "properties": {"osm_id": 32224070, "name": "Jalan Komplek Garuda", "highway": "residential", "oneway": "no", "lanes": "1", "maxspeed": "", "source": "OpenStreetMap", "license": "ODbL"}, "geometry": {"type": "LineString", "coordinates": [[106.8379976, -6.2648141], [106.8379768, -6.2652586], [106.8379895, -6.2652739], [106.8380097, -6.2652832], [106.8380654, -6.2652846], [106.8383222, -6.2652713], [106.8391174, -6.2652673], [106.8400342, -6.2652682], [106.8401156, -6.2652683], [106.8423614, -6.2652739], [106.8436189, -6.2652486], [106.8436469, -6.2652459]]}}, {"type": "Feature", "properties": {"osm_id": 32491707, "name": "Jalan Teluk Bayur II", "highway": "residential", "oneway": "no", "lanes": "1", "maxspeed": "", "source": "OpenStreetMap", "license": "ODbL"}, "geometry": {"type": "LineString", "coordinates": [[106.8388165, -6.2983976], [106.838798, -6.2984202], [106.8384687, -6.2987861], [106.8380695, -6.2993003]]}}, {"type": "Feature", "properties": {"osm_id": 32491708, "name": "Jalan Teluk Bayur", "highway": "residential", "oneway": "no", "lanes": "1", "maxspeed": "", "source": "OpenStreetMap", "license": "ODbL"}, "geometry": {"type": "LineString", "coordinates": [[106.8388165, -6.2983976], [106.839678, -6.2984549]]}}, {"type": "Feature", "properties": {"osm_id": 33871947, "name": "Jalan Husein Sastranegara", "highway": "secondary", "oneway": "yes", "lanes": "1", "maxspeed": "", "source": "OpenStreetMap", "license": "ODbL"}, "geometry": {"type": "LineString", "coordinates": [[106.6864304, -6.1339426], [106.6864431, -6.1341449], [106.6864554, -6.1343526], [106.6864662, -6.1346749], [106.6864723, -6.1348029], [106.686481, -6.1350466], [106.6865027, -6.1358531], [106.6865055, -6.1359544], [106.6865118, -6.1360456], [106.6865225, -6.1364078], [106.6865116, -6.1367398], [106.6865094, -6.1369454], [106.6864943, -6.1374612], [106.6864878, -6.1377026]]}}, {"type": "Feature", "properties": {"osm_id": 37018609, "name": "Jalan Garuda", "highway": "secondary", "oneway": "yes", "lanes": "2", "maxspeed": "", "source": "OpenStreetMap", "license": "ODbL"}, "geometry": {"type": "LineString", "coordinates": [[106.8406276, -6.1630179], [106.8407, -6.1629985], [106.8413171, -6.1628171], [106.8414969, -6.1627642], [106.8416318, -6.1627246], [106.8417829, -6.1626798], [106.8418409, -6.1626607], [106.8418789, -6.1626497], [106.841919, -6.1626366], [106.8420362, -6.1626011], [106.8420788, -6.1625892], [106.8423594, -6.1625106], [106.8428004, -6.1623872], [106.8430407, -6.1623191], [106.8430836, -6.162307], [106.8433064, -6.1622463], [106.8440505, -6.1620459], [106.8440777, -6.1620386], [106.8445047, -6.1618947], [106.8448371, -6.1617804], [106.845126, -6.1616857], [106.845324, -6.1616225], [106.8453982, -6.1615961], [106.8454232, -6.1615887], [106.8458102, -6.1614626], [106.846053, -6.1613842], [106.8460924, -6.1613715], [106.8468478, -6.1611752], [106.8470509, -6.16112], [106.8470989, -6.161107], [106.847613, -6.1609695], [106.8480626, -6.1608556], [106.8481655, -6.1608276], [106.8488132, -6.1606515], [106.8489641, -6.1606124], [106.8491407, -6.1605712], [106.8493386, -6.1605201], [106.8494379, -6.1604944], [106.8500286, -6.1603412], [106.8501082, -6.1603205], [106.8511836, -6.1600404], [106.8512859, -6.1599931], [106.8513396, -6.1599469], [106.8513792, -6.1599003], [106.8514167, -6.1598502], [106.8514472, -6.159765], [106.8514701, -6.1597233]]}}, {"type": "Feature", "properties": {"osm_id": 37018610, "name": "Jalan Garuda", "highway": "secondary", "oneway": "yes", "lanes": "2", "maxspeed": "", "source": "OpenStreetMap", "license": "ODbL"}, "geometry": {"type": "LineString", "coordinates": [[106.8515588, -6.1602957], [106.8514013, -6.160219], [106.8512367, -6.1601907], [106.8505676, -6.1603564], [106.8498012, -6.1605463], [106.8494981, -6.1606214], [106.8493638, -6.1606493], [106.8492801, -6.1606658]]}}, {"type": "Feature", "properties": {"osm_id": 40720917, "name": "Jalan Teuku Umar", "highway": "primary", "oneway": "yes", "lanes": "2", "maxspeed": "", "source": "OpenStreetMap", "license": "ODbL"}, "geometry": {"type": "LineString", "coordinates": [[106.626578, -6.1958645], [106.6275211, -6.1958391], [106.6283144, -6.195854], [106.6303735, -6.1958578]]}}, {"type": "Feature", "properties": {"osm_id": 72537083, "name": "Jalan Otto Iskandar Dinata", "highway": "trunk", "oneway": "yes", "lanes": "3", "maxspeed": "", "source": "OpenStreetMap", "license": "ODbL"}, "geometry": {"type": "LineString", "coordinates": [[106.6265678, -6.1766876], [106.6265427, -6.1765902], [106.6263662, -6.1760449], [106.6263148, -6.1758892], [106.6262392, -6.1756599], [106.6260851, -6.1751929], [106.6258975, -6.1746283], [106.6258098, -6.17442], [106.625688, -6.1741353], [106.6254617, -6.1737043], [106.6253482, -6.1734882], [106.6251225, -6.1730319], [106.6249969, -6.1726644], [106.6249949, -6.1725837], [106.6250025, -6.1723238], [106.6250419, -6.1720573], [106.6250656, -6.1719736], [106.6251984, -6.1716079], [106.6252185, -6.1715369], [106.6253203, -6.1711715], [106.6253774, -6.1708132], [106.6254362, -6.1703425]]}}, {"type": "Feature", "properties": {"osm_id": 72538335, "name": "Jalan Teuku Umar", "highway": "primary", "oneway": "yes", "lanes": "2", "maxspeed": "", "source": "OpenStreetMap", "license": "ODbL"}, "geometry": {"type": "LineString", "coordinates": [[106.6266268, -6.196015], [106.6257285, -6.196099]]}}, {"type": "Feature", "properties": {"osm_id": 72538354, "name": "Jalan Teuku Umar", "highway": "primary", "oneway": "yes", "lanes": "2", "maxspeed": "", "source": "OpenStreetMap", "license": "ODbL"}, "geometry": {"type": "LineString", "coordinates": [[106.6296821, -6.1959468], [106.6291514, -6.1959404], [106.6288052, -6.1959287], [106.6275204, -6.1959], [106.6272315, -6.195897], [106.627095, -6.1959142], [106.6269758, -6.1959443]]}}, {"type": "Feature", "properties": {"osm_id": 97906909, "name": "Jalan Otista V", "highway": "residential", "oneway": "no", "lanes": "2", "maxspeed": "", "source": "OpenStreetMap", "license": "ODbL"}, "geometry": {"type": "LineString", "coordinates": [[106.869366, -6.2404344], [106.8693908, -6.2404326], [106.8694029, -6.2404318]]}}, {"type": "Feature", "properties": {"osm_id": 98090606, "name": "Jalan Otista III Komplek I", "highway": "residential", "oneway": "no", "lanes": "2", "maxspeed": "", "source": "OpenStreetMap", "license": "ODbL"}, "geometry": {"type": "LineString", "coordinates": [[106.8737686, -6.2314669], [106.8737738, -6.231547], [106.8737898, -6.2318349], [106.8737884, -6.2319227], [106.8737933, -6.2320575], [106.8737951, -6.2321055], [106.8738046, -6.2323651], [106.8738085, -6.2327223], [106.8737886, -6.2333902]]}}, {"type": "Feature", "properties": {"osm_id": 98090612, "name": "Jalan Otista III Komplek IV", "highway": "residential", "oneway": "no", "lanes": "2", "maxspeed": "", "source": "OpenStreetMap", "license": "ODbL"}, "geometry": {"type": "LineString", "coordinates": [[106.8754426, -6.2319601], [106.8754788, -6.2327103], [106.8754972, -6.2331312], [106.8754858, -6.2336194], [106.8755098, -6.2337003]]}}, {"type": "Feature", "properties": {"osm_id": 98090613, "name": "Jalan Otista III Komplek X", "highway": "residential", "oneway": "no", "lanes": "2", "maxspeed": "", "source": "OpenStreetMap", "license": "ODbL"}, "geometry": {"type": "LineString", "coordinates": [[106.8742935, -6.2335255], [106.8743103, -6.2335806], [106.8743238, -6.2336033], [106.8743469, -6.2336246], [106.8743741, -6.2336353], [106.8743956, -6.2336374], [106.8748522, -6.2336396], [106.8754858, -6.2336194]]}}, {"type": "Feature", "properties": {"osm_id": 98090616, "name": "Jalan Otista III Komplek XI", "highway": "residential", "oneway": "no", "lanes": "2", "maxspeed": "", "source": "OpenStreetMap", "license": "ODbL"}, "geometry": {"type": "LineString", "coordinates": [[106.8747926, -6.2340558], [106.8748452, -6.2340511], [106.8748772, -6.2340524], [106.8753798, -6.2340488]]}}, {"type": "Feature", "properties": {"osm_id": 98090618, "name": "Jalan Otista III Komplek VII", "highway": "residential", "oneway": "no", "lanes": "2", "maxspeed": "", "source": "OpenStreetMap", "license": "ODbL"}, "geometry": {"type": "LineString", "coordinates": [[106.8738085, -6.2327223], [106.8742811, -6.2327069], [106.8749534, -6.2327175], [106.8754788, -6.2327103]]}}, {"type": "Feature", "properties": {"osm_id": 98090620, "name": "Jalan Otista III Komplek VIII", "highway": "residential", "oneway": "no", "lanes": "2", "maxspeed": "", "source": "OpenStreetMap", "license": "ODbL"}, "geometry": {"type": "LineString", "coordinates": [[106.8754972, -6.2331312], [106.8754077, -6.2331343], [106.8743576, -6.2331707], [106.874341, -6.2331743], [106.8743287, -6.2331826]]}}, {"type": "Feature", "properties": {"osm_id": 98090625, "name": "Jalan Otista III Komplek III", "highway": "residential", "oneway": "no", "lanes": "2", "maxspeed": "", "source": "OpenStreetMap", "license": "ODbL"}, "geometry": {"type": "LineString", "coordinates": [[106.8749306, -6.2319071], [106.8749329, -6.2319475]]}}, {"type": "Feature", "properties": {"osm_id": 98090627, "name": "Jalan Otista III Komplek II", "highway": "residential", "oneway": "no", "lanes": "2", "maxspeed": "", "source": "OpenStreetMap", "license": "ODbL"}, "geometry": {"type": "LineString", "coordinates": [[106.874269, -6.2319065], [106.8742704, -6.2319681], [106.8742811, -6.2327069]]}}, {"type": "Feature", "properties": {"osm_id": 98090632, "name": "Jalan Otista III Komplek 6", "highway": "residential", "oneway": "no", "lanes": "2", "maxspeed": "", "source": "OpenStreetMap", "license": "ODbL"}, "geometry": {"type": "LineString", "coordinates": [[106.8732098, -6.2323591], [106.8732157, -6.2324525], [106.8732363, -6.2327451], [106.8732569, -6.2330388], [106.8732854, -6.233186], [106.8733229, -6.233264], [106.8734028, -6.2333273], [106.8734554, -6.2333355], [106.8736505, -6.2333723], [106.8737886, -6.2333902]]}}, {"type": "Feature", "properties": {"osm_id": 98090641, "name": "Jalan Otista III Komplek XI", "highway": "residential", "oneway": "no", "lanes": "1", "maxspeed": "", "source": "OpenStreetMap", "license": "ODbL"}, "geometry": {"type": "LineString", "coordinates": [[106.8737673, -6.2345758], [106.8738133, -6.2345663], [106.8738782, -6.2345452], [106.8739838, -6.2345025], [106.874202, -6.2343445], [106.874373, -6.2342459], [106.8743897, -6.2342254], [106.8744005, -6.2341979], [106.8743791, -6.2340772]]}}, {"type": "Feature", "properties": {"osm_id": 99012876, "name": "Jalan Teuku Umar", "highway": "secondary", "oneway": "yes", "lanes": "2", "maxspeed": "", "source": "OpenStreetMap", "license": "ODbL"}, "geometry": {"type": "LineString", "coordinates": [[106.7278776, -6.2819564], [106.7281179, -6.2819477], [106.7282017, -6.2819417], [106.7282838, -6.2819227], [106.728369, -6.2818757], [106.7284703, -6.2817967], [106.7293076, -6.281088], [106.7295083, -6.2809179], [106.7295823, -6.2808505], [106.7296863, -6.2807353], [106.729728, -6.2806814], [106.7297778, -6.2805939], [106.7298101, -6.2805062], [106.7298319, -6.2803639], [106.7298319, -6.2803262], [106.7298287, -6.2802807], [106.729809, -6.2801814], [106.7297793, -6.2801007], [106.729731, -6.2800142], [106.7290353, -6.2790077], [106.7288321, -6.2787199]]}}, {"type": "Feature", "properties": {"osm_id": 107663435, "name": "Jalan Teluk Bayur", "highway": "residential", "oneway": "no", "lanes": "1", "maxspeed": "", "source": "OpenStreetMap", "license": "ODbL"}, "geometry": {"type": "LineString", "coordinates": [[106.8394563, -6.2976589], [106.839507, -6.2976804], [106.8396163, -6.2977357], [106.839674, -6.2977857], [106.8397095, -6.2978464], [106.8397263, -6.297899], [106.839678, -6.2984549], [106.839653, -6.2989578]]}}, {"type": "Feature", "properties": {"osm_id": 109964842, "name": "Jalan Teluk Bayur I", "highway": "residential", "oneway": "no", "lanes": "1", "maxspeed": "", "source": "OpenStreetMap", "license": "ODbL"}, "geometry": {"type": "LineString", "coordinates": [[106.8388383, -6.2980032], [106.8389471, -6.2978004], [106.8390088, -6.2976924], [106.8390739, -6.2975845], [106.8390893, -6.2975591], [106.8390554, -6.2974415], [106.8391815, -6.2972198]]}}, {"type": "Feature", "properties": {"osm_id": 114537104, "name": "Jalan Teuku Umar", "highway": "secondary", "oneway": "yes", "lanes": "1", "maxspeed": "", "source": "OpenStreetMap", "license": "ODbL"}, "geometry": {"type": "LineString", "coordinates": [[106.7288183, -6.2786414], [106.7288933, -6.2786827]]}}, {"type": "Feature", "properties": {"osm_id": 114537106, "name": "Jalan Teuku Umar", "highway": "secondary", "oneway": "yes", "lanes": "2", "maxspeed": "", "source": "OpenStreetMap", "license": "ODbL"}, "geometry": {"type": "LineString", "coordinates": [[106.7288933, -6.2786827], [106.7297517, -6.2799071], [106.7298472, -6.2800585], [106.7299006, -6.2801929], [106.7299177, -6.280292], [106.7299148, -6.2804207], [106.7298842, -6.2805457], [106.7297844, -6.2807207], [106.7296266, -6.2809035], [106.7295535, -6.2809692]]}}, {"type": "Feature", "properties": {"osm_id": 156918984, "name": "Jalan Anggrek Garuda IV", "highway": "residential", "oneway": "no", "lanes": "1", "maxspeed": "", "source": "OpenStreetMap", "license": "ODbL"}, "geometry": {"type": "LineString", "coordinates": [[106.7953337, -6.1945573], [106.7957455, -6.1945212], [106.7960879, -6.1944773], [106.7962794, -6.194459]]}}, {"type": "Feature", "properties": {"osm_id": 156918987, "name": "Jalan Anggrek Garuda", "highway": "tertiary", "oneway": "no", "lanes": "2", "maxspeed": "", "source": "OpenStreetMap", "license": "ODbL"}, "geometry": {"type": "LineString", "coordinates": [[106.7972997, -6.1957797], [106.7969397, -6.1958417], [106.7968005, -6.1958697], [106.7963211, -6.1959761], [106.796254, -6.1959817], [106.7961682, -6.1959921], [106.795954, -6.1959924], [106.7957501, -6.1959674], [106.7955101, -6.1958618], [106.7953531, -6.1957524], [106.7952834, -6.1956931], [106.7952302, -6.1956295], [106.7951037, -6.1954031], [106.7950022, -6.1951924], [106.7949428, -6.1948918], [106.7949085, -6.1946589], [106.794906, -6.194569], [106.7949086, -6.1944511], [106.7949116, -6.194311], [106.794971, -6.1939336], [106.795075, -6.1936016], [106.7951682, -6.1933695], [106.7952835, -6.1930885], [106.7953759, -6.1928239], [106.7954004, -6.1927157], [106.7954284, -6.1925774], [106.7954761, -6.1923511], [106.7955121, -6.1921521], [106.7955402, -6.1919563], [106.7955604, -6.191786], [106.7955796, -6.1916223], [106.7956121, -6.1912105], [106.7956235, -6.1910723], [106.7956364, -6.1909161], [106.7956519, -6.1907328], [106.7956532, -6.1905176], [106.7956541, -6.1904345], [106.7956476, -6.1903345], [106.7956094, -6.1900814], [106.7955489, -6.1897336]]}}, {"type": "Feature", "properties": {"osm_id": 156921636, "name": "Jalan Anggrek Garuda Blok D II", "highway": "residential", "oneway": "no", "lanes": "1", "maxspeed": "", "source": "OpenStreetMap", "license": "ODbL"}, "geometry": {"type": "LineString", "coordinates": [[106.7949673, -6.190701], [106.794753, -6.1906868], [106.7945629, -6.1906741], [106.7943657, -6.190661], [106.7939806, -6.1906354], [106.793723, -6.1906183]]}}, {"type": "Feature", "properties": {"osm_id": 156924299, "name": "Jalan Anggrek Garuda V", "highway": "residential", "oneway": "no", "lanes": "1", "maxspeed": "", "source": "OpenStreetMap", "license": "ODbL"}, "geometry": {"type": "LineString", "coordinates": [[106.7961886, -6.1931835], [106.7962148, -6.1934935], [106.7962275, -6.1936623], [106.7962299, -6.1937928], [106.7962698, -6.194125], [106.7963066, -6.1944233], [106.7962974, -6.1944437], [106.7962794, -6.194459]]}}, {"type": "Feature", "properties": {"osm_id": 156924302, "name": "Jalan Anggrek Garuda V", "highway": "residential", "oneway": "no", "lanes": "1", "maxspeed": "", "source": "OpenStreetMap", "license": "ODbL"}, "geometry": {"type": "LineString", "coordinates": [[106.7953064, -6.1945186], [106.7953116, -6.1944005], [106.7953189, -6.1943198], [106.7953373, -6.1942033], [106.7953677, -6.1940866], [106.7953997, -6.1939728], [106.7954651, -6.1937885], [106.7955277, -6.1936303], [106.7955791, -6.1935092], [106.7956172, -6.1933718], [106.7956277, -6.1931934], [106.7956302, -6.192985], [106.7956384, -6.1928345], [106.7956502, -6.1926619], [106.7956555, -6.1925886]]}}, {"type": "Feature", "properties": {"osm_id": 156924303, "name": "Jalan Anggrek Garuda IX", "highway": "residential", "oneway": "no", "lanes": "2", "maxspeed": "", "source": "OpenStreetMap", "license": "ODbL"}, "geometry": {"type": "LineString", "coordinates": [[106.7968873, -6.1930807], [106.7965025, -6.1931218], [106.796259, -6.1931248]]}}, {"type": "Feature", "properties": {"osm_id": 158819611, "name": "Jalan Garuda Raya", "highway": "residential", "oneway": "", "lanes": "", "maxspeed": "", "source": "OpenStreetMap", "license": "ODbL"}, "geometry": {"type": "LineString", "coordinates": [[106.7338282, -6.2535492], [106.7338547, -6.252924], [106.733849, -6.2524502], [106.7338482, -6.2523174], [106.7338421, -6.2516079]]}}, {"type": "Feature", "properties": {"osm_id": 158829400, "name": "Jalan Garuda Atas", "highway": "residential", "oneway": "no", "lanes": "2", "maxspeed": "", "source": "OpenStreetMap", "license": "ODbL"}, "geometry": {"type": "LineString", "coordinates": [[106.7685471, -6.2630783], [106.7686007, -6.2630078], [106.7686308, -6.2629623], [106.7687483, -6.2627233], [106.7690075, -6.2621857], [106.7691433, -6.2619147], [106.7691495, -6.2619036], [106.769205, -6.2617389], [106.7693449, -6.2614207]]}}, {"type": "Feature", "properties": {"osm_id": 158834758, "name": "Jalan Garuda", "highway": "residential", "oneway": "no", "lanes": "1", "maxspeed": "", "source": "OpenStreetMap", "license": "ODbL"}, "geometry": {"type": "LineString", "coordinates": [[106.757731, -6.292569], [106.7573147, -6.2925713], [106.7571515, -6.2925743], [106.7570441, -6.2925763], [106.7567965, -6.2925808], [106.7567379, -6.2925685], [106.7565552, -6.2925343], [106.7565354, -6.2925261], [106.7563327, -6.2924613], [106.7563175, -6.2924509], [106.7561974, -6.2923723], [106.7560819, -6.2922905], [106.7559514, -6.2921932]]}}, {"type": "Feature", "properties": {"osm_id": 158841857, "name": "Jalan Anggrek Garuda Blok D/I", "highway": "living_street", "oneway": "no", "lanes": "1", "maxspeed": "", "source": "OpenStreetMap", "license": "ODbL"}, "geometry": {"type": "LineString", "coordinates": [[106.7950024, -6.1898133], [106.7950028, -6.1901781], [106.7949984, -6.1902004], [106.7949947, -6.1902251]]}}, {"type": "Feature", "properties": {"osm_id": 192210754, "name": "Jalan Garuda", "highway": "secondary", "oneway": "yes", "lanes": "2", "maxspeed": "", "source": "OpenStreetMap", "license": "ODbL"}, "geometry": {"type": "LineString", "coordinates": [[106.6655021, -6.1554029], [106.6659111, -6.1555661], [106.6662238, -6.155723], [106.6665324, -6.1558799], [106.6666876, -6.1559428], [106.6668781, -6.1559867], [106.6675519, -6.1560496], [106.667904, -6.1560801], [106.6679891, -6.1560788], [106.6682141, -6.1560184], [106.6683861, -6.1559379], [106.668541, -6.1558394], [106.6690265, -6.1554701], [106.6694128, -6.1551659], [106.6697336, -6.1548821], [106.6702296, -6.154465], [106.6702489, -6.154451]]}}, {"type": "Feature", "properties": {"osm_id": 192210757, "name": "Jalan Garuda", "highway": "secondary", "oneway": "yes", "lanes": "2", "maxspeed": "", "source": "OpenStreetMap", "license": "ODbL"}, "geometry": {"type": "LineString", "coordinates": [[106.6703545, -6.154377], [106.6703737, -6.154367], [106.6704008, -6.1543581], [106.6704333, -6.1543567], [106.6707592, -6.1544827], [106.6709054, -6.1545081], [106.6719165, -6.1544727], [106.673033, -6.1544532], [106.6742924, -6.1544313]]}}, {"type": "Feature", "properties": {"osm_id": 192210760, "name": "Jalan Garuda", "highway": "secondary", "oneway": "yes", "lanes": "2", "maxspeed": "", "source": "OpenStreetMap", "license": "ODbL"}, "geometry": {"type": "LineString", "coordinates": [[106.6609262, -6.1549807], [106.6610365, -6.1549729], [106.661586, -6.1550994], [106.6618972, -6.1551714], [106.6623022, -6.1552621], [106.6625892, -6.1553008], [106.6633015, -6.1553752], [106.6635557, -6.1554061], [106.6637355, -6.1554253], [106.6644151, -6.155501], [106.6645901, -6.1554914], [106.6651209, -6.1553505], [106.6651677, -6.1553497], [106.6653134, -6.1553474], [106.6655021, -6.1554029]]}}, {"type": "Feature", "properties": {"osm_id": 192210767, "name": "Jalan Garuda", "highway": "secondary", "oneway": "yes", "lanes": "2", "maxspeed": "", "source": "OpenStreetMap", "license": "ODbL"}, "geometry": {"type": "LineString", "coordinates": [[106.6703193, -6.1545501], [106.6702214, -6.1545781], [106.6701208, -6.1546501], [106.6699, -6.1548412], [106.6694757, -6.1552274], [106.6691056, -6.1555301], [106.6687167, -6.1558114], [106.6684256, -6.1559954], [106.6682419, -6.1560768], [106.6679898, -6.1561461], [106.667904, -6.1561434], [106.666988, -6.1560741], [106.6667962, -6.1560408], [106.6665949, -6.1559848], [106.6658775, -6.1556416], [106.6654777, -6.1554765]]}}, {"type": "Feature", "properties": {"osm_id": 192755826, "name": "Jalan Garuda", "highway": "secondary", "oneway": "yes", "lanes": "2", "maxspeed": "", "source": "OpenStreetMap", "license": "ODbL"}, "geometry": {"type": "LineString", "coordinates": [[106.8492801, -6.1606658], [106.8491466, -6.1606911], [106.8488367, -6.1607239], [106.8481887, -6.1609029], [106.8480876, -6.1609308], [106.8477079, -6.1610328], [106.847492, -6.1610874], [106.8471762, -6.1611648], [106.8471188, -6.1611787], [106.8470695, -6.1611907], [106.8468644, -6.1612405], [106.8461076, -6.1614398], [106.8460686, -6.1614521], [106.8454253, -6.1616525], [106.8454181, -6.1616547], [106.8453467, -6.1616795], [106.8448589, -6.1618456], [106.8445206, -6.161952], [106.8440912, -6.1621003], [106.8440646, -6.1621076], [106.8438274, -6.1621724], [106.8433219, -6.1623069], [106.8430995, -6.1623709], [106.8430566, -6.1623833], [106.8423763, -6.1625808], [106.8420986, -6.1626614], [106.8420114, -6.1626867], [106.841935, -6.1627085], [106.8418953, -6.16272], [106.8418639, -6.1627319], [106.8418064, -6.1627479], [106.8417355, -6.16277], [106.8407252, -6.1630761], [106.8406564, -6.1630955]]}}, {"type": "Feature", "properties": {"osm_id": 192755827, "name": "Jalan Garuda", "highway": "secondary", "oneway": "yes", "lanes": "2", "maxspeed": "", "source": "OpenStreetMap", "license": "ODbL"}, "geometry": {"type": "LineString", "coordinates": [[106.8406564, -6.1630955], [106.8406086, -6.1631111], [106.8405539, -6.163129]]}}, {"type": "Feature", "properties": {"osm_id": 192818288, "name": "Jalan Teuku Umar", "highway": "primary", "oneway": "yes", "lanes": "2", "maxspeed": "", "source": "OpenStreetMap", "license": "ODbL"}, "geometry": {"type": "LineString", "coordinates": [[106.6232273, -6.1951824], [106.6233782, -6.1952473], [106.6234011, -6.1952596], [106.6236491, -6.1953931], [106.623767, -6.1954528], [106.6240732, -6.1956078], [106.6242233, -6.1956828], [106.6243892, -6.1957351], [106.6246366, -6.1957613], [106.6251384, -6.1958136], [106.6255778, -6.1958165]]}}, {"type": "Feature", "properties": {"osm_id": 219127287, "name": "Jalan Garuda", "highway": "residential", "oneway": "", "lanes": "2", "maxspeed": "", "source": "OpenStreetMap", "license": "ODbL"}, "geometry": {"type": "LineString", "coordinates": [[106.7088043, -6.2941818], [106.7087812, -6.2938786], [106.7087807, -6.2937869], [106.7087573, -6.293418], [106.7087366, -6.2930346], [106.708717, -6.2926717], [106.7086973, -6.2923061]]}}, {"type": "Feature", "properties": {"osm_id": 229062377, "name": "Jalan Sultan Iskandar Muda", "highway": "trunk", "oneway": "yes", "lanes": "2", "maxspeed": "", "source": "OpenStreetMap", "license": "ODbL"}, "geometry": {"type": "LineString", "coordinates": [[106.7817691, -6.2463162], [106.7815694, -6.2468619], [106.7814266, -6.2474327], [106.7814226, -6.2474516], [106.7813883, -6.2476137], [106.7813794, -6.247656], [106.7813674, -6.2477131]]}}, {"type": "Feature", "properties": {"osm_id": 229136144, "name": "Jalan Sultan Iskandar Muda", "highway": "trunk", "oneway": "yes", "lanes": "1", "maxspeed": "", "source": "OpenStreetMap", "license": "ODbL"}, "geometry": {"type": "LineString", "coordinates": [[106.7854835, -6.2347818], [106.7853286, -6.2348774]]}}, {"type": "Feature", "properties": {"osm_id": 229136145, "name": "Jalan Sultan Iskandar Muda", "highway": "trunk", "oneway": "yes", "lanes": "1", "maxspeed": "", "source": "OpenStreetMap", "license": "ODbL"}, "geometry": {"type": "LineString", "coordinates": [[106.7836399, -6.2373145], [106.7838069, -6.2369997], [106.7838331, -6.236956]]}}, {"type": "Feature", "properties": {"osm_id": 229136146, "name": "Jalan Sultan Iskandar Muda", "highway": "trunk", "oneway": "yes", "lanes": "1", "maxspeed": "", "source": "OpenStreetMap", "license": "ODbL"}, "geometry": {"type": "LineString", "coordinates": [[106.7812868, -6.2497368], [106.7813014, -6.2495746]]}}, {"type": "Feature", "properties": {"osm_id": 229136147, "name": "Jalan Sultan Iskandar Muda", "highway": "trunk", "oneway": "yes", "lanes": "1", "maxspeed": "", "source": "OpenStreetMap", "license": "ODbL"}, "geometry": {"type": "LineString", "coordinates": [[106.782423, -6.2443367], [106.7823011, -6.2446611]]}}, {"type": "Feature", "properties": {"osm_id": 239449232, "name": "Jalan Iskandar Muda", "highway": "tertiary", "oneway": "", "lanes": "2", "maxspeed": "", "source": "OpenStreetMap", "license": "ODbL"}, "geometry": {"type": "LineString", "coordinates": [[106.6222265, -6.1240339], [106.6222522, -6.1240224], [106.6222961, -6.1239951], [106.622325, -6.1239772], [106.6224017, -6.1239296], [106.6224907, -6.123878], [106.6225559, -6.1238402], [106.6226376, -6.1238026], [106.6226828, -6.1237818], [106.622772, -6.1237408], [106.6228374, -6.1237125], [106.622872, -6.1236976], [106.6229752, -6.1236596], [106.6232237, -6.1235681], [106.6235324, -6.1234677], [106.6235915, -6.1234485], [106.6236562, -6.1234274], [106.6236747, -6.1234214], [106.6238279, -6.1233709], [106.6238527, -6.1233629], [106.6240347, -6.1233043], [106.6241297, -6.1232734], [106.6241926, -6.1232499], [106.624581, -6.1231316], [106.6249646, -6.1230094], [106.6254279, -6.1228611], [106.6255346, -6.1228251], [106.6256631, -6.1227971], [106.6258551, -6.1227296], [106.6259924, -6.1226935], [106.6260602, -6.1226757], [106.6261685, -6.1226472], [106.6262466, -6.1226267], [106.6266008, -6.1225329], [106.6267653, -6.1224893], [106.6267985, -6.1224783], [106.6269493, -6.12244], [106.6272862, -6.1223545], [106.6276663, -6.122258], [106.6276976, -6.1222496], [106.6279131, -6.1221921], [106.6282282, -6.1220956], [106.6284751, -6.1220199], [106.6286717, -6.1219597], [106.6288228, -6.1219134], [106.6288671, -6.1218987]]}}, {"type": "Feature", "properties": {"osm_id": 239449235, "name": "Jalan Iskandar Muda", "highway": "tertiary", "oneway": "", "lanes": "2", "maxspeed": "", "source": "OpenStreetMap", "license": "ODbL"}, "geometry": {"type": "LineString", "coordinates": [[106.6173162, -6.1403948], [106.6173001, -6.1403321], [106.6172236, -6.1396974], [106.6171257, -6.1395587], [106.6170399, -6.1395187], [106.6164364, -6.139436], [106.6162071, -6.1393734]]}}, {"type": "Feature", "properties": {"osm_id": 239449239, "name": "Jalan Iskandar Muda", "highway": "tertiary", "oneway": "", "lanes": "2", "maxspeed": "", "source": "OpenStreetMap", "license": "ODbL"}, "geometry": {"type": "LineString", "coordinates": [[106.6163801, -6.1352278], [106.6166858, -6.134265], [106.616997, -6.133377], [106.6171482, -6.1328486], [106.6171697, -6.1327587], [106.6175535, -6.1314475], [106.617666, -6.1310021], [106.6177842, -6.1305287], [106.6179666, -6.1292887], [106.6180256, -6.1288199], [106.6180538, -6.1285873], [106.6180809, -6.1282876], [106.6180766, -6.1280773], [106.6180471, -6.1279616], [106.6180016, -6.1278867]]}}, {"type": "Feature", "properties": {"osm_id": 239449240, "name": "Jalan Raya Kedaung Barat", "highway": "tertiary", "oneway": "", "lanes": "2", "maxspeed": "", "source": "OpenStreetMap", "license": "ODbL"}, "geometry": {"type": "LineString", "coordinates": [[106.5919327, -6.1198645], [106.5927082, -6.1200679], [106.593189, -6.1202346], [106.5932415, -6.1202502], [106.5932901, -6.1202647], [106.5933847, -6.1202896], [106.5945623, -6.1206853], [106.5951866, -6.1208866], [106.5957643, -6.121087], [106.5965237, -6.121324], [106.5969206, -6.12144], [106.5971486, -6.1214973], [106.5973478, -6.1215514], [106.5974671, -6.1215827], [106.597502, -6.1215894], [106.5975629, -6.1216043], [106.5977897, -6.12166], [106.5984589, -6.1218159], [106.5994205, -6.1219854], [106.5998644, -6.1220321], [106.6003874, -6.1221094], [106.6005845, -6.1221107], [106.6009493, -6.1220854], [106.6013825, -6.1220707], [106.601821, -6.1220867], [106.6020517, -6.1221207], [106.6021577, -6.1221487], [106.602277, -6.1221867], [106.6023436, -6.1222132], [106.6028309, -6.1224068], [106.603018, -6.1224854], [106.6032721, -6.1225928]]}}, {"type": "Feature", "properties": {"osm_id": 256835058, "name": "Jalan Aria Wangsakara", "highway": "tertiary", "oneway": "", "lanes": "2", "maxspeed": "", "source": "OpenStreetMap", "license": "ODbL"}, "geometry": {"type": "LineString", "coordinates": [[106.6048275, -6.1879744], [106.6048224, -6.1878681], [106.6047373, -6.1872681], [106.6047283, -6.1871962], [106.6046884, -6.1868981], [106.6046553, -6.1861554], [106.6046541, -6.1858915], [106.6045957, -6.1854407], [106.6045509, -6.1853455], [106.6043776, -6.1851017], [106.6042068, -6.1849048], [106.6040764, -6.1846961], [106.6040441, -6.1844668], [106.6040117, -6.1841768], [106.6039735, -6.1840328], [106.6037717, -6.1836402], [106.6037469, -6.1833655], [106.6037615, -6.1832568], [106.6038745, -6.1828335], [106.603942, -6.1826082], [106.6039931, -6.1825118], [106.6043242, -6.1820775], [106.604461, -6.1818309], [106.6046886, -6.1814729]]}}, {"type": "Feature", "properties": {"osm_id": 256835083, "name": "Jalan Aria Santika", "highway": "tertiary", "oneway": "", "lanes": "2", "maxspeed": "", "source": "OpenStreetMap", "license": "ODbL"}, "geometry": {"type": "LineString", "coordinates": [[106.6139108, -6.1780004], [106.6142274, -6.1780681]]}}, {"type": "Feature", "properties": {"osm_id": 264106299, "name": "Jalan Raya Sangego", "highway": "tertiary", "oneway": "", "lanes": "2", "maxspeed": "", "source": "OpenStreetMap", "license": "ODbL"}, "geometry": {"type": "LineString", "coordinates": [[106.6138199, -6.1598095], [106.6139729, -6.15991], [106.6142005, -6.1600333], [106.6147693, -6.160292], [106.6152515, -6.1604039], [106.6157163, -6.1604538]]}}, {"type": "Feature", "properties": {"osm_id": 307003270, "name": "Jalan Otto Iskandar Dinata", "highway": "primary", "oneway": "yes", "lanes": "4", "maxspeed": "", "source": "OpenStreetMap", "license": "ODbL"}, "geometry": {"type": "LineString", "coordinates": [[106.8683271, -6.2448244], [106.8683879, -6.2446669]]}}, {"type": "Feature", "properties": {"osm_id": 307011107, "name": "Jalan Sultan Iskandar Muda", "highway": "trunk", "oneway": "yes", "lanes": "2", "maxspeed": "", "source": "OpenStreetMap", "license": "ODbL"}, "geometry": {"type": "LineString", "coordinates": [[106.7828979, -6.2410045], [106.782892, -6.2411265]]}}, {"type": "Feature", "properties": {"osm_id": 311490301, "name": "Jalan Sultan Iskandar Muda", "highway": "trunk", "oneway": "yes", "lanes": "3", "maxspeed": "", "source": "OpenStreetMap", "license": "ODbL"}, "geometry": {"type": "LineString", "coordinates": [[106.7834416, -6.2634095], [106.7834088, -6.2632622], [106.7833558, -6.2631149], [106.783302, -6.2629916], [106.7832207, -6.262863], [106.7831254, -6.2627408], [106.7830861, -6.2626904], [106.7829157, -6.2625237], [106.7827398, -6.2623827], [106.7827166, -6.2623638], [106.7826397, -6.2622987], [106.7825662, -6.2622285], [106.7824222, -6.2620791], [106.7823674, -6.2620231], [106.7823334, -6.2619799]]}}, {"type": "Feature", "properties": {"osm_id": 311490313, "name": "Jalan Sultan Iskandar Muda", "highway": "trunk", "oneway": "yes", "lanes": "2", "maxspeed": "", "source": "OpenStreetMap", "license": "ODbL"}, "geometry": {"type": "LineString", "coordinates": [[106.7818874, -6.2610092], [106.78185, -6.2608813], [106.7818101, -6.2607386], [106.7817892, -6.260638], [106.7817505, -6.2604624], [106.7817346, -6.2602814], [106.7817241, -6.2600891], [106.781715, -6.259882], [106.7817034, -6.2595876], [106.7816953, -6.2593467], [106.7816908, -6.2589494], [106.781689, -6.2588944], [106.7816488, -6.2579469], [106.7816369, -6.2574643], [106.7816236, -6.2571865], [106.7816204, -6.2571305], [106.78162, -6.2570515], [106.7816197, -6.2569724], [106.7816182, -6.256912], [106.7816363, -6.256174]]}}, {"type": "Feature", "properties": {"osm_id": 319082310, "name": "Jalan Garuda I", "highway": "residential", "oneway": "", "lanes": "", "maxspeed": "", "source": "OpenStreetMap", "license": "ODbL"}, "geometry": {"type": "LineString", "coordinates": [[106.6999611, -6.2580187], [106.7000105, -6.2579999], [106.7005568, -6.2578529], [106.7012045, -6.2576786]]}}, {"type": "Feature", "properties": {"osm_id": 319082316, "name": "Jalan Garuda", "highway": "residential", "oneway": "", "lanes": "", "maxspeed": "", "source": "OpenStreetMap", "license": "ODbL"}, "geometry": {"type": "LineString", "coordinates": [[106.7010029, -6.2597294], [106.700954, -6.2595087], [106.7008945, -6.2592992], [106.7008386, -6.2590496], [106.7007616, -6.258821], [106.7006918, -6.2585661], [106.7006305, -6.2583241]]}}, {"type": "Feature", "properties": {"osm_id": 319090762, "name": "Jalan Garuda II", "highway": "living_street", "oneway": "", "lanes": "", "maxspeed": "", "source": "OpenStreetMap", "license": "ODbL"}, "geometry": {"type": "LineString", "coordinates": [[106.7014757, -6.2581013], [106.7014604, -6.2580278], [106.7014463, -6.2579658], [106.7014329, -6.2579118], [106.7014192, -6.2578659], [106.7014057, -6.2578512]]}}, {"type": "Feature", "properties": {"osm_id": 319109717, "name": "Jalan Garuda", "highway": "residential", "oneway": "", "lanes": "", "maxspeed": "", "source": "OpenStreetMap", "license": "ODbL"}, "geometry": {"type": "LineString", "coordinates": [[106.7004962, -6.2576422], [106.7005568, -6.2578529], [106.7006015, -6.2580773], [106.7006305, -6.2583241]]}}, {"type": "Feature", "properties": {"osm_id": 319355530, "name": "Jalan Garuda I", "highway": "service", "oneway": "no", "lanes": "2", "maxspeed": "", "source": "OpenStreetMap", "license": "ODbL"}, "geometry": {"type": "LineString", "coordinates": [[106.7571968, -6.2703467], [106.7565383, -6.2703714]]}}, {"type": "Feature", "properties": {"osm_id": 319355540, "name": "Jalan Garuda II", "highway": "residential", "oneway": "no", "lanes": "2", "maxspeed": "", "source": "OpenStreetMap", "license": "ODbL"}, "geometry": {"type": "LineString", "coordinates": [[106.7558931, -6.2697512], [106.7565119, -6.2697484]]}}, {"type": "Feature", "properties": {"osm_id": 319355543, "name": "Jalan Garuda II", "highway": "residential", "oneway": "no", "lanes": "2", "maxspeed": "", "source": "OpenStreetMap", "license": "ODbL"}, "geometry": {"type": "LineString", "coordinates": [[106.7557472, -6.2697464], [106.7555932, -6.269747]]}}, {"type": "Feature", "properties": {"osm_id": 319355544, "name": "Jalan Garuda II", "highway": "residential", "oneway": "", "lanes": "", "maxspeed": "", "source": "OpenStreetMap", "license": "ODbL"}, "geometry": {"type": "LineString", "coordinates": [[106.7565119, -6.2697484], [106.757087, -6.2697324]]}}, {"type": "Feature", "properties": {"osm_id": 319355550, "name": "Jalan Garuda III", "highway": "residential", "oneway": "no", "lanes": "2", "maxspeed": "", "source": "OpenStreetMap", "license": "ODbL"}, "geometry": {"type": "LineString", "coordinates": [[106.7555369, -6.2693176], [106.7557762, -6.269082], [106.7558019, -6.269062], [106.7558363, -6.2690496], [106.7558708, -6.2690473], [106.7561409, -6.2690515], [106.756482, -6.2690502], [106.7566081, -6.2690482], [106.7571374, -6.2690559], [106.7572448, -6.2690702], [106.7573102, -6.269081], [106.7576407, -6.2690949]]}}, {"type": "Feature", "properties": {"osm_id": 319355552, "name": "Jalan Garuda", "highway": "residential", "oneway": "yes", "lanes": "2", "maxspeed": "", "source": "OpenStreetMap", "license": "ODbL"}, "geometry": {"type": "LineString", "coordinates": [[106.7561746, -6.267954], [106.7564893, -6.2682293], [106.756551, -6.2682973], [106.756573, -6.2683333], [106.7565879, -6.2683688], [106.7565944, -6.2684208], [106.756599, -6.2686318], [106.7566081, -6.2690482]]}}, {"type": "Feature", "properties": {"osm_id": 319656925, "name": "Jalan Sultan Iskandar Muda", "highway": "trunk", "oneway": "yes", "lanes": "1", "maxspeed": "", "source": "OpenStreetMap", "license": "ODbL"}, "geometry": {"type": "LineString", "coordinates": [[106.785442, -6.2347509], [106.7855408, -6.2346346], [106.7855827, -6.2345618]]}}, {"type": "Feature", "properties": {"osm_id": 319656926, "name": "Jalan Sultan Iskandar Muda", "highway": "trunk", "oneway": "no", "lanes": "2", "maxspeed": "", "source": "OpenStreetMap", "license": "ODbL"}, "geometry": {"type": "LineString", "coordinates": [[106.7846617, -6.235522], [106.7845583, -6.235646], [106.7843929, -6.2358694], [106.7843024, -6.235981], [106.7842258, -6.2360873]]}}, {"type": "Feature", "properties": {"osm_id": 319656927, "name": "Jalan Sultan Iskandar Muda", "highway": "trunk", "oneway": "yes", "lanes": "1", "maxspeed": "", "source": "OpenStreetMap", "license": "ODbL"}, "geometry": {"type": "LineString", "coordinates": [[106.7838331, -6.236956], [106.7837633, -6.2371472], [106.7836925, -6.2373622]]}}, {"type": "Feature", "properties": {"osm_id": 319660007, "name": "Jalan Sultan Iskandar Muda", "highway": "trunk", "oneway": "yes", "lanes": "1", "maxspeed": "", "source": "OpenStreetMap", "license": "ODbL"}, "geometry": {"type": "LineString", "coordinates": [[106.7823011, -6.2446611], [106.7823822, -6.2443185]]}}, {"type": "Feature", "properties": {"osm_id": 319660008, "name": "Jalan Sultan Iskandar Muda", "highway": "trunk", "oneway": "no", "lanes": "2", "maxspeed": "", "source": "OpenStreetMap", "license": "ODbL"}, "geometry": {"type": "LineString", "coordinates": [[106.7822262, -6.2449032], [106.7815696, -6.2466616], [106.781324, -6.2474747], [106.7812809, -6.2477345], [106.7812514, -6.2480786], [106.7812304, -6.2486914], [106.7812444, -6.2490047], [106.7812771, -6.2493181], [106.7813004, -6.2494772]]}}, {"type": "Feature", "properties": {"osm_id": 319660009, "name": "Jalan Sultan Iskandar Muda", "highway": "trunk", "oneway": "yes", "lanes": "1", "maxspeed": "", "source": "OpenStreetMap", "license": "ODbL"}, "geometry": {"type": "LineString", "coordinates": [[106.7813395, -6.249568], [106.7814335, -6.2497173]]}}, {"type": "Feature", "properties": {"osm_id": 319660010, "name": "Jalan Sultan Iskandar Muda", "highway": "busway", "oneway": "yes", "lanes": "1", "maxspeed": "", "source": "OpenStreetMap", "license": "ODbL"}, "geometry": {"type": "LineString", "coordinates": [[106.7831478, -6.2388193], [106.783068, -6.2390666], [106.7830183, -6.2393792], [106.7829292, -6.2400112], [106.7828708, -6.2404397], [106.7828587, -6.2406677], [106.782852, -6.2408377], [106.7828585, -6.2409657]]}}, {"type": "Feature", "properties": {"osm_id": 319661008, "name": "Jalan Sultan Iskandar Muda", "highway": "trunk", "oneway": "yes", "lanes": "2", "maxspeed": "", "source": "OpenStreetMap", "license": "ODbL"}, "geometry": {"type": "LineString", "coordinates": [[106.7814335, -6.2497173], [106.7815088, -6.2502607], [106.7815283, -6.2504223], [106.7815864, -6.2509574], [106.7816361, -6.2515042], [106.7816544, -6.2516994], [106.7816779, -6.2519568], [106.7816807, -6.2520383], [106.7816934, -6.2522906], [106.7817095, -6.2526081], [106.7817185, -6.2527751], [106.7817208, -6.2528186], [106.7817311, -6.2530635], [106.7817359, -6.2533628], [106.7817353, -6.2534359], [106.7817372, -6.2536999], [106.7817505, -6.2545877], [106.7817512, -6.2549398], [106.7817531, -6.2553443], [106.7817518, -6.2558242], [106.7817548, -6.256014], [106.7817556, -6.2561567], [106.7817722, -6.2570536], [106.781773, -6.2570953], [106.781792, -6.2580545], [106.7818162, -6.2588722], [106.7818309, -6.259435], [106.7818373, -6.2596004], [106.7818442, -6.2597886], [106.78185, -6.2599085], [106.781863, -6.2601321], [106.7818994, -6.2604069], [106.7819415, -6.2606627]]}}, {"type": "Feature", "properties": {"osm_id": 319661009, "name": "Jalan Sultan Iskandar Muda", "highway": "trunk", "oneway": "yes", "lanes": "2", "maxspeed": "", "source": "OpenStreetMap", "license": "ODbL"}, "geometry": {"type": "LineString", "coordinates": [[106.781213, -6.2477017], [106.7812639, -6.2474361], [106.781275, -6.2473907], [106.7813252, -6.2472032], [106.7813371, -6.2471587], [106.7814171, -6.2468529], [106.7814288, -6.2468195], [106.7817636, -6.2458624], [106.7817895, -6.2457861], [106.7818269, -6.2456762]]}}, {"type": "Feature", "properties": {"osm_id": 319661010, "name": "Jalan Sultan Iskandar Muda", "highway": "trunk", "oneway": "yes", "lanes": "2", "maxspeed": "", "source": "OpenStreetMap", "license": "ODbL"}, "geometry": {"type": "LineString", "coordinates": [[106.7823146, -6.2448964], [106.781984, -6.2457336]]}}, {"type": "Feature", "properties": {"osm_id": 319661011, "name": "Jalan Sultan Iskandar Muda", "highway": "trunk", "oneway": "yes", "lanes": "2", "maxspeed": "", "source": "OpenStreetMap", "license": "ODbL"}, "geometry": {"type": "LineString", "coordinates": [[106.7821567, -6.2448404], [106.7822398, -6.2446079], [106.7822861, -6.2444606], [106.7823711, -6.2441832], [106.782434, -6.2439541], [106.7825109, -6.243699], [106.7825907, -6.2431502], [106.7826006, -6.2430505], [106.7826573, -6.2423313], [106.7826875, -6.2419506], [106.7827182, -6.241579], [106.7827239, -6.2414914], [106.7827496, -6.2412101], [106.7827811, -6.2408284], [106.7827897, -6.2406264], [106.782791, -6.2405538]]}}, {"type": "Feature", "properties": {"osm_id": 319661012, "name": "Jalan Sultan Iskandar Muda", "highway": "trunk", "oneway": "yes", "lanes": "2", "maxspeed": "", "source": "OpenStreetMap", "license": "ODbL"}, "geometry": {"type": "LineString", "coordinates": [[106.782892, -6.2411265], [106.782881, -6.2412886], [106.7828674, -6.2414904], [106.7828531, -6.2416281], [106.7828489, -6.2417067], [106.7828434, -6.2418152], [106.7828381, -6.2419339], [106.7828199, -6.2421421], [106.7828022, -6.2423037], [106.7827332, -6.2431167], [106.7827008, -6.2433935], [106.7826453, -6.2436944], [106.7825696, -6.2439929], [106.7825166, -6.244225], [106.7824973, -6.2442988], [106.7824729, -6.2443954], [106.782446, -6.2445059], [106.7823146, -6.2448964]]}}, {"type": "Feature", "properties": {"osm_id": 329601226, "name": "Jalan Husein Sastranegara", "highway": "secondary", "oneway": "yes", "lanes": "3", "maxspeed": "", "source": "OpenStreetMap", "license": "ODbL"}, "geometry": {"type": "LineString", "coordinates": [[106.6859048, -6.1146923], [106.6859187, -6.1147237], [106.6859388, -6.11475], [106.685967, -6.1147723], [106.6859908, -6.1147813], [106.6860193, -6.1147893], [106.6860585, -6.1147953], [106.6861105, -6.1147937], [106.6861824, -6.1147886]]}}, {"type": "Feature", "properties": {"osm_id": 329601228, "name": "Jalan Husein Sastranegara", "highway": "secondary", "oneway": "yes", "lanes": "1", "maxspeed": "", "source": "OpenStreetMap", "license": "ODbL"}, "geometry": {"type": "LineString", "coordinates": [[106.6851455, -6.1141766], [106.6846892, -6.1144433], [106.68458, -6.1145013], [106.6844197, -6.1145889], [106.6842666, -6.1146726]]}}, {"type": "Feature", "properties": {"osm_id": 340788061, "name": "Jalan Husein Sastranegara", "highway": "secondary", "oneway": "yes", "lanes": "2", "maxspeed": "", "source": "OpenStreetMap", "license": "ODbL"}, "geometry": {"type": "LineString", "coordinates": [[106.6890279, -6.1142466], [106.6890719, -6.1145055], [106.6890839, -6.1145912], [106.6890975, -6.1147681], [106.6891041, -6.1148807], [106.689116, -6.1151012], [106.6891214, -6.1151998], [106.6891259, -6.1155315], [106.6891551, -6.115976], [106.6891618, -6.116142], [106.6891652, -6.116228], [106.689171, -6.1163193], [106.6892401, -6.1174073], [106.6892486, -6.1178369], [106.6892518, -6.1179976], [106.689249, -6.1180549], [106.689233, -6.118119], [106.6892098, -6.1181794], [106.6891941, -6.118207], [106.6891619, -6.1182616], [106.6891278, -6.1183186], [106.6889672, -6.1185866], [106.6889412, -6.1186301], [106.6887292, -6.1188768], [106.6886563, -6.1189887], [106.6885963, -6.119084], [106.6885389, -6.1191798], [106.6885169, -6.1192251], [106.6884619, -6.119338], [106.6884235, -6.1194248], [106.688379, -6.1195423], [106.6883261, -6.1196876], [106.6882878, -6.1197902], [106.6882591, -6.1198669], [106.6882162, -6.1199829], [106.6881814, -6.1200372], [106.688097, -6.1201079], [106.6880272, -6.1201452], [106.6879374, -6.1201772], [106.6878717, -6.1201852], [106.6878506, -6.1201861], [106.6878214, -6.1201847], [106.6877442, -6.1201812], [106.6875901, -6.1201652], [106.6867657, -6.1200799], [106.6865296, -6.1201254], [106.6864836, -6.1201565], [106.6864475, -6.1201955], [106.6864087, -6.1202646], [106.6863859, -6.1203446], [106.6863802, -6.1204451], [106.6863988, -6.1205521], [106.6864345, -6.1206811], [106.6865102, -6.1209546], [106.6866266, -6.1213752], [106.6866318, -6.1213937], [106.6866725, -6.1215358], [106.6866819, -6.1215812], [106.6866886, -6.1216278], [106.6866913, -6.1216732], [106.6865853, -6.122438], [106.6865819, -6.1225018], [106.6865734, -6.1226908], [106.6865714, -6.1227343], [106.6865885, -6.1229545], [106.686588, -6.1230159], [106.6865869, -6.1231386], [106.6865848, -6.1232326], [106.6865731, -6.1232884], [106.6865296, -6.1234971], [106.6865085, -6.1236134], [106.6864954, -6.1237172], [106.6864918, -6.1237817], [106.6864905, -6.1238283], [106.6864952, -6.1240612], [106.6864935, -6.1241435], [106.6864937, -6.1242012], [106.6864935, -6.1242728], [106.6864986, -6.1243165], [106.6865147, -6.1243846], [106.6865384, -6.1244489], [106.6866236, -6.1245833], [106.6866555, -6.1246553], [106.6866646, -6.1246823], [106.6866697, -6.1246973], [106.6866858, -6.124748], [106.6866914, -6.1247951], [106.6866937, -6.1248387], [106.6866875, -6.1248857], [106.6866513, -6.1250097], [106.6865467, -6.1253137], [106.6864932, -6.1255002], [106.6864214, -6.1258646], [106.6863469, -6.1262421], [106.6862922, -6.1265197], [106.6862545, -6.1267108], [106.6862207, -6.1268822], [106.6861871, -6.1270535], [106.6860332, -6.1277714]]}}, {"type": "Feature", "properties": {"osm_id": 340788062, "name": "Jalan Husein Sastranegara", "highway": "secondary", "oneway": "yes", "lanes": "2", "maxspeed": "", "source": "OpenStreetMap", "license": "ODbL"}, "geometry": {"type": "LineString", "coordinates": [[106.6889762, -6.1140365], [106.689009, -6.1141739]]}}, {"type": "Feature", "properties": {"osm_id": 340788068, "name": "Jalan Husein Sastranegara", "highway": "secondary", "oneway": "yes", "lanes": "2", "maxspeed": "", "source": "OpenStreetMap", "license": "ODbL"}, "geometry": {"type": "LineString", "coordinates": [[106.6860332, -6.1277714], [106.685986, -6.1279379], [106.6859583, -6.1280418], [106.6859354, -6.1281263]]}}, {"type": "Feature", "properties": {"osm_id": 341071602, "name": "Garuda", "highway": "tertiary", "oneway": "", "lanes": "2", "maxspeed": "", "source": "OpenStreetMap", "license": "ODbL"}, "geometry": {"type": "LineString", "coordinates": [[106.6922001, -6.0907624], [106.6922571, -6.0908403]]}}, {"type": "Feature", "properties": {"osm_id": 341071603, "name": "Garuda", "highway": "tertiary", "oneway": "", "lanes": "2", "maxspeed": "", "source": "OpenStreetMap", "license": "ODbL"}, "geometry": {"type": "LineString", "coordinates": [[106.6924047, -6.0910104], [106.6924874, -6.0911102], [106.6925068, -6.0911406], [106.6925347, -6.091187], [106.6925464, -6.091202], [106.6929083, -6.0916669], [106.6931047, -6.0918668], [106.6932141, -6.0919783]]}}, {"type": "Feature", "properties": {"osm_id": 341192172, "name": "Garuda", "highway": "residential", "oneway": "", "lanes": "", "maxspeed": "", "source": "OpenStreetMap", "license": "ODbL"}, "geometry": {"type": "LineString", "coordinates": [[106.6930397, -6.0924743], [106.6929489, -6.092536]]}}, {"type": "Feature", "properties": {"osm_id": 341413772, "name": "Jalan Husein Sastranegara", "highway": "secondary", "oneway": "yes", "lanes": "2", "maxspeed": "", "source": "OpenStreetMap", "license": "ODbL"}, "geometry": {"type": "LineString", "coordinates": [[106.6845899, -6.1311222], [106.684726, -6.1306885], [106.6847524, -6.1306044], [106.685023, -6.129742], [106.6853034, -6.1285913], [106.6853651, -6.1280979], [106.6855502, -6.1249617], [106.6855422, -6.1245723], [106.6853607, -6.1217026], [106.685355, -6.1215286], [106.6853044, -6.12078], [106.685231, -6.1196092], [106.6852418, -6.1194492], [106.6852817, -6.1191146], [106.6852951, -6.1186358], [106.6852924, -6.1181656], [106.6851935, -6.1163581], [106.6851934, -6.1161598], [106.6852015, -6.1160408], [106.6852149, -6.1159624], [106.6852511, -6.1158741], [106.6852967, -6.1157838], [106.6855542, -6.1153461], [106.6857513, -6.1150295]]}}, {"type": "Feature", "properties": {"osm_id": 341413773, "name": "Jalan Husein Sastranegara", "highway": "secondary", "oneway": "yes", "lanes": "2", "maxspeed": "", "source": "OpenStreetMap", "license": "ODbL"}, "geometry": {"type": "LineString", "coordinates": [[106.6858786, -6.1144544], [106.6858675, -6.1143986], [106.6858634, -6.11437], [106.6858546, -6.114338], [106.6858412, -6.1143126], [106.6858292, -6.1142966], [106.6858158, -6.1142833], [106.6857876, -6.1142566], [106.6857562, -6.1142332], [106.6857165, -6.1142113], [106.6856642, -6.1141826], [106.6856065, -6.1141573], [106.6855357, -6.1141388]]}}, {"type": "Feature", "properties": {"osm_id": 354123018, "name": "Jalan Garuda VI", "highway": "residential", "oneway": "no", "lanes": "2", "maxspeed": "", "source": "OpenStreetMap", "license": "ODbL"}, "geometry": {"type": "LineString", "coordinates": [[106.7571372, -6.2674659], [106.7571024, -6.2674579], [106.757069, -6.2674416], [106.7570308, -6.2674098], [106.7568527, -6.2672472]]}}, {"type": "Feature", "properties": {"osm_id": 382403074, "name": "Jalan Aria Santika", "highway": "tertiary", "oneway": "", "lanes": "2", "maxspeed": "", "source": "OpenStreetMap", "license": "ODbL"}, "geometry": {"type": "LineString", "coordinates": [[106.6056439, -6.1789129], [106.6057612, -6.1789316], [106.605961, -6.1789463], [106.6063821, -6.1789849], [106.6066141, -6.1790063], [106.6067335, -6.1790129], [106.6069816, -6.1790296], [106.6071372, -6.1790163], [106.6072492, -6.1788749], [106.6072968, -6.1788569], [106.6078557, -6.1789224], [106.6080498, -6.178941], [106.6082275, -6.1789596], [106.608318, -6.1789343], [106.6083409, -6.1789025], [106.6083898, -6.1786803], [106.6084571, -6.1786206], [106.6085044, -6.1786166], [106.6088122, -6.1786623], [106.6089584, -6.1786369], [106.6090596, -6.1785403], [106.6092722, -6.1783156], [106.6093913, -6.178246], [106.610042, -6.1780243], [106.610105, -6.1779696], [106.6101392, -6.1778636], [106.6101674, -6.1778136], [106.6102351, -6.1777769], [106.610449, -6.1777616]]}}, {"type": "Feature", "properties": {"osm_id": 413571004, "name": "Jalan Husein Sastranegara", "highway": "secondary", "oneway": "yes", "lanes": "3", "maxspeed": "", "source": "OpenStreetMap", "license": "ODbL"}, "geometry": {"type": "LineString", "coordinates": [[106.6857513, -6.1150295], [106.6858812, -6.1147966], [106.6858929, -6.114764], [106.6859002, -6.1147307], [106.6859048, -6.1146923]]}}, {"type": "Feature", "properties": {"osm_id": 414338405, "name": "Jalan Garuda", "highway": "residential", "oneway": "", "lanes": "1", "maxspeed": "", "source": "OpenStreetMap", "license": "ODbL"}, "geometry": {"type": "LineString", "coordinates": [[106.7280431, -6.2942412], [106.728016, -6.2943451], [106.7279428, -6.2946684], [106.7278778, -6.2949149], [106.7277477, -6.2952341], [106.7277157, -6.2952854], [106.727642, -6.2954038], [106.7275438, -6.2955738], [106.727516, -6.295622], [106.7274103, -6.2958645], [106.727333, -6.2961635], [106.7273189, -6.2962255], [106.7272232, -6.2966444], [106.7272238, -6.2966806]]}}, {"type": "Feature", "properties": {"osm_id": 430184284, "name": "Jalan Garuda Raya", "highway": "residential", "oneway": "", "lanes": "2", "maxspeed": "", "source": "OpenStreetMap", "license": "ODbL"}, "geometry": {"type": "LineString", "coordinates": [[106.715047, -6.2227676], [106.7150182, -6.2228089], [106.7149209, -6.2232855], [106.714911, -6.2233224], [106.7148066, -6.2236801], [106.7147546, -6.2238226], [106.7147067, -6.2239275], [106.7146272, -6.2240695], [106.714491, -6.2243127], [106.7144809, -6.224323], [106.7144693, -6.22433]]}}, {"type": "Feature", "properties": {"osm_id": 430184296, "name": "Jalan Garuda 1", "highway": "residential", "oneway": "", "lanes": "", "maxspeed": "", "source": "OpenStreetMap", "license": "ODbL"}, "geometry": {"type": "LineString", "coordinates": [[106.6988185, -6.2160847], [106.6988885, -6.2160717]]}}, {"type": "Feature", "properties": {"osm_id": 430184340, "name": "Jalan Garuda 2", "highway": "residential", "oneway": "", "lanes": "", "maxspeed": "", "source": "OpenStreetMap", "license": "ODbL"}, "geometry": {"type": "LineString", "coordinates": [[106.6988314, -6.2158013], [106.6988872, -6.2157914]]}}, {"type": "Feature", "properties": {"osm_id": 430184360, "name": "Jalan Garuda III", "highway": "residential", "oneway": "", "lanes": "2", "maxspeed": "", "source": "OpenStreetMap", "license": "ODbL"}, "geometry": {"type": "LineString", "coordinates": [[106.714628, -6.2232377], [106.7145094, -6.2235468]]}}, {"type": "Feature", "properties": {"osm_id": 430184483, "name": "Jalan Garuda 3", "highway": "residential", "oneway": "", "lanes": "", "maxspeed": "", "source": "OpenStreetMap", "license": "ODbL"}, "geometry": {"type": "LineString", "coordinates": [[106.6997122, -6.2153424], [106.6988935, -6.2154997]]}}, {"type": "Feature", "properties": {"osm_id": 430184536, "name": "Jalan Garuda III", "highway": "residential", "oneway": "", "lanes": "", "maxspeed": "", "source": "OpenStreetMap", "license": "ODbL"}, "geometry": {"type": "LineString", "coordinates": [[106.6964333, -6.2050318], [106.6962889, -6.2059487]]}}, {"type": "Feature", "properties": {"osm_id": 430184685, "name": "Jalan Garuda II", "highway": "residential", "oneway": "", "lanes": "2", "maxspeed": "", "source": "OpenStreetMap", "license": "ODbL"}, "geometry": {"type": "LineString", "coordinates": [[106.7137646, -6.2235124], [106.7139523, -6.2236131], [106.7140661, -6.2236544], [106.7141912, -6.2236881]]}}, {"type": "Feature", "properties": {"osm_id": 430184796, "name": "Jalan Garuda I", "highway": "residential", "oneway": "", "lanes": "2", "maxspeed": "", "source": "OpenStreetMap", "license": "ODbL"}, "geometry": {"type": "LineString", "coordinates": [[106.7149209, -6.2232855], [106.714628, -6.2232377], [106.7144395, -6.2232098], [106.7144059, -6.2232122]]}}, {"type": "Feature", "properties": {"osm_id": 430473603, "name": "Jalan Garuda IV", "highway": "residential", "oneway": "", "lanes": "", "maxspeed": "", "source": "OpenStreetMap", "license": "ODbL"}, "geometry": {"type": "LineString", "coordinates": [[106.6653478, -6.1927592], [106.6653197, -6.1927699], [106.6653083, -6.1927956], [106.665272, -6.1930052], [106.6652305, -6.1932832], [106.6651845, -6.1935172], [106.6651684, -6.1935392], [106.665145, -6.1935472], [106.6651064, -6.1935472], [106.6644816, -6.1934333]]}}, {"type": "Feature", "properties": {"osm_id": 447489935, "name": "Jalan Otista V", "highway": "residential", "oneway": "no", "lanes": "2", "maxspeed": "", "source": "OpenStreetMap", "license": "ODbL"}, "geometry": {"type": "LineString", "coordinates": [[106.8702404, -6.2403857], [106.8702807, -6.2403845]]}}, {"type": "Feature", "properties": {"osm_id": 447489937, "name": "Jalan Otista V", "highway": "residential", "oneway": "no", "lanes": "2", "maxspeed": "", "source": "OpenStreetMap", "license": "ODbL"}, "geometry": {"type": "LineString", "coordinates": [[106.8702807, -6.2403845], [106.8702944, -6.2403836]]}}, {"type": "Feature", "properties": {"osm_id": 460889411, "name": "Jalan Sultan Iskandar Muda", "highway": "trunk", "oneway": "yes", "lanes": "2", "maxspeed": "", "source": "OpenStreetMap", "license": "ODbL"}, "geometry": {"type": "LineString", "coordinates": [[106.7824705, -6.2618919], [106.7825074, -6.2619512], [106.7826717, -6.2621171], [106.7830009, -6.2623738], [106.7831256, -6.2624898], [106.7832631, -6.2626344], [106.7834172, -6.2628387], [106.7835117, -6.263022], [106.7835575, -6.2631429], [106.7836004, -6.2632976]]}}, {"type": "Feature", "properties": {"osm_id": 460889412, "name": "Jalan Sultan Iskandar Muda", "highway": "trunk", "oneway": "yes", "lanes": "2", "maxspeed": "", "source": "OpenStreetMap", "license": "ODbL"}, "geometry": {"type": "LineString", "coordinates": [[106.7836398, -6.2640038], [106.7836828, -6.2654125], [106.7837551, -6.2657688]]}}, {"type": "Feature", "properties": {"osm_id": 460889413, "name": "Jalan Sultan Iskandar Muda", "highway": "trunk", "oneway": "yes", "lanes": "2", "maxspeed": "", "source": "OpenStreetMap", "license": "ODbL"}, "geometry": {"type": "LineString", "coordinates": [[106.7836004, -6.2632976], [106.7836398, -6.2640038]]}}, {"type": "Feature", "properties": {"osm_id": 460889414, "name": "Jalan Sultan Iskandar Muda", "highway": "trunk", "oneway": "yes", "lanes": "2", "maxspeed": "", "source": "OpenStreetMap", "license": "ODbL"}, "geometry": {"type": "LineString", "coordinates": [[106.7835566, -6.264004], [106.7835231, -6.2633806], [106.7835156, -6.2633225]]}}, {"type": "Feature", "properties": {"osm_id": 460889415, "name": "Jalan Sultan Iskandar Muda", "highway": "trunk", "oneway": "yes", "lanes": "3", "maxspeed": "", "source": "OpenStreetMap", "license": "ODbL"}, "geometry": {"type": "LineString", "coordinates": [[106.7835156, -6.2633225], [106.7835015, -6.2632596], [106.7834583, -6.2631403], [106.7834005, -6.263019], [106.7832912, -6.262845], [106.7831726, -6.2626704], [106.7831102, -6.2626037], [106.7830244, -6.2625244], [106.7828313, -6.2623611], [106.7825805, -6.2621671], [106.7824484, -6.2620558], [106.7823334, -6.2619799]]}}, {"type": "Feature", "properties": {"osm_id": 463882340, "name": "Jalan Garuda II", "highway": "residential", "oneway": "", "lanes": "", "maxspeed": "", "source": "OpenStreetMap", "license": "ODbL"}, "geometry": {"type": "LineString", "coordinates": [[106.5904602, -6.1664949], [106.5904117, -6.1672853]]}}, {"type": "Feature", "properties": {"osm_id": 463882345, "name": "Jalan Garuda III", "highway": "residential", "oneway": "", "lanes": "", "maxspeed": "", "source": "OpenStreetMap", "license": "ODbL"}, "geometry": {"type": "LineString", "coordinates": [[106.5906888, -6.1665011], [106.5906573, -6.1672907]]}}, {"type": "Feature", "properties": {"osm_id": 473699902, "name": "Jalan Otista III Dalam", "highway": "living_street", "oneway": "no", "lanes": "", "maxspeed": "", "source": "OpenStreetMap", "license": "ODbL"}, "geometry": {"type": "LineString", "coordinates": [[106.8755334, -6.2313821], [106.8754729, -6.2313803], [106.8753715, -6.2313806], [106.8752047, -6.231381], [106.8749758, -6.2313733], [106.8748835, -6.2313828], [106.8746842, -6.2314042]]}}, {"type": "Feature", "properties": {"osm_id": 479492394, "name": "Jalan Garuda II", "highway": "residential", "oneway": "", "lanes": "", "maxspeed": "", "source": "OpenStreetMap", "license": "ODbL"}, "geometry": {"type": "LineString", "coordinates": [[106.6780001, -6.2268863], [106.6777048, -6.2264328]]}}, {"type": "Feature", "properties": {"osm_id": 479492395, "name": "Jalan Garuda III", "highway": "residential", "oneway": "", "lanes": "", "maxspeed": "", "source": "OpenStreetMap", "license": "ODbL"}, "geometry": {"type": "LineString", "coordinates": [[106.6776451, -6.2267221], [106.6778137, -6.2270139]]}}, {"type": "Feature", "properties": {"osm_id": 479492396, "name": "Jalan Garuda IV", "highway": "residential", "oneway": "", "lanes": "", "maxspeed": "", "source": "OpenStreetMap", "license": "ODbL"}, "geometry": {"type": "LineString", "coordinates": [[106.6774238, -6.2268561], [106.677635, -6.2271377]]}}, {"type": "Feature", "properties": {"osm_id": 479492467, "name": "Jalan Garuda Raya", "highway": "residential", "oneway": "", "lanes": "", "maxspeed": "", "source": "OpenStreetMap", "license": "ODbL"}, "geometry": {"type": "LineString", "coordinates": [[106.6777754, -6.2262085], [106.6779073, -6.2263997], [106.6780408, -6.2265751], [106.6781818, -6.2267641], [106.6783436, -6.2269939]]}}, {"type": "Feature", "properties": {"osm_id": 479492471, "name": "Jalan Garuda I", "highway": "residential", "oneway": "", "lanes": "", "maxspeed": "", "source": "OpenStreetMap", "license": "ODbL"}, "geometry": {"type": "LineString", "coordinates": [[106.67705, -6.2278359], [106.6770516, -6.2278199], [106.6773588, -6.2273377], [106.6774422, -6.2272691], [106.677635, -6.2271377], [106.6778137, -6.2270139], [106.6778909, -6.2269594], [106.6780001, -6.2268863], [106.6781411, -6.2267915]]}}, {"type": "Feature", "properties": {"osm_id": 480579114, "name": "Jalan Iskandar Muda", "highway": "tertiary", "oneway": "", "lanes": "2", "maxspeed": "", "source": "OpenStreetMap", "license": "ODbL"}, "geometry": {"type": "LineString", "coordinates": [[106.6308727, -6.1579562], [106.6307775, -6.1577355], [106.6307124, -6.1576142], [106.6306105, -6.1574868], [106.6304684, -6.1573075], [106.6302357, -6.1570555], [106.6301103, -6.1569448], [106.6300419, -6.1568875], [106.6299795, -6.1568448], [106.6298763, -6.1567995], [106.6297629, -6.1567515], [106.629655, -6.1567181], [106.6294062, -6.1566408], [106.6293157, -6.1566108], [106.6291769, -6.1564695], [106.6291045, -6.1563801], [106.6289717, -6.1561474], [106.6289214, -6.1559948], [106.6288785, -6.1558754]]}}, {"type": "Feature", "properties": {"osm_id": 480579197, "name": "Jalan Raya Sangego", "highway": "tertiary", "oneway": "yes", "lanes": "2", "maxspeed": "", "source": "OpenStreetMap", "license": "ODbL"}, "geometry": {"type": "LineString", "coordinates": [[106.6213491, -6.160053], [106.6215126, -6.1600559], [106.6220368, -6.1600662], [106.6239265, -6.1602515], [106.6248632, -6.1603135], [106.625163, -6.1603475], [106.6255358, -6.1604402], [106.6266658, -6.1606195], [106.6268181, -6.1606521], [106.6270235, -6.1606378], [106.6273547, -6.1605862], [106.6274342, -6.1605994], [106.6274742, -6.1606326]]}}, {"type": "Feature", "properties": {"osm_id": 484448055, "name": "Jalan Otista IV", "highway": "residential", "oneway": "no", "lanes": "2", "maxspeed": "", "source": "OpenStreetMap", "license": "ODbL"}, "geometry": {"type": "LineString", "coordinates": [[106.8699561, -6.2396373], [106.8700842, -6.2396245]]}}, {"type": "Feature", "properties": {"osm_id": 484448056, "name": "Jalan Otista IV", "highway": "living_street", "oneway": "no", "lanes": "2", "maxspeed": "", "source": "OpenStreetMap", "license": "ODbL"}, "geometry": {"type": "LineString", "coordinates": [[106.8693271, -6.2396499], [106.8694035, -6.239649], [106.8699561, -6.2396373]]}}, {"type": "Feature", "properties": {"osm_id": 484862893, "name": "Jalan Otista Raya 149", "highway": "living_street", "oneway": "no", "lanes": "1", "maxspeed": "", "source": "OpenStreetMap", "license": "ODbL"}, "geometry": {"type": "LineString", "coordinates": [[106.8691488, -6.2384247], [106.8692111, -6.2384123], [106.8694941, -6.2383707], [106.8695458, -6.238362], [106.8696302, -6.2383494], [106.8696413, -6.2383454], [106.8696456, -6.2383327], [106.8696456, -6.2382934], [106.8696507, -6.2382813], [106.8696617, -6.2382754], [106.8697288, -6.2382774], [106.8697365, -6.2382747], [106.8697427, -6.238271], [106.8697481, -6.238267], [106.8697513, -6.2382627], [106.8697643, -6.2380614], [106.8697694, -6.2379248], [106.8697695, -6.2379044], [106.8697749, -6.2378899], [106.8697821, -6.2378843], [106.8697922, -6.2378819], [106.8698575, -6.2378804], [106.869872, -6.2378783], [106.8698827, -6.2378733], [106.869887, -6.2378604], [106.8698875, -6.2378393], [106.869876, -6.2377728], [106.8698388, -6.2376201]]}}, {"type": "Feature", "properties": {"osm_id": 484862912, "name": "Jalan Otista Raya Gang Salihun", "highway": "living_street", "oneway": "", "lanes": "1", "maxspeed": "", "source": "OpenStreetMap", "license": "ODbL"}, "geometry": {"type": "LineString", "coordinates": [[106.8675984, -6.2334601], [106.8680153, -6.2334126], [106.8681702, -6.2334019], [106.8683223, -6.2333982], [106.8684458, -6.2333952], [106.8684819, -6.2333928], [106.8687002, -6.2333782], [106.8688347, -6.2333692], [106.869113, -6.2333612], [106.8692029, -6.2333513], [106.8692387, -6.2333443], [106.869282, -6.2333359]]}}, {"type": "Feature", "properties": {"osm_id": 484862927, "name": "Jalan Otto Iskandardinata Gang Lembaga", "highway": "living_street", "oneway": "no", "lanes": "1", "maxspeed": "", "source": "OpenStreetMap", "license": "ODbL"}, "geometry": {"type": "LineString", "coordinates": [[106.8691312, -6.2412222], [106.8691071, -6.2412223], [106.8690021, -6.2412173], [106.8689702, -6.2412156], [106.868862, -6.2412147], [106.8687855, -6.2412173], [106.8686789, -6.2412353], [106.8685991, -6.241248], [106.8685522, -6.241256], [106.8685153, -6.2412633], [106.868469, -6.2412787], [106.8684147, -6.2413053], [106.8683973, -6.241319]]}}, {"type": "Feature", "properties": {"osm_id": 484871114, "name": "Jalan Teuku Umar", "highway": "tertiary", "oneway": "yes", "lanes": "2", "maxspeed": "", "source": "OpenStreetMap", "license": "ODbL"}, "geometry": {"type": "LineString", "coordinates": [[106.8330368, -6.1959912], [106.8330346, -6.1958348]]}}, {"type": "Feature", "properties": {"osm_id": 484871115, "name": "Jalan Teuku Umar", "highway": "tertiary", "oneway": "yes", "lanes": "2", "maxspeed": "", "source": "OpenStreetMap", "license": "ODbL"}, "geometry": {"type": "LineString", "coordinates": [[106.8330346, -6.1958348], [106.8330354, -6.19579], [106.8330466, -6.1951348], [106.8330493, -6.1950577]]}}, {"type": "Feature", "properties": {"osm_id": 484871508, "name": "Gang Otista 2", "highway": "living_street", "oneway": "no", "lanes": "1", "maxspeed": "", "source": "OpenStreetMap", "license": "ODbL"}, "geometry": {"type": "LineString", "coordinates": [[106.8684781, -6.2305395], [106.868506, -6.2305262], [106.8685339, -6.2305216], [106.8687911, -6.2305193], [106.8688195, -6.2305146], [106.8688433, -6.2305054], [106.8688852, -6.230483], [106.8689255, -6.230471]]}}, {"type": "Feature", "properties": {"osm_id": 484871555, "name": "Jalan Otista I A", "highway": "residential", "oneway": "no", "lanes": "1", "maxspeed": "", "source": "OpenStreetMap", "license": "ODbL"}, "geometry": {"type": "LineString", "coordinates": [[106.8650382, -6.2256219], [106.8649366, -6.2256351], [106.8648783, -6.2256341], [106.8648226, -6.2256324]]}}, {"type": "Feature", "properties": {"osm_id": 484871556, "name": "Jalan Otista I A", "highway": "residential", "oneway": "no", "lanes": "2", "maxspeed": "", "source": "OpenStreetMap", "license": "ODbL"}, "geometry": {"type": "LineString", "coordinates": [[106.8660441, -6.2258787], [106.8662274, -6.2258674], [106.8663079, -6.2258621], [106.8663796, -6.2258474], [106.8664928, -6.2258145], [106.8666246, -6.2257492], [106.8667289, -6.2256787], [106.866751, -6.2256638]]}}, {"type": "Feature", "properties": {"osm_id": 484871561, "name": "Jalan Otista I A", "highway": "residential", "oneway": "yes", "lanes": "2", "maxspeed": "", "source": "OpenStreetMap", "license": "ODbL"}, "geometry": {"type": "LineString", "coordinates": [[106.8668539, -6.2260288], [106.8667873, -6.2260405], [106.8666848, -6.2260551], [106.866497, -6.2260857], [106.8663757, -6.2261004], [106.8662724, -6.2261183], [106.8661651, -6.2261284], [106.8660651, -6.2261383]]}}, {"type": "Feature", "properties": {"osm_id": 484871562, "name": "Jalan Otista I A", "highway": "residential", "oneway": "no", "lanes": "2", "maxspeed": "", "source": "OpenStreetMap", "license": "ODbL"}, "geometry": {"type": "LineString", "coordinates": [[106.8660441, -6.2258787], [106.8660651, -6.2261383]]}}, {"type": "Feature", "properties": {"osm_id": 484871567, "name": "Jalan Otista I A", "highway": "residential", "oneway": "yes", "lanes": "2", "maxspeed": "", "source": "OpenStreetMap", "license": "ODbL"}, "geometry": {"type": "LineString", "coordinates": [[106.8650382, -6.2256219], [106.8651622, -6.2255931], [106.8653879, -6.2255568], [106.8654871, -6.2255361], [106.8655683, -6.2255298], [106.8656005, -6.2255311], [106.8656112, -6.2255355], [106.8656213, -6.2255541], [106.8656519, -6.2257706], [106.8656628, -6.2258474], [106.8656698, -6.2258618], [106.8656889, -6.2258747], [106.8657063, -6.22588], [106.8657243, -6.2258819], [106.8658927, -6.2258781], [106.8659739, -6.2258768], [106.8660441, -6.2258787]]}}, {"type": "Feature", "properties": {"osm_id": 484871574, "name": "Jalan Otista I A", "highway": "residential", "oneway": "yes", "lanes": "2", "maxspeed": "", "source": "OpenStreetMap", "license": "ODbL"}, "geometry": {"type": "LineString", "coordinates": [[106.8660651, -6.2261383], [106.8660698, -6.2262463], [106.8660642, -6.2262688], [106.866045, -6.2262997], [106.8660257, -6.2263263], [106.8660041, -6.226347], [106.8659422, -6.2263821], [106.8658679, -6.2264017], [106.8657091, -6.2264123], [106.8655548, -6.226429], [106.8654274, -6.226445], [106.8653194, -6.226463], [106.8651056, -6.226491], [106.8650987, -6.226489], [106.8650791, -6.2264834]]}}, {"type": "Feature", "properties": {"osm_id": 484871595, "name": "Jalan Otista Gang Mangga", "highway": "living_street", "oneway": "no", "lanes": "1", "maxspeed": "", "source": "OpenStreetMap", "license": "ODbL"}, "geometry": {"type": "LineString", "coordinates": [[106.8664548, -6.2295918], [106.8664556, -6.2294812], [106.8664652, -6.2294018], [106.8664702, -6.2293788], [106.8665235, -6.2293431], [106.8665463, -6.2293221], [106.8665484, -6.2293111], [106.8665491, -6.2292972], [106.8665478, -6.2291205], [106.8665464, -6.2290192], [106.8665451, -6.2289252], [106.8665438, -6.2288862]]}}, {"type": "Feature", "properties": {"osm_id": 484871596, "name": "Jalan Otista Gang Mangga", "highway": "living_street", "oneway": "no", "lanes": "1", "maxspeed": "", "source": "OpenStreetMap", "license": "ODbL"}, "geometry": {"type": "LineString", "coordinates": [[106.8649726, -6.2292565], [106.864963, -6.2292801], [106.8649607, -6.2292899], [106.8649598, -6.2293198], [106.8649607, -6.2293268], [106.8649639, -6.2293318], [106.8649689, -6.2293353], [106.8650256, -6.2293405]]}}, {"type": "Feature", "properties": {"osm_id": 484871597, "name": "Jalan Otista Gang Mangga", "highway": "living_street", "oneway": "no", "lanes": "1", "maxspeed": "", "source": "OpenStreetMap", "license": "ODbL"}, "geometry": {"type": "LineString", "coordinates": [[106.8660528, -6.2295188], [106.8660824, -6.2293212], [106.8661205, -6.2291305], [106.8661286, -6.2291035], [106.8661414, -6.2289712], [106.8661307, -6.2289566]]}}, {"type": "Feature", "properties": {"osm_id": 484871598, "name": "Jalan Otista Gang Mangga", "highway": "living_street", "oneway": "no", "lanes": "1", "maxspeed": "", "source": "OpenStreetMap", "license": "ODbL"}, "geometry": {"type": "LineString", "coordinates": [[106.8653565, -6.2293354], [106.8653723, -6.2292475], [106.8653911, -6.2291748], [106.8654018, -6.2290798], [106.8654038, -6.2290362], [106.8654044, -6.2289662]]}}, {"type": "Feature", "properties": {"osm_id": 484871599, "name": "Jalan Otista Gang Mangga", "highway": "living_street", "oneway": "no", "lanes": "1", "maxspeed": "", "source": "OpenStreetMap", "license": "ODbL"}, "geometry": {"type": "LineString", "coordinates": [[106.8652783, -6.2293244], [106.8652508, -6.2292924], [106.8651687, -6.2292761], [106.8650832, -6.2292661], [106.8650104, -6.2292605], [106.8649726, -6.2292565], [106.8649572, -6.2292552], [106.8649299, -6.2292543]]}}, {"type": "Feature", "properties": {"osm_id": 484871609, "name": "Jalan Otista Gang Mangga", "highway": "living_street", "oneway": "no", "lanes": "1", "maxspeed": "", "source": "OpenStreetMap", "license": "ODbL"}, "geometry": {"type": "LineString", "coordinates": [[106.8652783, -6.2293244], [106.8653512, -6.229335], [106.8653565, -6.2293354], [106.8654118, -6.2293491], [106.8655741, -6.2294135], [106.8657659, -6.2294574], [106.8658443, -6.2294848], [106.8659006, -6.2295035], [106.8660528, -6.2295188], [106.8660924, -6.2295425], [106.8661924, -6.2295838], [106.8662929, -6.2295905], [106.8663647, -6.229593], [106.8664548, -6.2295918], [106.8665081, -6.2295924], [106.8665219, -6.2295997], [106.8665296, -6.2296117]]}}, {"type": "Feature", "properties": {"osm_id": 485280711, "name": "Jalan Otista I", "highway": "residential", "oneway": "no", "lanes": "1", "maxspeed": "", "source": "OpenStreetMap", "license": "ODbL"}, "geometry": {"type": "LineString", "coordinates": [[106.8671532, -6.2254015], [106.8673639, -6.2253859], [106.8676948, -6.2253587], [106.8681582, -6.2253207], [106.8684219, -6.2253169], [106.8690039, -6.2252889], [106.869126, -6.2252912]]}}, {"type": "Feature", "properties": {"osm_id": 486051247, "name": "Jalan Otista IV", "highway": "residential", "oneway": "no", "lanes": "2", "maxspeed": "", "source": "OpenStreetMap", "license": "ODbL"}, "geometry": {"type": "LineString", "coordinates": [[106.8700842, -6.2396245], [106.8701687, -6.2396189]]}}, {"type": "Feature", "properties": {"osm_id": 486275684, "name": "Jalan Otto Iskandar Dinata III", "highway": "tertiary", "oneway": "no", "lanes": "2", "maxspeed": "", "source": "OpenStreetMap", "license": "ODbL"}, "geometry": {"type": "LineString", "coordinates": [[106.8697198, -6.2317185], [106.869645, -6.2317223]]}}, {"type": "Feature", "properties": {"osm_id": 486275685, "name": "Jalan Otto Iskandar Dinata III", "highway": "tertiary", "oneway": "no", "lanes": "2", "maxspeed": "", "source": "OpenStreetMap", "license": "ODbL"}, "geometry": {"type": "LineString", "coordinates": [[106.869645, -6.2317223], [106.869577, -6.2317258], [106.8695511, -6.2317276], [106.8695325, -6.2317289], [106.8676795, -6.2318615], [106.8674469, -6.231883], [106.8673897, -6.2318883]]}}, {"type": "Feature", "properties": {"osm_id": 487581502, "name": "Jalan Otto Iskandar Dinata III", "highway": "tertiary", "oneway": "no", "lanes": "2", "maxspeed": "", "source": "OpenStreetMap", "license": "ODbL"}, "geometry": {"type": "LineString", "coordinates": [[106.8757443, -6.2318724], [106.8755446, -6.2318796], [106.8754373, -6.231879], [106.8749306, -6.2319071], [106.8743221, -6.2319188], [106.8742932, -6.2319142], [106.874269, -6.2319065], [106.8742493, -6.2318915], [106.8742352, -6.2318695], [106.8741057, -6.2316414], [106.8740699, -6.2316015], [106.874025, -6.2315602], [106.8739814, -6.2315249], [106.8739305, -6.231498], [106.8739064, -6.2314902], [106.8738741, -6.2314783], [106.8738299, -6.2314695], [106.8737984, -6.2314675], [106.8737686, -6.2314669], [106.8736657, -6.2314623], [106.8733835, -6.231479], [106.8730459, -6.2314998], [106.8728652, -6.2315152], [106.8728079, -6.2315248], [106.8724659, -6.2315403], [106.872193, -6.2315659], [106.8718851, -6.2315859], [106.8715781, -6.2316093], [106.8715659, -6.23161], [106.8713877, -6.2316195], [106.8712735, -6.2316263], [106.8698231, -6.2317099], [106.8698033, -6.2317126], [106.8697556, -6.2317165], [106.8697198, -6.2317185]]}}, {"type": "Feature", "properties": {"osm_id": 487617564, "name": "Jalan Otista III Komplek XII", "highway": "residential", "oneway": "no", "lanes": "2", "maxspeed": "", "source": "OpenStreetMap", "license": "ODbL"}, "geometry": {"type": "LineString", "coordinates": [[106.8748452, -6.2340511], [106.8748466, -6.234353], [106.8748565, -6.2344678], [106.8749074, -6.2345721], [106.8752102, -6.235073], [106.8752367, -6.2351671], [106.8752468, -6.2351984], [106.8752635, -6.235227], [106.8755414, -6.2353147], [106.8757889, -6.2354058], [106.8758516, -6.2354291], [106.8759102, -6.2354632]]}}, {"type": "Feature", "properties": {"osm_id": 488377715, "name": "Jalan Komplek Garuda", "highway": "residential", "oneway": "no", "lanes": "1", "maxspeed": "", "source": "OpenStreetMap", "license": "ODbL"}, "geometry": {"type": "LineString", "coordinates": [[106.8436469, -6.2652459], [106.8437272, -6.2652309]]}}, {"type": "Feature", "properties": {"osm_id": 489985147, "name": "Komplek Garuda", "highway": "residential", "oneway": "", "lanes": "", "maxspeed": "", "source": "OpenStreetMap", "license": "ODbL"}, "geometry": {"type": "LineString", "coordinates": [[106.8395796, -6.2648026], [106.8395814, -6.2643847], [106.8395633, -6.2643494], [106.8395389, -6.2643318], [106.8392324, -6.2643384]]}}, {"type": "Feature", "properties": {"osm_id": 489985149, "name": "Komplek Garuda", "highway": "residential", "oneway": "", "lanes": "", "maxspeed": "", "source": "OpenStreetMap", "license": "ODbL"}, "geometry": {"type": "LineString", "coordinates": [[106.8400342, -6.2652682], [106.8400392, -6.2648288], [106.8400305, -6.2648133], [106.8400174, -6.2648059], [106.8395796, -6.2648026], [106.8384567, -6.2648034], [106.8384232, -6.2647954], [106.8384014, -6.2647811], [106.8383883, -6.2647494], [106.8383886, -6.2644317]]}}, {"type": "Feature", "properties": {"osm_id": 491739758, "name": "Jalan Garuda", "highway": "residential", "oneway": "no", "lanes": "2", "maxspeed": "", "source": "OpenStreetMap", "license": "ODbL"}, "geometry": {"type": "LineString", "coordinates": [[106.888473, -6.2610285], [106.8890399, -6.2611796], [106.8894662, -6.2612787], [106.8898856, -6.2613612], [106.8911537, -6.2615921], [106.8912118, -6.2615973], [106.8924413, -6.2618258], [106.8926748, -6.2618653], [106.8928747, -6.2618931]]}}, {"type": "Feature", "properties": {"osm_id": 491739759, "name": "Jalan Garuda", "highway": "service", "oneway": "yes", "lanes": "", "maxspeed": "", "source": "OpenStreetMap", "license": "ODbL"}, "geometry": {"type": "LineString", "coordinates": [[106.8930658, -6.2620059], [106.8928747, -6.2618931]]}}, {"type": "Feature", "properties": {"osm_id": 492248640, "name": "Gang Garuda", "highway": "living_street", "oneway": "no", "lanes": "1", "maxspeed": "", "source": "OpenStreetMap", "license": "ODbL"}, "geometry": {"type": "LineString", "coordinates": [[106.8942407, -6.2157909], [106.8944239, -6.2158252], [106.8944758, -6.2158528], [106.8947025, -6.2158601], [106.8951222, -6.2158348], [106.8955031, -6.2157949], [106.8957682, -6.2157764]]}}, {"type": "Feature", "properties": {"osm_id": 493633518, "name": "Gang Garuda", "highway": "living_street", "oneway": "no", "lanes": "1", "maxspeed": "", "source": "OpenStreetMap", "license": "ODbL"}, "geometry": {"type": "LineString", "coordinates": [[106.790769, -6.1978368], [106.7906901, -6.1982243], [106.7905634, -6.1985423], [106.7905471, -6.1985545], [106.7905302, -6.1985635], [106.7905136, -6.1985703], [106.7904957, -6.1985736], [106.7904229, -6.1985456], [106.7903787, -6.1985309], [106.7903331, -6.1985223], [106.7902677, -6.1985122], [106.7901866, -6.1984943], [106.7901047, -6.1984743], [106.7900805, -6.1984643], [106.7901424, -6.198274], [106.7901624, -6.1982101], [106.7901865, -6.1981683], [106.7902234, -6.1981029], [106.790261, -6.1979289], [106.7902905, -6.1977916], [106.79032, -6.197575]]}}, {"type": "Feature", "properties": {"osm_id": 493633535, "name": "Jalan Garuda", "highway": "residential", "oneway": "no", "lanes": "1", "maxspeed": "", "source": "OpenStreetMap", "license": "ODbL"}, "geometry": {"type": "LineString", "coordinates": [[106.7937019, -6.1993858], [106.7936049, -6.1991386], [106.7935951, -6.1991044], [106.7935853, -6.1990708], [106.7935483, -6.198983], [106.7934959, -6.1988634], [106.7934265, -6.1987344], [106.793119, -6.1980595], [106.7930953, -6.1979089], [106.7930755, -6.1977599], [106.7930093, -6.1976173], [106.7929763, -6.1975355], [106.7929462, -6.1974679], [106.7929305, -6.1973985], [106.792952, -6.1972949], [106.7929708, -6.1972407], [106.7930542, -6.1970896]]}}, {"type": "Feature", "properties": {"osm_id": 494099191, "name": "Jalan Anggrek Garuda V A", "highway": "residential", "oneway": "no", "lanes": "1", "maxspeed": "", "source": "OpenStreetMap", "license": "ODbL"}, "geometry": {"type": "LineString", "coordinates": [[106.7957034, -6.1941775], [106.7962698, -6.194125]]}}, {"type": "Feature", "properties": {"osm_id": 494099196, "name": "Jalan Anggrek Garuda D I", "highway": "residential", "oneway": "no", "lanes": "1", "maxspeed": "", "source": "OpenStreetMap", "license": "ODbL"}, "geometry": {"type": "LineString", "coordinates": [[106.7955604, -6.191786], [106.7956482, -6.1917853]]}}, {"type": "Feature", "properties": {"osm_id": 494099284, "name": "Jalan Anggrek Garuda V C", "highway": "residential", "oneway": "no", "lanes": "1", "maxspeed": "", "source": "OpenStreetMap", "license": "ODbL"}, "geometry": {"type": "LineString", "coordinates": [[106.7956623, -6.1935389], [106.7962148, -6.1934935]]}}, {"type": "Feature", "properties": {"osm_id": 494099325, "name": "Jalan Anggrek Garuda Blok D I", "highway": "residential", "oneway": "no", "lanes": "1", "maxspeed": "", "source": "OpenStreetMap", "license": "ODbL"}, "geometry": {"type": "LineString", "coordinates": [[106.795567, -6.1907286], [106.7952927, -6.1907146], [106.7949673, -6.190701]]}}, {"type": "Feature", "properties": {"osm_id": 494099346, "name": "Jalan Anggrek Garuda III", "highway": "residential", "oneway": "no", "lanes": "1", "maxspeed": "", "source": "OpenStreetMap", "license": "ODbL"}, "geometry": {"type": "LineString", "coordinates": [[106.7962051, -6.1952307], [106.7961299, -6.1952302], [106.7960151, -6.1952279], [106.7959143, -6.1951968], [106.7958503, -6.1951534], [106.7958237, -6.1950701], [106.795806, -6.1949614], [106.795792, -6.1948481], [106.7957504, -6.1945715], [106.7957455, -6.1945212]]}}, {"type": "Feature", "properties": {"osm_id": 494099377, "name": "Jalan Anggrek Garuda V B", "highway": "living_street", "oneway": "no", "lanes": "1", "maxspeed": "", "source": "OpenStreetMap", "license": "ODbL"}, "geometry": {"type": "LineString", "coordinates": [[106.7956901, -6.1938604], [106.7962299, -6.1937928]]}}, {"type": "Feature", "properties": {"osm_id": 494099695, "name": "Jalan Anggrek Garuda V E", "highway": "residential", "oneway": "no", "lanes": "1", "maxspeed": "", "source": "OpenStreetMap", "license": "ODbL"}, "geometry": {"type": "LineString", "coordinates": [[106.7961983, -6.1928306], [106.7956384, -6.1928345]]}}, {"type": "Feature", "properties": {"osm_id": 494099748, "name": "Jalan Anggrek Garuda II", "highway": "residential", "oneway": "no", "lanes": "1", "maxspeed": "", "source": "OpenStreetMap", "license": "ODbL"}, "geometry": {"type": "LineString", "coordinates": [[106.7962548, -6.1955497], [106.7960787, -6.1955671], [106.7958889, -6.1955571], [106.795738, -6.1955051], [106.7955791, -6.1954204], [106.7954577, -6.1952364], [106.7953928, -6.1950658], [106.7953652, -6.1949531], [106.7953525, -6.1948478], [106.7953112, -6.1945995]]}}, {"type": "Feature", "properties": {"osm_id": 495452793, "name": "Jalan Teuku Umar", "highway": "tertiary", "oneway": "yes", "lanes": "2", "maxspeed": "", "source": "OpenStreetMap", "license": "ODbL"}, "geometry": {"type": "LineString", "coordinates": [[106.8331954, -6.1880712], [106.8332063, -6.1885346]]}}, {"type": "Feature", "properties": {"osm_id": 496574634, "name": "Jalan Garuda", "highway": "residential", "oneway": "no", "lanes": "", "maxspeed": "", "source": "OpenStreetMap", "license": "ODbL"}, "geometry": {"type": "LineString", "coordinates": [[106.7306366, -6.204531], [106.7307267, -6.2045973], [106.7319388, -6.2055271]]}}, {"type": "Feature", "properties": {"osm_id": 498731044, "name": "Gang Garuda", "highway": "living_street", "oneway": "no", "lanes": "1", "maxspeed": "", "source": "OpenStreetMap", "license": "ODbL"}, "geometry": {"type": "LineString", "coordinates": [[106.8462238, -6.1593569], [106.8462788, -6.1593367], [106.8467279, -6.1591718], [106.8470706, -6.1590406], [106.8471017, -6.1590257], [106.8471274, -6.1590018], [106.8471514, -6.158964]]}}, {"type": "Feature", "properties": {"osm_id": 507454208, "name": "Gang Garuda I", "highway": "living_street", "oneway": "no", "lanes": "1", "maxspeed": "", "source": "OpenStreetMap", "license": "ODbL"}, "geometry": {"type": "LineString", "coordinates": [[106.8443128, -6.2708654], [106.8443042, -6.2708858], [106.844115, -6.2713529]]}}, {"type": "Feature", "properties": {"osm_id": 507454212, "name": "Gang Garuda II", "highway": "living_street", "oneway": "no", "lanes": "1", "maxspeed": "", "source": "OpenStreetMap", "license": "ODbL"}, "geometry": {"type": "LineString", "coordinates": [[106.843994, -6.2707461], [106.8438204, -6.2712404]]}}, {"type": "Feature", "properties": {"osm_id": 507454217, "name": "Gang Garuda III", "highway": "living_street", "oneway": "no", "lanes": "1", "maxspeed": "", "source": "OpenStreetMap", "license": "ODbL"}, "geometry": {"type": "LineString", "coordinates": [[106.8437033, -6.2706338], [106.8435211, -6.2711103]]}}, {"type": "Feature", "properties": {"osm_id": 518511791, "name": "Jalan Garuda", "highway": "residential", "oneway": "no", "lanes": "1", "maxspeed": "", "source": "OpenStreetMap", "license": "ODbL"}, "geometry": {"type": "LineString", "coordinates": [[106.7753498, -6.2596622], [106.7753614, -6.2593246], [106.7753695, -6.2592998], [106.7753831, -6.259283], [106.7754039, -6.2592661]]}}, {"type": "Feature", "properties": {"osm_id": 519262424, "name": "Jalan Garuda Bawah", "highway": "residential", "oneway": "no", "lanes": "1", "maxspeed": "", "source": "OpenStreetMap", "license": "ODbL"}, "geometry": {"type": "LineString", "coordinates": [[106.770588, -6.264338], [106.7708538, -6.2644001], [106.7709987, -6.2644368], [106.7710213, -6.2644522], [106.7710361, -6.2644763], [106.7711527, -6.2648813], [106.7712401, -6.2651439]]}}, {"type": "Feature", "properties": {"osm_id": 519262425, "name": "Jalan Garuda Bawah", "highway": "residential", "oneway": "no", "lanes": "1", "maxspeed": "", "source": "OpenStreetMap", "license": "ODbL"}, "geometry": {"type": "LineString", "coordinates": [[106.7704985, -6.2638151], [106.7702288, -6.2642229], [106.7702246, -6.2642399], [106.7702339, -6.2642574], [106.7702505, -6.264266], [106.770588, -6.264338], [106.7705836, -6.2643662], [106.770544, -6.2645507]]}}, {"type": "Feature", "properties": {"osm_id": 520201886, "name": "Jalan Sultan Iskandar Muda", "highway": "secondary", "oneway": "yes", "lanes": "2", "maxspeed": "", "source": "OpenStreetMap", "license": "ODbL"}, "geometry": {"type": "LineString", "coordinates": [[106.782791, -6.2405538], [106.7827582, -6.2404538], [106.782735, -6.2402634], [106.7827213, -6.2401785], [106.7827173, -6.2400831], [106.7827173, -6.2399785], [106.7827447, -6.2395405], [106.7827722, -6.2393572], [106.7828114, -6.239045]]}}, {"type": "Feature", "properties": {"osm_id": 524823977, "name": "Jalan Sultan Iskandar Muda", "highway": "trunk", "oneway": "yes", "lanes": "3", "maxspeed": "", "source": "OpenStreetMap", "license": "ODbL"}, "geometry": {"type": "LineString", "coordinates": [[106.7836788, -6.2633429], [106.7837077, -6.2635443], [106.7837198, -6.2636607]]}}, {"type": "Feature", "properties": {"osm_id": 539418471, "name": "Jalan Garuda I", "highway": "residential", "oneway": "no", "lanes": "1", "maxspeed": "", "source": "OpenStreetMap", "license": "ODbL"}, "geometry": {"type": "LineString", "coordinates": [[106.757299, -6.2908595], [106.7570871, -6.2920125], [106.7569441, -6.2919918], [106.7569308, -6.2919864], [106.7569211, -6.2919791], [106.7569129, -6.2919676], [106.7568886, -6.2918671], [106.7568111, -6.2915892], [106.756785, -6.2914319], [106.7567769, -6.2912553], [106.7567655, -6.2911406], [106.7566998, -6.290944], [106.7566743, -6.2908667], [106.7566438, -6.2907201], [106.7566445, -6.2906931], [106.7566646, -6.2906844], [106.7570549, -6.2906709]]}}, {"type": "Feature", "properties": {"osm_id": 539539634, "name": "Jalan Garuda 2", "highway": "residential", "oneway": "", "lanes": "", "maxspeed": "", "source": "OpenStreetMap", "license": "ODbL"}, "geometry": {"type": "LineString", "coordinates": [[106.7562292, -6.2901328], [106.7562237, -6.2901695], [106.7562057, -6.2902408], [106.7561433, -6.2905381], [106.7561428, -6.2905834], [106.7561426, -6.2906081], [106.7561587, -6.2906874], [106.7562224, -6.290848], [106.7562787, -6.2910686], [106.756318, -6.2913662], [106.7563156, -6.2914092], [106.7562945, -6.2914372], [106.756268, -6.2914476], [106.7560702, -6.2914636]]}}, {"type": "Feature", "properties": {"osm_id": 540032036, "name": "Jalan Garuda I", "highway": "residential", "oneway": "no", "lanes": "1", "maxspeed": "", "source": "OpenStreetMap", "license": "ODbL"}, "geometry": {"type": "LineString", "coordinates": [[106.7570844, -6.292048], [106.7570859, -6.2920283], [106.7570871, -6.2920125]]}}, {"type": "Feature", "properties": {"osm_id": 540032039, "name": "Jalan Garuda Buntu", "highway": "residential", "oneway": "no", "lanes": "1", "maxspeed": "", "source": "OpenStreetMap", "license": "ODbL"}, "geometry": {"type": "LineString", "coordinates": [[106.7565552, -6.2925343], [106.7566485, -6.292105]]}}, {"type": "Feature", "properties": {"osm_id": 540332206, "name": "Jalan Garuda", "highway": "residential", "oneway": "no", "lanes": "1", "maxspeed": "", "source": "OpenStreetMap", "license": "ODbL"}, "geometry": {"type": "LineString", "coordinates": [[106.757731, -6.292569], [106.7582903, -6.2926766], [106.7584413, -6.2927069]]}}, {"type": "Feature", "properties": {"osm_id": 540332207, "name": "Jalan Garuda", "highway": "residential", "oneway": "no", "lanes": "1", "maxspeed": "", "source": "OpenStreetMap", "license": "ODbL"}, "geometry": {"type": "LineString", "coordinates": [[106.7550713, -6.2921253], [106.7550762, -6.2922031], [106.7549695, -6.2922023]]}}, {"type": "Feature", "properties": {"osm_id": 543208183, "name": "Jalan Husein Sastranegara", "highway": "secondary", "oneway": "", "lanes": "2", "maxspeed": "", "source": "OpenStreetMap", "license": "ODbL"}, "geometry": {"type": "LineString", "coordinates": [[106.6888333, -6.1134545], [106.6889422, -6.1138855]]}}, {"type": "Feature", "properties": {"osm_id": 543208184, "name": "Jalan Husein Sastranegara", "highway": "secondary", "oneway": "", "lanes": "2", "maxspeed": "", "source": "OpenStreetMap", "license": "ODbL"}, "geometry": {"type": "LineString", "coordinates": [[106.6860102, -6.1119596], [106.6860518, -6.1119238], [106.6862186, -6.1117839], [106.6864458, -6.1115826], [106.6868004, -6.1112733], [106.6870606, -6.1110316], [106.687179, -6.1109209], [106.6872374, -6.1108683], [106.6872796, -6.1108342], [106.6873306, -6.1107995], [106.6873633, -6.1107803], [106.6874072, -6.1107506]]}}, {"type": "Feature", "properties": {"osm_id": 543208185, "name": "Jalan Husein Sastranegara", "highway": "secondary", "oneway": "", "lanes": "2", "maxspeed": "", "source": "OpenStreetMap", "license": "ODbL"}, "geometry": {"type": "LineString", "coordinates": [[106.6882727, -6.1113303], [106.6888333, -6.1134545]]}}, {"type": "Feature", "properties": {"osm_id": 555030191, "name": "Jalan Garuda I", "highway": "residential", "oneway": "", "lanes": "", "maxspeed": "", "source": "OpenStreetMap", "license": "ODbL"}, "geometry": {"type": "LineString", "coordinates": [[106.6923558, -6.2199468], [106.6919782, -6.2198641]]}}, {"type": "Feature", "properties": {"osm_id": 555030192, "name": "Jalan Garuda II", "highway": "residential", "oneway": "", "lanes": "", "maxspeed": "", "source": "OpenStreetMap", "license": "ODbL"}, "geometry": {"type": "LineString", "coordinates": [[106.6927224, -6.2197881], [106.692482, -6.2197393]]}}, {"type": "Feature", "properties": {"osm_id": 555030193, "name": "Jalan Garuda III", "highway": "residential", "oneway": "", "lanes": "", "maxspeed": "", "source": "OpenStreetMap", "license": "ODbL"}, "geometry": {"type": "LineString", "coordinates": [[106.6925991, -6.2194145], [106.6924801, -6.219393], [106.6920854, -6.2193223]]}}, {"type": "Feature", "properties": {"osm_id": 557206897, "name": "Jalan Garuda", "highway": "secondary", "oneway": "yes", "lanes": "2", "maxspeed": "", "source": "OpenStreetMap", "license": "ODbL"}, "geometry": {"type": "LineString", "coordinates": [[106.840524, -6.1630517], [106.8405881, -6.1630308], [106.8406276, -6.1630179]]}}, {"type": "Feature", "properties": {"osm_id": 557518745, "name": "Jalan Teuku Umar", "highway": "tertiary", "oneway": "yes", "lanes": "2", "maxspeed": "", "source": "OpenStreetMap", "license": "ODbL"}, "geometry": {"type": "LineString", "coordinates": [[106.8331418, -6.1958399], [106.8331384, -6.196002]]}}, {"type": "Feature", "properties": {"osm_id": 557518746, "name": "Jalan Teuku Umar", "highway": "tertiary", "oneway": "yes", "lanes": "2", "maxspeed": "", "source": "OpenStreetMap", "license": "ODbL"}, "geometry": {"type": "LineString", "coordinates": [[106.8331411, -6.1950604], [106.8331411, -6.1951349], [106.8331418, -6.195795], [106.8331418, -6.1958399]]}}, {"type": "Feature", "properties": {"osm_id": 557518747, "name": "Jalan Teuku Umar", "highway": "tertiary", "oneway": "yes", "lanes": "2", "maxspeed": "", "source": "OpenStreetMap", "license": "ODbL"}, "geometry": {"type": "LineString", "coordinates": [[106.8331367, -6.1960274], [106.8331011, -6.1963843], [106.8330608, -6.1967363]]}}, {"type": "Feature", "properties": {"osm_id": 557895726, "name": "Jalan Otista III Komplek VII", "highway": "residential", "oneway": "", "lanes": "2", "maxspeed": "", "source": "OpenStreetMap", "license": "ODbL"}, "geometry": {"type": "LineString", "coordinates": [[106.8732363, -6.2327451], [106.8738085, -6.2327223]]}}, {"type": "Feature", "properties": {"osm_id": 562358737, "name": "Jalan Teuku Umar", "highway": "secondary", "oneway": "yes", "lanes": "2", "maxspeed": "", "source": "OpenStreetMap", "license": "ODbL"}, "geometry": {"type": "LineString", "coordinates": [[106.7289859, -6.2784101], [106.7289068, -6.2785394]]}}, {"type": "Feature", "properties": {"osm_id": 562358738, "name": "Jalan Teuku Umar", "highway": "secondary", "oneway": "yes", "lanes": "2", "maxspeed": "", "source": "OpenStreetMap", "license": "ODbL"}, "geometry": {"type": "LineString", "coordinates": [[106.7258798, -6.2739063], [106.725894, -6.2739383], [106.725983, -6.2740652], [106.725991, -6.2740759], [106.7265987, -6.2749454], [106.7267927, -6.2752202], [106.7278621, -6.2767352], [106.7279178, -6.2768143], [106.7287436, -6.2779892], [106.728951, -6.2782781], [106.7290016, -6.278346]]}}, {"type": "Feature", "properties": {"osm_id": 562360119, "name": "Jalan Raya Kedaung Barat", "highway": "tertiary", "oneway": "", "lanes": "2", "maxspeed": "", "source": "OpenStreetMap", "license": "ODbL"}, "geometry": {"type": "LineString", "coordinates": [[106.6032721, -6.1225928], [106.6039705, -6.1227801], [106.6044939, -6.1229081], [106.6045571, -6.1229231], [106.6050516, -6.1230101], [106.6053428, -6.1230695], [106.6064344, -6.1233562], [106.6070876, -6.1235335], [106.6076548, -6.123678], [106.6078466, -6.1237235], [106.6082467, -6.1238289], [106.6091031, -6.1240792], [106.6095404, -6.1242116], [106.6100045, -6.1243723], [106.610514, -6.1245465], [106.6107903, -6.124643], [106.6112257, -6.1248103], [106.6114461, -6.124895], [106.6118407, -6.1250917], [106.6119005, -6.1251277]]}}, {"type": "Feature", "properties": {"osm_id": 564198357, "name": "Jalan Raya Kedaung Barat", "highway": "tertiary", "oneway": "", "lanes": "2", "maxspeed": "", "source": "OpenStreetMap", "license": "ODbL"}, "geometry": {"type": "LineString", "coordinates": [[106.5918144, -6.1198176], [106.5917957, -6.1198142], [106.5917744, -6.1198089], [106.5913457, -6.1196625], [106.591009, -6.1195758], [106.5905517, -6.1194918], [106.5899368, -6.1193465], [106.5898081, -6.1193185], [106.5892804, -6.1191865], [106.5888176, -6.1190882], [106.5882367, -6.1189648], [106.5879375, -6.1188712], [106.5878592, -6.1188458], [106.5876693, -6.1188069], [106.5873088, -6.1187117], [106.5871193, -6.1186714], [106.5868347, -6.1186109], [106.5861617, -6.1184679], [106.5857399, -6.1184076], [106.5853416, -6.118339], [106.5842728, -6.1181809], [106.5836269, -6.118086], [106.5835405, -6.1180716], [106.5832937, -6.1180076], [106.5830369, -6.1179283], [106.5829445, -6.1179058], [106.5828626, -6.1179028], [106.5828209, -6.1179037]]}}, {"type": "Feature", "properties": {"osm_id": 564198358, "name": "Jalan Raya Kedaung Barat", "highway": "tertiary", "oneway": "", "lanes": "2", "maxspeed": "", "source": "OpenStreetMap", "license": "ODbL"}, "geometry": {"type": "LineString", "coordinates": [[106.5919327, -6.1198645], [106.5918636, -6.1198275], [106.5918483, -6.1198249]]}}, {"type": "Feature", "properties": {"osm_id": 564872801, "name": "Jalan Garuda", "highway": "residential", "oneway": "yes", "lanes": "", "maxspeed": "", "source": "OpenStreetMap", "license": "ODbL"}, "geometry": {"type": "LineString", "coordinates": [[106.7135797, -6.2518507], [106.7135956, -6.2521921], [106.7136518, -6.2530867], [106.7136787, -6.2534451], [106.7136829, -6.2534702], [106.7136876, -6.2534832]]}}, {"type": "Feature", "properties": {"osm_id": 564903889, "name": "Jalan Dokter Sitanala", "highway": "primary", "oneway": "yes", "lanes": "2", "maxspeed": "", "source": "OpenStreetMap", "license": "ODbL"}, "geometry": {"type": "LineString", "coordinates": [[106.6325367, -6.1606255], [106.6323379, -6.1605487], [106.6322378, -6.1604588], [106.6321545, -6.1603746], [106.6321122, -6.1603312], [106.6320326, -6.1602509], [106.6319668, -6.1601818], [106.6318249, -6.1600682], [106.6318209, -6.1600657], [106.6317102, -6.1599962], [106.6316008, -6.1598995], [106.6315365, -6.1598149], [106.6314829, -6.1596882], [106.6314655, -6.1596069], [106.631457, -6.1595402]]}}, {"type": "Feature", "properties": {"osm_id": 564903950, "name": "Jalan Dokter Sitanala", "highway": "primary", "oneway": "yes", "lanes": "2", "maxspeed": "", "source": "OpenStreetMap", "license": "ODbL"}, "geometry": {"type": "LineString", "coordinates": [[106.6315164, -6.1596075], [106.6315453, -6.1596829], [106.6316123, -6.1597829], [106.6317485, -6.1598962], [106.6320153, -6.1600282], [106.6321461, -6.1601102], [106.6322956, -6.160216], [106.6323593, -6.1602729], [106.632415, -6.1603502], [106.6324937, -6.16051], [106.6325367, -6.1606255]]}}, {"type": "Feature", "properties": {"osm_id": 564903975, "name": "Jalan Iskandar Muda", "highway": "tertiary", "oneway": "", "lanes": "2", "maxspeed": "", "source": "OpenStreetMap", "license": "ODbL"}, "geometry": {"type": "LineString", "coordinates": [[106.6313636, -6.1591069], [106.6311046, -6.1585098], [106.6310625, -6.1584128], [106.6308727, -6.1579562]]}}, {"type": "Feature", "properties": {"osm_id": 564934655, "name": "Gang Sitanala I", "highway": "residential", "oneway": "no", "lanes": "1", "maxspeed": "", "source": "OpenStreetMap", "license": "ODbL"}, "geometry": {"type": "LineString", "coordinates": [[106.6344803, -6.1644466], [106.6341239, -6.164622], [106.633802, -6.1648102], [106.6336638, -6.1649462], [106.6338299, -6.165361]]}}, {"type": "Feature", "properties": {"osm_id": 564953700, "name": "Gang Sitanala IV", "highway": "residential", "oneway": "no", "lanes": "1", "maxspeed": "", "source": "OpenStreetMap", "license": "ODbL"}, "geometry": {"type": "LineString", "coordinates": [[106.6341414, -6.1634863], [106.6341014, -6.1635049], [106.633569, -6.1637849], [106.633046, -6.1640686]]}}, {"type": "Feature", "properties": {"osm_id": 564953705, "name": "Gang Sitanala V", "highway": "living_street", "oneway": "", "lanes": "", "maxspeed": "", "source": "OpenStreetMap", "license": "ODbL"}, "geometry": {"type": "LineString", "coordinates": [[106.631007, -6.1606107], [106.6309485, -6.1606556], [106.6304653, -6.1610589]]}}, {"type": "Feature", "properties": {"osm_id": 564953708, "name": "Jalan Sitanala IV", "highway": "residential", "oneway": "", "lanes": "", "maxspeed": "", "source": "OpenStreetMap", "license": "ODbL"}, "geometry": {"type": "LineString", "coordinates": [[106.6339221, -6.1628722], [106.6337333, -6.1629789], [106.6335335, -6.1630943], [106.6333834, -6.1631928], [106.6332364, -6.1632893], [106.6331365, -6.1633486], [106.6330376, -6.1634049], [106.6329354, -6.1634576]]}}, {"type": "Feature", "properties": {"osm_id": 565201787, "name": "Jalan Garuda", "highway": "residential", "oneway": "", "lanes": "", "maxspeed": "", "source": "OpenStreetMap", "license": "ODbL"}, "geometry": {"type": "LineString", "coordinates": [[106.7020699, -6.2561235], [106.7019506, -6.2563674]]}}, {"type": "Feature", "properties": {"osm_id": 565234538, "name": "Jalan Garuda", "highway": "residential", "oneway": "", "lanes": "", "maxspeed": "", "source": "OpenStreetMap", "license": "ODbL"}, "geometry": {"type": "LineString", "coordinates": [[106.7137132, -6.2542459], [106.713693, -6.2539302], [106.7136852, -6.2538092], [106.7136913, -6.2535482], [106.713696, -6.2534896]]}}, {"type": "Feature", "properties": {"osm_id": 565628374, "name": "Jalan Garuda Raya", "highway": "residential", "oneway": "", "lanes": "", "maxspeed": "", "source": "OpenStreetMap", "license": "ODbL"}, "geometry": {"type": "LineString", "coordinates": [[106.7338556, -6.2581524], [106.7338352, -6.2587453], [106.7338481, -6.2592059], [106.7338574, -6.2592889]]}}, {"type": "Feature", "properties": {"osm_id": 565628392, "name": "Jalan Garuda V", "highway": "residential", "oneway": "", "lanes": "", "maxspeed": "", "source": "OpenStreetMap", "license": "ODbL"}, "geometry": {"type": "LineString", "coordinates": [[106.7333212, -6.2568214], [106.7338604, -6.2568568]]}}, {"type": "Feature", "properties": {"osm_id": 565628615, "name": "Jalan Garuda Raya", "highway": "residential", "oneway": "", "lanes": "", "maxspeed": "", "source": "OpenStreetMap", "license": "ODbL"}, "geometry": {"type": "LineString", "coordinates": [[106.7338437, -6.2554331], [106.7338604, -6.2568568], [106.733858, -6.257224], [106.7338548, -6.2574607], [106.7338512, -6.2576822], [106.7338486, -6.2577991], [106.7338556, -6.2581524]]}}, {"type": "Feature", "properties": {"osm_id": 565628628, "name": "Jalan Garuda Raya", "highway": "residential", "oneway": "", "lanes": "", "maxspeed": "", "source": "OpenStreetMap", "license": "ODbL"}, "geometry": {"type": "LineString", "coordinates": [[106.7338421, -6.2516079], [106.7338264, -6.250799]]}}, {"type": "Feature", "properties": {"osm_id": 566856213, "name": "Jalan Iskandar Muda", "highway": "tertiary", "oneway": "", "lanes": "2", "maxspeed": "", "source": "OpenStreetMap", "license": "ODbL"}, "geometry": {"type": "LineString", "coordinates": [[106.6158115, -6.1280606], [106.6157994, -6.1280139], [106.6157699, -6.1273885], [106.6157839, -6.1271505], [106.6158275, -6.1269925], [106.6160026, -6.1266351], [106.6161346, -6.1263751]]}}, {"type": "Feature", "properties": {"osm_id": 566856214, "name": "Jalan Iskandar Muda", "highway": "tertiary", "oneway": "", "lanes": "2", "maxspeed": "", "source": "OpenStreetMap", "license": "ODbL"}, "geometry": {"type": "LineString", "coordinates": [[106.6180016, -6.1278867], [106.6179686, -6.1278636], [106.6177534, -6.1278679], [106.6176944, -6.1278749], [106.6168127, -6.1280612], [106.6161709, -6.1282039], [106.6159053, -6.1281446], [106.6158115, -6.1280606]]}}, {"type": "Feature", "properties": {"osm_id": 566875290, "name": "Jalan Garuda", "highway": "residential", "oneway": "", "lanes": "", "maxspeed": "", "source": "OpenStreetMap", "license": "ODbL"}, "geometry": {"type": "LineString", "coordinates": [[106.6013442, -6.129757], [106.6025121, -6.1296919]]}}, {"type": "Feature", "properties": {"osm_id": 566921918, "name": "Jalan Iskandar Muda", "highway": "tertiary", "oneway": "", "lanes": "2", "maxspeed": "", "source": "OpenStreetMap", "license": "ODbL"}, "geometry": {"type": "LineString", "coordinates": [[106.6162071, -6.1393734], [106.615908, -6.1391214], [106.6158453, -6.1390555]]}}, {"type": "Feature", "properties": {"osm_id": 566960383, "name": "Jalan Husein Sastranegara", "highway": "secondary", "oneway": "yes", "lanes": "2", "maxspeed": "", "source": "OpenStreetMap", "license": "ODbL"}, "geometry": {"type": "LineString", "coordinates": [[106.6855357, -6.1141388], [106.6854644, -6.1141253], [106.6853966, -6.1141173], [106.6853531, -6.1141146], [106.6853256, -6.1141146], [106.685284, -6.1141189], [106.6852525, -6.1141273], [106.6852002, -6.1141473], [106.6851455, -6.1141766]]}}, {"type": "Feature", "properties": {"osm_id": 567256298, "name": "Jalan Garuda", "highway": "secondary", "oneway": "yes", "lanes": "1", "maxspeed": "", "source": "OpenStreetMap", "license": "ODbL"}, "geometry": {"type": "LineString", "coordinates": [[106.6747637, -6.1545323], [106.6747498, -6.1545678], [106.6747035, -6.1545931], [106.6745998, -6.1545967]]}}, {"type": "Feature", "properties": {"osm_id": 567256312, "name": "Jalan Garuda", "highway": "secondary", "oneway": "yes", "lanes": "2", "maxspeed": "", "source": "OpenStreetMap", "license": "ODbL"}, "geometry": {"type": "LineString", "coordinates": [[106.6654777, -6.1554765], [106.6653195, -6.1554234], [106.6651494, -6.1554136], [106.6646048, -6.1555728], [106.664405, -6.1555781], [106.6635447, -6.1554807], [106.6632879, -6.1554488], [106.6631374, -6.1554314], [106.662282, -6.1553394], [106.6615619, -6.1551888], [106.6610194, -6.1550421], [106.6609262, -6.1549807]]}}, {"type": "Feature", "properties": {"osm_id": 567256315, "name": "Jalan Garuda", "highway": "secondary", "oneway": "", "lanes": "2", "maxspeed": "", "source": "OpenStreetMap", "license": "ODbL"}, "geometry": {"type": "LineString", "coordinates": [[106.6596394, -6.1542214], [106.6599586, -6.1545094], [106.6601156, -6.1546656], [106.6602052, -6.1547379], [106.6603278, -6.154784], [106.6603858, -6.1548032], [106.6607232, -6.1549146], [106.6609262, -6.1549807]]}}, {"type": "Feature", "properties": {"osm_id": 567256483, "name": "Jalan Garuda", "highway": "secondary", "oneway": "", "lanes": "2", "maxspeed": "", "source": "OpenStreetMap", "license": "ODbL"}, "geometry": {"type": "LineString", "coordinates": [[106.6596394, -6.1542214], [106.6592498, -6.153866], [106.6590878, -6.1537352], [106.6589518, -6.1536426], [106.6588619, -6.1535792], [106.6584908, -6.1534341], [106.6583544, -6.1533914], [106.6580189, -6.1532949], [106.6578767, -6.1532727], [106.65764, -6.1532446], [106.6573361, -6.1532406], [106.6571231, -6.1532598], [106.656986, -6.1532736]]}}, {"type": "Feature", "properties": {"osm_id": 567290525, "name": "Jalan Sultan Iskandar Muda", "highway": "trunk", "oneway": "yes", "lanes": "2", "maxspeed": "", "source": "OpenStreetMap", "license": "ODbL"}, "geometry": {"type": "LineString", "coordinates": [[106.7819542, -6.2612262], [106.7818874, -6.2610092]]}}, {"type": "Feature", "properties": {"osm_id": 567290529, "name": "Jalan Sultan Iskandar Muda", "highway": "trunk", "oneway": "yes", "lanes": "2", "maxspeed": "", "source": "OpenStreetMap", "license": "ODbL"}, "geometry": {"type": "LineString", "coordinates": [[106.7821855, -6.2617645], [106.7821386, -6.2616849], [106.7821047, -6.2616206], [106.7820782, -6.261562], [106.7820604, -6.2615204], [106.7820495, -6.2614924], [106.7820135, -6.2614097], [106.7819898, -6.2613414], [106.7819844, -6.2613221]]}}, {"type": "Feature", "properties": {"osm_id": 567290533, "name": "Jalan Sultan Iskandar Muda", "highway": "trunk", "oneway": "yes", "lanes": "3", "maxspeed": "", "source": "OpenStreetMap", "license": "ODbL"}, "geometry": {"type": "LineString", "coordinates": [[106.7820409, -6.2610687], [106.7820895, -6.2611992]]}}, {"type": "Feature", "properties": {"osm_id": 567290540, "name": "Jalan Sultan Iskandar Muda", "highway": "trunk", "oneway": "yes", "lanes": "3", "maxspeed": "", "source": "OpenStreetMap", "license": "ODbL"}, "geometry": {"type": "LineString", "coordinates": [[106.7821323, -6.2613052], [106.78215, -6.26135], [106.7821879, -6.2614305], [106.7822157, -6.2614902], [106.7822392, -6.2615424], [106.7822627, -6.2615945], [106.7822878, -6.2616424], [106.7823129, -6.2616902]]}}, {"type": "Feature", "properties": {"osm_id": 567704229, "name": "Jalan Marsekal Surya Darma", "highway": "tertiary", "oneway": "yes", "lanes": "2", "maxspeed": "", "source": "OpenStreetMap", "license": "ODbL"}, "geometry": {"type": "LineString", "coordinates": [[106.6333342, -6.1361824], [106.6333266, -6.1362469], [106.6333249, -6.1362599], [106.6332262, -6.1378158], [106.6332089, -6.1380884], [106.6331864, -6.1384561], [106.6331441, -6.1391474], [106.6330863, -6.1401154], [106.633077, -6.1403139], [106.6330551, -6.1408058], [106.6330323, -6.1413089], [106.632977, -6.1426611], [106.632969, -6.1430911], [106.6329569, -6.1437451], [106.632944, -6.144436], [106.6329327, -6.1450431], [106.632823, -6.1485467], [106.6328326, -6.1485873], [106.6328503, -6.1486143], [106.6328729, -6.1486347], [106.6329103, -6.1486526]]}}, {"type": "Feature", "properties": {"osm_id": 568013137, "name": "Jalan Garuda", "highway": "secondary", "oneway": "yes", "lanes": "2", "maxspeed": "", "source": "OpenStreetMap", "license": "ODbL"}, "geometry": {"type": "LineString", "coordinates": [[106.6743051, -6.1545981], [106.6738075, -6.1546114], [106.6734803, -6.1546154], [106.6730312, -6.1546353], [106.6728204, -6.1546447], [106.6727802, -6.154646], [106.6722994, -6.1546588], [106.6722177, -6.1546614], [106.6719199, -6.1546727], [106.6718307, -6.1546781], [106.6712862, -6.1546981], [106.6710904, -6.1547027], [106.6707887, -6.1546741], [106.6704078, -6.1545581], [106.6703193, -6.1545501]]}}, {"type": "Feature", "properties": {"osm_id": 568089060, "name": "Jalan Garuda FC", "highway": "residential", "oneway": "", "lanes": "", "maxspeed": "", "source": "OpenStreetMap", "license": "ODbL"}, "geometry": {"type": "LineString", "coordinates": [[106.7224055, -6.2388673], [106.7222241, -6.2388166], [106.7221583, -6.2387913], [106.7220906, -6.2387673], [106.7220363, -6.2387207], [106.7219932, -6.2386689], [106.721927, -6.2386453], [106.7217788, -6.238586], [106.7217171, -6.2385647], [106.7213534, -6.2384493], [106.7206367, -6.2382218], [106.7206121, -6.2382047], [106.7206, -6.2381781], [106.7206, -6.2381634], [106.7206, -6.2381487], [106.7206791, -6.2376395], [106.720663, -6.2375301], [106.7206846, -6.2373317], [106.7206958, -6.2373148], [106.7207153, -6.2373075]]}}, {"type": "Feature", "properties": {"osm_id": 570830058, "name": "Gang Garuda", "highway": "living_street", "oneway": "", "lanes": "", "maxspeed": "", "source": "OpenStreetMap", "license": "ODbL"}, "geometry": {"type": "LineString", "coordinates": [[106.7437082, -6.2373445], [106.7441082, -6.2374028], [106.7442946, -6.2374335]]}}, {"type": "Feature", "properties": {"osm_id": 571153022, "name": "Jalan Sultan Iskandar Muda", "highway": "trunk", "oneway": "no", "lanes": "2", "maxspeed": "", "source": "OpenStreetMap", "license": "ODbL"}, "geometry": {"type": "LineString", "coordinates": [[106.7842258, -6.2360873], [106.7841914, -6.2361479], [106.784157, -6.2362084], [106.7840805, -6.2363814], [106.7838331, -6.236956]]}}, {"type": "Feature", "properties": {"osm_id": 571153023, "name": "Jalan Sultan Iskandar Muda", "highway": "trunk", "oneway": "no", "lanes": "2", "maxspeed": "", "source": "OpenStreetMap", "license": "ODbL"}, "geometry": {"type": "LineString", "coordinates": [[106.7853286, -6.2348774], [106.784926, -6.2352607], [106.7846617, -6.235522]]}}, {"type": "Feature", "properties": {"osm_id": 571153078, "name": "Jalan Sultan Iskandar Muda", "highway": "trunk", "oneway": "yes", "lanes": "2", "maxspeed": "", "source": "OpenStreetMap", "license": "ODbL"}, "geometry": {"type": "LineString", "coordinates": [[106.7832748, -6.238792], [106.7831813, -6.2391633]]}}, {"type": "Feature", "properties": {"osm_id": 571153079, "name": "Jalan Sultan Iskandar Muda", "highway": "trunk", "oneway": "yes", "lanes": "2", "maxspeed": "", "source": "OpenStreetMap", "license": "ODbL"}, "geometry": {"type": "LineString", "coordinates": [[106.783593, -6.2375841], [106.7835487, -6.2377047], [106.7835249, -6.2377696], [106.7834538, -6.2380788], [106.7832748, -6.238792]]}}, {"type": "Feature", "properties": {"osm_id": 571865023, "name": "Gang Haji M. Toha", "highway": "residential", "oneway": "", "lanes": "", "maxspeed": "", "source": "OpenStreetMap", "license": "ODbL"}, "geometry": {"type": "LineString", "coordinates": [[106.8274768, -6.2502315], [106.8274824, -6.2502831], [106.8275249, -6.2506786], [106.8275528, -6.2509989]]}}, {"type": "Feature", "properties": {"osm_id": 572229473, "name": "Jalan Garuda 33", "highway": "living_street", "oneway": "", "lanes": "", "maxspeed": "", "source": "OpenStreetMap", "license": "ODbL"}, "geometry": {"type": "LineString", "coordinates": [[106.7564441, -6.2503294], [106.7568132, -6.2504124]]}}, {"type": "Feature", "properties": {"osm_id": 572955184, "name": "Jalan Garuda Atas", "highway": "residential", "oneway": "no", "lanes": "2", "maxspeed": "", "source": "OpenStreetMap", "license": "ODbL"}, "geometry": {"type": "LineString", "coordinates": [[106.7682323, -6.2662672], [106.768204, -6.266198], [106.7681812, -6.266133], [106.7681515, -6.2659794], [106.7681299, -6.2657515], [106.7681268, -6.265564], [106.7681395, -6.2653686], [106.7681624, -6.2651737], [106.7681716, -6.2650299], [106.7681676, -6.2647633], [106.7681569, -6.2644554], [106.7681622, -6.2642234], [106.7681839, -6.2641088], [106.7682185, -6.2640114], [106.7683315, -6.2636456], [106.7683994, -6.2634613], [106.7685471, -6.2630783]]}}, {"type": "Feature", "properties": {"osm_id": 572980656, "name": "Jalan Garuda", "highway": "service", "oneway": "", "lanes": "2", "maxspeed": "", "source": "OpenStreetMap", "license": "ODbL"}, "geometry": {"type": "LineString", "coordinates": [[106.8900335, -6.2603566], [106.8900769, -6.2600707], [106.8900895, -6.260033], [106.8901183, -6.2600012], [106.8901698, -6.2599811], [106.8902175, -6.2599755], [106.8910482, -6.2600196]]}}, {"type": "Feature", "properties": {"osm_id": 573341553, "name": "Jalan Garuda", "highway": "service", "oneway": "yes", "lanes": "2", "maxspeed": "", "source": "OpenStreetMap", "license": "ODbL"}, "geometry": {"type": "LineString", "coordinates": [[106.8928747, -6.2618931], [106.8930813, -6.2618661]]}}, {"type": "Feature", "properties": {"osm_id": 573341562, "name": "Jalan Garuda", "highway": "service", "oneway": "", "lanes": "2", "maxspeed": "", "source": "OpenStreetMap", "license": "ODbL"}, "geometry": {"type": "LineString", "coordinates": [[106.8905615, -6.2604054], [106.8915673, -6.2605767], [106.8916076, -6.2605767], [106.8916411, -6.2605674], [106.8916679, -6.2605441], [106.8916894, -6.2605054], [106.8917008, -6.2604501], [106.8917544, -6.2601735]]}}, {"type": "Feature", "properties": {"osm_id": 573370225, "name": "Jalan Garuda IV", "highway": "living_street", "oneway": "", "lanes": "", "maxspeed": "", "source": "OpenStreetMap", "license": "ODbL"}, "geometry": {"type": "LineString", "coordinates": [[106.6776076, -6.2263301], [106.6776364, -6.2263114], [106.6776652, -6.2262788], [106.6777209, -6.2262334]]}}, {"type": "Feature", "properties": {"osm_id": 573370226, "name": "Jalan Garuda IV", "highway": "living_street", "oneway": "", "lanes": "", "maxspeed": "", "source": "OpenStreetMap", "license": "ODbL"}, "geometry": {"type": "LineString", "coordinates": [[106.6776076, -6.2263301], [106.6775608, -6.2263336], [106.6772421, -6.2263431], [106.6771792, -6.2263485]]}}, {"type": "Feature", "properties": {"osm_id": 573874669, "name": "Gang Garuda", "highway": "living_street", "oneway": "", "lanes": "", "maxspeed": "", "source": "OpenStreetMap", "license": "ODbL"}, "geometry": {"type": "LineString", "coordinates": [[106.6735835, -6.2636417], [106.673263, -6.2634516], [106.6729827, -6.2632049], [106.6727319, -6.2629743]]}}, {"type": "Feature", "properties": {"osm_id": 588328494, "name": "Jalan Garuda", "highway": "secondary", "oneway": "yes", "lanes": "2", "maxspeed": "", "source": "OpenStreetMap", "license": "ODbL"}, "geometry": {"type": "LineString", "coordinates": [[106.6742924, -6.1544313], [106.6743835, -6.1544201], [106.6744532, -6.1544021], [106.6745183, -6.1543774], [106.6745733, -6.1543421], [106.6746142, -6.1542954]]}}, {"type": "Feature", "properties": {"osm_id": 588328495, "name": "Jalan Garuda", "highway": "secondary", "oneway": "yes", "lanes": "2", "maxspeed": "", "source": "OpenStreetMap", "license": "ODbL"}, "geometry": {"type": "LineString", "coordinates": [[106.6745998, -6.1545967], [106.6743051, -6.1545981]]}}, {"type": "Feature", "properties": {"osm_id": 588518187, "name": "Jalan Aria Wangsakara", "highway": "tertiary", "oneway": "", "lanes": "2", "maxspeed": "", "source": "OpenStreetMap", "license": "ODbL"}, "geometry": {"type": "LineString", "coordinates": [[106.6056439, -6.1789129], [106.6056405, -6.1785903], [106.6054869, -6.178135], [106.6054455, -6.1777767], [106.6054283, -6.1776277], [106.605434, -6.177373], [106.6054112, -6.177161], [106.6052423, -6.176639], [106.6052229, -6.1765162], [106.6052429, -6.1762323], [106.605275, -6.1759583], [106.6052657, -6.175703], [106.6053049, -6.1755444], [106.6054444, -6.1751736], [106.6055934, -6.1747432], [106.6056056, -6.1743943], [106.6055742, -6.1741752], [106.6054184, -6.1741011], [106.6053605, -6.1740403], [106.6052724, -6.173627], [106.6052475, -6.1734454], [106.60521, -6.173087], [106.6051999, -6.1723017], [106.6052131, -6.171387]]}}, {"type": "Feature", "properties": {"osm_id": 588518188, "name": "Jalan Aria Wangsakara", "highway": "tertiary", "oneway": "", "lanes": "2", "maxspeed": "", "source": "OpenStreetMap", "license": "ODbL"}, "geometry": {"type": "LineString", "coordinates": [[106.6046886, -6.1814729], [106.6047362, -6.1814068]]}}, {"type": "Feature", "properties": {"osm_id": 588524568, "name": "Jalan Raya Kedaung Barat", "highway": "tertiary", "oneway": "", "lanes": "2", "maxspeed": "", "source": "OpenStreetMap", "license": "ODbL"}, "geometry": {"type": "LineString", "coordinates": [[106.5918483, -6.1198249], [106.5918144, -6.1198176]]}}, {"type": "Feature", "properties": {"osm_id": 590305350, "name": "Jalan Garuda", "highway": "secondary", "oneway": "yes", "lanes": "2", "maxspeed": "", "source": "OpenStreetMap", "license": "ODbL"}, "geometry": {"type": "LineString", "coordinates": [[106.6702489, -6.154451], [106.6703545, -6.154377]]}}, {"type": "Feature", "properties": {"osm_id": 590947430, "name": "Jalan Garuda", "highway": "living_street", "oneway": "no", "lanes": "1", "maxspeed": "", "source": "OpenStreetMap", "license": "ODbL"}, "geometry": {"type": "LineString", "coordinates": [[106.7757962, -6.2592611], [106.7757707, -6.2594256], [106.7757566, -6.2595613]]}}, {"type": "Feature", "properties": {"osm_id": 594820800, "name": "Jalan Teuku Umar", "highway": "tertiary", "oneway": "yes", "lanes": "2", "maxspeed": "", "source": "OpenStreetMap", "license": "ODbL"}, "geometry": {"type": "LineString", "coordinates": [[106.8330561, -6.1909], [106.833071, -6.1898113], [106.8330868, -6.1894742], [106.8330883, -6.1891807], [106.8330891, -6.1890114], [106.8330924, -6.1883207], [106.8330878, -6.1882794], [106.8330717, -6.1882354], [106.8330556, -6.188204], [106.8330361, -6.1881592]]}}, {"type": "Feature", "properties": {"osm_id": 594948565, "name": "Jalan Anggrek Garuda Blok D II", "highway": "residential", "oneway": "no", "lanes": "1", "maxspeed": "", "source": "OpenStreetMap", "license": "ODbL"}, "geometry": {"type": "LineString", "coordinates": [[106.7930297, -6.1910052], [106.793245, -6.1910137], [106.7937255, -6.1910332], [106.7939661, -6.1910316]]}}, {"type": "Feature", "properties": {"osm_id": 631720956, "name": "Jalan Anggrek Garuda V", "highway": "residential", "oneway": "no", "lanes": "1", "maxspeed": "", "source": "OpenStreetMap", "license": "ODbL"}, "geometry": {"type": "LineString", "coordinates": [[106.7961637, -6.1926446], [106.7961806, -6.1926499], [106.796194, -6.1926592], [106.7962019, -6.1926776], [106.7961983, -6.1928306]]}}, {"type": "Feature", "properties": {"osm_id": 631720957, "name": "Jalan Anggrek Garuda V D", "highway": "living_street", "oneway": "no", "lanes": "1", "maxspeed": "", "source": "OpenStreetMap", "license": "ODbL"}, "geometry": {"type": "LineString", "coordinates": [[106.7961886, -6.1931835], [106.7956277, -6.1931934]]}}, {"type": "Feature", "properties": {"osm_id": 670141300, "name": "Jalan Garuda II", "highway": "residential", "oneway": "", "lanes": "2", "maxspeed": "", "source": "OpenStreetMap", "license": "ODbL"}, "geometry": {"type": "LineString", "coordinates": [[106.7144059, -6.2232122], [106.7143809, -6.2232363], [106.7142818, -6.2234869], [106.7141912, -6.2236881], [106.7139848, -6.2241387]]}}, {"type": "Feature", "properties": {"osm_id": 670156773, "name": "Jalan Garuda I", "highway": "residential", "oneway": "", "lanes": "2", "maxspeed": "", "source": "OpenStreetMap", "license": "ODbL"}, "geometry": {"type": "LineString", "coordinates": [[106.7125158, -6.2243343], [106.7125534, -6.2243103], [106.7128167, -6.2241854], [106.7128511, -6.2241803], [106.7128886, -6.224185], [106.7135905, -6.2244774]]}}, {"type": "Feature", "properties": {"osm_id": 672798424, "name": "Jalan Sultan Iskandar Muda", "highway": "secondary", "oneway": "yes", "lanes": "1", "maxspeed": "", "source": "OpenStreetMap", "license": "ODbL"}, "geometry": {"type": "LineString", "coordinates": [[106.7828114, -6.239045], [106.7828406, -6.2389493], [106.7828758, -6.238785], [106.7828852, -6.238744], [106.7828893, -6.2386993], [106.7828862, -6.2386597], [106.7828775, -6.2386033]]}}, {"type": "Feature", "properties": {"osm_id": 673136060, "name": "Jalan Otto Iskandar Dinata", "highway": "primary", "oneway": "yes", "lanes": "3", "maxspeed": "", "source": "OpenStreetMap", "license": "ODbL"}, "geometry": {"type": "LineString", "coordinates": [[106.8687052, -6.2435933], [106.8688794, -6.2430154], [106.8690806, -6.2423478], [106.8690867, -6.2423162], [106.8691045, -6.2422242], [106.8691145, -6.2421703], [106.8691246, -6.2421155], [106.8691944, -6.2416376], [106.8692148, -6.2412217], [106.8692026, -6.240744], [106.8691964, -6.2405111], [106.8691917, -6.2404444], [106.8691505, -6.2396767], [106.8691168, -6.2393179], [106.8691112, -6.2392579], [106.8690784, -6.2390619], [106.8689892, -6.23863], [106.8689485, -6.2384148], [106.8688785, -6.2380441], [106.8688616, -6.2379711], [106.8687418, -6.2374544], [106.8687193, -6.2373676], [106.8687177, -6.2373614], [106.8686963, -6.23729]]}}, {"type": "Feature", "properties": {"osm_id": 673136061, "name": "Jalan Otto Iskandar Dinata", "highway": "primary", "oneway": "yes", "lanes": "4", "maxspeed": "", "source": "OpenStreetMap", "license": "ODbL"}, "geometry": {"type": "LineString", "coordinates": [[106.8685112, -6.2447414], [106.8684151, -6.2449802]]}}, {"type": "Feature", "properties": {"osm_id": 673343740, "name": "Jalan Iskandar Muda", "highway": "tertiary", "oneway": "", "lanes": "2", "maxspeed": "", "source": "OpenStreetMap", "license": "ODbL"}, "geometry": {"type": "LineString", "coordinates": [[106.6221747, -6.1240591], [106.6222265, -6.1240339]]}}, {"type": "Feature", "properties": {"osm_id": 673343741, "name": "Jalan Iskandar Muda", "highway": "tertiary", "oneway": "", "lanes": "2", "maxspeed": "", "source": "OpenStreetMap", "license": "ODbL"}, "geometry": {"type": "LineString", "coordinates": [[106.6161346, -6.1263751], [106.6161729, -6.1263064], [106.6162862, -6.1262444], [106.6165678, -6.1261577], [106.6166985, -6.1261287], [106.6169069, -6.126086], [106.6170185, -6.1260613], [106.6175991, -6.1258764], [106.6178066, -6.1257991], [106.6184177, -6.1255656], [106.6189241, -6.1253817], [106.6190032, -6.1253571], [106.6190454, -6.1253409]]}}, {"type": "Feature", "properties": {"osm_id": 673798973, "name": "Jalan Garuda", "highway": "residential", "oneway": "no", "lanes": "1", "maxspeed": "", "source": "OpenStreetMap", "license": "ODbL"}, "geometry": {"type": "LineString", "coordinates": [[106.7549695, -6.2922023], [106.7545651, -6.2922067]]}}, {"type": "Feature", "properties": {"osm_id": 674443324, "name": "Jalan Garuda II", "highway": "residential", "oneway": "", "lanes": "", "maxspeed": "", "source": "OpenStreetMap", "license": "ODbL"}, "geometry": {"type": "LineString", "coordinates": [[106.6925397, -6.21969], [106.6920337, -6.2195891]]}}, {"type": "Feature", "properties": {"osm_id": 674849238, "name": "Jalan Prabu Kian Santang", "highway": "secondary", "oneway": "", "lanes": "2", "maxspeed": "", "source": "OpenStreetMap", "license": "ODbL"}, "geometry": {"type": "LineString", "coordinates": [[106.6009053, -6.1696168], [106.6007381, -6.1697977], [106.6005481, -6.1700333], [106.600439, -6.170201], [106.600374, -6.1703383], [106.6002144, -6.1707123], [106.5998631, -6.1717321], [106.5996324, -6.1723657], [106.5996293, -6.1723766], [106.5994882, -6.1727534], [106.5994568, -6.1728383], [106.5993297, -6.173194], [106.5991221, -6.173675], [106.5989947, -6.173893], [106.5987883, -6.1742843], [106.5987476, -6.1743571], [106.5986547, -6.174522], [106.59853, -6.17474], [106.5983902, -6.174975], [106.5983286, -6.1750628], [106.5982602, -6.1751584], [106.5979674, -6.175568], [106.5976411, -6.1760696], [106.597589, -6.1761416], [106.5974705, -6.1763259], [106.5974075, -6.1764033], [106.5972591, -6.1765492], [106.5970195, -6.1768271], [106.596986, -6.1768626], [106.596867, -6.1769963], [106.596635, -6.1772656], [106.596557, -6.1773636], [106.5964063, -6.177553], [106.5962018, -6.1778013], [106.5958759, -6.1780984], [106.5957457, -6.1782162], [106.5956343, -6.1783113], [106.59559, -6.178344], [106.5955148, -6.178414], [106.5954879, -6.1784378], [106.5952884, -6.1786148], [106.5952829, -6.1786208], [106.595058, -6.1788301], [106.5947091, -6.1791547], [106.594684, -6.1791791], [106.5945064, -6.1793555], [106.5941717, -6.1797531], [106.5939273, -6.1799889], [106.5938696, -6.1800529], [106.59382, -6.1801318], [106.5937254, -6.180304], [106.5936846, -6.1804076], [106.5935998, -6.180644], [106.5934416, -6.1811452], [106.5934055, -6.18124], [106.5933025, -6.1814836], [106.5930165, -6.182343], [106.59299, -6.182425], [106.5928506, -6.1828209], [106.5928247, -6.1829079], [106.5926686, -6.1833605], [106.5925542, -6.1836879], [106.5924583, -6.1839151], [106.5924355, -6.1839711], [106.5923219, -6.1842235], [106.5922672, -6.1843348], [106.5920398, -6.1847978], [106.5918605, -6.1851319], [106.591731, -6.185397], [106.5916409, -6.1855815], [106.5915241, -6.1858708], [106.5914589, -6.1860346], [106.591423, -6.1861248], [106.5910349, -6.1868983], [106.5910081, -6.1869516], [106.5908607, -6.1872392], [106.5906404, -6.1876345], [106.5906307, -6.1876519], [106.590423, -6.1880247], [106.5903211, -6.1882274], [106.5902701, -6.18834], [106.5902004, -6.1884847], [106.5901253, -6.1886327], [106.5900534, -6.1887763], [106.5899938, -6.1888954], [106.5899539, -6.1889767], [106.5897347, -6.1894231], [106.5896867, -6.1895207], [106.5894936, -6.1899393]]}}, {"type": "Feature", "properties": {"osm_id": 674854999, "name": "Garuda", "highway": "tertiary", "oneway": "", "lanes": "2", "maxspeed": "", "source": "OpenStreetMap", "license": "ODbL"}, "geometry": {"type": "LineString", "coordinates": [[106.6922571, -6.0908403], [106.6924047, -6.0910104]]}}, {"type": "Feature", "properties": {"osm_id": 675100738, "name": "Jalan Husein Sastranegara", "highway": "secondary", "oneway": "yes", "lanes": "2", "maxspeed": "", "source": "OpenStreetMap", "license": "ODbL"}, "geometry": {"type": "LineString", "coordinates": [[106.689009, -6.1141739], [106.6890119, -6.1141833]]}}, {"type": "Feature", "properties": {"osm_id": 675100739, "name": "Jalan Husein Sastranegara", "highway": "secondary", "oneway": "yes", "lanes": "2", "maxspeed": "", "source": "OpenStreetMap", "license": "ODbL"}, "geometry": {"type": "LineString", "coordinates": [[106.6890249, -6.1142329], [106.6890279, -6.1142466]]}}, {"type": "Feature", "properties": {"osm_id": 675361849, "name": "Jalan Garuda I", "highway": "residential", "oneway": "no", "lanes": "2", "maxspeed": "", "source": "OpenStreetMap", "license": "ODbL"}, "geometry": {"type": "LineString", "coordinates": [[106.7557379, -6.2704746], [106.7556039, -6.2704757]]}}, {"type": "Feature", "properties": {"osm_id": 675915115, "name": "Jalan Garuda", "highway": "service", "oneway": "", "lanes": "", "maxspeed": "", "source": "OpenStreetMap", "license": "ODbL"}, "geometry": {"type": "LineString", "coordinates": [[106.8900335, -6.2603566], [106.8902319, -6.260364], [106.8903221, -6.2603721], [106.8905615, -6.2604054]]}}, {"type": "Feature", "properties": {"osm_id": 676257804, "name": "Jalan Komplek Garuda", "highway": "residential", "oneway": "no", "lanes": "1", "maxspeed": "", "source": "OpenStreetMap", "license": "ODbL"}, "geometry": {"type": "LineString", "coordinates": [[106.8437697, -6.2652184], [106.8437272, -6.2652309]]}}, {"type": "Feature", "properties": {"osm_id": 676482371, "name": "Jalan Garuda", "highway": "residential", "oneway": "yes", "lanes": "", "maxspeed": "", "source": "OpenStreetMap", "license": "ODbL"}, "geometry": {"type": "LineString", "coordinates": [[106.713642, -6.2535322], [106.7136356, -6.2535215], [106.7136316, -6.2535062], [106.7135959, -6.2530908], [106.7135394, -6.2521987], [106.7135148, -6.2518547]]}}, {"type": "Feature", "properties": {"osm_id": 686027948, "name": "Jalan Husein Sastranegara", "highway": "secondary", "oneway": "yes", "lanes": "1", "maxspeed": "", "source": "OpenStreetMap", "license": "ODbL"}, "geometry": {"type": "LineString", "coordinates": [[106.6861824, -6.1147886], [106.6871226, -6.1145482], [106.687172, -6.1145335], [106.6885587, -6.1141671]]}}, {"type": "Feature", "properties": {"osm_id": 686527674, "name": "Jalan Garuda I", "highway": "residential", "oneway": "no", "lanes": "2", "maxspeed": "", "source": "OpenStreetMap", "license": "ODbL"}, "geometry": {"type": "LineString", "coordinates": [[106.7565431, -6.2704755], [106.7559216, -6.2704822]]}}, {"type": "Feature", "properties": {"osm_id": 688668533, "name": "Jalan Otto Iskandar Dinata", "highway": "primary", "oneway": "yes", "lanes": "2", "maxspeed": "", "source": "OpenStreetMap", "license": "ODbL"}, "geometry": {"type": "LineString", "coordinates": [[106.8682777, -6.2449296], [106.8683271, -6.2448244]]}}, {"type": "Feature", "properties": {"osm_id": 688696509, "name": "Jalan Otto Iskandar Dinata", "highway": "primary", "oneway": "yes", "lanes": "4", "maxspeed": "", "source": "OpenStreetMap", "license": "ODbL"}, "geometry": {"type": "LineString", "coordinates": [[106.8687565, -6.2440206], [106.868724, -6.2441502], [106.8687127, -6.2441956], [106.8686744, -6.2443367]]}}, {"type": "Feature", "properties": {"osm_id": 688712481, "name": "Jalan Otista II", "highway": "residential", "oneway": "yes", "lanes": "1", "maxspeed": "", "source": "OpenStreetMap", "license": "ODbL"}, "geometry": {"type": "LineString", "coordinates": [[106.8694891, -6.2309089], [106.8694965, -6.2307356], [106.8694961, -6.2306457], [106.8694904, -6.2306122], [106.8694666, -6.230597], [106.8694362, -6.2305843], [106.8693995, -6.230581], [106.8693808, -6.2305683], [106.8693624, -6.2305269], [106.8692985, -6.230428], [106.8692665, -6.2303702], [106.869256, -6.2303417], [106.8692487, -6.2303103], [106.869241, -6.2302596], [106.8692555, -6.2300903], [106.8692796, -6.2299529], [106.8692983, -6.2298216], [106.8693002, -6.2298045], [106.8693118, -6.2297217], [106.8693171, -6.2296851], [106.8693259, -6.229647], [106.8693372, -6.2296057], [106.8693465, -6.2295629], [106.8693849, -6.229399], [106.8693983, -6.2293203], [106.8693949, -6.229179]]}}, {"type": "Feature", "properties": {"osm_id": 691253232, "name": "Jalan Otto Iskandar Dinata", "highway": "primary", "oneway": "yes", "lanes": "2", "maxspeed": "", "source": "OpenStreetMap", "license": "ODbL"}, "geometry": {"type": "LineString", "coordinates": [[106.8673037, -6.2280003], [106.8672999, -6.2283001], [106.8673024, -6.2288033], [106.8673113, -6.2292236], [106.8673163, -6.2294642], [106.867318, -6.2295897], [106.8673192, -6.2296694], [106.8673206, -6.2297658], [106.8673217, -6.2298164], [106.8673251, -6.2299519], [106.8673291, -6.2301131], [106.8673279, -6.2301508], [106.8673158, -6.2305347], [106.8673235, -6.230971]]}}, {"type": "Feature", "properties": {"osm_id": 691253233, "name": "Jalan Otto Iskandar Dinata", "highway": "primary", "oneway": "yes", "lanes": "2", "maxspeed": "", "source": "OpenStreetMap", "license": "ODbL"}, "geometry": {"type": "LineString", "coordinates": [[106.8671988, -6.2264354], [106.8672281, -6.2265826], [106.8672828, -6.2268396], [106.8673075, -6.2271014], [106.8673065, -6.2276713], [106.8673037, -6.2280003]]}}, {"type": "Feature", "properties": {"osm_id": 691253234, "name": "Jalan Otto Iskandar Dinata", "highway": "primary", "oneway": "yes", "lanes": "2", "maxspeed": "", "source": "OpenStreetMap", "license": "ODbL"}, "geometry": {"type": "LineString", "coordinates": [[106.8670838, -6.2259259], [106.8671434, -6.2261768], [106.8671988, -6.2264354]]}}, {"type": "Feature", "properties": {"osm_id": 691253235, "name": "Jalan Otto Iskandar Dinata", "highway": "primary", "oneway": "yes", "lanes": "3", "maxspeed": "", "source": "OpenStreetMap", "license": "ODbL"}, "geometry": {"type": "LineString", "coordinates": [[106.8670857, -6.2251417], [106.8670333, -6.2252813], [106.8669948, -6.2254209], [106.8669916, -6.225522], [106.8670198, -6.2256491]]}}, {"type": "Feature", "properties": {"osm_id": 691381213, "name": "Jalan Garuda", "highway": "service", "oneway": "", "lanes": "2", "maxspeed": "", "source": "OpenStreetMap", "license": "ODbL"}, "geometry": {"type": "LineString", "coordinates": [[106.8898856, -6.2613612], [106.8899406, -6.2610168], [106.8900335, -6.2603566]]}}, {"type": "Feature", "properties": {"osm_id": 696216017, "name": "Jalan Iskandar Muda", "highway": "tertiary", "oneway": "", "lanes": "2", "maxspeed": "", "source": "OpenStreetMap", "license": "ODbL"}, "geometry": {"type": "LineString", "coordinates": [[106.6190789, -6.1448682], [106.6190688, -6.1448419]]}}, {"type": "Feature", "properties": {"osm_id": 696216018, "name": "Jalan Iskandar Muda", "highway": "tertiary", "oneway": "", "lanes": "2", "maxspeed": "", "source": "OpenStreetMap", "license": "ODbL"}, "geometry": {"type": "LineString", "coordinates": [[106.6227215, -6.152078], [106.621892, -6.1513433], [106.6217847, -6.1512393], [106.621715, -6.15115], [106.6216633, -6.1510899], [106.6216135, -6.1509769], [106.6215645, -6.1508656], [106.6212737, -6.1499719], [106.6212133, -6.1498393], [106.6211558, -6.1497339], [106.6207574, -6.1487693], [106.6206756, -6.1485812], [106.6204321, -6.1479793], [106.6204262, -6.1479612], [106.6202998, -6.1476711], [106.6200385, -6.147054], [106.6199457, -6.1468682], [106.6199153, -6.1468043], [106.6198157, -6.1465921], [106.6196438, -6.1461997], [106.6195928, -6.1460963], [106.6195602, -6.1460348], [106.6194381, -6.1457627], [106.6191371, -6.1450324], [106.6190789, -6.1448682]]}}, {"type": "Feature", "properties": {"osm_id": 696732481, "name": "Jalan Iskandar Muda", "highway": "tertiary", "oneway": "", "lanes": "2", "maxspeed": "", "source": "OpenStreetMap", "license": "ODbL"}, "geometry": {"type": "LineString", "coordinates": [[106.63198, -6.1220006], [106.6320932, -6.121987], [106.6325239, -6.1221161], [106.6327212, -6.1221348], [106.6328073, -6.1221227], [106.6330132, -6.1220444], [106.6334803, -6.1219387], [106.6339149, -6.1218792]]}}, {"type": "Feature", "properties": {"osm_id": 697181594, "name": "Jalan Teuku Umar", "highway": "primary", "oneway": "yes", "lanes": "2", "maxspeed": "", "source": "OpenStreetMap", "license": "ODbL"}, "geometry": {"type": "LineString", "coordinates": [[106.6257285, -6.196099], [106.6257008, -6.1960997]]}}, {"type": "Feature", "properties": {"osm_id": 698735349, "name": "Jalan Doktor Sitanala", "highway": "residential", "oneway": "", "lanes": "", "maxspeed": "", "source": "OpenStreetMap", "license": "ODbL"}, "geometry": {"type": "LineString", "coordinates": [[106.6342114, -6.1669343], [106.6342007, -6.167019], [106.6341591, -6.1673126], [106.6341624, -6.1673376], [106.6341705, -6.167356], [106.6341879, -6.167367], [106.6342231, -6.1673816], [106.6345165, -6.167461]]}}, {"type": "Feature", "properties": {"osm_id": 699546573, "name": "Jalan Dokter Sitanala", "highway": "primary", "oneway": "yes", "lanes": "2", "maxspeed": "", "source": "OpenStreetMap", "license": "ODbL"}, "geometry": {"type": "LineString", "coordinates": [[106.6315124, -6.1595402], [106.6315164, -6.1596075]]}}, {"type": "Feature", "properties": {"osm_id": 699546574, "name": "Jalan Dokter Sitanala", "highway": "primary", "oneway": "yes", "lanes": "2", "maxspeed": "", "source": "OpenStreetMap", "license": "ODbL"}, "geometry": {"type": "LineString", "coordinates": [[106.631457, -6.1595402], [106.6314564, -6.1595079]]}}, {"type": "Feature", "properties": {"osm_id": 706597253, "name": "Jalan Husein Sastranegara", "highway": "secondary", "oneway": "no", "lanes": "2", "maxspeed": "", "source": "OpenStreetMap", "license": "ODbL"}, "geometry": {"type": "LineString", "coordinates": [[106.6888664, -6.1138998], [106.6887662, -6.1134912]]}}, {"type": "Feature", "properties": {"osm_id": 713559981, "name": "Jalan Marsekal Surya Darma", "highway": "secondary", "oneway": "yes", "lanes": "2", "maxspeed": "", "source": "OpenStreetMap", "license": "ODbL"}, "geometry": {"type": "LineString", "coordinates": [[106.6328249, -6.1488618], [106.6328246, -6.1488985], [106.6328131, -6.1500603]]}}, {"type": "Feature", "properties": {"osm_id": 721780878, "name": "Gang Garuda", "highway": "living_street", "oneway": "", "lanes": "", "maxspeed": "", "source": "OpenStreetMap", "license": "ODbL"}, "geometry": {"type": "LineString", "coordinates": [[106.8827007, -6.2791898], [106.882266, -6.279098]]}}, {"type": "Feature", "properties": {"osm_id": 723943858, "name": "Jalan Teuku Umar", "highway": "secondary", "oneway": "yes", "lanes": "2", "maxspeed": "", "source": "OpenStreetMap", "license": "ODbL"}, "geometry": {"type": "LineString", "coordinates": [[106.7288183, -6.2786414], [106.7287223, -6.2784589], [106.7279841, -6.277257], [106.7274772, -6.2765171], [106.7264234, -6.2750497], [106.7262469, -6.2747929], [106.725832, -6.2741871], [106.7257348, -6.2740466]]}}, {"type": "Feature", "properties": {"osm_id": 732777662, "name": "Jalan Anggrek Garuda Blok D II", "highway": "residential", "oneway": "no", "lanes": "1", "maxspeed": "", "source": "OpenStreetMap", "license": "ODbL"}, "geometry": {"type": "LineString", "coordinates": [[106.7939661, -6.1910316], [106.7939806, -6.1906354]]}}, {"type": "Feature", "properties": {"osm_id": 733026225, "name": "Jalan Otista III Komplek I", "highway": "residential", "oneway": "no", "lanes": "2", "maxspeed": "", "source": "OpenStreetMap", "license": "ODbL"}, "geometry": {"type": "LineString", "coordinates": [[106.8737886, -6.2333902], [106.8737955, -6.2334411], [106.8738104, -6.2334733], [106.8738413, -6.2334993], [106.8738855, -6.2335227], [106.8739643, -6.2335413], [106.8742132, -6.2335286], [106.8742935, -6.2335255]]}}, {"type": "Feature", "properties": {"osm_id": 738694562, "name": "Jalan Garuda", "highway": "residential", "oneway": "", "lanes": "", "maxspeed": "", "source": "OpenStreetMap", "license": "ODbL"}, "geometry": {"type": "LineString", "coordinates": [[106.6126432, -6.2157915], [106.612585, -6.2157716], [106.6122779, -6.2156666], [106.612232, -6.2156476], [106.6120071, -6.2155393], [106.6117218, -6.2154075], [106.6114412, -6.2153125], [106.6111296, -6.2151929], [106.6108539, -6.2150462], [106.6106103, -6.2149323], [106.6105931, -6.2149209], [106.6105912, -6.2149118], [106.6105928, -6.2149036]]}}, {"type": "Feature", "properties": {"osm_id": 740884235, "name": "Jalan Husein Sastranegara", "highway": "secondary", "oneway": "", "lanes": "2", "maxspeed": "", "source": "OpenStreetMap", "license": "ODbL"}, "geometry": {"type": "LineString", "coordinates": [[106.6876872, -6.1106403], [106.6877543, -6.1106395], [106.6878147, -6.1106576], [106.6878871, -6.1106895], [106.6879696, -6.1107402], [106.6880386, -6.1108096], [106.6880829, -6.1108683], [106.6881278, -6.1109376], [106.6881614, -6.1110109]]}}, {"type": "Feature", "properties": {"osm_id": 745567897, "name": "Jalan Anggrek Garuda Blok D/I", "highway": "residential", "oneway": "no", "lanes": "1", "maxspeed": "", "source": "OpenStreetMap", "license": "ODbL"}, "geometry": {"type": "LineString", "coordinates": [[106.7949947, -6.1902251], [106.7949673, -6.190701]]}}, {"type": "Feature", "properties": {"osm_id": 746516098, "name": "Jalan Anggrek Garuda V", "highway": "footway", "oneway": "no", "lanes": "1", "maxspeed": "", "source": "OpenStreetMap", "license": "ODbL"}, "geometry": {"type": "LineString", "coordinates": [[106.7961983, -6.1928306], [106.7961886, -6.1931835]]}}, {"type": "Feature", "properties": {"osm_id": 747469234, "name": "Jalan Iskandar Muda", "highway": "tertiary", "oneway": "", "lanes": "2", "maxspeed": "", "source": "OpenStreetMap", "license": "ODbL"}, "geometry": {"type": "LineString", "coordinates": [[106.6158453, -6.1390555], [106.6158208, -6.1390027], [106.6156371, -6.138068], [106.6155915, -6.1375306], [106.6158678, -6.1366719], [106.615912, -6.1365479], [106.6162433, -6.1356105], [106.6163088, -6.1354272], [106.6163801, -6.1352278]]}}, {"type": "Feature", "properties": {"osm_id": 747473929, "name": "Jalan Husein Sastranegara", "highway": "secondary", "oneway": "yes", "lanes": "2", "maxspeed": "", "source": "OpenStreetMap", "license": "ODbL"}, "geometry": {"type": "LineString", "coordinates": [[106.6861087, -6.1310046], [106.6860846, -6.1310868], [106.6860417, -6.1311815], [106.6859586, -6.1312882], [106.6858312, -6.1313888], [106.6857186, -6.1314365]]}}, {"type": "Feature", "properties": {"osm_id": 747473930, "name": "Jalan Husein Sastranegara", "highway": "secondary", "oneway": "yes", "lanes": "4", "maxspeed": "", "source": "OpenStreetMap", "license": "ODbL"}, "geometry": {"type": "LineString", "coordinates": [[106.6857474, -6.1314405], [106.6857186, -6.1314365], [106.6854842, -6.1313798], [106.6851532, -6.1313168], [106.6847965, -6.1312048], [106.6845899, -6.1311222]]}}, {"type": "Feature", "properties": {"osm_id": 747473931, "name": "Jalan Husein Sastranegara", "highway": "secondary", "oneway": "yes", "lanes": "2", "maxspeed": "", "source": "OpenStreetMap", "license": "ODbL"}, "geometry": {"type": "LineString", "coordinates": [[106.6863553, -6.1340353], [106.6863415, -6.1335509], [106.6863249, -6.1332876], [106.68632, -6.1332069], [106.6862985, -6.1328062], [106.6862777, -6.1324053], [106.6862388, -6.1320575], [106.6862154, -6.1319342], [106.686143, -6.131677], [106.6860718, -6.1315555], [106.6859056, -6.1314663], [106.6857474, -6.1314405]]}}, {"type": "Feature", "properties": {"osm_id": 749330301, "name": "Jalan Anggrek Garuda I", "highway": "residential", "oneway": "no", "lanes": "1", "maxspeed": "", "source": "OpenStreetMap", "license": "ODbL"}, "geometry": {"type": "LineString", "coordinates": [[106.7960879, -6.1944773], [106.7960967, -6.1945336], [106.7962051, -6.1952307], [106.7962548, -6.1955497], [106.7963177, -6.1959543], [106.7963211, -6.1959761]]}}, {"type": "Feature", "properties": {"osm_id": 749334648, "name": "Jalan Anggrek Garuda V A", "highway": "residential", "oneway": "no", "lanes": "1", "maxspeed": "", "source": "OpenStreetMap", "license": "ODbL"}, "geometry": {"type": "LineString", "coordinates": [[106.7953373, -6.1942033], [106.7957034, -6.1941775]]}}, {"type": "Feature", "properties": {"osm_id": 749367017, "name": "Jalan Sultan Iskandar Muda", "highway": "trunk", "oneway": "yes", "lanes": "2", "maxspeed": "", "source": "OpenStreetMap", "license": "ODbL"}, "geometry": {"type": "LineString", "coordinates": [[106.782791, -6.2405538], [106.7828078, -6.2403091], [106.782846, -6.2398265], [106.78285, -6.2397439], [106.7828748, -6.2394966], [106.7829191, -6.2392319], [106.7829441, -6.2390791]]}}, {"type": "Feature", "properties": {"osm_id": 754613341, "name": "Jalan Garuda 1", "highway": "service", "oneway": "no", "lanes": "2", "maxspeed": "", "source": "OpenStreetMap", "license": "ODbL"}, "geometry": {"type": "LineString", "coordinates": [[106.8492937, -6.156393], [106.8493051, -6.1564648], [106.8493907, -6.1569284], [106.8495249, -6.1577524], [106.8495774, -6.158012], [106.8500049, -6.1601396], [106.8499976, -6.1602237]]}}, {"type": "Feature", "properties": {"osm_id": 756274416, "name": "Gang Haji M. Toha", "highway": "living_street", "oneway": "", "lanes": "", "maxspeed": "", "source": "OpenStreetMap", "license": "ODbL"}, "geometry": {"type": "LineString", "coordinates": [[106.6915818, -6.2611446], [106.6916378, -6.261141], [106.6920954, -6.2611119]]}}, {"type": "Feature", "properties": {"osm_id": 756368805, "name": "Jalan Teuku Umar", "highway": "primary", "oneway": "yes", "lanes": "2", "maxspeed": "", "source": "OpenStreetMap", "license": "ODbL"}, "geometry": {"type": "LineString", "coordinates": [[106.6255778, -6.1958165], [106.626578, -6.1958645]]}}, {"type": "Feature", "properties": {"osm_id": 756418692, "name": "Jalan Otto Iskandar Dinata", "highway": "primary", "oneway": "yes", "lanes": "4", "maxspeed": "", "source": "OpenStreetMap", "license": "ODbL"}, "geometry": {"type": "LineString", "coordinates": [[106.868554, -6.244136], [106.8686198, -6.2438919]]}}, {"type": "Feature", "properties": {"osm_id": 756807238, "name": "Jalan Sultan Iskandar Muda", "highway": "trunk", "oneway": "yes", "lanes": "3", "maxspeed": "", "source": "OpenStreetMap", "license": "ODbL"}, "geometry": {"type": "LineString", "coordinates": [[106.7819415, -6.2606627], [106.7819662, -6.2607907], [106.7820065, -6.2609382], [106.7820246, -6.2610046], [106.7820409, -6.2610687]]}}, {"type": "Feature", "properties": {"osm_id": 758707477, "name": "Jalan Teluk Bayur I", "highway": "residential", "oneway": "no", "lanes": "1", "maxspeed": "", "source": "OpenStreetMap", "license": "ODbL"}, "geometry": {"type": "LineString", "coordinates": [[106.8388165, -6.2983976], [106.838834, -6.2980804]]}}, {"type": "Feature", "properties": {"osm_id": 760402344, "name": "Jalan Teuku Umar", "highway": "secondary", "oneway": "yes", "lanes": "2", "maxspeed": "", "source": "OpenStreetMap", "license": "ODbL"}, "geometry": {"type": "LineString", "coordinates": [[106.7288321, -6.2787199], [106.7288183, -6.2786414]]}}, {"type": "Feature", "properties": {"osm_id": 761304617, "name": "Jalan Teuku Umar", "highway": "tertiary", "oneway": "yes", "lanes": "2", "maxspeed": "", "source": "OpenStreetMap", "license": "ODbL"}, "geometry": {"type": "LineString", "coordinates": [[106.8331384, -6.196002], [106.8331367, -6.1960274]]}}, {"type": "Feature", "properties": {"osm_id": 761561846, "name": "Jalan Teuku Umar", "highway": "tertiary", "oneway": "yes", "lanes": "2", "maxspeed": "", "source": "OpenStreetMap", "license": "ODbL"}, "geometry": {"type": "LineString", "coordinates": [[106.83315, -6.1930259], [106.8331479, -6.1932552]]}}, {"type": "Feature", "properties": {"osm_id": 761561847, "name": "Jalan Teuku Umar", "highway": "tertiary", "oneway": "yes", "lanes": "2", "maxspeed": "", "source": "OpenStreetMap", "license": "ODbL"}, "geometry": {"type": "LineString", "coordinates": [[106.8331479, -6.1932552], [106.8331568, -6.1943331], [106.8331495, -6.1945423], [106.833154, -6.1945779]]}}, {"type": "Feature", "properties": {"osm_id": 761561848, "name": "Jalan Teuku Umar", "highway": "tertiary", "oneway": "yes", "lanes": "2", "maxspeed": "", "source": "OpenStreetMap", "license": "ODbL"}, "geometry": {"type": "LineString", "coordinates": [[106.833043, -6.1922633], [106.8330455, -6.1920086]]}}, {"type": "Feature", "properties": {"osm_id": 761561849, "name": "Jalan Teuku Umar", "highway": "tertiary", "oneway": "yes", "lanes": "2", "maxspeed": "", "source": "OpenStreetMap", "license": "ODbL"}, "geometry": {"type": "LineString", "coordinates": [[106.8330335, -6.1932591], [106.833043, -6.1922633]]}}, {"type": "Feature", "properties": {"osm_id": 761561851, "name": "Jalan Teuku Umar", "highway": "tertiary", "oneway": "yes", "lanes": "2", "maxspeed": "", "source": "OpenStreetMap", "license": "ODbL"}, "geometry": {"type": "LineString", "coordinates": [[106.8330309, -6.1935318], [106.8330335, -6.1932591]]}}, {"type": "Feature", "properties": {"osm_id": 761561852, "name": "Jalan Teuku Umar", "highway": "tertiary", "oneway": "yes", "lanes": "2", "maxspeed": "", "source": "OpenStreetMap", "license": "ODbL"}, "geometry": {"type": "LineString", "coordinates": [[106.8330392, -6.1945807], [106.8330381, -6.1945449], [106.8330309, -6.1935318]]}}, {"type": "Feature", "properties": {"osm_id": 761568617, "name": "Jalan Teuku Umar", "highway": "tertiary", "oneway": "yes", "lanes": "2", "maxspeed": "", "source": "OpenStreetMap", "license": "ODbL"}, "geometry": {"type": "LineString", "coordinates": [[106.8330608, -6.1967363], [106.833023, -6.1970494]]}}, {"type": "Feature", "properties": {"osm_id": 761568618, "name": "Jalan Teuku Umar", "highway": "tertiary", "oneway": "yes", "lanes": "2", "maxspeed": "", "source": "OpenStreetMap", "license": "ODbL"}, "geometry": {"type": "LineString", "coordinates": [[106.833023, -6.1970494], [106.8328335, -6.1984777]]}}, {"type": "Feature", "properties": {"osm_id": 762111619, "name": "Jalan Teuku Umar", "highway": "tertiary", "oneway": "yes", "lanes": "2", "maxspeed": "", "source": "OpenStreetMap", "license": "ODbL"}, "geometry": {"type": "LineString", "coordinates": [[106.8329038, -6.1972726], [106.8329362, -6.1970343]]}}, {"type": "Feature", "properties": {"osm_id": 762111620, "name": "Jalan Teuku Umar", "highway": "tertiary", "oneway": "yes", "lanes": "2", "maxspeed": "", "source": "OpenStreetMap", "license": "ODbL"}, "geometry": {"type": "LineString", "coordinates": [[106.8327352, -6.1984672], [106.8329038, -6.1972726]]}}, {"type": "Feature", "properties": {"osm_id": 762915091, "name": "Jalan Otista II", "highway": "residential", "oneway": "yes", "lanes": "1", "maxspeed": "", "source": "OpenStreetMap", "license": "ODbL"}, "geometry": {"type": "LineString", "coordinates": [[106.869577, -6.2317258], [106.869577, -6.2316904], [106.8695763, -6.2315018], [106.869571, -6.2312365], [106.8695589, -6.2310992], [106.8695404, -6.2310403], [106.86952, -6.2309851], [106.8694891, -6.2309089]]}}, {"type": "Feature", "properties": {"osm_id": 762915795, "name": "Jalan Otista II", "highway": "residential", "oneway": "yes", "lanes": "1", "maxspeed": "", "source": "OpenStreetMap", "license": "ODbL"}, "geometry": {"type": "LineString", "coordinates": [[106.8693949, -6.229179], [106.869393, -6.2291507]]}}, {"type": "Feature", "properties": {"osm_id": 763252095, "name": "Jalan Garuda 2", "highway": "living_street", "oneway": "", "lanes": "", "maxspeed": "", "source": "OpenStreetMap", "license": "ODbL"}, "geometry": {"type": "LineString", "coordinates": [[106.7279702, -6.2930131], [106.728382, -6.2929688], [106.72866, -6.2929389]]}}, {"type": "Feature", "properties": {"osm_id": 765441676, "name": "Jalan Otista I", "highway": "residential", "oneway": "no", "lanes": "1", "maxspeed": "", "source": "OpenStreetMap", "license": "ODbL"}, "geometry": {"type": "LineString", "coordinates": [[106.8669948, -6.2254209], [106.8671532, -6.2254015]]}}, {"type": "Feature", "properties": {"osm_id": 767649035, "name": "Jalan Otto Iskandar Dinata", "highway": "primary", "oneway": "yes", "lanes": "4", "maxspeed": "", "source": "OpenStreetMap", "license": "ODbL"}, "geometry": {"type": "LineString", "coordinates": [[106.8668092, -6.2255369], [106.8667714, -6.2254477], [106.8666093, -6.2251468], [106.8665515, -6.2250385], [106.86651, -6.2249606]]}}, {"type": "Feature", "properties": {"osm_id": 768012347, "name": "Jalan Sultan Iskandar Muda", "highway": "trunk", "oneway": "yes", "lanes": "2", "maxspeed": "", "source": "OpenStreetMap", "license": "ODbL"}, "geometry": {"type": "LineString", "coordinates": [[106.7812868, -6.2497368], [106.7811977, -6.2493042], [106.781163, -6.2486939], [106.7811641, -6.2481266], [106.7811931, -6.2478274], [106.781213, -6.2477017]]}}, {"type": "Feature", "properties": {"osm_id": 768012348, "name": "Jalan Sultan Iskandar Muda", "highway": "trunk", "oneway": "yes", "lanes": "2", "maxspeed": "", "source": "OpenStreetMap", "license": "ODbL"}, "geometry": {"type": "LineString", "coordinates": [[106.7813674, -6.2477131], [106.7813336, -6.2481327], [106.781336, -6.2487222], [106.7814335, -6.2497173]]}}, {"type": "Feature", "properties": {"osm_id": 768013542, "name": "Jalan Otto Iskandar Dinata", "highway": "primary", "oneway": "yes", "lanes": "4", "maxspeed": "", "source": "OpenStreetMap", "license": "ODbL"}, "geometry": {"type": "LineString", "coordinates": [[106.8686744, -6.2443367], [106.8685596, -6.2446194], [106.8685112, -6.2447414]]}}, {"type": "Feature", "properties": {"osm_id": 768013543, "name": "Jalan Otto Iskandar Dinata", "highway": "primary", "oneway": "yes", "lanes": "4", "maxspeed": "", "source": "OpenStreetMap", "license": "ODbL"}, "geometry": {"type": "LineString", "coordinates": [[106.8683879, -6.2446669], [106.8685107, -6.2442916]]}}, {"type": "Feature", "properties": {"osm_id": 774520885, "name": "Jalan Teuku Umar", "highway": "primary", "oneway": "yes", "lanes": "2", "maxspeed": "", "source": "OpenStreetMap", "license": "ODbL"}, "geometry": {"type": "LineString", "coordinates": [[106.6269758, -6.1959443], [106.6266268, -6.196015]]}}, {"type": "Feature", "properties": {"osm_id": 774899406, "name": "Gang Sitanala V", "highway": "living_street", "oneway": "", "lanes": "", "maxspeed": "", "source": "OpenStreetMap", "license": "ODbL"}, "geometry": {"type": "LineString", "coordinates": [[106.631007, -6.1606107], [106.6312918, -6.1603596], [106.6315808, -6.1601282], [106.6317102, -6.1599962]]}}, {"type": "Feature", "properties": {"osm_id": 776709407, "name": "Jalan Raya Sangego", "highway": "tertiary", "oneway": "yes", "lanes": "2", "maxspeed": "", "source": "OpenStreetMap", "license": "ODbL"}, "geometry": {"type": "LineString", "coordinates": [[106.6170281, -6.1603942], [106.6180517, -6.1603126], [106.6191264, -6.1602165], [106.6205748, -6.1600795], [106.6213491, -6.160053]]}}, {"type": "Feature", "properties": {"osm_id": 780078738, "name": "Jalan Teuku Umar", "highway": "secondary", "oneway": "yes", "lanes": "1", "maxspeed": "", "source": "OpenStreetMap", "license": "ODbL"}, "geometry": {"type": "LineString", "coordinates": [[106.7290016, -6.278346], [106.7289859, -6.2784101]]}}, {"type": "Feature", "properties": {"osm_id": 780723794, "name": "Jalan Husein Sastranegara", "highway": "secondary", "oneway": "", "lanes": "2", "maxspeed": "", "source": "OpenStreetMap", "license": "ODbL"}, "geometry": {"type": "LineString", "coordinates": [[106.6881614, -6.1110109], [106.6882727, -6.1113303]]}}, {"type": "Feature", "properties": {"osm_id": 782339599, "name": "Jalan Husein Sastranegara", "highway": "secondary", "oneway": "no", "lanes": "1", "maxspeed": "", "source": "OpenStreetMap", "license": "ODbL"}, "geometry": {"type": "LineString", "coordinates": [[106.6889762, -6.1140365], [106.6889064, -6.1139919], [106.6888734, -6.1139159], [106.6888664, -6.1138998]]}}, {"type": "Feature", "properties": {"osm_id": 782897924, "name": "Jalan Garuda IV", "highway": "living_street", "oneway": "", "lanes": "", "maxspeed": "", "source": "OpenStreetMap", "license": "ODbL"}, "geometry": {"type": "LineString", "coordinates": [[106.6768894, -6.2262794], [106.6771792, -6.2263485]]}}, {"type": "Feature", "properties": {"osm_id": 791643153, "name": "Jalan Otto Iskandar Dinata", "highway": "primary", "oneway": "yes", "lanes": "3", "maxspeed": "", "source": "OpenStreetMap", "license": "ODbL"}, "geometry": {"type": "LineString", "coordinates": [[106.8673235, -6.230971], [106.8673474, -6.2313382], [106.8673578, -6.2316023], [106.8673713, -6.2317744]]}}, {"type": "Feature", "properties": {"osm_id": 791643154, "name": "Jalan Otto Iskandar Dinata", "highway": "primary", "oneway": "yes", "lanes": "2", "maxspeed": "", "source": "OpenStreetMap", "license": "ODbL"}, "geometry": {"type": "LineString", "coordinates": [[106.8671286, -6.2299346], [106.8671299, -6.2298558], [106.8671315, -6.229717], [106.8671423, -6.2289684], [106.8671436, -6.2289032], [106.8671476, -6.2287204], [106.8671538, -6.2283149], [106.8671504, -6.2277628], [106.8671499, -6.2275685], [106.8671503, -6.2273815], [106.8671411, -6.2271465], [106.8671293, -6.2269348], [106.8671071, -6.2267967], [106.8670443, -6.2264521], [106.8669515, -6.2260076], [106.8669225, -6.2259008], [106.8668901, -6.2257722], [106.8668333, -6.2256104], [106.8668092, -6.2255369]]}}, {"type": "Feature", "properties": {"osm_id": 791643155, "name": "Jalan Otto Iskandar Dinata III", "highway": "tertiary", "oneway": "", "lanes": "2", "maxspeed": "", "source": "OpenStreetMap", "license": "ODbL"}, "geometry": {"type": "LineString", "coordinates": [[106.867221, -6.2318985], [106.8672784, -6.2318926], [106.8673262, -6.2318896], [106.8673897, -6.2318883]]}}, {"type": "Feature", "properties": {"osm_id": 803148885, "name": "Jalan Sitanala III", "highway": "living_street", "oneway": "no", "lanes": "1", "maxspeed": "", "source": "OpenStreetMap", "license": "ODbL"}, "geometry": {"type": "LineString", "coordinates": [[106.6342182, -6.1637001], [106.634176, -6.1637191], [106.63339, -6.1640896]]}}, {"type": "Feature", "properties": {"osm_id": 815557710, "name": "Jalan Garuda IV", "highway": "residential", "oneway": "", "lanes": "", "maxspeed": "", "source": "OpenStreetMap", "license": "ODbL"}, "geometry": {"type": "LineString", "coordinates": [[106.6966654, -6.2050679], [106.6966241, -6.2053302], [106.6965208, -6.2059848]]}}, {"type": "Feature", "properties": {"osm_id": 816169770, "name": "Jalan RD. Aria Wangsakara", "highway": "residential", "oneway": "", "lanes": "", "maxspeed": "", "source": "OpenStreetMap", "license": "ODbL"}, "geometry": {"type": "LineString", "coordinates": [[106.6520024, -6.2872522], [106.6519743, -6.2874815], [106.6519354, -6.2877281], [106.6518898, -6.2878854], [106.6518201, -6.288028]]}}, {"type": "Feature", "properties": {"osm_id": 818308222, "name": "Jalan Husein Sastranegara", "highway": "secondary", "oneway": "no", "lanes": "2", "maxspeed": "", "source": "OpenStreetMap", "license": "ODbL"}, "geometry": {"type": "LineString", "coordinates": [[106.6863012, -6.1420561], [106.6863428, -6.1410029], [106.6863681, -6.140391], [106.6863718, -6.1402976], [106.6863779, -6.1401458], [106.6863828, -6.1399851], [106.6863883, -6.139808], [106.6863951, -6.1396774], [106.6864039, -6.1393038], [106.6864165, -6.1388766], [106.6864158, -6.138849]]}}, {"type": "Feature", "properties": {"osm_id": 818446949, "name": "Jalan Otista II", "highway": "residential", "oneway": "no", "lanes": "2", "maxspeed": "", "source": "OpenStreetMap", "license": "ODbL"}, "geometry": {"type": "LineString", "coordinates": [[106.8673235, -6.230971], [106.8675414, -6.2309604], [106.8675701, -6.230959], [106.8678037, -6.2309527], [106.8683286, -6.2309506], [106.8691233, -6.2309362], [106.8694891, -6.2309089]]}}, {"type": "Feature", "properties": {"osm_id": 818639878, "name": "Jalan Husein Sastranegara", "highway": "secondary", "oneway": "yes", "lanes": "1", "maxspeed": "", "source": "OpenStreetMap", "license": "ODbL"}, "geometry": {"type": "LineString", "coordinates": [[106.6864111, -6.1378033], [106.6864267, -6.1374729], [106.6864462, -6.1370067], [106.6864649, -6.136406], [106.6864481, -6.1360518], [106.6864433, -6.135961], [106.6864421, -6.1358515], [106.6864062, -6.1350525], [106.6863971, -6.1348005], [106.6863887, -6.1346718], [106.686368, -6.1343531], [106.6863589, -6.1341442], [106.6863553, -6.1340353]]}}, {"type": "Feature", "properties": {"osm_id": 819302425, "name": "Jalan Garuda", "highway": "residential", "oneway": "", "lanes": "", "maxspeed": "", "source": "OpenStreetMap", "license": "ODbL"}, "geometry": {"type": "LineString", "coordinates": [[106.6813543, -6.2247547], [106.6812179, -6.2243264], [106.6812124, -6.2243048]]}}, {"type": "Feature", "properties": {"osm_id": 837186382, "name": "Jalan Husein Sastranegara", "highway": "secondary", "oneway": "yes", "lanes": "2", "maxspeed": "", "source": "OpenStreetMap", "license": "ODbL"}, "geometry": {"type": "LineString", "coordinates": [[106.6859354, -6.1281263], [106.6858962, -6.1282299], [106.6858741, -6.1283327], [106.6858626, -6.1284816], [106.6858706, -6.1286312], [106.6858895, -6.128754], [106.6859424, -6.1290428], [106.6859975, -6.1295035], [106.6861137, -6.1304758], [106.686126, -6.1305814], [106.686148, -6.1307769], [106.6861162, -6.1309035], [106.6861087, -6.1310046]]}}, {"type": "Feature", "properties": {"osm_id": 837975646, "name": "Garuda", "highway": "residential", "oneway": "", "lanes": "", "maxspeed": "", "source": "OpenStreetMap", "license": "ODbL"}, "geometry": {"type": "LineString", "coordinates": [[106.6932141, -6.0919783], [106.6931603, -6.0921463], [106.6930899, -6.0923392], [106.6930397, -6.0924743]]}}, {"type": "Feature", "properties": {"osm_id": 913663399, "name": "Gang Sitanala I", "highway": "residential", "oneway": "", "lanes": "", "maxspeed": "", "source": "OpenStreetMap", "license": "ODbL"}, "geometry": {"type": "LineString", "coordinates": [[106.6335764, -6.1658444], [106.6338252, -6.1657583]]}}, {"type": "Feature", "properties": {"osm_id": 913663741, "name": "Jalan Sitanala II", "highway": "living_street", "oneway": "", "lanes": "", "maxspeed": "", "source": "OpenStreetMap", "license": "ODbL"}, "geometry": {"type": "LineString", "coordinates": [[106.6336069, -6.1643993], [106.6336777, -6.1643803], [106.6339211, -6.164269]]}}, {"type": "Feature", "properties": {"osm_id": 913757865, "name": "Gang Garuda 1", "highway": "residential", "oneway": "", "lanes": "", "maxspeed": "", "source": "OpenStreetMap", "license": "ODbL"}, "geometry": {"type": "LineString", "coordinates": [[106.7276448, -6.2931015], [106.7276411, -6.2933431], [106.7276438, -6.2933488], [106.7276482, -6.2933548], [106.727655, -6.2933621], [106.7276596, -6.2933694], [106.7276629, -6.2933914], [106.7276582, -6.2934748], [106.7276502, -6.2935141], [106.7276347, -6.2935787], [106.7276254, -6.2936227], [106.7276161, -6.2936997]]}}, {"type": "Feature", "properties": {"osm_id": 922343464, "name": "Otista 2", "highway": "living_street", "oneway": "", "lanes": "", "maxspeed": "", "source": "OpenStreetMap", "license": "ODbL"}, "geometry": {"type": "LineString", "coordinates": [[106.8700343, -6.2302054], [106.8697965, -6.230221]]}}, {"type": "Feature", "properties": {"osm_id": 947682484, "name": "Jalan Otista I A", "highway": "residential", "oneway": "yes", "lanes": "2", "maxspeed": "", "source": "OpenStreetMap", "license": "ODbL"}, "geometry": {"type": "LineString", "coordinates": [[106.8669515, -6.2260076], [106.8668539, -6.2260288]]}}, {"type": "Feature", "properties": {"osm_id": 947690761, "name": "Jalan Otista Raya Gang Salihun", "highway": "living_street", "oneway": "no", "lanes": "1", "maxspeed": "", "source": "OpenStreetMap", "license": "ODbL"}, "geometry": {"type": "LineString", "coordinates": [[106.8675597, -6.2334621], [106.8675984, -6.2334601]]}}, {"type": "Feature", "properties": {"osm_id": 949034233, "name": "Jalan Garuda", "highway": "residential", "oneway": "", "lanes": "", "maxspeed": "", "source": "OpenStreetMap", "license": "ODbL"}, "geometry": {"type": "LineString", "coordinates": [[106.5623913, -6.2431971], [106.5623898, -6.2429404]]}}, {"type": "Feature", "properties": {"osm_id": 965986121, "name": "Jalan Garuda V", "highway": "residential", "oneway": "", "lanes": "", "maxspeed": "", "source": "OpenStreetMap", "license": "ODbL"}, "geometry": {"type": "LineString", "coordinates": [[106.6968561, -6.2053663], [106.6968281, -6.2055444], [106.6967902, -6.2057851], [106.6967578, -6.2060223]]}}, {"type": "Feature", "properties": {"osm_id": 967744851, "name": "Jalan Garuda IV", "highway": "living_street", "oneway": "", "lanes": "", "maxspeed": "", "source": "OpenStreetMap", "license": "ODbL"}, "geometry": {"type": "LineString", "coordinates": [[106.6659176, -6.1928416], [106.6658963, -6.1928512], [106.6658643, -6.1928551], [106.6653478, -6.1927592]]}}, {"type": "Feature", "properties": {"osm_id": 968373815, "name": "Gang Muhammad Toha", "highway": "residential", "oneway": "", "lanes": "", "maxspeed": "", "source": "OpenStreetMap", "license": "ODbL"}, "geometry": {"type": "LineString", "coordinates": [[106.69442, -6.1924996], [106.6943552, -6.1926379], [106.6942835, -6.1927879], [106.6942131, -6.1929339], [106.694207, -6.1929445]]}}, {"type": "Feature", "properties": {"osm_id": 971653134, "name": "Jalan Teuku Umar", "highway": "primary", "oneway": "yes", "lanes": "2", "maxspeed": "", "source": "OpenStreetMap", "license": "ODbL"}, "geometry": {"type": "LineString", "coordinates": [[106.6257008, -6.1960997], [106.6256823, -6.1961011], [106.6256458, -6.1961104], [106.6256084, -6.1961351], [106.6255622, -6.1961971]]}}, {"type": "Feature", "properties": {"osm_id": 976876044, "name": "Jalan Garuda", "highway": "residential", "oneway": "no", "lanes": "1", "maxspeed": "", "source": "OpenStreetMap", "license": "ODbL"}, "geometry": {"type": "LineString", "coordinates": [[106.7934265, -6.1987344], [106.7933349, -6.1986684], [106.7932822, -6.198627], [106.7932104, -6.1985802], [106.7931466, -6.1985406], [106.7930508, -6.1984879], [106.7929295, -6.1984226], [106.7927901, -6.1983392]]}}, {"type": "Feature", "properties": {"osm_id": 977812981, "name": "Jalan Garuda V", "highway": "residential", "oneway": "", "lanes": "", "maxspeed": "", "source": "OpenStreetMap", "license": "ODbL"}, "geometry": {"type": "LineString", "coordinates": [[106.7568957, -6.2678934], [106.7570852, -6.2678878], [106.7571062, -6.2678921], [106.7571263, -6.2679054], [106.7571303, -6.2679321], [106.7571234, -6.268138]]}}, {"type": "Feature", "properties": {"osm_id": 979199439, "name": "Otista 2", "highway": "living_street", "oneway": "no", "lanes": "1", "maxspeed": "", "source": "OpenStreetMap", "license": "ODbL"}, "geometry": {"type": "LineString", "coordinates": [[106.8700343, -6.2302054], [106.8700394, -6.2301922], [106.8700467, -6.2301849], [106.870057, -6.230178], [106.8701667, -6.2301666], [106.8701739, -6.230162], [106.870195, -6.2301485]]}}, {"type": "Feature", "properties": {"osm_id": 1025087330, "name": "Jalan Anggrek Garuda IX", "highway": "residential", "oneway": "no", "lanes": "2", "maxspeed": "", "source": "OpenStreetMap", "license": "ODbL"}, "geometry": {"type": "LineString", "coordinates": [[106.7970351, -6.193059], [106.7968873, -6.1930807]]}}, {"type": "Feature", "properties": {"osm_id": 1030067433, "name": "Jalan Garuda 1", "highway": "living_street", "oneway": "", "lanes": "", "maxspeed": "", "source": "OpenStreetMap", "license": "ODbL"}, "geometry": {"type": "LineString", "coordinates": [[106.5795909, -6.1741226], [106.5786816, -6.173966], [106.5785504, -6.1739434]]}}, {"type": "Feature", "properties": {"osm_id": 1030067435, "name": "Jalan Garuda 3", "highway": "living_street", "oneway": "", "lanes": "", "maxspeed": "", "source": "OpenStreetMap", "license": "ODbL"}, "geometry": {"type": "LineString", "coordinates": [[106.579504, -6.1746367], [106.5785499, -6.1744624], [106.5784572, -6.1744448]]}}, {"type": "Feature", "properties": {"osm_id": 1030067438, "name": "Jalan Garuda 3", "highway": "living_street", "oneway": "", "lanes": "", "maxspeed": "", "source": "OpenStreetMap", "license": "ODbL"}, "geometry": {"type": "LineString", "coordinates": [[106.5784673, -6.1743891], [106.5795151, -6.174572]]}}, {"type": "Feature", "properties": {"osm_id": 1037855511, "name": "Jalan Garuda Raya", "highway": "residential", "oneway": "", "lanes": "", "maxspeed": "", "source": "OpenStreetMap", "license": "ODbL"}, "geometry": {"type": "LineString", "coordinates": [[106.7338574, -6.2592889], [106.7338802, -6.2593949]]}}, {"type": "Feature", "properties": {"osm_id": 1038195483, "name": "Jalan Garuda Raya", "highway": "residential", "oneway": "", "lanes": "", "maxspeed": "", "source": "OpenStreetMap", "license": "ODbL"}, "geometry": {"type": "LineString", "coordinates": [[106.7338556, -6.2581524], [106.7338938, -6.2581495]]}}, {"type": "Feature", "properties": {"osm_id": 1038196750, "name": "Jalan Garuda Raya", "highway": "residential", "oneway": "", "lanes": "", "maxspeed": "", "source": "OpenStreetMap", "license": "ODbL"}, "geometry": {"type": "LineString", "coordinates": [[106.7338282, -6.2535492], [106.733829, -6.2536105]]}}, {"type": "Feature", "properties": {"osm_id": 1038196822, "name": "Jalan Garuda Raya", "highway": "residential", "oneway": "", "lanes": "", "maxspeed": "", "source": "OpenStreetMap", "license": "ODbL"}, "geometry": {"type": "LineString", "coordinates": [[106.733829, -6.2536105], [106.7338467, -6.2549058], [106.7338437, -6.2554331]]}}, {"type": "Feature", "properties": {"osm_id": 1049258667, "name": "Jalan Toha Raya", "highway": "living_street", "oneway": "no", "lanes": "", "maxspeed": "", "source": "OpenStreetMap", "license": "ODbL"}, "geometry": {"type": "LineString", "coordinates": [[106.6260736, -6.1694917], [106.6261862, -6.1695583], [106.6263719, -6.1696864], [106.626467, -6.1697168]]}}, {"type": "Feature", "properties": {"osm_id": 1062092526, "name": "Jalan Garuda II", "highway": "residential", "oneway": "", "lanes": "", "maxspeed": "", "source": "OpenStreetMap", "license": "ODbL"}, "geometry": {"type": "LineString", "coordinates": [[106.6961942, -6.2049946], [106.6960574, -6.2059139]]}}, {"type": "Feature", "properties": {"osm_id": 1067588454, "name": "Jalan Garuda 2", "highway": "residential", "oneway": "", "lanes": "", "maxspeed": "", "source": "OpenStreetMap", "license": "ODbL"}, "geometry": {"type": "LineString", "coordinates": [[106.7560166, -6.2914662], [106.7560098, -6.2915369], [106.7560098, -6.2915949], [106.7560159, -6.2916365], [106.7560346, -6.2916952], [106.756116, -6.2917618], [106.7563816, -6.2919778], [106.7564169, -6.2920697], [106.7564236, -6.2921164], [106.7563682, -6.2923564], [106.7563327, -6.2924613]]}}, {"type": "Feature", "properties": {"osm_id": 1067620703, "name": "Jalan Garuda", "highway": "residential", "oneway": "no", "lanes": "1", "maxspeed": "", "source": "OpenStreetMap", "license": "ODbL"}, "geometry": {"type": "LineString", "coordinates": [[106.7559514, -6.2921932], [106.7558502, -6.2921177], [106.7558243, -6.2920993], [106.7557946, -6.2920957], [106.7556102, -6.2921071], [106.7555722, -6.2921085], [106.7550713, -6.2921253]]}}, {"type": "Feature", "properties": {"osm_id": 1068399067, "name": "Gang Garuda", "highway": "living_street", "oneway": "no", "lanes": "1", "maxspeed": "", "source": "OpenStreetMap", "license": "ODbL"}, "geometry": {"type": "LineString", "coordinates": [[106.8957682, -6.2157764], [106.8958081, -6.2157736]]}}, {"type": "Feature", "properties": {"osm_id": 1070834026, "name": "Jalan Raya Sangego", "highway": "tertiary", "oneway": "yes", "lanes": "2", "maxspeed": "", "source": "OpenStreetMap", "license": "ODbL"}, "geometry": {"type": "LineString", "coordinates": [[106.6157163, -6.1604538], [106.6158188, -6.1604608]]}}, {"type": "Feature", "properties": {"osm_id": 1077121885, "name": "Jalan Anggrek Garuda V D", "highway": "residential", "oneway": "no", "lanes": "1", "maxspeed": "", "source": "OpenStreetMap", "license": "ODbL"}, "geometry": {"type": "LineString", "coordinates": [[106.7956277, -6.1931934], [106.7953444, -6.193107]]}}, {"type": "Feature", "properties": {"osm_id": 1085309526, "name": "Jalan Husein Sastranegara", "highway": "secondary", "oneway": "yes", "lanes": "2", "maxspeed": "", "source": "OpenStreetMap", "license": "ODbL"}, "geometry": {"type": "LineString", "coordinates": [[106.686148, -6.1307769], [106.6862282, -6.1313634]]}}, {"type": "Feature", "properties": {"osm_id": 1085309527, "name": "Jalan Husein Sastranegara", "highway": "secondary", "oneway": "yes", "lanes": "2", "maxspeed": "", "source": "OpenStreetMap", "license": "ODbL"}, "geometry": {"type": "LineString", "coordinates": [[106.6862282, -6.1313634], [106.6862426, -6.1314731]]}}, {"type": "Feature", "properties": {"osm_id": 1085309528, "name": "Jalan Husein Sastranegara", "highway": "secondary", "oneway": "yes", "lanes": "2", "maxspeed": "", "source": "OpenStreetMap", "license": "ODbL"}, "geometry": {"type": "LineString", "coordinates": [[106.6862426, -6.1314731], [106.6862872, -6.1318922], [106.6863177, -6.1321676], [106.686339, -6.1324102], [106.6863576, -6.1328077], [106.6864037, -6.1333786], [106.6864304, -6.1339426]]}}, {"type": "Feature", "properties": {"osm_id": 1091068169, "name": "Jalan Garuda II", "highway": "residential", "oneway": "", "lanes": "2", "maxspeed": "", "source": "OpenStreetMap", "license": "ODbL"}, "geometry": {"type": "LineString", "coordinates": [[106.7139435, -6.2241249], [106.7137377, -6.2240274]]}}, {"type": "Feature", "properties": {"osm_id": 1091206129, "name": "Jalan Sitanala II", "highway": "living_street", "oneway": "", "lanes": "", "maxspeed": "", "source": "OpenStreetMap", "license": "ODbL"}, "geometry": {"type": "LineString", "coordinates": [[106.6339211, -6.164269], [106.6340622, -6.1642959], [106.634378, -6.1641541]]}}, {"type": "Feature", "properties": {"osm_id": 1095017274, "name": "Jalan Garuda", "highway": "residential", "oneway": "", "lanes": "2", "maxspeed": "", "source": "OpenStreetMap", "license": "ODbL"}, "geometry": {"type": "LineString", "coordinates": [[106.7088137, -6.2942736], [106.7088043, -6.2941818]]}}, {"type": "Feature", "properties": {"osm_id": 1095779964, "name": "Jalan Teuku Umar", "highway": "secondary", "oneway": "yes", "lanes": "1", "maxspeed": "", "source": "OpenStreetMap", "license": "ODbL"}, "geometry": {"type": "LineString", "coordinates": [[106.7295535, -6.2809692], [106.7293593, -6.2811404], [106.7288608, -6.2815625], [106.7286702, -6.281724], [106.7286099, -6.2818027], [106.728578, -6.2819199], [106.7285778, -6.282031], [106.7285988, -6.2821028], [106.7286151, -6.2821626], [106.7286444, -6.282216], [106.7286989, -6.2823161]]}}, {"type": "Feature", "properties": {"osm_id": 1096430185, "name": "Jalan Otto Iskandar Dinata", "highway": "trunk", "oneway": "yes", "lanes": "2", "maxspeed": "", "source": "OpenStreetMap", "license": "ODbL"}, "geometry": {"type": "LineString", "coordinates": [[106.6254362, -6.1703425], [106.6254565, -6.1702815], [106.6255492, -6.1701263], [106.625617, -6.1700388]]}}, {"type": "Feature", "properties": {"osm_id": 1097082893, "name": "Jalan Garuda 1", "highway": "residential", "oneway": "", "lanes": "", "maxspeed": "", "source": "OpenStreetMap", "license": "ODbL"}, "geometry": {"type": "LineString", "coordinates": [[106.7140662, -6.2530519], [106.7140037, -6.2517228]]}}, {"type": "Feature", "properties": {"osm_id": 1098290847, "name": "Jalan Iskandar Muda", "highway": "tertiary", "oneway": "", "lanes": "2", "maxspeed": "", "source": "OpenStreetMap", "license": "ODbL"}, "geometry": {"type": "LineString", "coordinates": [[106.6190688, -6.1448419], [106.618955, -6.144499], [106.6187592, -6.1439483], [106.6184454, -6.1431669], [106.6182303, -6.1426231], [106.6181624, -6.1424509], [106.6179264, -6.1418562], [106.6177777, -6.1415164], [106.6174154, -6.1406841], [106.6173443, -6.1405041], [106.6173162, -6.1403948]]}}, {"type": "Feature", "properties": {"osm_id": 1098331699, "name": "Jalan Raya Sangego", "highway": "tertiary", "oneway": "yes", "lanes": "2", "maxspeed": "", "source": "OpenStreetMap", "license": "ODbL"}, "geometry": {"type": "LineString", "coordinates": [[106.6158188, -6.1604608], [106.616058, -6.1604646], [106.616549, -6.1604491], [106.6170281, -6.1603942]]}}, {"type": "Feature", "properties": {"osm_id": 1098345345, "name": "Jalan Iskandar Muda", "highway": "tertiary", "oneway": "", "lanes": "2", "maxspeed": "", "source": "OpenStreetMap", "license": "ODbL"}, "geometry": {"type": "LineString", "coordinates": [[106.6190454, -6.1253409], [106.6193184, -6.1252363], [106.6194345, -6.1251946], [106.6196229, -6.125127], [106.6198576, -6.1250355], [106.6200674, -6.1249537], [106.6201224, -6.124937], [106.6202096, -6.124902], [106.6205011, -6.1248026], [106.6210503, -6.1246074], [106.621149, -6.1245723], [106.6213127, -6.1245137], [106.6214234, -6.1244614], [106.6216854, -6.1243442], [106.6218452, -6.1242448], [106.6221747, -6.1240591]]}}, {"type": "Feature", "properties": {"osm_id": 1098385942, "name": "Jalan Iskandar Muda", "highway": "tertiary", "oneway": "", "lanes": "2", "maxspeed": "", "source": "OpenStreetMap", "license": "ODbL"}, "geometry": {"type": "LineString", "coordinates": [[106.6299904, -6.1217381], [106.6301493, -6.121813], [106.6302703, -6.121867], [106.6303337, -6.1218872], [106.6310378, -6.1219837], [106.6316982, -6.1220396], [106.6318792, -6.122023], [106.63198, -6.1220006]]}}, {"type": "Feature", "properties": {"osm_id": 1098653632, "name": "Jalan Husein Sastranegara", "highway": "secondary", "oneway": "yes", "lanes": "1", "maxspeed": "", "source": "OpenStreetMap", "license": "ODbL"}, "geometry": {"type": "LineString", "coordinates": [[106.6887774, -6.1140969], [106.6889762, -6.1140365]]}}, {"type": "Feature", "properties": {"osm_id": 1098672027, "name": "Jalan Husein Sastranegara", "highway": "secondary", "oneway": "yes", "lanes": "1", "maxspeed": "", "source": "OpenStreetMap", "license": "ODbL"}, "geometry": {"type": "LineString", "coordinates": [[106.6862282, -6.1313634], [106.6859404, -6.1314088]]}}, {"type": "Feature", "properties": {"osm_id": 1098672032, "name": "Jalan Husein Sastranegara", "highway": "secondary", "oneway": "", "lanes": "1", "maxspeed": "", "source": "OpenStreetMap", "license": "ODbL"}, "geometry": {"type": "LineString", "coordinates": [[106.6874072, -6.1107506], [106.6874986, -6.1106775], [106.6875531, -6.1106562], [106.6875981, -6.1106476], [106.6876872, -6.1106403]]}}, {"type": "Feature", "properties": {"osm_id": 1098672034, "name": "Jalan Husein Sastranegara", "highway": "secondary", "oneway": "no", "lanes": "2", "maxspeed": "", "source": "OpenStreetMap", "license": "ODbL"}, "geometry": {"type": "LineString", "coordinates": [[106.6875725, -6.1107102], [106.6874988, -6.1107309], [106.6874072, -6.1107506]]}}, {"type": "Feature", "properties": {"osm_id": 1099357585, "name": "Jalan Husein Sastranegara", "highway": "secondary", "oneway": "yes", "lanes": "2", "maxspeed": "", "source": "OpenStreetMap", "license": "ODbL"}, "geometry": {"type": "LineString", "coordinates": [[106.6890119, -6.1141833], [106.6890249, -6.1142329]]}}, {"type": "Feature", "properties": {"osm_id": 1101756134, "name": "Jalan Aria Santika", "highway": "tertiary", "oneway": "yes", "lanes": "2", "maxspeed": "", "source": "OpenStreetMap", "license": "ODbL"}, "geometry": {"type": "LineString", "coordinates": [[106.6139108, -6.1780004], [106.6133474, -6.1779276]]}}, {"type": "Feature", "properties": {"osm_id": 1101756135, "name": "Jalan Aria Santika", "highway": "tertiary", "oneway": "", "lanes": "2", "maxspeed": "", "source": "OpenStreetMap", "license": "ODbL"}, "geometry": {"type": "LineString", "coordinates": [[106.610449, -6.1777616], [106.6105607, -6.1777441], [106.610622, -6.1777409], [106.6109714, -6.1777749], [106.6113516, -6.1777663], [106.6114046, -6.1777683], [106.6117147, -6.1777907], [106.6125137, -6.1778483], [106.6130747, -6.1778923]]}}, {"type": "Feature", "properties": {"osm_id": 1103604264, "name": "Jalan Husein Sastranegara", "highway": "secondary", "oneway": "yes", "lanes": "2", "maxspeed": "", "source": "OpenStreetMap", "license": "ODbL"}, "geometry": {"type": "LineString", "coordinates": [[106.6859048, -6.1146923], [106.6858815, -6.1144807], [106.6858801, -6.1144685], [106.6858786, -6.1144544]]}}, {"type": "Feature", "properties": {"osm_id": 1106936678, "name": "Jalan Husein Sastranegara", "highway": "secondary", "oneway": "yes", "lanes": "1", "maxspeed": "", "source": "OpenStreetMap", "license": "ODbL"}, "geometry": {"type": "LineString", "coordinates": [[106.6863775, -6.1383982], [106.6864111, -6.1378033]]}}, {"type": "Feature", "properties": {"osm_id": 1106936679, "name": "Jalan Husein Sastranegara", "highway": "secondary", "oneway": "yes", "lanes": "1", "maxspeed": "", "source": "OpenStreetMap", "license": "ODbL"}, "geometry": {"type": "LineString", "coordinates": [[106.6864158, -6.138849], [106.6863671, -6.1387444], [106.6863775, -6.1383982]]}}, {"type": "Feature", "properties": {"osm_id": 1106936680, "name": "Jalan Husein Sastranegara", "highway": "secondary", "oneway": "yes", "lanes": "1", "maxspeed": "", "source": "OpenStreetMap", "license": "ODbL"}, "geometry": {"type": "LineString", "coordinates": [[106.6864878, -6.1377026], [106.6864814, -6.1378234], [106.6864697, -6.1383999]]}}, {"type": "Feature", "properties": {"osm_id": 1106936702, "name": "Jalan Husein Sastranegara", "highway": "secondary", "oneway": "yes", "lanes": "1", "maxspeed": "", "source": "OpenStreetMap", "license": "ODbL"}, "geometry": {"type": "LineString", "coordinates": [[106.6864697, -6.1383999], [106.6864595, -6.1387616], [106.6864158, -6.138849]]}}, {"type": "Feature", "properties": {"osm_id": 1107178856, "name": "Jalan Sultan Iskandar Muda", "highway": "trunk", "oneway": "yes", "lanes": "2", "maxspeed": "", "source": "OpenStreetMap", "license": "ODbL"}, "geometry": {"type": "LineString", "coordinates": [[106.7816363, -6.256174], [106.7816317, -6.2557082], [106.7816258, -6.2554051], [106.7816197, -6.2548596], [106.781605, -6.2544046], [106.7815922, -6.2533446], [106.781588, -6.2530724], [106.7815889, -6.2529677], [106.7815874, -6.2528839], [106.7815866, -6.2528373], [106.7815726, -6.2525774], [106.7815612, -6.2521456], [106.781559, -6.2520755], [106.7815222, -6.2516076], [106.7814609, -6.250916], [106.7813983, -6.250418], [106.7813599, -6.2501836], [106.7812868, -6.2497368]]}}, {"type": "Feature", "properties": {"osm_id": 1107788933, "name": "Jalan Sultan Iskandar Muda", "highway": "busway", "oneway": "yes", "lanes": "2", "maxspeed": "", "source": "OpenStreetMap", "license": "ODbL"}, "geometry": {"type": "LineString", "coordinates": [[106.783593, -6.2375841], [106.7835575, -6.2376234], [106.7835294, -6.2376921], [106.7833697, -6.2381241], [106.7832939, -6.2384128]]}}, {"type": "Feature", "properties": {"osm_id": 1108600918, "name": "Jalan Sultan Iskandar Muda", "highway": "trunk", "oneway": "no", "lanes": "2", "maxspeed": "", "source": "OpenStreetMap", "license": "ODbL"}, "geometry": {"type": "LineString", "coordinates": [[106.7813004, -6.2494772], [106.7813067, -6.2495158]]}}, {"type": "Feature", "properties": {"osm_id": 1108600919, "name": "Jalan Sultan Iskandar Muda", "highway": "trunk", "oneway": "no", "lanes": "2", "maxspeed": "", "source": "OpenStreetMap", "license": "ODbL"}, "geometry": {"type": "LineString", "coordinates": [[106.7823011, -6.2446611], [106.7822262, -6.2449032]]}}, {"type": "Feature", "properties": {"osm_id": 1109189645, "name": "Jalan Garuda", "highway": "residential", "oneway": "", "lanes": "", "maxspeed": "", "source": "OpenStreetMap", "license": "ODbL"}, "geometry": {"type": "LineString", "coordinates": [[106.5623913, -6.2431971], [106.5631523, -6.2431839]]}}, {"type": "Feature", "properties": {"osm_id": 1110058289, "name": "Jalan Teuku Umar", "highway": "tertiary", "oneway": "yes", "lanes": "2", "maxspeed": "", "source": "OpenStreetMap", "license": "ODbL"}, "geometry": {"type": "LineString", "coordinates": [[106.8330455, -6.1920086], [106.8330561, -6.1909]]}}, {"type": "Feature", "properties": {"osm_id": 1110058290, "name": "Jalan Teuku Umar", "highway": "tertiary", "oneway": "yes", "lanes": "2", "maxspeed": "", "source": "OpenStreetMap", "license": "ODbL"}, "geometry": {"type": "LineString", "coordinates": [[106.8331696, -6.1909036], [106.8331647, -6.1914346], [106.8331594, -6.1920101]]}}, {"type": "Feature", "properties": {"osm_id": 1110058291, "name": "Jalan Teuku Umar", "highway": "tertiary", "oneway": "yes", "lanes": "2", "maxspeed": "", "source": "OpenStreetMap", "license": "ODbL"}, "geometry": {"type": "LineString", "coordinates": [[106.8331594, -6.1920101], [106.8331582, -6.1921451], [106.83315, -6.1930259]]}}, {"type": "Feature", "properties": {"osm_id": 1116756838, "name": "Jalan Garuda I", "highway": "residential", "oneway": "", "lanes": "", "maxspeed": "", "source": "OpenStreetMap", "license": "ODbL"}, "geometry": {"type": "LineString", "coordinates": [[106.6924298, -6.2199615], [106.6923558, -6.2199468]]}}, {"type": "Feature", "properties": {"osm_id": 1152856365, "name": "Jalan Teluk Bayur I", "highway": "residential", "oneway": "no", "lanes": "1", "maxspeed": "", "source": "OpenStreetMap", "license": "ODbL"}, "geometry": {"type": "LineString", "coordinates": [[106.838834, -6.2980804], [106.8388383, -6.2980032]]}}, {"type": "Feature", "properties": {"osm_id": 1156891616, "name": "Jalan Garuda II", "highway": "residential", "oneway": "", "lanes": "", "maxspeed": "", "source": "OpenStreetMap", "license": "ODbL"}, "geometry": {"type": "LineString", "coordinates": [[106.5756614, -6.1573345], [106.5749038, -6.1574515]]}}, {"type": "Feature", "properties": {"osm_id": 1176139862, "name": "Jalan Garuda", "highway": "residential", "oneway": "yes", "lanes": "1", "maxspeed": "", "source": "OpenStreetMap", "license": "ODbL"}, "geometry": {"type": "LineString", "coordinates": [[106.7931663, -6.196965], [106.7930542, -6.1970896]]}}, {"type": "Feature", "properties": {"osm_id": 1181300386, "name": "Jalan Garuda 3", "highway": "residential", "oneway": "", "lanes": "", "maxspeed": "", "source": "OpenStreetMap", "license": "ODbL"}, "geometry": {"type": "LineString", "coordinates": [[106.5757021, -6.1575824], [106.5751345, -6.1576739], [106.5749421, -6.1577093]]}}, {"type": "Feature", "properties": {"osm_id": 1186134488, "name": "Jalan Otto Iskandar Dinata", "highway": "primary", "oneway": "yes", "lanes": "4", "maxspeed": "", "source": "OpenStreetMap", "license": "ODbL"}, "geometry": {"type": "LineString", "coordinates": [[106.8686198, -6.2438919], [106.8686852, -6.2436634], [106.8687052, -6.2435933]]}}, {"type": "Feature", "properties": {"osm_id": 1186138632, "name": "Jalan Otto Iskandar Dinata", "highway": "primary", "oneway": "yes", "lanes": "2", "maxspeed": "", "source": "OpenStreetMap", "license": "ODbL"}, "geometry": {"type": "LineString", "coordinates": [[106.8688757, -6.2436251], [106.8688581, -6.2436817], [106.8688339, -6.2437653], [106.8687565, -6.2440206]]}}, {"type": "Feature", "properties": {"osm_id": 1188529018, "name": "Jalan Aria Santika", "highway": "tertiary", "oneway": "", "lanes": "2", "maxspeed": "", "source": "OpenStreetMap", "license": "ODbL"}, "geometry": {"type": "LineString", "coordinates": [[106.6142274, -6.1780681], [106.6143862, -6.1780963], [106.6145155, -6.1781185], [106.6147871, -6.1781682], [106.6148928, -6.1781876], [106.6149743, -6.1782061], [106.6151986, -6.1782509], [106.6152837, -6.1782303], [106.6154366, -6.1781776], [106.6155808, -6.1781729], [106.6156646, -6.1781849], [106.6161162, -6.1782436], [106.6163626, -6.1782756], [106.6165383, -6.1782889], [106.6170285, -6.1783436], [106.6172364, -6.1783563], [106.6175576, -6.1783156], [106.6177453, -6.1782203], [106.6179489, -6.1780439], [106.6181583, -6.1779756], [106.61843, -6.1779043], [106.6186666, -6.177877], [106.6187183, -6.1778736], [106.6189161, -6.1778763], [106.6193352, -6.1778869], [106.6195938, -6.1778688], [106.6200215, -6.1777739], [106.6209251, -6.1774663], [106.6211801, -6.1773499]]}}, {"type": "Feature", "properties": {"osm_id": 1188529020, "name": "Jalan Aria Santika", "highway": "tertiary", "oneway": "yes", "lanes": "2", "maxspeed": "", "source": "OpenStreetMap", "license": "ODbL"}, "geometry": {"type": "LineString", "coordinates": [[106.6133474, -6.1779276], [106.6130747, -6.1778923]]}}, {"type": "Feature", "properties": {"osm_id": 1199331854, "name": "Jalan Garuda III", "highway": "residential", "oneway": "", "lanes": "", "maxspeed": "", "source": "OpenStreetMap", "license": "ODbL"}, "geometry": {"type": "LineString", "coordinates": [[106.6776142, -6.2265201], [106.677631, -6.2266667], [106.6776451, -6.2267221]]}}, {"type": "Feature", "properties": {"osm_id": 1199331857, "name": "Jalan Garuda IV", "highway": "residential", "oneway": "", "lanes": "", "maxspeed": "", "source": "OpenStreetMap", "license": "ODbL"}, "geometry": {"type": "LineString", "coordinates": [[106.6771763, -6.2265801], [106.6772146, -6.2266494], [106.6774238, -6.2268561]]}}, {"type": "Feature", "properties": {"osm_id": 1210130012, "name": "Jalan Garuda Raya", "highway": "residential", "oneway": "", "lanes": "2", "maxspeed": "", "source": "OpenStreetMap", "license": "ODbL"}, "geometry": {"type": "LineString", "coordinates": [[106.7144693, -6.22433], [106.7144519, -6.2243299], [106.714434, -6.224324], [106.7142975, -6.2242641], [106.7139848, -6.2241387], [106.7139435, -6.2241249]]}}, {"type": "Feature", "properties": {"osm_id": 1210130013, "name": "Jalan Garuda Raya", "highway": "residential", "oneway": "", "lanes": "2", "maxspeed": "", "source": "OpenStreetMap", "license": "ODbL"}, "geometry": {"type": "LineString", "coordinates": [[106.7176593, -6.2229435], [106.7176373, -6.2229359], [106.7171688, -6.2229057], [106.716388, -6.2228562], [106.7156674, -6.2228065], [106.7155638, -6.2228039], [106.7150953, -6.2227596], [106.715047, -6.2227676]]}}, {"type": "Feature", "properties": {"osm_id": 1210165188, "name": "Jalan Garuda", "highway": "residential", "oneway": "", "lanes": "", "maxspeed": "", "source": "OpenStreetMap", "license": "ODbL"}, "geometry": {"type": "LineString", "coordinates": [[106.6813786, -6.2248529], [106.6813751, -6.2248362], [106.6813543, -6.2247547]]}}, {"type": "Feature", "properties": {"osm_id": 1210862934, "name": "Jalan Garuda I", "highway": "residential", "oneway": "", "lanes": "", "maxspeed": "", "source": "OpenStreetMap", "license": "ODbL"}, "geometry": {"type": "LineString", "coordinates": [[106.6781411, -6.2267915], [106.6781818, -6.2267641]]}}, {"type": "Feature", "properties": {"osm_id": 1210866295, "name": "Jalan Anggrek Garuda Blok D I", "highway": "residential", "oneway": "no", "lanes": "1", "maxspeed": "", "source": "OpenStreetMap", "license": "ODbL"}, "geometry": {"type": "LineString", "coordinates": [[106.7956519, -6.1907328], [106.795567, -6.1907286]]}}, {"type": "Feature", "properties": {"osm_id": 1210866296, "name": "Jalan Anggrek Garuda Blok D/I", "highway": "living_street", "oneway": "no", "lanes": "1", "maxspeed": "", "source": "OpenStreetMap", "license": "ODbL"}, "geometry": {"type": "LineString", "coordinates": [[106.7950018, -6.1897458], [106.7950024, -6.1898133]]}}, {"type": "Feature", "properties": {"osm_id": 1210866297, "name": "Jalan Anggrek Garuda D I", "highway": "residential", "oneway": "no", "lanes": "1", "maxspeed": "", "source": "OpenStreetMap", "license": "ODbL"}, "geometry": {"type": "LineString", "coordinates": [[106.7956482, -6.1917853], [106.7961824, -6.1917884]]}}, {"type": "Feature", "properties": {"osm_id": 1210866303, "name": "Jalan Anggrek Garuda V D", "highway": "residential", "oneway": "no", "lanes": "1", "maxspeed": "", "source": "OpenStreetMap", "license": "ODbL"}, "geometry": {"type": "LineString", "coordinates": [[106.7953444, -6.193107], [106.7952835, -6.1930885]]}}, {"type": "Feature", "properties": {"osm_id": 1210866304, "name": "Jalan Anggrek Garuda IV", "highway": "residential", "oneway": "no", "lanes": "1", "maxspeed": "", "source": "OpenStreetMap", "license": "ODbL"}, "geometry": {"type": "LineString", "coordinates": [[106.794906, -6.194569], [106.7953046, -6.1945598], [106.7953337, -6.1945573]]}}, {"type": "Feature", "properties": {"osm_id": 1211685244, "name": "Jalan Garuda 3", "highway": "residential", "oneway": "", "lanes": "", "maxspeed": "", "source": "OpenStreetMap", "license": "ODbL"}, "geometry": {"type": "LineString", "coordinates": [[106.6988935, -6.2154997], [106.6988428, -6.2155094]]}}, {"type": "Feature", "properties": {"osm_id": 1211692389, "name": "Jalan Garuda 1", "highway": "residential", "oneway": "", "lanes": "", "maxspeed": "", "source": "OpenStreetMap", "license": "ODbL"}, "geometry": {"type": "LineString", "coordinates": [[106.6988885, -6.2160717], [106.6996854, -6.2159395]]}}, {"type": "Feature", "properties": {"osm_id": 1211692390, "name": "Jalan Garuda 2", "highway": "residential", "oneway": "", "lanes": "", "maxspeed": "", "source": "OpenStreetMap", "license": "ODbL"}, "geometry": {"type": "LineString", "coordinates": [[106.6988872, -6.2157914], [106.6996996, -6.2156476]]}}, {"type": "Feature", "properties": {"osm_id": 1211906947, "name": "Jalan Garuda", "highway": "residential", "oneway": "no", "lanes": "1", "maxspeed": "", "source": "OpenStreetMap", "license": "ODbL"}, "geometry": {"type": "LineString", "coordinates": [[106.7754039, -6.2592661], [106.7754304, -6.2592569], [106.7754653, -6.259254], [106.7757962, -6.2592611]]}}, {"type": "Feature", "properties": {"osm_id": 1211930869, "name": "Jalan Garuda", "highway": "residential", "oneway": "no", "lanes": "1", "maxspeed": "", "source": "OpenStreetMap", "license": "ODbL"}, "geometry": {"type": "LineString", "coordinates": [[106.7753461, -6.2597708], [106.7753498, -6.2596622]]}}, {"type": "Feature", "properties": {"osm_id": 1211930870, "name": "Jalan Garuda", "highway": "residential", "oneway": "no", "lanes": "1", "maxspeed": "", "source": "OpenStreetMap", "license": "ODbL"}, "geometry": {"type": "LineString", "coordinates": [[106.7753455, -6.2597886], [106.7753461, -6.2597708]]}}, {"type": "Feature", "properties": {"osm_id": 1212554356, "name": "Jalan Teuku Umar", "highway": "secondary", "oneway": "yes", "lanes": "2", "maxspeed": "", "source": "OpenStreetMap", "license": "ODbL"}, "geometry": {"type": "LineString", "coordinates": [[106.7289068, -6.2785394], [106.7288183, -6.2786414]]}}, {"type": "Feature", "properties": {"osm_id": 1212561115, "name": "Jalan Garuda Raya", "highway": "residential", "oneway": "", "lanes": "", "maxspeed": "", "source": "OpenStreetMap", "license": "ODbL"}, "geometry": {"type": "LineString", "coordinates": [[106.7338938, -6.2581495], [106.7341568, -6.2581489]]}}, {"type": "Feature", "properties": {"osm_id": 1214619484, "name": "Jalan Garuda II", "highway": "residential", "oneway": "", "lanes": "2", "maxspeed": "", "source": "OpenStreetMap", "license": "ODbL"}, "geometry": {"type": "LineString", "coordinates": [[106.713529, -6.2233707], [106.7137483, -6.2235037], [106.7137646, -6.2235124]]}}, {"type": "Feature", "properties": {"osm_id": 1215098320, "name": "Jalan Garuda Raya", "highway": "residential", "oneway": "", "lanes": "2", "maxspeed": "", "source": "OpenStreetMap", "license": "ODbL"}, "geometry": {"type": "LineString", "coordinates": [[106.7176915, -6.2229611], [106.7176593, -6.2229435]]}}, {"type": "Feature", "properties": {"osm_id": 1215098321, "name": "Jalan Garuda Raya", "highway": "residential", "oneway": "", "lanes": "2", "maxspeed": "", "source": "OpenStreetMap", "license": "ODbL"}, "geometry": {"type": "LineString", "coordinates": [[106.717699, -6.2229666], [106.7176915, -6.2229611]]}}, {"type": "Feature", "properties": {"osm_id": 1215434055, "name": "Jalan Garuda", "highway": "residential", "oneway": "", "lanes": "", "maxspeed": "", "source": "OpenStreetMap", "license": "ODbL"}, "geometry": {"type": "LineString", "coordinates": [[106.7683994, -6.2634613], [106.7681274, -6.2633929]]}}, {"type": "Feature", "properties": {"osm_id": 1216037473, "name": "Jalan Garuda II", "highway": "residential", "oneway": "", "lanes": "", "maxspeed": "", "source": "OpenStreetMap", "license": "ODbL"}, "geometry": {"type": "LineString", "coordinates": [[106.7014057, -6.2578512], [106.7013813, -6.2578502], [106.7013102, -6.2578692], [106.7012606, -6.2578825], [106.7006244, -6.2580705], [106.7006015, -6.2580773], [106.7005579, -6.2580904], [106.7000256, -6.2582464]]}}, {"type": "Feature", "properties": {"osm_id": 1216934543, "name": "Jalan Garuda", "highway": "residential", "oneway": "yes", "lanes": "2", "maxspeed": "", "source": "OpenStreetMap", "license": "ODbL"}, "geometry": {"type": "LineString", "coordinates": [[106.756482, -6.2690502], [106.756485, -6.2686707], [106.7564821, -6.2686406], [106.756478, -6.268598], [106.7564669, -6.2685637], [106.7564496, -6.2685286], [106.7564157, -6.2684938], [106.7563818, -6.268459], [106.7560133, -6.2681238]]}}, {"type": "Feature", "properties": {"osm_id": 1217901560, "name": "Jalan Garuda 2", "highway": "residential", "oneway": "", "lanes": "", "maxspeed": "", "source": "OpenStreetMap", "license": "ODbL"}, "geometry": {"type": "LineString", "coordinates": [[106.7560702, -6.2914636], [106.7560166, -6.2914662]]}}, {"type": "Feature", "properties": {"osm_id": 1218034199, "name": "Jalan Garuda I", "highway": "residential", "oneway": "no", "lanes": "1", "maxspeed": "", "source": "OpenStreetMap", "license": "ODbL"}, "geometry": {"type": "LineString", "coordinates": [[106.7570441, -6.2925763], [106.7570844, -6.292048]]}}, {"type": "Feature", "properties": {"osm_id": 1218341993, "name": "Jalan Garuda", "highway": "residential", "oneway": "no", "lanes": "2", "maxspeed": "", "source": "OpenStreetMap", "license": "ODbL"}, "geometry": {"type": "LineString", "coordinates": [[106.7565765, -6.2710147], [106.7565529, -6.2706393], [106.7565468, -6.2705431], [106.7565431, -6.2704755], [106.7565383, -6.2703714], [106.7565119, -6.2697484], [106.756482, -6.2690502]]}}, {"type": "Feature", "properties": {"osm_id": 1218826896, "name": "Jalan Garuda", "highway": "residential", "oneway": "", "lanes": "1", "maxspeed": "", "source": "OpenStreetMap", "license": "ODbL"}, "geometry": {"type": "LineString", "coordinates": [[106.7272238, -6.2966806], [106.7272395, -6.297598]]}}, {"type": "Feature", "properties": {"osm_id": 1225965780, "name": "Jalan Teuku Umar Raya", "highway": "residential", "oneway": "", "lanes": "", "maxspeed": "", "source": "OpenStreetMap", "license": "ODbL"}, "geometry": {"type": "LineString", "coordinates": [[106.623414, -6.2210387], [106.6234382, -6.2217115], [106.6234419, -6.2217625], [106.6234522, -6.2224271], [106.623463, -6.2225603], [106.6234687, -6.2226311], [106.6235097, -6.2230733]]}}, {"type": "Feature", "properties": {"osm_id": 1228070143, "name": "Jalan Garuda 1", "highway": "residential", "oneway": "", "lanes": "", "maxspeed": "", "source": "OpenStreetMap", "license": "ODbL"}, "geometry": {"type": "LineString", "coordinates": [[106.7140037, -6.2517228], [106.7140013, -6.2516713]]}}, {"type": "Feature", "properties": {"osm_id": 1233010930, "name": "Jalan Otista I A", "highway": "residential", "oneway": "yes", "lanes": "2", "maxspeed": "", "source": "OpenStreetMap", "license": "ODbL"}, "geometry": {"type": "LineString", "coordinates": [[106.8650791, -6.2264834], [106.8650744, -6.226471], [106.8650573, -6.2263467], [106.865052, -6.226285], [106.8650499, -6.226212], [106.8650485, -6.226165], [106.8650426, -6.2260184], [106.8650425, -6.2259297], [106.8650412, -6.225811], [106.8650431, -6.2256931], [106.8650382, -6.2256219]]}}, {"type": "Feature", "properties": {"osm_id": 1237048666, "name": "Jalan Sultan Iskandar Muda", "highway": "busway", "oneway": "yes", "lanes": "1", "maxspeed": "", "source": "OpenStreetMap", "license": "ODbL"}, "geometry": {"type": "LineString", "coordinates": [[106.7828585, -6.2409657], [106.782892, -6.2411265]]}}, {"type": "Feature", "properties": {"osm_id": 1239275993, "name": "Jalan Sultan Iskandar Muda", "highway": "trunk", "oneway": "yes", "lanes": "1", "maxspeed": "", "source": "OpenStreetMap", "license": "ODbL"}, "geometry": {"type": "LineString", "coordinates": [[106.7825696, -6.2439929], [106.7825105, -6.2441102], [106.782423, -6.2443367]]}}, {"type": "Feature", "properties": {"osm_id": 1239275994, "name": "Jalan Sultan Iskandar Muda", "highway": "trunk", "oneway": "yes", "lanes": "1", "maxspeed": "", "source": "OpenStreetMap", "license": "ODbL"}, "geometry": {"type": "LineString", "coordinates": [[106.7813014, -6.2495746], [106.7813067, -6.2495158]]}}, {"type": "Feature", "properties": {"osm_id": 1239275995, "name": "Jalan Sultan Iskandar Muda", "highway": "trunk", "oneway": "yes", "lanes": "1", "maxspeed": "", "source": "OpenStreetMap", "license": "ODbL"}, "geometry": {"type": "LineString", "coordinates": [[106.7813067, -6.2495158], [106.7813395, -6.249568]]}}, {"type": "Feature", "properties": {"osm_id": 1239275996, "name": "Jalan Sultan Iskandar Muda", "highway": "trunk", "oneway": "yes", "lanes": "1", "maxspeed": "", "source": "OpenStreetMap", "license": "ODbL"}, "geometry": {"type": "LineString", "coordinates": [[106.7823822, -6.2443185], [106.7824229, -6.2440906], [106.782434, -6.2439541]]}}, {"type": "Feature", "properties": {"osm_id": 1239275998, "name": "Jalan Sultan Iskandar Muda", "highway": "trunk", "oneway": "yes", "lanes": "1", "maxspeed": "", "source": "OpenStreetMap", "license": "ODbL"}, "geometry": {"type": "LineString", "coordinates": [[106.7855891, -6.2347333], [106.7854835, -6.2347818]]}}, {"type": "Feature", "properties": {"osm_id": 1239275999, "name": "Jalan Sultan Iskandar Muda", "highway": "trunk", "oneway": "yes", "lanes": "1", "maxspeed": "", "source": "OpenStreetMap", "license": "ODbL"}, "geometry": {"type": "LineString", "coordinates": [[106.7853286, -6.2348774], [106.7853832, -6.2348159], [106.785442, -6.2347509]]}}, {"type": "Feature", "properties": {"osm_id": 1246795717, "name": "Jalan Teuku Umar Raya", "highway": "residential", "oneway": "", "lanes": "", "maxspeed": "", "source": "OpenStreetMap", "license": "ODbL"}, "geometry": {"type": "LineString", "coordinates": [[106.6234108, -6.2201893], [106.6234194, -6.2203369], [106.6234161, -6.2204189], [106.6234136, -6.2204509], [106.623414, -6.2210387]]}}, {"type": "Feature", "properties": {"osm_id": 1247369843, "name": "Jalan Husein Sastranegara", "highway": "secondary", "oneway": "", "lanes": "2", "maxspeed": "", "source": "OpenStreetMap", "license": "ODbL"}, "geometry": {"type": "LineString", "coordinates": [[106.6889422, -6.1138855], [106.6889762, -6.1140365]]}}, {"type": "Feature", "properties": {"osm_id": 1252834557, "name": "Jalan Teuku Umar", "highway": "tertiary", "oneway": "yes", "lanes": "2", "maxspeed": "", "source": "OpenStreetMap", "license": "ODbL"}, "geometry": {"type": "LineString", "coordinates": [[106.833036, -6.196015], [106.8330368, -6.1959912]]}}, {"type": "Feature", "properties": {"osm_id": 1253365466, "name": "Jalan Otto Iskandar Dinata", "highway": "primary", "oneway": "yes", "lanes": "4", "maxspeed": "", "source": "OpenStreetMap", "license": "ODbL"}, "geometry": {"type": "LineString", "coordinates": [[106.867221, -6.2318985], [106.8672135, -6.2318174], [106.8672102, -6.231785]]}}, {"type": "Feature", "properties": {"osm_id": 1253365472, "name": "Jalan Otto Iskandar Dinata", "highway": "primary", "oneway": "yes", "lanes": "3", "maxspeed": "", "source": "OpenStreetMap", "license": "ODbL"}, "geometry": {"type": "LineString", "coordinates": [[106.8686963, -6.23729], [106.8686765, -6.2372327], [106.8686002, -6.2370431], [106.8684981, -6.2368298], [106.868427, -6.2366784], [106.8683054, -6.2364148], [106.8682667, -6.2363334], [106.8681876, -6.2361684], [106.8681206, -6.2360157], [106.8679521, -6.2356386], [106.8679113, -6.2355528], [106.8678705, -6.2354669], [106.8677999, -6.2352928], [106.8677376, -6.2351329], [106.867724, -6.2351055], [106.8675977, -6.2347249], [106.8675052, -6.234352], [106.8674637, -6.2340552], [106.8674544, -6.2339633], [106.8673069, -6.2328995], [106.8672603, -6.2324728], [106.867235, -6.2321141], [106.8672288, -6.2320175], [106.867221, -6.2318985]]}}, {"type": "Feature", "properties": {"osm_id": 1254728128, "name": "Jalan Sultan Iskandar Muda", "highway": "trunk", "oneway": "yes", "lanes": "3", "maxspeed": "", "source": "OpenStreetMap", "license": "ODbL"}, "geometry": {"type": "LineString", "coordinates": [[106.7834487, -6.2636736], [106.7834416, -6.2634095]]}}, {"type": "Feature", "properties": {"osm_id": 1254728129, "name": "Jalan Sultan Iskandar Muda", "highway": "trunk", "oneway": "yes", "lanes": "3", "maxspeed": "", "source": "OpenStreetMap", "license": "ODbL"}, "geometry": {"type": "LineString", "coordinates": [[106.7823334, -6.2619799], [106.7822756, -6.2619105], [106.7821855, -6.2617645]]}}, {"type": "Feature", "properties": {"osm_id": 1265682576, "name": "Jalan Sultan Iskandar Muda", "highway": "busway", "oneway": "yes", "lanes": "2", "maxspeed": "", "source": "OpenStreetMap", "license": "ODbL"}, "geometry": {"type": "LineString", "coordinates": [[106.7832939, -6.2384128], [106.7832195, -6.2386287], [106.7831745, -6.2387473], [106.7831478, -6.2388193]]}}, {"type": "Feature", "properties": {"osm_id": 1265682581, "name": "Jalan Sultan Iskandar Muda", "highway": "trunk", "oneway": "yes", "lanes": "2", "maxspeed": "", "source": "OpenStreetMap", "license": "ODbL"}, "geometry": {"type": "LineString", "coordinates": [[106.781984, -6.2457336], [106.7819437, -6.2458454], [106.7817691, -6.2463162]]}}, {"type": "Feature", "properties": {"osm_id": 1265682582, "name": "Jalan Sultan Iskandar Muda", "highway": "trunk", "oneway": "yes", "lanes": "2", "maxspeed": "", "source": "OpenStreetMap", "license": "ODbL"}, "geometry": {"type": "LineString", "coordinates": [[106.7818269, -6.2456762], [106.7818592, -6.2455895], [106.7819193, -6.2454286], [106.7821059, -6.2449731], [106.7821567, -6.2448404]]}}, {"type": "Feature", "properties": {"osm_id": 1282308980, "name": "Jalan Otto Iskandar Dinata", "highway": "primary", "oneway": "yes", "lanes": "2", "maxspeed": "", "source": "OpenStreetMap", "license": "ODbL"}, "geometry": {"type": "LineString", "coordinates": [[106.8673897, -6.2318883], [106.8674013, -6.2320081]]}}, {"type": "Feature", "properties": {"osm_id": 1282308982, "name": "Jalan Otto Iskandar Dinata", "highway": "primary", "oneway": "yes", "lanes": "3", "maxspeed": "", "source": "OpenStreetMap", "license": "ODbL"}, "geometry": {"type": "LineString", "coordinates": [[106.8673713, -6.2317744], [106.867375, -6.2317985], [106.8673897, -6.2318883]]}}, {"type": "Feature", "properties": {"osm_id": 1284253340, "name": "Gang Sitanala V", "highway": "residential", "oneway": "", "lanes": "", "maxspeed": "", "source": "OpenStreetMap", "license": "ODbL"}, "geometry": {"type": "LineString", "coordinates": [[106.6304653, -6.1610589], [106.6301469, -6.161396]]}}, {"type": "Feature", "properties": {"osm_id": 1285607129, "name": "Jalan Otto Iskandar Dinata", "highway": "primary", "oneway": "yes", "lanes": "2", "maxspeed": "", "source": "OpenStreetMap", "license": "ODbL"}, "geometry": {"type": "LineString", "coordinates": [[106.8672102, -6.231785], [106.8671984, -6.2316358], [106.8671689, -6.2312861], [106.8671607, -6.2310893], [106.8671588, -6.2310526], [106.8671522, -6.2309267], [106.8671514, -6.2308858], [106.8671341, -6.2304026], [106.8671282, -6.2299625], [106.8671286, -6.2299346]]}}, {"type": "Feature", "properties": {"osm_id": 1286868738, "name": "Jalan Sultan Iskandar Muda", "highway": "trunk", "oneway": "yes", "lanes": "3", "maxspeed": "", "source": "OpenStreetMap", "license": "ODbL"}, "geometry": {"type": "LineString", "coordinates": [[106.7820895, -6.2611992], [106.7821323, -6.2613052]]}}, {"type": "Feature", "properties": {"osm_id": 1288928360, "name": "Jalan Otto Iskandar Dinata III", "highway": "tertiary", "oneway": "no", "lanes": "2", "maxspeed": "", "source": "OpenStreetMap", "license": "ODbL"}, "geometry": {"type": "LineString", "coordinates": [[106.876291, -6.231845], [106.8762237, -6.2318461]]}}, {"type": "Feature", "properties": {"osm_id": 1288928363, "name": "Jalan Otto Iskandar Dinata", "highway": "primary", "oneway": "yes", "lanes": "2", "maxspeed": "", "source": "OpenStreetMap", "license": "ODbL"}, "geometry": {"type": "LineString", "coordinates": [[106.8670198, -6.2256491], [106.8670838, -6.2259259]]}}, {"type": "Feature", "properties": {"osm_id": 1289324156, "name": "Jalan Husein Sastranegara", "highway": "secondary", "oneway": "yes", "lanes": "1", "maxspeed": "", "source": "OpenStreetMap", "license": "ODbL"}, "geometry": {"type": "LineString", "coordinates": [[106.6859404, -6.1314088], [106.6857474, -6.1314405]]}}, {"type": "Feature", "properties": {"osm_id": 1289324157, "name": "Jalan Husein Sastranegara", "highway": "secondary", "oneway": "yes", "lanes": "2", "maxspeed": "", "source": "OpenStreetMap", "license": "ODbL"}, "geometry": {"type": "LineString", "coordinates": [[106.6857513, -6.1150295], [106.6858721, -6.1149367], [106.6859364, -6.114898], [106.6860853, -6.1148233], [106.6861824, -6.1147886]]}}, {"type": "Feature", "properties": {"osm_id": 1289555827, "name": "Jalan Sultan Iskandar Muda", "highway": "trunk", "oneway": "yes", "lanes": "3", "maxspeed": "", "source": "OpenStreetMap", "license": "ODbL"}, "geometry": {"type": "LineString", "coordinates": [[106.7823129, -6.2616902], [106.7823973, -6.2618144], [106.7824705, -6.2618919]]}}, {"type": "Feature", "properties": {"osm_id": 1289562055, "name": "Jalan Sultan Iskandar Muda", "highway": "trunk", "oneway": "yes", "lanes": "2", "maxspeed": "", "source": "OpenStreetMap", "license": "ODbL"}, "geometry": {"type": "LineString", "coordinates": [[106.7819844, -6.2613221], [106.7819651, -6.2612613], [106.7819542, -6.2612262]]}}, {"type": "Feature", "properties": {"osm_id": 1289813947, "name": "Jalan Husein Sastranegara", "highway": "secondary", "oneway": "yes", "lanes": "1", "maxspeed": "", "source": "OpenStreetMap", "license": "ODbL"}, "geometry": {"type": "LineString", "coordinates": [[106.6838423, -6.1149034], [106.6836971, -6.11496], [106.6831483, -6.1151528]]}}, {"type": "Feature", "properties": {"osm_id": 1289813948, "name": "Jalan Husein Sastranegara", "highway": "secondary", "oneway": "yes", "lanes": "1", "maxspeed": "", "source": "OpenStreetMap", "license": "ODbL"}, "geometry": {"type": "LineString", "coordinates": [[106.6842666, -6.1146726], [106.6838423, -6.1149034]]}}, {"type": "Feature", "properties": {"osm_id": 1291381004, "name": "Jalan Aria Wangsakara", "highway": "tertiary", "oneway": "", "lanes": "2", "maxspeed": "", "source": "OpenStreetMap", "license": "ODbL"}, "geometry": {"type": "LineString", "coordinates": [[106.6047362, -6.1814068], [106.604868, -6.1811916], [106.6051859, -6.1806189], [106.605417, -6.1800898], [106.605548, -6.1797256], [106.6055822, -6.1794876], [106.6056385, -6.1792596], [106.6056439, -6.1789129]]}}, {"type": "Feature", "properties": {"osm_id": 1292165502, "name": "Jalan Teuku Umar", "highway": "primary", "oneway": "yes", "lanes": "2", "maxspeed": "", "source": "OpenStreetMap", "license": "ODbL"}, "geometry": {"type": "LineString", "coordinates": [[106.6303814, -6.1959443], [106.6296821, -6.1959468]]}}, {"type": "Feature", "properties": {"osm_id": 1296085861, "name": "Jalan Husein Sastranegara", "highway": "secondary", "oneway": "yes", "lanes": "2", "maxspeed": "", "source": "OpenStreetMap", "license": "ODbL"}, "geometry": {"type": "LineString", "coordinates": [[106.6860102, -6.1119596], [106.6858101, -6.1121324], [106.685737, -6.1121934], [106.6855213, -6.1123734], [106.685286, -6.1125811], [106.6849087, -6.1128672], [106.6847658, -6.1129274], [106.6847365, -6.1129221], [106.684714, -6.1129131], [106.6846651, -6.1128802]]}}, {"type": "Feature", "properties": {"osm_id": 1296767966, "name": "Jalan Garuda", "highway": "living_street", "oneway": "no", "lanes": "", "maxspeed": "", "source": "OpenStreetMap", "license": "ODbL"}, "geometry": {"type": "LineString", "coordinates": [[106.7757566, -6.2595613], [106.7757463, -6.259797]]}}, {"type": "Feature", "properties": {"osm_id": 1296767967, "name": "Jalan Garuda", "highway": "living_street", "oneway": "no", "lanes": "1", "maxspeed": "", "source": "OpenStreetMap", "license": "ODbL"}, "geometry": {"type": "LineString", "coordinates": [[106.7757463, -6.259797], [106.775738, -6.2599883]]}}, {"type": "Feature", "properties": {"osm_id": 1296978603, "name": "Jalan Otto Iskandar Dinata", "highway": "trunk", "oneway": "yes", "lanes": "3", "maxspeed": "", "source": "OpenStreetMap", "license": "ODbL"}, "geometry": {"type": "LineString", "coordinates": [[106.6266641, -6.1770486], [106.6265678, -6.1766876]]}}, {"type": "Feature", "properties": {"osm_id": 1297874060, "name": "Jalan Otista I A", "highway": "living_street", "oneway": "no", "lanes": "1", "maxspeed": "", "source": "OpenStreetMap", "license": "ODbL"}, "geometry": {"type": "LineString", "coordinates": [[106.8648226, -6.2256324], [106.8647696, -6.2256271], [106.86473, -6.2256231], [106.8646932, -6.2256205]]}}, {"type": "Feature", "properties": {"osm_id": 1311847478, "name": "Garuda", "highway": "residential", "oneway": "", "lanes": "", "maxspeed": "", "source": "OpenStreetMap", "license": "ODbL"}, "geometry": {"type": "LineString", "coordinates": [[106.6929489, -6.092536], [106.6922136, -6.0931251]]}}, {"type": "Feature", "properties": {"osm_id": 1312031289, "name": "Jalan Garuda", "highway": "secondary", "oneway": "yes", "lanes": "", "maxspeed": "", "source": "OpenStreetMap", "license": "ODbL"}, "geometry": {"type": "LineString", "coordinates": [[106.6747664, -6.1545067], [106.6747637, -6.1545323]]}}, {"type": "Feature", "properties": {"osm_id": 1312031290, "name": "Jalan Garuda", "highway": "secondary", "oneway": "yes", "lanes": "", "maxspeed": "", "source": "OpenStreetMap", "license": "ODbL"}, "geometry": {"type": "LineString", "coordinates": [[106.6747652, -6.1544104], [106.6747644, -6.1544454]]}}, {"type": "Feature", "properties": {"osm_id": 1312031291, "name": "Jalan Garuda", "highway": "secondary", "oneway": "yes", "lanes": "", "maxspeed": "", "source": "OpenStreetMap", "license": "ODbL"}, "geometry": {"type": "LineString", "coordinates": [[106.6747644, -6.1544454], [106.6747664, -6.1545067]]}}, {"type": "Feature", "properties": {"osm_id": 1317027489, "name": "Jalan Garuda I", "highway": "residential", "oneway": "", "lanes": "", "maxspeed": "", "source": "OpenStreetMap", "license": "ODbL"}, "geometry": {"type": "LineString", "coordinates": [[106.6959545, -6.2049573], [106.6959447, -6.2050195], [106.6958102, -6.2058742]]}}, {"type": "Feature", "properties": {"osm_id": 1318810178, "name": "Jalan Doktor Sitanala", "highway": "residential", "oneway": "", "lanes": "", "maxspeed": "", "source": "OpenStreetMap", "license": "ODbL"}, "geometry": {"type": "LineString", "coordinates": [[106.6345165, -6.167461], [106.6346224, -6.167479]]}}, {"type": "Feature", "properties": {"osm_id": 1322715010, "name": "Jalan Anggrek Garuda II", "highway": "residential", "oneway": "no", "lanes": "1", "maxspeed": "", "source": "OpenStreetMap", "license": "ODbL"}, "geometry": {"type": "LineString", "coordinates": [[106.7953112, -6.1945995], [106.7953046, -6.1945598]]}}, {"type": "Feature", "properties": {"osm_id": 1322715011, "name": "Jalan Anggrek Garuda V", "highway": "residential", "oneway": "no", "lanes": "1", "maxspeed": "", "source": "OpenStreetMap", "license": "ODbL"}, "geometry": {"type": "LineString", "coordinates": [[106.7953046, -6.1945598], [106.7953064, -6.1945186]]}}, {"type": "Feature", "properties": {"osm_id": 1343712030, "name": "Jalan Otto Iskandar Dinata", "highway": "primary", "oneway": "yes", "lanes": "4", "maxspeed": "", "source": "OpenStreetMap", "license": "ODbL"}, "geometry": {"type": "LineString", "coordinates": [[106.8685107, -6.2442916], [106.868554, -6.244136]]}}, {"type": "Feature", "properties": {"osm_id": 1372045733, "name": "Jalan Iskandar Muda", "highway": "tertiary", "oneway": "", "lanes": "2", "maxspeed": "", "source": "OpenStreetMap", "license": "ODbL"}, "geometry": {"type": "LineString", "coordinates": [[106.6289643, -6.1218734], [106.6293188, -6.1217938], [106.6293949, -6.1217763], [106.6296803, -6.1217105], [106.62979, -6.1217069], [106.6299219, -6.1217237], [106.6299904, -6.1217381]]}}, {"type": "Feature", "properties": {"osm_id": 1372045734, "name": "Jalan Iskandar Muda", "highway": "tertiary", "oneway": "", "lanes": "2", "maxspeed": "", "source": "OpenStreetMap", "license": "ODbL"}, "geometry": {"type": "LineString", "coordinates": [[106.6288671, -6.1218987], [106.6289643, -6.1218734]]}}, {"type": "Feature", "properties": {"osm_id": 1425743684, "name": "Jalan Otista III Dalam", "highway": "living_street", "oneway": "no", "lanes": "", "maxspeed": "", "source": "OpenStreetMap", "license": "ODbL"}, "geometry": {"type": "LineString", "coordinates": [[106.8758221, -6.2315188], [106.8758131, -6.2314112], [106.87581, -6.2313985], [106.8757926, -6.2313869], [106.8757693, -6.2313884], [106.8756928, -6.231386], [106.8755334, -6.2313821]]}}, {"type": "Feature", "properties": {"osm_id": 1425744334, "name": "Jalan Otista III Dalam", "highway": "residential", "oneway": "no", "lanes": "1", "maxspeed": "", "source": "OpenStreetMap", "license": "ODbL"}, "geometry": {"type": "LineString", "coordinates": [[106.8746842, -6.2314042], [106.8743958, -6.2314351], [106.8741443, -6.2314679], [106.8739677, -6.2314904]]}}, {"type": "Feature", "properties": {"osm_id": 1445904238, "name": "Jalan Otista III Komplek IV", "highway": "residential", "oneway": "no", "lanes": "2", "maxspeed": "", "source": "OpenStreetMap", "license": "ODbL"}, "geometry": {"type": "LineString", "coordinates": [[106.8755098, -6.2337003], [106.8754861, -6.2339686], [106.8754625, -6.2340299]]}}, {"type": "Feature", "properties": {"osm_id": 1488081483, "name": "Jalan Garuda 1", "highway": "service", "oneway": "", "lanes": "", "maxspeed": "", "source": "OpenStreetMap", "license": "ODbL"}, "geometry": {"type": "LineString", "coordinates": [[106.8501082, -6.1603205], [106.8500709, -6.1602042]]}}, {"type": "Feature", "properties": {"osm_id": 1491086896, "name": "Jalan Garuda 1", "highway": "service", "oneway": "", "lanes": "", "maxspeed": "", "source": "OpenStreetMap", "license": "ODbL"}, "geometry": {"type": "LineString", "coordinates": [[106.8500709, -6.1602042], [106.8500049, -6.1601396]]}}, {"type": "Feature", "properties": {"osm_id": 1491086897, "name": "Jalan Garuda 1", "highway": "service", "oneway": "no", "lanes": "2", "maxspeed": "", "source": "OpenStreetMap", "license": "ODbL"}, "geometry": {"type": "LineString", "coordinates": [[106.8499976, -6.1602237], [106.8500286, -6.1603412]]}}, {"type": "Feature", "properties": {"osm_id": 1499735241, "name": "Jalan Otista V", "highway": "residential", "oneway": "no", "lanes": "2", "maxspeed": "", "source": "OpenStreetMap", "license": "ODbL"}, "geometry": {"type": "LineString", "coordinates": [[106.8702944, -6.2403836], [106.870385, -6.240381]]}}, {"type": "Feature", "properties": {"osm_id": 1499735242, "name": "Jalan Otista V", "highway": "residential", "oneway": "no", "lanes": "2", "maxspeed": "", "source": "OpenStreetMap", "license": "ODbL"}, "geometry": {"type": "LineString", "coordinates": [[106.8694029, -6.2404318], [106.8702404, -6.2403857]]}}, {"type": "Feature", "properties": {"osm_id": 1499983583, "name": "Jalan Otista III Komplek III", "highway": "residential", "oneway": "no", "lanes": "2", "maxspeed": "", "source": "OpenStreetMap", "license": "ODbL"}, "geometry": {"type": "LineString", "coordinates": [[106.8749329, -6.2319475], [106.8749534, -6.2327175]]}}, {"type": "Feature", "properties": {"osm_id": 1499983584, "name": "Jalan Otista III Komplek IV", "highway": "residential", "oneway": "no", "lanes": "2", "maxspeed": "", "source": "OpenStreetMap", "license": "ODbL"}, "geometry": {"type": "LineString", "coordinates": [[106.8754373, -6.231879], [106.8754426, -6.2319601]]}}, {"type": "Feature", "properties": {"osm_id": 1500306018, "name": "Jalan Otto Iskandardinata Gang Lembaga", "highway": "living_street", "oneway": "no", "lanes": "1", "maxspeed": "", "source": "OpenStreetMap", "license": "ODbL"}, "geometry": {"type": "LineString", "coordinates": [[106.8692148, -6.2412217], [106.8691312, -6.2412222]]}}, {"type": "Feature", "properties": {"osm_id": 1502076009, "name": "Jalan Otista III Dalam", "highway": "residential", "oneway": "no", "lanes": "1", "maxspeed": "", "source": "OpenStreetMap", "license": "ODbL"}, "geometry": {"type": "LineString", "coordinates": [[106.8739677, -6.2314904], [106.8739305, -6.231498]]}}, {"type": "Feature", "properties": {"osm_id": 1502662765, "name": "Jalan Otista I A", "highway": "residential", "oneway": "no", "lanes": "2", "maxspeed": "", "source": "OpenStreetMap", "license": "ODbL"}, "geometry": {"type": "LineString", "coordinates": [[106.866751, -6.2256638], [106.86678, -6.2256428], [106.8668333, -6.2256104]]}}, {"type": "Feature", "properties": {"osm_id": 1505110463, "name": "Jalan Otto Iskandar Dinata III", "highway": "tertiary", "oneway": "no", "lanes": "2", "maxspeed": "", "source": "OpenStreetMap", "license": "ODbL"}, "geometry": {"type": "LineString", "coordinates": [[106.8758136, -6.2318699], [106.8757443, -6.2318724]]}}, {"type": "Feature", "properties": {"osm_id": 1505110465, "name": "Jalan Otto Iskandar Dinata III", "highway": "tertiary", "oneway": "no", "lanes": "2", "maxspeed": "", "source": "OpenStreetMap", "license": "ODbL"}, "geometry": {"type": "LineString", "coordinates": [[106.8762237, -6.2318461], [106.8759959, -6.2318644], [106.8759337, -6.2318656], [106.8758136, -6.2318699]]}}, {"type": "Feature", "properties": {"osm_id": 1528535394, "name": "Jalan Otista III Komplek VIII", "highway": "residential", "oneway": "no", "lanes": "2", "maxspeed": "", "source": "OpenStreetMap", "license": "ODbL"}, "geometry": {"type": "LineString", "coordinates": [[106.8743287, -6.2331826], [106.8743236, -6.2331913], [106.8743221, -6.2332047], [106.8742935, -6.2335255]]}}, {"type": "Feature", "properties": {"osm_id": 1528545400, "name": "Jalan Otista III Komplek XI", "highway": "residential", "oneway": "no", "lanes": "2", "maxspeed": "", "source": "OpenStreetMap", "license": "ODbL"}, "geometry": {"type": "LineString", "coordinates": [[106.8743791, -6.2340772], [106.8747926, -6.2340558]]}}, {"type": "Feature", "properties": {"osm_id": 1528545401, "name": "Jalan Otista III Komplek XI", "highway": "residential", "oneway": "no", "lanes": "1", "maxspeed": "", "source": "OpenStreetMap", "license": "ODbL"}, "geometry": {"type": "LineString", "coordinates": [[106.8735904, -6.2346016], [106.8736318, -6.2345956], [106.8737673, -6.2345758]]}}]}