id,lon,lat
7803109387,106.6110796,-6.137763
8484814901,106.6717709,-6.1466254
8484814908,106.6717819,-6.1465122
8484814911,106.6714136,-6.1464898
9119072342,106.6015609,-6.1884647
9548988515,106.6676183,-6.163342
7133724773,106.6531836,-6.196038
8485732480,106.6529835,-6.1652963
8485732483,106.6489733,-6.170137
8485732484,106.6529784,-6.1652078
8485732485,106.6524571,-6.1657463
8485732486,106.6520809,-6.1660623
8485732488,106.6517351,-6.166359
8485732491,106.6499774,-6.1680143
8485732492,106.6496995,-6.1682897
8485732493,106.6494682,-6.1686309
8485732494,106.6491701,-6.169229
12172787864,106.6582426,-6.1822182
12172787871,106.6609146,-6.1830686
7249199298,106.6831584,-6.1954818
8527806660,106.6341794,-6.2056243
7249199301,106.6831559,-6.1959183
7249199300,106.6831363,-6.1958757
8527806664,106.6339861,-6.2058798
7249199309,106.6831175,-6.1918983
11190141133,106.6554942,-6.1770132
8547860691,106.6794381,-6.1698806
12184060116,106.6752296,-6.17589
8547860692,106.6796809,-6.1698436
9742975211,106.5939635,-6.1910393
9742975212,106.5944584,-6.1910739
9742975213,106.594278,-6.1910456
4307159489,106.597161,-6.1628462
4307159491,106.5979202,-6.1629792
8488878382,106.6265027,-6.1546981
8488878388,106.6271821,-6.1547696
9682420022,106.651231,-6.168037
4307159497,106.5963122,-6.1632851
7217742141,106.6151751,-6.1791449
7217742146,106.6152518,-6.1791696
7217742148,106.6151996,-6.1795258
8547729737,106.6671878,-6.1546834
8547729738,106.6671524,-6.1549524
8506310990,106.5921644,-6.1985962
4307159502,106.6107023,-6.1634891
7217742171,106.615471,-6.1814159
4307159504,106.6097255,-6.1634973
7806386545,106.6113643,-6.196547
4307159510,106.6095628,-6.1636751
4307159517,106.6050021,-6.1638423
4307159523,106.6082168,-6.1639029
12143135411,106.6653881,-6.1583441
4307159530,106.6062805,-6.1639954
12143135415,106.6675302,-6.1582408
8803975677,106.6076012,-6.1628436
10244194819,106.6553935,-6.1901377
4307159537,106.6081443,-6.1641535
7210795549,106.6084823,-6.1818682
7061897759,106.6000507,-6.2046799
7061897760,106.6000128,-6.205309
7061897762,106.5991486,-6.2046159
8434483748,106.647715,-6.2092969
8434483749,106.6477116,-6.2095337
4307159544,106.6056719,-6.1642298
8793752112,106.5852255,-6.1604889
8793752114,106.5851028,-6.1607702
4307159548,106.6097586,-6.1642696
8524137025,106.5892468,-6.1429562
10102112843,106.6757059,-6.1596734
4307159562,106.6099471,-6.1644943
8556642947,106.6557073,-6.172971
6804472457,106.6556867,-6.164714
8556642954,106.6556261,-6.1727063
8556642957,106.6557524,-6.1734182
4307159564,106.6062766,-6.1645253
4307159565,106.6064991,-6.1645279
8527807123,106.6300334,-6.2057644
12173312667,106.6612623,-6.1817403
4307159569,106.6077328,-6.1646058
7122977457,106.6393912,-6.1714482
4307159572,106.6080042,-6.1646379
8485077691,106.6116207,-6.177299
8485077692,106.6113684,-6.1772943
4307159577,106.6099658,-6.1647296
4307159579,106.6031132,-6.164774
4307159580,106.6042074,-6.1647757
7027688227,106.5990222,-6.203089
4307159595,106.6031803,-6.1650316
9612821290,106.6399627,-6.1959652
9612821289,106.6402624,-6.1960724
4307159599,106.6042039,-6.1650837
4307159600,106.6045184,-6.1650898
4307159610,106.6100932,-6.1652136
4307159613,106.6032455,-6.1652824
4307159620,106.6042016,-6.1652917
4307159622,106.6090283,-6.1652948
4307159623,106.6087722,-6.1653178
12173706187,106.6582604,-6.1902207
7120487396,106.6593658,-6.1760163
8488092644,106.6523861,-6.1580795
8488092646,106.6523593,-6.1583962
4307159634,106.6074626,-6.1654576
9110684661,106.5952572,-6.1881145
9110684662,106.5916179,-6.1911926
9110684667,106.5916099,-6.1907553
4307159640,106.6033145,-6.1655473
4307159642,106.6041986,-6.1655558
7222068252,106.6341215,-6.1573248
7222068263,106.6353953,-6.1574385
6709314608,106.657326,-6.1701039
7222068275,106.6398796,-6.1583942
7231898685,106.6676404,-6.1480445
7134381119,106.6662233,-6.1831063
4307159652,106.6126354,-6.1657227
7120094292,106.6352256,-6.2005377
7120094294,106.635232,-6.2005662
3914859608,106.6086486,-6.1896921
3914859609,106.6102976,-6.1897159
3914859610,106.6112122,-6.1897412
3914859611,106.6123357,-6.1897501
3914859612,106.6102579,-6.1910364
7120094301,106.6352025,-6.2003655
7120094303,106.6351109,-6.1999566
7120094305,106.6345786,-6.2002333
5636359268,106.6678047,-6.1634849
5636359269,106.6750976,-6.163029
4307159658,106.6041949,-6.1658877
5636359271,106.6751714,-6.1640485
5636359272,106.6773151,-6.1578915
7120094313,106.6351419,-6.2000274
5636359277,106.6753329,-6.1580761
5636359280,106.6800866,-6.1566807
5636359281,106.6797633,-6.1566848
4307159660,106.6044995,-6.1658925
7120094324,106.6352031,-6.2004308
5636359287,106.6813888,-6.153146
7120094328,106.6367102,-6.2005235
7120094330,106.6364376,-6.200446
5636359292,106.6719199,-6.1637769
5636359293,106.6740329,-6.1642257
5636359294,106.6741383,-6.1639993
5636359295,106.6766399,-6.1548781
7120094333,106.637478,-6.2003945
5636359297,106.6764307,-6.1552234
5636359300,106.6717977,-6.1611643
7120094341,106.6371276,-6.2004915
5636359301,106.6715578,-6.1613576
5636359311,106.6751298,-6.1579502
5636359312,106.6713747,-6.1584088
8524006563,106.6339613,-6.2014741
13982500023,106.623418,-6.1352334
4307159678,106.6074298,-6.1660184
4307159679,106.6039078,-6.1660704
4307159680,106.6034431,-6.166071
12197430486,106.6481805,-6.1577231
12197430487,106.6469797,-6.157688
12197430488,106.6474106,-6.1577091
12197430489,106.64862,-6.1559402
12197430490,106.6486177,-6.1557339
12197430491,106.648188,-6.1557217
12197430492,106.6481911,-6.1559664
12197430493,106.6474279,-6.1559541
12197430494,106.6474262,-6.1557218
12197430495,106.6469914,-6.1557198
12197430496,106.6469876,-6.1559582
8488223986,106.6104215,-6.1581368
3914859763,106.610142,-6.1910517
3914859764,106.6101047,-6.1920551
4307159686,106.6041921,-6.1661398
4307159687,106.6132275,-6.1661473
8509195565,106.6630988,-6.1754876
5621024048,106.613734,-6.1432676
4307159700,106.6039054,-6.1663075
4307159703,106.60734,-6.1663216
4307159705,106.6041897,-6.1663571
2027816277,106.6287846,-6.1703437
7249200486,106.6213489,-6.1619682
7249200495,106.620803,-6.1612236
7249200498,106.6211236,-6.1619616
12181046642,106.6735218,-6.1902046
12181046643,106.6735474,-6.1905167
12181046644,106.6733688,-6.1904821
7249200502,106.6225049,-6.1676201
12181046647,106.6746883,-6.1905654
12181046648,106.6749674,-6.1899857
7249200504,106.6221858,-6.1669767
7249200506,106.6220715,-6.1644729
12181046650,106.6744888,-6.1903254
4307159713,106.605086,-6.1665237
13202097533,106.6248076,-6.174517
12181046649,106.6750512,-6.1900056
7249200511,106.6223013,-6.1629663
7249200513,106.6234991,-6.1635823
7249200515,106.622301,-6.1635631
7249200518,106.6225813,-6.1610142
7249200519,106.6225746,-6.1617988
7249200520,106.6220697,-6.1613002
4307159718,106.6071983,-6.1666201
5621024186,106.5924033,-6.1473676
12319983038,106.5923556,-6.1381183
5636359621,106.671366,-6.1583345
5636359622,106.6821395,-6.1546573
5636359623,106.6734467,-6.1528593
5636359624,106.6734756,-6.1534594
5636359625,106.6743707,-6.1529727
5636359626,106.6744077,-6.1535433
5636359627,106.6690506,-6.1535274
8509064649,106.6289713,-6.1719748
5636359629,106.6688865,-6.1537659
5636359632,106.6678336,-6.1534358
5636359633,106.6678645,-6.1533655
5636359634,106.668768,-6.1538269
5636359635,106.6688002,-6.1537609
5636359636,106.6697252,-6.1541034
5636359641,106.6719172,-6.1545081
5636359642,106.6719189,-6.1546184
7131515473,106.6704756,-6.1783663
7131515474,106.6708574,-6.1794349
4307159737,106.6140479,-6.1669066
10925770236,106.6047064,-6.1952551
5547361885,106.6130855,-6.1806782
4039378530,106.6851996,-6.1949246
10943465063,106.6512277,-6.1765252
8509720202,106.5937252,-6.1693924
8509720207,106.5931374,-6.1690423
3726771862,106.6793026,-6.2033917
3726771865,106.6809139,-6.2037249
3726771866,106.6818027,-6.2031171
3726771871,106.6808714,-6.203956
8505814387,106.5952107,-6.1527513
6555174597,106.6477378,-6.1606716
11975001799,106.6146333,-6.1728137
6555174611,106.6490505,-6.1701361
6555174618,106.6452341,-6.1639824
6555174622,106.6447437,-6.1621577
6555174623,106.6441047,-6.1621689
6555174642,106.6456678,-6.1615562
6555174643,106.6457369,-6.1615531
6555174648,106.6436662,-6.1633673
8521002473,106.6209975,-6.2070051
4307159790,106.6139441,-6.1675698
8536590091,106.6554135,-6.1917039
9179891475,106.667567,-6.1559756
8509327186,106.6393545,-6.1811089
8509327187,106.6393479,-6.1804167
7226525529,106.6597179,-6.1796896
6567233378,106.6740495,-6.1412432
4307159811,106.6138685,-6.1677791
5458102122,106.5946019,-6.1379626
5458102125,106.5923341,-6.1362772
5458102126,106.5923448,-6.1367651
5458102127,106.5936081,-6.1351624
5458102132,106.5928372,-6.1351683
5458102133,106.5929327,-6.1356868
5458102135,106.5928906,-6.1361092
5458102136,106.593069,-6.1360772
5458102137,106.5931897,-6.1360319
4299818875,106.6812077,-6.1859275
5458102140,106.5926656,-6.1413588
5458102141,106.5865293,-6.1483452
4299818879,106.6750813,-6.1863032
5458102143,106.5915629,-6.1428162
5458102145,106.5966699,-6.1493952
4299818880,106.6813063,-6.1864808
4299818883,106.6728927,-6.1871012
5458102148,106.5970159,-6.1489605
4299818885,106.6731193,-6.1872006
4299818887,106.6753281,-6.1872645
5458102156,106.600515,-6.1492016
5458102157,106.5884837,-6.1403894
5458102158,106.5879228,-6.1404543
5458102160,106.5868308,-6.1365392
5458102164,106.5873596,-6.1362363
5458102165,106.590575,-6.1473323
4302047124,106.6171452,-6.1855781
5458102172,106.5901722,-6.1390974
6094325662,106.639376,-6.1814459
7120488354,106.6583439,-6.1778796
5458102179,106.5893424,-6.1392209
5458102180,106.6019162,-6.1514447
5458102181,106.6025864,-6.1507928
5458102182,106.5958397,-6.1469978
7120488356,106.6578333,-6.1774733
5458102184,106.5939303,-6.1474199
4302047145,106.613818,-6.187683
4302047146,106.6140883,-6.1877062
4302047147,106.6143652,-6.1877085
4302047148,106.6146763,-6.1877047
4302047149,106.6149481,-6.187711
5458102185,106.5938485,-6.1477481
4302047151,106.6152033,-6.1877136
4302047152,106.6154588,-6.1877143
4302047153,106.615723,-6.1877164
5458102189,106.5941057,-6.1471818
5458102190,106.5948666,-6.145891
5458102196,106.5922918,-6.1370452
4307158965,106.5965015,-6.1608176
4307158966,106.5973261,-6.1609422
4307158967,106.5964586,-6.1610682
4307158968,106.598092,-6.1610757
4302047161,106.6044564,-6.1881348
4307158969,106.5964063,-6.1613576
4307158970,106.5980168,-6.1613482
4307158972,106.5973969,-6.1615002
4307158973,106.5979471,-6.1616004
4302047166,106.6148346,-6.1883238
4302047167,106.6153488,-6.1883239
4307158974,106.5963554,-6.1616209
4302047169,106.6150731,-6.1883702
4302047170,106.615606,-6.1883739
4302047165,106.6145628,-6.1882807
4307158976,106.5973498,-6.1617693
4302047173,106.6158509,-6.188422
4307158977,106.5963084,-6.1618782
4302047168,106.6133811,-6.1883296
4307158979,106.5973018,-6.1620431
4307158980,106.5962573,-6.1621601
4307158981,106.5981984,-6.1622022
4302047172,106.6136772,-6.1883837
4307158983,106.5972544,-6.1623133
4307158984,106.5981029,-6.1624597
4302047175,106.6139547,-6.1884345
4307158986,106.59721,-6.162567
4307158987,106.5980137,-6.1627126
4302047179,106.6142067,-6.1884805
4302047181,106.6142325,-6.1884852
4302047182,106.6170266,-6.1884875
4302047184,106.6145174,-6.1885427
4302047185,106.6109301,-6.1885968
4302047187,106.6133647,-6.1886114
4307159833,106.6137754,-6.1681208
5458102238,106.5910251,-6.1382387
5458102239,106.5905293,-6.1382268
5458102240,106.5852316,-6.15295
5458102241,106.5848626,-6.1527989
5458102242,106.5882987,-6.1500966
5458102243,106.5875877,-6.1501919
5458102244,106.5899114,-6.1505119
5458102245,106.5897265,-6.1502275
5458102249,106.5905946,-6.1491199
5458102254,106.5866921,-6.1474786
5458102255,106.587435,-6.1466271
5458102256,106.5874514,-6.1464805
5458102257,106.5873042,-6.1430963
5458102258,106.5869875,-6.1428114
5458102259,106.5871086,-6.1428509
5458102262,106.5895325,-6.1412638
5458102263,106.5892611,-6.1412662
5458102264,106.594559,-6.1410295
5458102266,106.5942545,-6.1417222
5458102267,106.5907803,-6.1401548
5458102275,106.591512,-6.1407295
5458102276,106.5953408,-6.1470058
5458102277,106.595365,-6.1475978
5458102279,106.5953525,-6.1482687
5458102280,106.5920269,-6.1477751
5458102281,106.5919746,-6.1480714
5458102282,106.5934163,-6.145355
5458102283,106.5941486,-6.1453684
5458102284,106.5954167,-6.1458219
5458102285,106.5946091,-6.1455058
5458102286,106.5941486,-6.145323
5458102287,106.594701,-6.1452406
5458102288,106.5945135,-6.1457468
5458102289,106.5946729,-6.1471938
4307159844,106.607078,-6.1682842
5458102291,106.5941367,-6.1470975
5458102292,106.5944665,-6.1461151
4307159845,106.6070217,-6.1682891
5458102296,106.5943148,-6.1464137
5458102299,106.6009453,-6.1489925
6544951325,106.5986383,-6.2095566
5458102302,106.6003505,-6.1468671
5458102308,106.5976918,-6.1473111
5458102312,106.5982309,-6.1473551
5458102315,106.5982061,-6.1465511
4302047292,106.6184953,-6.1886513
4302047293,106.6158075,-6.1886554
6544951357,106.6024095,-6.209165
4302047296,106.6107066,-6.1887061
4302047297,106.6109309,-6.1887115
4302047298,106.616147,-6.1887318
12180392001,106.663663,-6.1931216
4307159854,106.5979238,-6.1683515
4302047301,106.614147,-6.1887685
4302047302,106.6141338,-6.1888451
8484948039,106.6122851,-6.1738704
4302047304,106.6132547,-6.1888768
4302047306,106.6144474,-6.1889167
4302047309,106.6109329,-6.1890075
4302047310,106.6106905,-6.1890101
4302047312,106.6141007,-6.1890371
4299819089,106.6737378,-6.1873261
4299819090,106.6742424,-6.1874357
4302047313,106.6144138,-6.1890898
4299819092,106.6730657,-6.1874229
4299819093,106.6745223,-6.1874374
4299819094,106.6742122,-6.1874561
4302047319,106.6146742,-6.1891449
4302047317,106.6094727,-6.1891298
4302047321,106.6149224,-6.1891975
4302047314,106.61307,-6.1891144
4302047323,106.6149915,-6.1892121
4302047315,106.6093146,-6.1891221
4299819101,106.6752371,-6.1876821
4299819102,106.6736087,-6.1877673
4299819103,106.6730035,-6.1877787
4299819104,106.6752195,-6.1877719
4302047327,106.615174,-6.1892567
4302047322,106.6086609,-6.1892048
4302047328,106.6055133,-6.18926
4302047332,106.6140528,-6.1893088
4302047333,106.6154138,-6.1893153
4299819110,106.6758498,-6.1881045
4302047330,106.6052388,-6.189298
4302047335,106.6105996,-6.1893906
4299819113,106.6750947,-6.1882472
4302047338,106.6112162,-6.1893532
4302047337,106.6109353,-6.1893499
4302047340,106.612391,-6.1893737
4299819116,106.6733406,-6.1883285
4299819118,106.6778288,-6.1884511
4302047341,106.6101809,-6.1893701
4299819120,106.6727695,-6.1885447
4299819121,106.6776129,-6.1885941
4302047345,106.6049733,-6.18942
12140021875,106.6798668,-6.1432795
4299819123,106.6739669,-6.1885978
4302047349,106.6164257,-6.1894907
4299819125,106.6739508,-6.1886405
4299819127,106.6731992,-6.1887002
4299819126,106.6742458,-6.1886832
4302047347,106.6086553,-6.189426
11971594361,106.6567835,-6.1702437
4299819131,106.6733433,-6.1887552
4302047356,106.6163197,-6.18953
4299819133,106.6686429,-6.1887646
4299819134,106.6697057,-6.188766
4299819135,106.6772528,-6.1887984
4299819136,106.6749606,-6.1887978
4299819137,106.6689835,-6.1887994
4299819138,106.6750232,-6.1888079
4302047362,106.6155376,-6.1896711
4302047364,106.6089632,-6.1896959
4302047365,106.6094541,-6.1897018
4302047363,106.6142988,-6.1896834
4302047367,106.6098673,-6.1897067
4302047368,106.6099637,-6.1897079
4302047369,106.6101781,-6.189713
4302047370,106.6106019,-6.1897227
4302047371,106.6106291,-6.1897233
4302047372,106.6109417,-6.1897303
4302047373,106.6158315,-6.1897332
4299819143,106.6777931,-6.1888965
4299819145,106.6726347,-6.188928
4299819148,106.6741487,-6.1889414
4299819149,106.6795244,-6.1889944
4299819151,106.6732346,-6.1890138
4299819152,106.6749231,-6.1890885
4299819153,106.6718065,-6.1890707
4299819154,106.6792636,-6.1891448
4302047376,106.6147998,-6.1897929
4302047382,106.6049907,-6.189861
4299819160,106.6740497,-6.1892047
4299819161,106.6779993,-6.1892349
4299819162,106.6714103,-6.1893267
4302047381,106.6052597,-6.1898448
4302047388,106.6109296,-6.1899413
4299819165,106.6748998,-6.1893608
4299819166,106.6780817,-6.1893722
4302047391,106.6111989,-6.1899558
4302047392,106.6052645,-6.1899622
4302047390,106.605541,-6.1899476
4299819170,106.679433,-6.1894241
4302047395,106.6047163,-6.1899828
4302047393,106.6049953,-6.1899662
4302047397,106.6045462,-6.1899847
4299819173,106.6739478,-6.1894758
4299819175,106.674341,-6.1895538
4299819174,106.674894,-6.1894367
4302047401,106.6097454,-6.1900566
4302047402,106.6130898,-6.1900581
4302047403,106.6099534,-6.1900609
4302047404,106.6052691,-6.1900741
4299819181,106.6765605,-6.1896291
4302047405,106.6050006,-6.1900879
4302047406,106.6129905,-6.1900927
4302047408,106.6097424,-6.1901714
4299819185,106.6795919,-6.1896638
4299819186,106.6721846,-6.1896938
4299819187,106.678288,-6.1897229
4302047410,106.60995,-6.1901796
4302047407,106.6126661,-6.1901121
4302047414,106.6138837,-6.1902074
4302047409,106.6061394,-6.1901776
4302047411,106.605823,-6.1901877
4302047417,106.6142276,-6.1900407
4302047412,106.605551,-6.1901964
5458102459,106.5929175,-6.1471167
5458102458,106.593647,-6.1473418
5458102461,106.5930167,-6.1468404
10600712382,106.675183,-6.1845607
5458102463,106.592719,-6.1467204
5458102456,106.5940601,-6.1473685
4302047425,106.6129535,-6.1903736
5458102465,106.5929201,-6.1460564
5458102467,106.5927806,-6.1464884
5458102466,106.5928745,-6.1462271
5458102469,106.593926,-6.1468511
5458102464,106.592852,-6.1459878
4302047431,106.6097357,-6.1904327
7912949956,106.6480012,-6.2090231
4302047433,106.612616,-6.1905409
4302047434,106.6138963,-6.1905375
4302047435,106.6129366,-6.1905818
5458102473,106.595296,-6.1460427
4302047437,106.6147863,-6.1906087
4302047438,106.6145491,-6.1906497
4302047439,106.6154393,-6.1906746
4302047440,106.6111546,-6.1906709
4302047441,106.6108877,-6.1906718
4302047442,106.6106002,-6.1906728
4302047443,106.6102691,-6.1906739
4302047444,106.6142392,-6.190707
4302047445,106.6052944,-6.1906969
5458102477,106.5955554,-6.1455604
4302047447,106.6058568,-6.1907053
4302047448,106.6055723,-6.1907268
4302047449,106.6050285,-6.1907293
5458102481,106.594215,-6.1451044
4302047451,106.6131844,-6.1907656
5458102484,106.5941486,-6.1456537
5458102493,106.5919316,-6.1460624
4302047454,106.6047691,-6.1907426
4302047455,106.6125882,-6.190778
4302047456,106.6159714,-6.1908078
4302047457,106.6161261,-6.190822
7739017442,106.6441131,-6.1642116
5458102495,106.5931682,-6.1411411
5458102498,106.5940606,-6.143067
5458102494,106.5934391,-6.1414855
4302047464,106.6137872,-6.1908691
4302047465,106.6148152,-6.1908786
5458102505,106.5943995,-6.1418333
4302047467,106.6139349,-6.1908756
4302047468,106.6142644,-6.1909078
4302047469,106.6046233,-6.1909053
5458102509,106.5942263,-6.1424229
5458102508,106.594115,-6.1423589
4302047472,106.6139274,-6.1909525
4302047473,106.6142712,-6.1909484
4302047476,106.6169037,-6.1910166
4302047479,106.6099237,-6.191083
5458102520,106.5956117,-6.1433057
4302047482,106.6139521,-6.19115
4302047483,106.6134463,-6.1911171
5458102522,106.5952791,-6.1432402
4302047485,106.6143172,-6.1911951
5458102525,106.5959996,-6.1440011
9987950846,106.6025023,-6.2000462
5458102530,106.5948734,-6.1439336
4302047492,106.6121991,-6.1912557
5458102535,106.5934874,-6.1447656
4302047496,106.6010244,-6.1913726
4302047497,106.6136335,-6.1913786
4302047498,106.6146791,-6.1914406
4302047499,106.6173167,-6.1914105
4302047500,106.6101359,-6.1914126
4302047501,106.6146161,-6.1914414
4302047502,106.6104646,-6.1914193
5458102538,106.5927297,-6.144783
4302047504,106.6143616,-6.191476
5458102542,106.5928446,-6.1436504
5458102543,106.5903157,-6.1442616
4302047507,106.6019719,-6.1915299
4302047508,106.6160173,-6.1915476
4302047509,106.6019615,-6.1915801
5458102545,106.5905946,-6.1442136
4302047511,106.6088431,-6.1916703
4302047512,106.6023878,-6.1916193
5458102552,106.5924927,-6.1450689
5458102546,106.5905511,-6.1439616
4302047515,106.6172774,-6.1916587
5458102558,106.5908883,-6.1442229
4302047519,106.6166125,-6.1917
4302047520,106.6033798,-6.191697
5458102561,106.5891886,-6.1400908
5458102562,106.5894936,-6.1402068
5458102563,106.5894654,-6.1403588
4302047524,106.6101252,-6.1917273
5458102560,106.5895754,-6.1400908
5458102565,106.5902889,-6.1404468
4302047527,106.6169314,-6.1917587
4302047528,106.6144021,-6.1918007
4302047529,106.6178057,-6.1917867
4302047530,106.6140773,-6.1918452
4302047531,106.6048224,-6.1918246
5458102567,106.5901628,-6.1404948
4302047533,106.6159606,-6.1918701
5458102568,106.5901541,-6.1405114
4302047535,106.6011572,-6.1919172
4302047536,106.6031876,-6.1918902
4302047537,106.6151893,-6.191924
4302047538,106.6019087,-6.1919124
5458102570,106.5902165,-6.1408488
5458102575,106.5897605,-6.1413255
4302047541,106.6021772,-6.1919553
5458102580,106.5902996,-6.1414035
4302047543,106.6137958,-6.1919592
4302047544,106.6165223,-6.19203
4302047545,106.6022912,-6.192014
4302047546,106.6159315,-6.1920294
5458102583,106.5904089,-6.1417275
4302047548,106.6097312,-6.1920357
4302047549,106.6048546,-6.1920199
5458102587,106.5920269,-6.1427069
5458102591,106.5913135,-6.1432829
4302047553,106.6104061,-6.1920708
5458102593,106.5915348,-6.143275
5458102595,106.5910895,-6.1426069
5458102597,106.5911043,-6.1422329
4302047558,106.6026305,-6.19211
4302047559,106.6086918,-6.1921151
4302047560,106.6161548,-6.192092
4302047561,106.612689,-6.1921788
4302047562,106.6097244,-6.1921742
4302047563,106.6058564,-6.1921842
4302047564,106.6141339,-6.1922477
4302047565,106.6138454,-6.1922899
4302047566,106.6167549,-6.1923261
5458102598,106.589686,-6.1434435
4302047568,106.6031503,-6.1923488
4302047569,106.6023547,-6.1923635
5458102603,106.5900448,-6.1434029
4302047571,106.6144625,-6.1922844
5458102611,106.5885465,-6.1434427
5458102606,106.5894742,-6.1434583
4302047574,106.616437,-6.1924143
5458102613,106.5881002,-6.1389267
5458102616,106.5877522,-6.1390213
4302047577,106.6090456,-6.1924616
4302047578,106.6129451,-6.1924714
4302047579,106.6150893,-6.1924795
5458102618,106.5901698,-6.1387674
4302047581,106.6097088,-6.1924956
5458102619,106.5901503,-6.1384482
5458102622,106.5893555,-6.1384613
4302047584,106.6083912,-6.192546
4302047585,106.6144955,-6.1925561
5458102623,106.5893393,-6.1380407
4302047587,106.6023668,-6.1925821
4302047588,106.6118314,-6.1925693
4302047589,106.6115799,-6.1925867
5458102628,106.5893072,-6.138936
4302047591,106.6029395,-6.1926128
4302047592,106.603138,-6.1926306
5458102632,106.5878825,-6.1401694
4302047594,106.6138346,-6.1926452
5458102631,106.5885052,-6.1400801
5458102633,106.58876,-6.1409801
4302047597,106.608418,-6.1926713
5458102638,106.5880474,-6.1412451
5458102639,106.5888378,-6.1415035
4307159914,106.6074365,-6.1692584
9060092265,106.684567,-6.1422603
9060092266,106.6844569,-6.1396723
5458102643,106.5891463,-6.1416108
4302047604,106.6090978,-6.1927773
4302047605,106.6096929,-6.1928001
4302047606,106.612452,-6.1928113
4302047607,106.6122787,-6.1928248
5458102648,106.5897694,-6.1378211
4302047608,106.601127,-6.1928012
4302047610,106.6118555,-6.192858
4302047611,106.6118248,-6.1928604
5458102651,106.5892018,-6.1373909
4299819389,106.6712162,-6.1896873
4302047613,106.6013972,-6.1929041
4299819391,106.671565,-6.1897791
4299819392,106.6741051,-6.1897884
4302047616,106.6029851,-6.1929152
4302047614,106.609117,-6.1928929
4299819395,106.6696829,-6.189834
4302047619,106.6084754,-6.1929392
4302047618,106.6089255,-6.1929238
4302047615,106.6022865,-6.1928943
4302047623,106.6103775,-6.1930016
4299819400,106.6740841,-6.1898631
4299819401,106.6743674,-6.1898787
4299819402,106.6797425,-6.1898969
4302047627,106.6100314,-6.1930519
4299819404,106.6712205,-6.1898987
4299819405,106.6746346,-6.189907
4299819406,106.6740688,-6.1899178
4299819407,106.6743359,-6.1899507
4302047630,106.6096794,-6.1930966
4299819409,106.6748823,-6.1899627
4299819410,106.6767735,-6.1899723
4299819411,106.6784618,-6.1899947
4302047633,106.612482,-6.1931581
4299819413,106.6798115,-6.1900025
4299819414,106.6743155,-6.1900084
4302047635,106.6070527,-6.1931702
4302047640,106.6022874,-6.1931981
4299819417,106.6737356,-6.1900539
4299819418,106.673415,-6.1900657
4299819419,106.6732213,-6.1900811
4302047642,106.6025747,-6.1932018
4299819421,106.6768625,-6.1901204
4302047643,106.6029797,-6.1932069
4302047644,106.6031259,-6.1932088
4302047647,106.6115633,-6.1932343
4299819425,106.673692,-6.1901746
4302047650,106.6149373,-6.1932253
4302047651,106.6079372,-6.1932985
4302047652,106.6106762,-6.1933313
4302047645,106.6118525,-6.1932103
4302047654,106.6019693,-6.1933833
4299819431,106.6786132,-6.1902457
4302047655,106.6100846,-6.1934065
2967079337,106.5875922,-6.1735087
4299819434,106.674481,-6.1903477
4302047657,106.6097207,-6.1934118
4302047660,106.6097278,-6.1934581
4299819437,106.6723028,-6.1903606
4302047662,106.6085742,-6.1934439
4299819439,106.6720799,-6.1904005
4299819440,106.6770617,-6.1903976
4302047663,106.6125086,-6.1934656
4302047665,106.6091765,-6.1934785
4302047664,106.6176931,-6.1934812
4302047668,106.6081874,-6.1934942
4302047669,106.6031205,-6.1935008
4302047666,106.6082544,-6.1934855
4302047671,106.6106955,-6.193504
4299819448,106.6787619,-6.1904813
4299819449,106.6718245,-6.1904807
4302047674,106.6111014,-6.1935154
4299819451,106.6743946,-6.1906153
4302047676,106.6079635,-6.1936074
4299819453,106.6765284,-6.1905271
4299819454,106.6744209,-6.1905381
4302047679,106.6059315,-6.1936085
4299819456,106.6715757,-6.1905871
4299819457,106.6746721,-6.1906157
4307159490,106.6085001,-6.1629235
4299819458,106.6774183,-6.1906358
4307159492,106.6104178,-6.1630737
4307159493,106.6090888,-6.1631086
4307159494,106.61036,-6.1631497
4307159495,106.6084296,-6.1631675
4307159496,106.6094039,-6.1632123
4299819465,106.6773338,-6.1907618
4307159498,106.6105291,-6.1633279
4299819460,106.6794928,-6.1906461
4307159500,106.6092695,-6.163407
4307159501,106.6083595,-6.1634097
4299819461,106.6767389,-6.1906564
4299819463,106.6788946,-6.1906971
4299819469,106.6770601,-6.1908369
4307159505,106.6071686,-6.163526
4307159506,106.6080357,-6.1635368
4307159507,106.6090188,-6.1636004
4307159508,106.6083013,-6.1636109
4307159509,106.6082873,-6.1636593
4299819470,106.6689452,-6.1908494
4307159511,106.6078063,-6.1636793
4307159512,106.6108818,-6.1636887
4299819480,106.6773786,-6.1909737
4307159513,106.6079821,-6.1637256
4307159514,106.6045453,-6.1637503
4307159515,106.6070958,-6.163763
4302047701,106.6105763,-6.1939005
4307159518,106.6097412,-6.1638382
4307159519,106.6089494,-6.163845
4307159520,106.6026354,-6.1638877
4299819481,106.6772729,-6.1910002
4307159522,106.6052217,-6.1639224
4307159516,106.6042207,-6.1637883
4299819487,106.6781657,-6.1911268
4302047711,106.6017737,-6.1939667
4307159526,106.6099202,-6.1640019
4302047713,106.6025332,-6.1939885
4307159528,106.6056723,-6.1640012
4307159529,106.6060123,-6.1639894
4302047714,106.6086406,-6.1939938
4307159531,106.6065007,-6.1640002
4307159532,106.6067313,-6.1640054
4307159533,106.6070169,-6.1640115
4307159525,106.6079105,-6.1639785
4307159535,106.6088075,-6.1640973
4307159536,106.6091209,-6.1640744
4302047722,106.6125683,-6.1941256
4302047721,106.6127703,-6.1941051
4307159539,106.6105096,-6.1640996
4307159540,106.6047348,-6.1642109
4307159541,106.6045089,-6.1642111
4302047725,106.6123432,-6.194141
4307159534,106.6095062,-6.1640581
4307159538,106.610102,-6.1641681
4307159545,106.6060127,-6.1642322
4307159546,106.6078342,-6.1642477
4302047732,106.6119468,-6.1941729
4307159542,106.6042139,-6.1642115
4307159549,106.5968869,-6.1643051
4307159550,106.6080971,-6.1643168
4307159551,106.6087187,-6.1643186
4307159552,106.6090123,-6.1643264
4307159553,106.6102841,-6.1643345
4307159554,106.610684,-6.1642567
4307159555,106.6112587,-6.1643539
4307159556,106.6080725,-6.1644017
4302047740,106.6025091,-6.1942543
4302047742,106.6079873,-6.1942749
4302047743,106.6094143,-6.1942941
4307159560,106.6083417,-6.164477
4307159561,106.6104469,-6.1644833
4302047745,106.6101889,-6.1943047
4307159563,106.6060067,-6.1645221
4302047747,106.6106148,-6.1942927
4307159557,106.6025824,-6.1644108
4307159566,106.6067584,-6.1645253
4307159559,106.6039214,-6.1644727
4302047753,106.6084838,-6.1944308
4302047754,106.608823,-6.1944381
4307159570,106.6089768,-6.164607
4307159571,106.608702,-6.1646327
4302047756,106.6091072,-6.194451
4302047758,106.6094201,-6.1944621
4302047760,106.6021375,-6.1944585
4307159575,106.6084229,-6.1646644
4307159567,106.6089727,-6.1645721
4302047764,106.6106559,-6.1944549
4307159578,106.6081477,-6.1647543
4302047765,106.6080235,-6.1944994
4307159573,106.6112128,-6.164663
4307159581,106.6039179,-6.1647811
4307159582,106.604693,-6.1647816
4307159583,106.6049003,-6.1647847
4307159584,106.6050349,-6.1647865
4307159585,106.6051258,-6.1647877
4307159586,106.6060001,-6.1647991
4307159587,106.6060423,-6.1647997
4307159588,106.6063127,-6.1648032
4307159589,106.6067571,-6.1648019
4307159590,106.6089888,-6.1648094
4307159591,106.6069899,-6.164812
4307159592,106.6072689,-6.164839
4307159593,106.6111096,-6.164915
4307159594,106.6099849,-6.1649688
4302047779,106.6080545,-6.1946578
4307159596,106.603915,-6.1650344
4307159597,106.609006,-6.165047
4307159598,106.6121335,-6.1650884
4302047782,106.6084494,-6.1947379
4302047783,106.6091006,-6.1947285
4302047784,106.6123709,-6.1947565
4307159602,106.6050329,-6.1650997
4307159603,106.6081873,-6.1651133
4307159604,106.6050328,-6.1651197
4307159605,106.6060371,-6.1651311
4307159606,106.6063079,-6.1651342
4307159607,106.6071884,-6.165137
4307159608,106.602506,-6.1651713
4307159601,106.6047676,-6.1650946
4302047795,106.6018747,-6.194886
4307159611,106.6100049,-6.1652204
4307159612,106.6027542,-6.1652323
4302047797,106.6016766,-6.1948957
4307159614,106.6095512,-6.165255
4302047798,106.601507,-6.1949039
4307159616,106.6093185,-6.1652727
4307159609,106.6074584,-6.1652233
4307159618,106.6039121,-6.1652889
4307159619,106.6090718,-6.1652915
4302047805,106.6097629,-6.1949955
4302047806,106.6094164,-6.1949889
4302047809,106.6090993,-6.1950281
4302047810,106.6094155,-6.1950342
4302047812,106.6117237,-6.1950543
4307159625,106.6087765,-6.165366
4302047813,106.6112819,-6.1951095
4307159627,106.6084878,-6.1653796
4307159628,106.6050312,-6.1653757
4307159621,106.6119933,-6.1653038
4307159630,106.606033,-6.1653891
4307159631,106.6071146,-6.1653957
4307159632,106.6082111,-6.1653978
4307159633,106.60248,-6.1654279
4307159626,106.6032656,-6.1653578
4307159635,106.6102541,-6.1654584
4307159629,106.6063043,-6.1653849
4307159637,106.6118407,-6.1655297
4307159638,106.6095739,-6.1655091
4307159639,106.6127815,-6.1655264
4302047823,106.6090792,-6.1953862
4307159641,106.6039121,-6.165553
4302047825,106.6019085,-6.195435
4307159643,106.6033221,-6.1655767
4307159644,106.602465,-6.165577
4307159636,106.6128114,-6.1654828
4307159646,106.6050296,-6.1656304
4307159647,106.6060291,-6.1656397
4307159648,106.6063006,-6.165641
4307159649,106.608503,-6.1656544
4307159650,106.6070718,-6.1656697
4307159651,106.6102713,-6.1656949
4302047835,106.6104522,-6.1955575
4307159653,106.6074599,-6.165753
4307159654,106.6095954,-6.1657505
4307159655,106.6033863,-6.1658231
4307159656,106.6039097,-6.165825
4302047840,106.6104524,-6.1955975
4302047841,106.6115712,-6.1955999
4302047842,106.6090685,-6.1955898
4302047843,106.6022079,-6.1956268
4307159661,106.6046578,-6.1658949
4307159662,106.6047541,-6.1658964
4307159663,106.6048817,-6.1658984
4307159664,106.6050279,-6.1659007
4307159665,106.6050963,-6.1659018
4307159666,106.6053096,-6.1659051
4307159667,106.6055308,-6.1659086
4307159668,106.6057455,-6.1659119
4307159669,106.6060245,-6.1659158
4302047853,106.6153762,-6.1957324
4302047854,106.6110411,-6.1957655
4307159672,106.6062416,-6.1659197
4307159673,106.6085256,-6.1659329
4307159674,106.6102893,-6.1659433
4307159675,106.6124674,-6.1659603
4307159676,106.6096171,-6.1659944
4307159677,106.5986237,-6.165997
4302047861,106.6022196,-6.1958531
4302047863,106.6019499,-6.1958719
4302047864,106.6099333,-6.1958607
4302047866,106.6013551,-6.195915
4307159682,106.6110743,-6.1661044
4307159683,106.6112318,-6.1660977
4302047867,106.6069361,-6.1959005
4307159685,106.6046577,-6.1661384
4302047869,106.6010907,-6.1959212
4302047870,106.6061229,-6.1959505
4307159688,106.6033086,-6.1662158
4307159689,106.608548,-6.1662099
4302047874,106.604753,-6.1960122
4302047876,106.6031757,-6.1960565
4307159692,106.6034936,-6.1662357
4307159693,106.6082646,-6.1662361
4307159694,106.6096399,-6.1662424
4307159695,106.6079929,-6.1662612
4307159696,106.609392,-6.166263
4302047880,106.6025793,-6.1960826
4307159698,106.6091488,-6.1662831
4302047882,106.6019617,-6.1961291
4302047883,106.6017754,-6.196136
4307159701,106.5988319,-6.1663444
4307159702,106.6091512,-6.1663129
4302047888,106.6153379,-6.1961621
4307159704,106.6088557,-6.1663344
4302047890,106.6012562,-6.1961721
4307159706,106.6109153,-6.1663571
4307159707,106.6046577,-6.1664264
4302047891,106.6112611,-6.1962016
4307159709,106.6108911,-6.166505
4302047893,106.6091204,-6.1962346
4307159711,106.5988454,-6.1664871
4302047895,106.6096929,-6.1962556
4302047896,106.6099268,-6.1962537
4307159714,106.6080169,-6.166554
4302047899,106.6173223,-6.1962841
4307159716,106.5976929,-6.1665229
4302047901,106.6031928,-6.1963195
4302047903,106.6088755,-6.1963215
4307159710,106.60487,-6.1664746
4307159720,106.612074,-6.1666537
4307159721,106.5986107,-6.1666657
4307159722,106.605727,-6.1666816
4307159723,106.5988547,-6.1666404
4307159715,106.6052958,-6.1665713
4307159725,106.6108628,-6.1667093
4307159726,106.6059825,-6.1667473
4307159727,106.6120659,-6.1667874
4307159719,106.605495,-6.166623
4307159729,106.5983021,-6.1668215
4307159730,106.6070972,-6.1668331
4307159731,106.6080399,-6.1668357
4307159732,106.613029,-6.1668499
4307159733,106.6086005,-6.1668585
4299819701,106.673201,-6.191356
4307159734,106.6083237,-6.1668824
4307159735,106.6080457,-6.1669065
4307159736,106.6071043,-6.1669145
4307159738,106.6108316,-6.1669224
4299819698,106.673613,-6.1913086
4307159740,106.6120498,-6.1670044
4307159741,106.5989782,-6.1670116
4307159742,106.5988668,-6.1670139
4307159743,106.5985813,-6.1670198
4307159744,106.5984591,-6.1670223
4307159745,106.6069269,-6.1670357
4307159746,106.6089154,-6.1670579
5458102979,106.6020228,-6.1405165
4307159747,106.6130156,-6.1670694
4307159748,106.6086185,-6.167081
4299819710,106.6745652,-6.1915179
5458102983,106.602853,-6.1398941
4307159751,106.5975834,-6.1671369
4307159753,106.6080634,-6.1671243
4307159754,106.597211,-6.167141
4307159755,106.6107987,-6.1671451
4302047940,106.617292,-6.1965946
4307159757,106.5982921,-6.167143
4299819718,106.6735416,-6.1915692
4307159759,106.6071272,-6.1671831
4307159760,106.6069428,-6.1672031
4307159761,106.6120335,-6.167223
4307159762,106.609662,-6.1672167
4302047947,106.6080035,-6.1967124
4307159764,106.6094646,-6.1672405
4307159765,106.606672,-6.167237
4307159766,106.6092249,-6.1672624
4299819726,106.6745456,-6.19175
4307159768,106.5968883,-6.167265
4302047952,106.6033174,-6.1967553
4307159770,106.6130023,-6.1672842
4299819730,106.6754976,-6.1918284
4299819733,106.6759483,-6.191877
4307159773,106.60923,-6.1673279
4307159774,106.6089396,-6.1673514
4307159775,106.6108156,-6.1673666
4307159776,106.5977629,-6.1673573
4299819737,106.6745224,-6.1920043
4307159778,106.5985986,-6.1674311
4307159779,106.6120177,-6.1674362
4299819739,106.6754705,-6.1920785
4307159781,106.607295,-6.1674844
4307159782,106.6071554,-6.1674957
4307159783,106.6129887,-6.1675069
4307159784,106.6069528,-6.1674664
4307159785,106.5970917,-6.1675105
4299819745,106.6742479,-6.1922333
4307159787,106.6069832,-6.167515
4307159788,106.606939,-6.167523
4307159789,106.5975646,-6.1675844
5458103022,106.600944,-6.1373439
4307159791,106.6108171,-6.1676021
4299819752,106.6744765,-6.1925073
4307159793,106.6092526,-6.1676193
4307159794,106.609004,-6.1676396
5458103025,106.5965357,-6.1368372
4307159796,106.6087625,-6.1676593
4299819756,106.6770876,-6.1927017
4307159798,106.6085267,-6.1676786
4307159799,106.6119995,-6.1676821
4307159800,106.5989144,-6.1676926
4307159801,106.6082875,-6.1676981
4307159802,106.5986299,-6.1677156
4307159803,106.608052,-6.1677173
4307159804,106.5977711,-6.1677311
4307159805,106.6078079,-6.1677372
4307159806,106.6129742,-6.1677428
4307159807,106.5961931,-6.1677856
4299819768,106.671807,-6.1929949
4307159809,106.6073216,-6.1677769
4307159810,106.5981413,-6.1677884
4299819770,106.6770463,-6.1931299
4307159812,106.5973286,-6.1677964
4299819772,106.672029,-6.1930256
4307159814,106.6094097,-6.1678563
4299819774,106.6747245,-6.1931451
4307159816,106.609023,-6.1678889
4307159817,106.6107887,-6.1678943
4307159818,106.5975608,-6.1679104
4307159819,106.6119776,-6.1679773
4307159820,106.5989378,-6.1680124
4307159821,106.6078269,-6.1680087
4307159822,106.6076455,-6.1680209
4307159823,106.6102313,-6.1680217
4307159824,106.5991185,-6.168038
4302048012,106.6063726,-6.1971164
4302048010,106.6143724,-6.1970967
4302048011,106.6140577,-6.1970938
4302048016,106.6061865,-6.1971704
4302048018,106.6031611,-6.1971868
4307159830,106.5962166,-6.168061
4307159831,106.6107779,-6.168058
4307159832,106.5989379,-6.1680944
4302048017,106.6047791,-6.1971526
4307159834,106.6080821,-6.16812
4302048020,106.6028626,-6.1971874
4307159836,106.5977433,-6.168125
4302048022,106.6123634,-6.1971739
4307159838,106.6078359,-6.1681371
4307159839,106.6076544,-6.1681497
4302048024,106.6035391,-6.1971799
4307159841,106.6090583,-6.1682363
4307159842,106.6073655,-6.1682592
4307159843,106.6088172,-6.1682837
4302048027,106.6169311,-6.197212
4302048029,106.6166248,-6.1972117
4307159846,106.6119564,-6.1682892
4307159847,106.6102287,-6.1682911
4307159848,106.6086675,-6.1683177
4307159849,106.606728,-6.1683146
4307159850,106.6085807,-6.1683248
4307159851,106.6107606,-6.1683209
4307159852,106.6064592,-6.1683873
4307159853,106.6084443,-6.1683569
4302048038,106.6058283,-6.1972688
4307159855,106.6129364,-6.1683574
4307159856,106.6083448,-6.1683728
4302048040,106.6057179,-6.1973008
4302048043,106.6055547,-6.197343
4302048045,106.6028842,-6.1973632
4302048046,106.6084698,-6.1973497
4302048049,106.6103584,-6.1973633
4302048050,106.6053689,-6.197393
4302048051,106.6033776,-6.1973805
4307159861,106.6137486,-6.1684257
4302048053,106.6081229,-6.1973843
4302048057,106.6140445,-6.1974177
4302048056,106.6143758,-6.197417
4302048059,106.6060636,-6.1974587
4302048060,106.6109541,-6.1974655
4302048055,106.6147412,-6.197415
4302048061,106.6013697,-6.1974603
4302048063,106.6101077,-6.1974792
4302048064,106.613085,-6.1975
4302048065,106.6099359,-6.1974668
4307159869,106.5962528,-6.1685157
4302048067,106.612344,-6.1974977
4302048068,106.6156556,-6.197552
4307159878,106.612679,-6.1686753
4302048069,106.6057642,-6.1975381
4302048070,106.6023429,-6.19754
4302048071,106.6147445,-6.1975467
4302048073,106.6026817,-6.197578
4302048074,106.6028925,-6.1975881
4307159884,106.5980112,-6.1686858
4302048075,106.6099602,-6.1975826
4307159886,106.6064883,-6.1687537
4302048078,106.6054568,-6.197615
4302048079,106.6067098,-6.1976635
4302048080,106.6093663,-6.1976351
4307159887,106.5965665,-6.1687985
4302048083,106.6106801,-6.197677
4302048084,106.6103585,-6.1976793
4302048085,106.610109,-6.197681
4302048086,106.6099709,-6.1976882
4307159895,106.6107244,-6.1688692
4307159896,106.6119143,-6.1689063
4307159897,106.5994837,-6.1688778
4302048087,106.6013577,-6.1977161
4307159899,106.612666,-6.1689455
4307159893,106.6067697,-6.1688552
4307159901,106.5994896,-6.1689748
4302048090,106.6020195,-6.1977272
4307159903,106.6065956,-6.1690484
4302048091,106.6060192,-6.1977473
4307159905,106.6103225,-6.1691164
4307159900,106.5996366,-6.1689617
4302048093,106.6062286,-6.1977737
4307159908,106.6107037,-6.1691824
4307159909,106.5969923,-6.1691826
4307159902,106.6067837,-6.1690351
4307159911,106.6118934,-6.1692153
4302048095,106.6058066,-6.1977882
4307159913,106.6126548,-6.1692717
4302048097,106.6134176,-6.1978313
4307159915,106.6118899,-6.1692644
4307159916,106.5965238,-6.1692777
4302048100,106.6156578,-6.197846
4302048101,106.6147493,-6.1978607
4307159910,106.5967249,-6.1692107
4302048103,106.6013493,-6.1979302
4302048104,106.601806,-6.1979152
4302048105,106.6032518,-6.1979295
4302048106,106.6020123,-6.1979301
4302048107,106.6035857,-6.1979387
4302048108,106.6099507,-6.1979482
4302048109,106.6107269,-6.1979427
4302048110,106.6041397,-6.197946
4302048112,106.6109996,-6.197967
4302048114,106.6044743,-6.1979548
5463346037,106.6513262,-6.1478096
4307159925,106.5959416,-6.169329
4302048115,106.6107278,-6.1979788
4302048118,106.6067885,-6.1980343
4302048121,106.6071466,-6.198051
4302048120,106.6058627,-6.1980572
4302048123,106.601339,-6.1981125
4302048124,106.6016099,-6.1980947
4302048125,106.6017953,-6.1981023
4302048128,106.6137352,-6.1981673
4302048129,106.6130886,-6.1981525
4302048127,106.6063686,-6.1981485
4302048131,106.6140546,-6.1981703
4302048133,106.612456,-6.1981583
4302048134,106.6169552,-6.1981826
4302048135,106.6166271,-6.1981816
4302048136,106.6163055,-6.1981831
4302048137,106.6159714,-6.1981742
4302048139,106.6156594,-6.1981804
4302048140,106.6154242,-6.1981825
4302048141,106.6151133,-6.1981788
4307159951,106.5962866,-6.1695927
4302048142,106.6147467,-6.1981815
4307159953,106.6060978,-6.1696376
4307159954,106.5985237,-6.169641
4302048138,106.6143758,-6.198178
4302048144,106.6107382,-6.1981955
4307159957,106.6304781,-6.1697025
4302048145,106.6099879,-6.1982031
4302048146,106.6009507,-6.1982185
4302048147,106.6011027,-6.1982175
4302048148,106.6013336,-6.1982299
4302048149,106.6059037,-6.1982468
4302048151,106.6016101,-6.1982894
4302048152,106.6017898,-6.1982916
4302048153,106.6032431,-6.1983079
4302048154,106.6019948,-6.1982981
4307159963,106.5967243,-6.1697519
4302048156,106.6041313,-6.1982715
4302048157,106.6116212,-6.198367
4302048158,106.6044799,-6.1982749
4302048159,106.6071405,-6.1983463
4302048160,106.6064198,-6.1983444
4302048161,106.6049557,-6.1982864
4307159970,106.6068473,-6.1698726
4307159971,106.5963161,-6.1698797
5458103204,106.606294,-6.1408629
4302048164,106.6071399,-6.198395
4302048165,106.600845,-6.1983936
5458103207,106.6043463,-6.1409188
4302048168,106.608205,-6.198436
4302048166,106.6011046,-6.1984129
4302048170,106.6107446,-6.1984538
4302048169,106.6116196,-6.1984593
4302048172,106.6110143,-6.198483
4302048171,106.6102712,-6.198462
4302048174,106.6013145,-6.1984931
4302048175,106.6107435,-6.1984945
4302048176,106.6016142,-6.1984883
4302048177,106.6143704,-6.1984767
4302048179,106.6137347,-6.1984768
4302048180,106.6130963,-6.1984706
4302048181,106.6019972,-6.1984968
4302048182,106.6124848,-6.1984769
4307159985,106.5977629,-6.1700032
4307159986,106.5975767,-6.170004
4302048186,106.6119209,-6.1985729
7133596603,106.6799079,-6.1781485
4302048187,106.6008251,-6.1985893
4302048189,106.6159776,-6.1986043
4302048190,106.6011019,-6.1986097
4302048191,106.6044694,-6.1985377
4307159998,106.6264042,-6.1700843
4302048194,106.6032407,-6.1986114
4302048193,106.6047266,-6.1985472
4307160003,106.5976827,-6.1701279
4302048197,106.6116284,-6.1986715
4302048198,106.6010962,-6.1986989
4302048199,106.6013175,-6.1986901
4302048200,106.6019971,-6.1987126
4302048201,106.6107496,-6.1987098
4302048202,106.6022982,-6.1987122
4307160006,106.5963898,-6.1701511
4307160012,106.5964676,-6.1703284
4302048205,106.6008113,-6.1987763
4302048207,106.6062205,-6.1987826
4302048208,106.6010905,-6.1987996
4302048206,106.6156459,-6.198781
4302048210,106.6140864,-6.1987849
4302048211,106.6134092,-6.1987963
4302048212,106.6130965,-6.1987981
4307160021,106.6090389,-6.171233
4307160022,106.6073184,-6.1713334
4307160023,106.607247,-6.1713386
4307160024,106.6071201,-6.1713502
4302048216,106.6056941,-6.1988883
4302048218,106.6116317,-6.1988946
4302048219,106.6015686,-6.1989172
4299819996,106.6778333,-6.1937496
4302048221,106.6019802,-6.1989275
4302048222,106.610759,-6.1989284
4302048220,106.6017577,-6.1989208
4299820000,106.6786609,-6.1938184
4302048225,106.6008101,-6.1989581
4302048226,106.6010852,-6.198984
4302048223,106.602677,-6.1989505
4302048224,106.6029921,-6.1989582
4302048227,106.6034715,-6.1989659
4299820006,106.67186,-6.1938936
4302048228,106.6037892,-6.1989786
4302048232,106.6153989,-6.1991126
4302048229,106.604111,-6.1989851
4299820010,106.6770162,-6.1940241
4302048234,106.6116388,-6.1991243
4302048236,106.6041042,-6.1990571
4302048237,106.6044668,-6.1990693
4299820014,106.6718412,-6.1941736
4299820015,106.6710057,-6.1942429
4299820016,106.6713401,-6.194274
4302048241,106.6166372,-6.1991471
4299820018,106.6394706,-6.1944638
4299820019,106.6766327,-6.1947792
4302048243,106.6057458,-6.1991842
4302048242,106.616339,-6.1991524
4302048239,106.6107711,-6.1991591
4302048238,106.6007624,-6.1991423
4299820024,106.6401624,-6.1953395
4299820025,106.6383116,-6.19548
4302048248,106.6063213,-6.1992429
4302048251,106.6070968,-6.1992147
4299820028,106.6382587,-6.1955947
4302048252,106.6169375,-6.199249
4302048245,106.6010739,-6.1991658
4302048249,106.6064547,-6.1992163
4299820032,106.6382163,-6.1956806
4302048256,106.6013217,-6.1992445
4302048250,106.6060805,-6.1992177
4299820035,106.6389237,-6.1958007
4302048260,106.611647,-6.1993556
4302048259,106.6054809,-6.1993282
4302048262,106.6007628,-6.1993578
4302048263,106.6010723,-6.1993096
4302048264,106.6107812,-6.1993799
4302048265,106.6041483,-6.1993684
4302048261,106.6038828,-6.1993574
4299820043,106.6388145,-6.1960142
4299820044,106.6405244,-6.1960095
4302048267,106.6015173,-6.199425
4299820046,106.6382714,-6.1961795
4302048270,106.6012073,-6.1994057
4307160073,106.6009496,-6.1735075
4302048273,106.6166441,-6.1995208
4302048274,106.6119557,-6.1995244
4299820050,106.6380923,-6.1962107
4302048276,106.6140854,-6.1995331
4302048275,106.6137419,-6.1995291
4302048278,106.6143829,-6.1995321
4302048279,106.6166407,-6.1995588
4302048280,106.6016778,-6.1995516
4299820057,106.6384149,-6.1964402
4302048281,106.6006832,-6.199563
4302048283,106.6014026,-6.1995751
4307160050,106.6071195,-6.1730545
4307160093,106.6004628,-6.1748114
4302048286,106.6114372,-6.199633
4307160090,106.6087379,-6.1746768
5458103323,106.5872338,-6.1413228
4302048289,106.602722,-6.1996848
4302048290,106.6029165,-6.1996903
5458103325,106.5873787,-6.1419255
4299820068,106.6384269,-6.1971115
4302048292,106.6031569,-6.199702
4302048294,106.6015598,-6.1996969
4302048295,106.6036044,-6.1997162
4302048293,106.6033845,-6.1997071
4302048297,106.6041842,-6.1997214
4299820074,106.6386081,-6.1975197
4302048296,106.6038755,-6.1997098
4307160106,106.6005917,-6.175406
4302048301,106.6137409,-6.1997478
4302048302,106.6131046,-6.199752
4302048303,106.6134067,-6.1997492
4302048304,106.6127847,-6.199746
4299820081,106.639144,-6.1977795
4302048306,106.6122161,-6.1997921
4307160055,106.6007777,-6.1731623
4307160109,106.6006363,-6.1757612
4302048309,106.6057874,-6.1998569
4302048310,106.6114669,-6.1998429
4302048311,106.6045123,-6.1998685
4302048312,106.6110486,-6.1998792
4302048313,106.6109687,-6.1998859
4302048314,106.6014274,-6.1998701
4302048315,106.6107789,-6.1998798
4307160117,106.6006784,-6.176097
4302048317,106.6165437,-6.1998006
4307160126,106.6081463,-6.1763015
4302048319,106.6070437,-6.1999114
4302048320,106.6041698,-6.1999047
4302048321,106.6011245,-6.1999132
4307160130,106.6014372,-6.1763601
4302048323,106.602674,-6.1999901
4307160058,106.6013356,-6.173333
4302048325,106.6028929,-6.2000269
4302048326,106.6029532,-6.2000358
4302048327,106.6022291,-6.2000192
4307160133,106.6046975,-6.176487
4307160136,106.6063503,-6.1765208
4302048330,106.6122243,-6.2000442
4302048331,106.6012925,-6.2000466
4302048332,106.6031427,-6.2000649
4302048333,106.613748,-6.2000605
4302048334,106.612784,-6.2000589
4307160143,106.6014348,-6.1766999
4302048336,106.6152977,-6.2000657
4302048337,106.6010069,-6.200067
4307160142,106.6017251,-6.17667
4302048339,106.6032822,-6.200088
4302048340,106.6017012,-6.2000871
4302048341,106.6065431,-6.2001082
4302048342,106.6115052,-6.2000915
4302048343,106.6033686,-6.2000986
4302048344,106.60803,-6.2000746
4302048345,106.6044221,-6.2001182
4302048346,106.6021475,-6.2001137
4302048347,106.6035474,-6.200136
4302048348,106.6035886,-6.2001403
4307160150,106.608118,-6.1769497
4307160151,106.6083934,-6.1769654
4302048351,106.6041603,-6.2001645
4302048352,106.6137505,-6.2001597
4302048353,106.6038499,-6.2001733
4302048354,106.6124915,-6.2001939
4302048355,106.6109683,-6.2001884
4302048356,106.6107536,-6.2001838
4302048357,106.6005369,-6.2001866
4307160160,106.6045354,-6.1771316
4307160065,106.6082213,-6.1734102
4307160168,106.6081156,-6.1772613
4302048361,106.6109713,-6.2002898
4302048362,106.612146,-6.20032
4307160162,106.6225688,-6.1772157
4302048364,106.6115756,-6.2003522
4302048365,106.6019498,-6.200367
4302048366,106.6080115,-6.2003509
4302048367,106.6007929,-6.2003457
4302048368,106.6127858,-6.2003632
4302048369,106.6137457,-6.2003658
4302048370,106.6007708,-6.2003758
4307160173,106.604514,-6.1774073
4302048372,106.6068059,-6.2004013
4302048373,106.6014735,-6.2004031
4307160182,106.6045518,-6.1776021
4307160181,106.6048429,-6.1775834
8499367032,106.6073286,-6.2045647
4302048376,106.6021078,-6.2004514
4302048377,106.6063847,-6.200474
4302048379,106.6023564,-6.2004771
4307160184,106.6081028,-6.1776594
4302048381,106.6107567,-6.2004831
4302048382,106.6054688,-6.2004884
4302048383,106.6025952,-6.2004997
4302048384,106.6028525,-6.2005239
4302048385,106.6109297,-6.2005364
4302048386,106.600455,-6.2005866
4302048387,106.6032452,-6.2005748
8499367042,106.6063879,-6.2043414
4302048388,106.6121531,-6.2005702
4307160193,106.60458,-6.1778648
4302048391,106.6035017,-6.2006019
4307160199,106.601583,-6.1779213
4307160196,106.6094281,-6.1779034
4302048394,106.6017379,-6.2006415
4302048395,106.6041237,-6.2006595
4307160072,106.6094241,-6.1734715
4302048397,106.6005779,-6.2006603
4302048398,106.6137451,-6.2006591
4302048399,106.6043756,-6.2006681
4302048400,106.6127885,-6.2006777
4302048401,106.6124961,-6.2006865
4302048402,106.6121643,-6.2007102
4302048403,106.6012309,-6.2007108
4302048404,106.6047184,-6.2007026
4307160212,106.608085,-6.1782119
4307160074,106.6011773,-6.1735837
4307160207,106.6011532,-6.1781327
4302048408,106.6003717,-6.2007732
4302048409,106.6062633,-6.2008056
4302048410,106.6007407,-6.200791
4307160219,106.6080789,-6.1784061
4302048412,106.6150222,-6.2008144
4302048413,106.6146565,-6.2008271
4299820190,106.6404245,-6.1981342
4302048414,106.614363,-6.2008401
4302048415,106.6111259,-6.2008529
4302048417,106.6137534,-6.2008401
4302048416,106.615866,-6.2008409
4299820195,106.6385181,-6.1982581
4302048420,106.6162918,-6.2008991
4307160077,106.6070912,-6.1738206
4299820198,106.6402148,-6.1983969
4302048423,106.6014966,-6.2009287
4302048422,106.6154265,-6.2008831
4307160233,106.6018216,-6.1786819
4307160230,106.6183874,-6.1786485
4302048427,106.6033659,-6.2009311
4307160078,106.606812,-6.1740763
4302048429,106.6006131,-6.2009621
4307160079,106.6070799,-6.1740821
4307160236,106.6046757,-6.1786857
4307160240,106.6010743,-6.1787887
4299820209,106.6396688,-6.1988207
4302048434,106.6060824,-6.2010441
4307160243,106.6013965,-6.1788862
4302048436,106.6046972,-6.2010626
4302048437,106.6016759,-6.2011191
4307160246,106.6017296,-6.1789871
4307160245,106.618385,-6.1789554
4307160247,106.6195149,-6.1789936
4302048441,106.600866,-6.2011618
4307160249,106.6195504,-6.1790749
4302048443,106.6022078,-6.2011958
4307160244,106.600444,-6.1789314
4302048445,106.602985,-6.2012784
4302048446,106.6018867,-6.2012641
4302048447,106.6033291,-6.2013128
4302048448,106.6020342,-6.2012964
4302048449,106.6063304,-6.2013194
4307160258,106.6183628,-6.1792495
4307160251,106.6008576,-6.1790693
4302048452,106.6157118,-6.2013705
4307160252,106.6169973,-6.1791461
4302048454,106.6046735,-6.2014337
4307160262,106.6195582,-6.1792662
4307160083,106.607623,-6.1743686
4307160265,106.6007874,-6.1792919
4302048458,106.6010935,-6.2014648
4299820235,106.6358309,-6.2022658
4299820236,106.6358591,-6.2023312
4302048460,106.6150183,-6.201491
4307160267,106.6195564,-6.179331
4302048463,106.6029583,-6.201514
4299820240,106.6338853,-6.2030245
4307160085,106.6082089,-6.1743805
4299820242,106.6339322,-6.2030885
4302048467,106.6074523,-6.2015602
4302048468,106.616374,-6.2015374
4302048469,106.6033061,-6.2016519
4307160277,106.6147791,-6.1794221
4307160271,106.6171318,-6.1793649
4302048472,106.6021562,-6.2017344
4302048473,106.6046393,-6.2017305
4299820250,106.6371748,-6.2036811
4299820251,106.6369317,-6.2041079
4302048476,106.604638,-6.2017718
4299820253,106.6367196,-6.2044716
4299820254,106.6386354,-6.2045346
4299820255,106.6364994,-6.2048492
4299820256,106.636464,-6.20491
4299820257,106.6383853,-6.2049623
4299820258,106.6347505,-6.2052191
4302048481,106.6140103,-6.2017855
4299820260,106.6381639,-6.2053325
4299820259,106.6362549,-6.2052941
4299820261,106.6360504,-6.2056192
4299820263,106.6379584,-6.2057221
4299820264,106.6379165,-6.2057826
4307160288,106.6195522,-6.1795365
4299820266,106.6358976,-6.2058812
4299820267,106.635869,-6.2059302
4302048492,106.6005381,-6.2019927
4299820269,106.6357643,-6.2061097
4299820270,106.6377022,-6.2061525
4299820268,106.6393062,-6.2060198
4302048493,106.6008293,-6.2020208
4302048494,106.6008752,-6.2020244
4307160306,106.5969995,-6.1797986
4299820274,106.6374839,-6.2064878
4302048495,106.6010576,-6.2020378
4299820277,106.6396167,-6.2066965
4302048502,106.6140109,-6.2020918
4307160309,106.5967491,-6.1798291
4299820279,106.6372977,-6.2067871
4299820281,106.6302221,-6.2067943
4299820278,106.6387463,-6.2067691
4299820280,106.6305249,-6.2067816
4299820282,106.630026,-6.2068027
4307160317,106.5964569,-6.1798794
4299820286,106.638454,-6.2070551
4299820287,106.6378601,-6.207102
6552423680,106.6137388,-6.1575315
4299820288,106.6374429,-6.2071142
4302048506,106.6032623,-6.2022681
4302048515,106.6016631,-6.2024022
4307160324,106.5962317,-6.1799464
4302048516,106.6045673,-6.2023905
4302048518,106.6018838,-6.2024201
4302048519,106.6146655,-6.2023978
4302048520,106.6143535,-6.2024018
4302048521,106.6140148,-6.2024075
4302048522,106.6026199,-6.2024217
4307160328,106.6079713,-6.1799594
4307160326,106.617992,-6.1799487
4302048525,106.6021042,-6.2024372
4302048526,106.6028778,-6.2024481
4307160335,106.5959621,-6.1800328
4307160333,106.5969671,-6.1800256
4302048529,106.6032409,-6.2024775
2967080210,106.5909953,-6.1730433
4302048530,106.6163683,-6.2024863
2967080212,106.5914639,-6.1735837
4302048533,106.6157316,-6.2024981
4302048532,106.6160592,-6.2024912
4302048535,106.6154144,-6.2024984
4302048536,106.6150286,-6.2025054
4302048531,106.601031,-6.2024856
4302048538,106.6014074,-6.2025171
4302048534,106.5997988,-6.2024888
4307160348,106.6195387,-6.18015
4302048541,106.6061891,-6.2025654
4302048542,106.5987379,-6.2025671
4307160347,106.5978557,-6.1801434
4302048544,106.6020959,-6.2026292
4307160344,106.6144033,-6.1801013
4307160354,106.6120653,-6.1802273
4302048547,106.6071265,-6.2025788
4307160356,106.6117063,-6.1802309
4302048549,106.5982339,-6.2026228
4302048550,106.6038947,-6.2026565
4302048551,106.597732,-6.202631
4302048552,106.6073444,-6.2026474
4302048553,106.6028537,-6.2026907
4302048554,106.6045351,-6.2027026
4302048555,106.6055758,-6.2027501
4307160358,106.6076318,-6.1802392
4307160357,106.6147476,-6.1802365
4302048558,106.6160633,-6.2028181
4302048559,106.6167165,-6.2028155
4302048560,106.6061821,-6.2028046
4307160369,106.598371,-6.1803289
4302048562,106.6140177,-6.2028455
4302048563,106.6136831,-6.202842
4302048564,106.6132666,-6.2028451
4307160373,106.598131,-6.1803502
4307160374,106.5978812,-6.1803517
4302048566,106.6020784,-6.2028881
4302048568,106.6009841,-6.2029168
4302048569,106.6013711,-6.2029493
4302048570,106.6078674,-6.2028994
4302048571,106.6028269,-6.2029427
4302048567,106.6077642,-6.2028141
4302048572,106.6038703,-6.2029736
4302048574,106.6045132,-6.203032
4307160376,106.6195561,-6.1803714
4307160375,106.6150404,-6.1803525
4307160385,106.5978879,-6.1804074
4307160386,106.5958656,-6.1804146
4302048578,106.604812,-6.2030691
4302048580,106.5997309,-6.2030412
4302048581,106.6051723,-6.2031104
4302048582,106.6007117,-6.2031015
4302048583,106.6117145,-6.2031366
4302048584,106.6160581,-6.2031318
4302048577,106.6114066,-6.2030514
4302048586,106.6009603,-6.2031305
4302048587,106.6140271,-6.2031443
4302048588,106.6020526,-6.2031574
6547967308,106.6633822,-6.1508294
4302048590,106.6130687,-6.2031483
4302048591,106.5978339,-6.2031749
4302048592,106.6086017,-6.2031467
4302048593,106.6119257,-6.2031701
4302048594,106.6088539,-6.2031894
4307160112,106.6067352,-6.1758751
4302048596,106.6020446,-6.203224
4302048597,106.6013537,-6.2031907
6547967309,106.6634138,-6.1507842
4302048599,106.6027994,-6.2032293
4302048600,106.6031375,-6.2032553
4307160113,106.6089896,-6.1758981
6547967319,106.6634628,-6.1537652
6547967323,106.6632093,-6.1549941
4302048604,106.6035104,-6.2033019
4302048605,106.6096304,-6.2032982
4302048606,106.6015754,-6.2033094
4307160114,106.6073043,-6.1759211
6547967324,106.6625651,-6.1550175
4302048609,106.6038379,-6.2033267
4302048610,106.6017952,-6.203345
4302048611,106.6015622,-6.2033413
4302048612,106.6020248,-6.2033793
4299820389,106.6377465,-6.2072936
4302048614,106.6044574,-6.2033922
4307160115,106.608426,-6.1759356
4302048616,106.6055171,-6.2033667
6563171689,106.6322329,-6.1706257
4302048618,106.6047695,-6.2034207
4302048619,106.6058236,-6.2034074
6547967337,106.6601557,-6.1498646
4302048621,106.6166804,-6.2034342
4302048622,106.6160599,-6.2034507
4302048623,106.6160029,-6.203453
4302048624,106.6157253,-6.2034566
4302048625,106.6051362,-6.2034627
4302048626,106.6154135,-6.2034605
6563171699,106.6291018,-6.16514
6563171700,106.6220331,-6.1675649
4299820405,106.6349209,-6.2086963
4302048630,106.614032,-6.2034479
4299820406,106.6334437,-6.2086961
4302048631,106.6079784,-6.2034509
4302048633,106.6130783,-6.2034658
4302048629,106.6143617,-6.2034481
4302048635,106.6119286,-6.2034656
4299820412,106.6348299,-6.2088785
4302048628,106.6146748,-6.2034476
4299820414,106.6338846,-6.2089027
4302048636,106.60668,-6.2035069
4299820416,106.6301446,-6.2089204
4302048640,106.6096215,-6.2034649
4302048642,106.6020115,-6.2035709
4299820419,106.6355965,-6.2089705
4307160121,106.6067244,-6.1762547
4299820421,106.6342803,-6.2090721
4299820422,106.6376285,-6.2091095
4307160122,106.6069894,-6.1762635
4299820424,106.6377251,-6.2092203
7249202569,106.6184749,-6.1672869
4299820426,106.6346719,-6.2092508
4299820427,106.6385187,-6.2092794
4307160123,106.6072917,-6.1762734
4299820429,106.6382454,-6.2093575
7249202574,106.6188221,-6.167825
4299820431,106.6385968,-6.2094375
4299820430,106.6350275,-6.209408
4299820433,106.6394173,-6.2096482
4302048653,106.6013744,-6.203612
4299820435,106.6377733,-6.2096081
4302048657,106.6027101,-6.2036716
4302048660,106.6106234,-6.2036513
4302048662,106.6057935,-6.2036425
4299820439,106.6385377,-6.2097676
4299820440,106.6325062,-6.2098251
4302048665,106.6091418,-6.2036921
4299820437,106.6359534,-6.2096774
4302048667,106.6066261,-6.2036749
4302048668,106.6037884,-6.2036882
4307160127,106.6084096,-6.1763102
4299820446,106.6334637,-6.2098509
4299820447,106.6329461,-6.2098676
4302048670,106.6064416,-6.2037263
4302048673,106.6044308,-6.2037333
4302048674,106.5996712,-6.2037533
4302048672,106.6094031,-6.2037307
4307160128,106.6086864,-6.1763285
4299820453,106.637607,-6.2099201
4302048678,106.6140344,-6.2037711
4302048679,106.6130842,-6.2037632
4299820456,106.6384789,-6.2100957
4299820457,106.6337275,-6.2101171
4307160490,106.5961483,-6.1804542
4299820458,106.6337883,-6.2101438
4299820460,106.6332365,-6.2102605
4307160493,106.5963706,-6.1804854
4302048686,106.6140338,-6.203801
4299820463,106.634201,-6.2103195
4299820461,106.6322999,-6.210331
4302048687,106.6003129,-6.2038144
4307160498,106.5966633,-6.1805264
4302048690,106.6007125,-6.2038274
12671258036,106.6378365,-6.1792804
4307160492,106.6032326,-6.1804827
4307160502,106.5985922,-6.1805712
4307160494,106.6154882,-6.1804869
4307160495,106.615821,-6.1805066
4299820473,106.632654,-6.2104895
4299820474,106.6345528,-6.2104709
4307160507,106.5971078,-6.180591
4302048699,106.602544,-6.2039161
4302048701,106.6018271,-6.2039439
4302048698,106.6075694,-6.2038922
4302048697,106.6110523,-6.203864
4307160512,106.5973238,-6.1806234
4302048705,106.6116427,-6.2039358
4302048700,106.6057749,-6.2039023
4302048706,106.6063577,-6.2039678
4302048702,106.6169434,-6.2039168
4302048709,106.6006972,-6.2040012
4307160518,106.5975928,-6.1806637
4307160519,106.6000654,-6.1806725
4307160511,106.6009321,-6.1806193
4307160521,106.6209844,-6.1806607
4302048714,106.600968,-6.2040297
4307160523,106.5978466,-6.1807018
4307160524,106.6015094,-6.1807021
4307160525,106.6124254,-6.1807012
4302048718,106.6161145,-6.2040879
4307160522,106.6126788,-6.1807049
4307160137,106.6067166,-6.1765258
4302048721,106.6028274,-6.2041208
4307160526,106.6032027,-6.1807075
4307160531,106.5980695,-6.1807353
4302048724,106.6109886,-6.2041542
4307160533,106.6017891,-6.1807422
4307160532,106.6017423,-6.1807355
4302048727,106.6057471,-6.2041599
4302048728,106.6114609,-6.2041846
4307160537,106.5985549,-6.1808021
4307160536,106.6020403,-6.1807783
4302048731,106.6062731,-6.2042189
4302048732,106.60358,-6.2042434
4307160539,106.6022713,-6.1808114
4307160542,106.6024933,-6.1808432
4307160541,106.5987956,-6.1808322
4307160540,106.6150889,-6.180819
4307160545,106.595705,-6.1808598
4302048738,106.5996907,-6.2043098
4307160544,106.6005538,-6.1808663
4307160543,106.6161293,-6.1808369
4302048741,106.6016158,-6.2043351
4307160550,106.6076119,-6.1808873
4307160549,106.6027179,-6.1808755
4302048744,106.6113563,-6.204352
4302048745,106.6156048,-6.2044009
4307160554,106.6029492,-6.1809086
4302048747,106.6150529,-6.2044114
4302048748,106.6110822,-6.2044265
4307160555,106.6085546,-6.180911
4302048750,106.6054052,-6.2044317
4302048751,106.6111789,-6.2044316
4302048752,106.6025798,-6.204453
4307160560,106.6034253,-6.1809769
4307160558,106.6031716,-6.1809405
4307160561,106.5965916,-6.1809804
4307160559,106.599758,-6.1809581
4302048757,106.6033862,-6.2045145
4302048758,106.6056926,-6.2045418
4307160563,106.6017049,-6.1810002
4302048760,106.6110769,-6.2045535
4302048761,106.6041022,-6.204598
4307160564,106.6126937,-6.1810313
4307160571,106.6026803,-6.1811396
4307160567,106.6120928,-6.1810513
4302048765,106.60212,-6.2046288
4302048766,106.5996861,-6.20464
4302048767,106.6028799,-6.2046626
4307160575,106.607333,-6.1811717
4307160576,106.6029144,-6.1811765
4307160578,106.6076029,-6.1811784
4302048771,106.6150588,-6.2047209
4307160574,106.6150953,-6.1809133
4302048773,106.6006301,-6.2047256
4302048774,106.6140434,-6.204767
4302048775,106.6143758,-6.2047618
4302048776,106.6146876,-6.2047625
4302048777,106.6150598,-6.2047635
4307160582,106.6085442,-6.181212
4302048779,106.6007754,-6.2047942
4302048780,106.6043631,-6.2047826
4307160581,106.6079455,-6.1811911
4307160584,106.6016743,-6.181217
4307160585,106.6032228,-6.181222
4302048784,106.6031637,-6.204848
4307160588,106.6093646,-6.1812314
9989525010,106.680188,-6.1742061
4302048787,106.6086305,-6.2048799
4302048788,106.6032221,-6.2048922
4307160594,106.5974962,-6.1813565
4302048790,106.605562,-6.2048901
4307160597,106.5977453,-6.1813913
4302048792,106.6107528,-6.2049246
4307160601,106.6116597,-6.1814062
4307160602,106.5979756,-6.1814234
4307160598,106.602901,-6.1813813
4302048796,106.6101071,-6.2049399
4302048797,106.6021803,-6.2049886
4307160604,106.6031089,-6.1814127
4307160607,106.6276208,-6.1814489
4302048800,106.6018452,-6.2050077
4307160609,106.5957741,-6.1814672
4302048801,106.6156156,-6.2050282
4302048803,106.6150618,-6.2050274
4302048804,106.6027222,-6.2050391
4307160612,106.6063933,-6.1814876
4307160614,106.607326,-6.181509
4307160606,106.6016415,-6.1814493
4302048808,106.6108323,-6.2050646
4307160616,106.6079375,-6.1815116
4302048810,106.6023353,-6.2050827
4307160618,106.6004582,-6.1815152
4307160620,106.5986938,-6.1815242
4307160621,106.5989226,-6.1815558
4302048814,106.6054163,-6.2050985
4307160623,106.626852,-6.1815674
4302048816,106.6059496,-6.2051463
4307160622,106.600801,-6.1815618
4307160626,106.596511,-6.1815698
4307160627,106.599143,-6.1815862
4307160619,106.6085334,-6.1815222
4307160629,106.6026194,-6.1815858
4302048822,106.6088529,-6.2051414
4307160631,106.6028701,-6.18161
4302048824,106.6102758,-6.2052196
4302048825,106.6029815,-6.2052157
4307160632,106.6013773,-6.1816402
4302048827,106.6060589,-6.2052175
4307160630,106.601083,-6.1816002
4302048829,106.604469,-6.2052486
4302048830,106.6025832,-6.20525
4302048831,106.6092329,-6.2052603
4302048832,106.6108982,-6.205253
4302048833,106.6081629,-6.2052772
4307160642,106.5974484,-6.1816995
4307160638,106.6016101,-6.1816719
4302048836,106.6155539,-6.2053288
4307160637,106.6151382,-6.1816855
4302048838,106.6150668,-6.2053261
4307160159,106.6007431,-6.1771168
4302048840,106.6103545,-6.2053499
4302048841,106.6052314,-6.2053466
4302048842,106.5998912,-6.2054605
4307160650,106.6114812,-6.1817388
4307160645,106.6134333,-6.1817142
4307160653,106.613485,-6.1817339
4302048846,106.603243,-6.2053928
4302048845,106.6133575,-6.2053903
4302048848,106.6059918,-6.2054895
4302048849,106.6024125,-6.2054938
4302048850,106.6084125,-6.2055201
4302048851,106.6086392,-6.2055719
4307160656,106.6106646,-6.1817474
4307160658,106.6116664,-6.1817354
4302048854,106.5999407,-6.2055714
4307160662,106.6023669,-6.181776
4307160164,106.6072577,-6.1772307
4302048857,106.6154922,-6.2056328
4302048858,106.6104838,-6.205614
4302048859,106.6150663,-6.2056354
4302048860,106.6030779,-6.2056406
4302048856,106.6120348,-6.2056381
4302048862,106.5981199,-6.2055889
4302048863,106.6096141,-6.2056968
4302048864,106.6117988,-6.2056835
4307160672,106.6026016,-6.1817849
4302048866,106.6100258,-6.2056941
4302048867,106.6088247,-6.2056965
4307160676,106.6063902,-6.1818215
4302048869,106.6037189,-6.2057176
8519683686,106.6822672,-6.2069689
4302048870,106.6017581,-6.2057369
4302048872,106.6143858,-6.2057593
4302048873,106.6146912,-6.2057569
4302048874,106.6140441,-6.2057594
4302048871,106.6150688,-6.2057557
4302048876,106.6020325,-6.2057641
4307160682,106.6075823,-6.1818502
4307160681,106.6073189,-6.1818412
4302048879,106.6107198,-6.205787
4302048880,106.6032902,-6.205791
4307160684,106.6079288,-6.1818621
4302048882,106.5965504,-6.2058061
4302048883,106.5984533,-6.2058193
4302048884,106.5961883,-6.2058301
4302048885,106.5967853,-6.2058379
4302048886,106.5958599,-6.2058581
4302048887,106.6090691,-6.2058667
4307160687,106.6088511,-6.181874
4302048889,106.600706,-6.2058614
4302048890,106.6020182,-6.2058857
4302048891,106.5968025,-6.2058875
4307160700,106.5996143,-6.1819993
4302048893,106.6061568,-6.2059332
4307160702,106.6023324,-6.1820109
4307160703,106.6113244,-6.1820113
4302048896,106.6048115,-6.2059363
4307160696,106.5969419,-6.1819733
4302048898,106.6150707,-6.2059536
4302048899,106.607062,-6.2059628
4302048900,106.6035463,-6.2059724
4302048901,106.6024624,-6.2059921
4307160701,106.5971699,-6.1820055
4302048903,106.601729,-6.2058896
4307160712,106.5964302,-6.1821601
4302048905,106.61148,-6.2060337
4307160714,106.6063808,-6.1821671
4302048907,106.6093494,-6.206062
4302048908,106.6022184,-6.2057798
4307160717,106.6075717,-6.1821967
4302048910,106.6072369,-6.2061213
4307160713,106.6063036,-6.1821652
4302048912,106.602723,-6.2061734
4302048913,106.6073011,-6.2061746
4299820690,106.6394119,-6.210681
4302048914,106.5967624,-6.2061672
4307160721,106.6023012,-6.1822235
4307160176,106.6089169,-6.1775326
4307160719,106.598607,-6.1822065
4307160726,106.5990544,-6.1822687
4307160728,106.6288537,-6.1823278
4302048921,106.6150674,-6.2062514
4302048922,106.6022737,-6.2062618
4302048923,106.6156531,-6.2062621
4302048924,106.6096399,-6.2062644
4302048925,106.5969691,-6.2062768
4307160733,106.6105394,-6.1823676
4307160730,106.6112688,-6.1823534
4302048928,106.5978043,-6.2062995
4307160737,106.5963946,-6.1824208
4307160738,106.6267107,-6.1824386
4302048931,106.6080142,-6.206309
4307160740,106.6063712,-6.182434
4302048933,106.6029482,-6.2063301
4302048934,106.6091669,-6.2063344
4299820711,106.6333252,-6.2109104
4307160742,106.6105421,-6.1824432
4302048937,106.6071492,-6.2063747
4302048938,106.6113691,-6.2063829
4307160746,106.6022672,-6.1824549
4307160748,106.6269332,-6.1824853
4302048941,106.6044829,-6.2064229
4302048942,106.5968184,-6.206442
4307160751,106.6271628,-6.1825285
4302048944,106.5971802,-6.2064348
4307160744,106.6003235,-6.1824538
4302048946,106.6098875,-6.2064368
4302048947,106.598078,-6.2064609
4302048948,106.5977065,-6.2064807
4302048949,106.6117349,-6.2064843
4299820726,106.6382875,-6.211164
4302048951,106.6082823,-6.2064942
4302048952,106.6031906,-6.2065103
4307160756,106.627589,-6.182606
4302048954,106.6021181,-6.2065267
4302048955,106.6074965,-6.2065367
4307160762,106.6168351,-6.1826685
4307160757,106.6100795,-6.182602
4307160766,106.6094895,-6.182682
4307160758,106.6014781,-6.1826059
4302048960,106.5958407,-6.2065944
4302048961,106.6078296,-6.2065779
4302048962,106.6089986,-6.2065856
4302048963,106.6035597,-6.2065922
4302048964,106.6017255,-6.2065768
4307160771,106.6063615,-6.1827007
4302048966,106.5970199,-6.2066137
4307160772,106.6022305,-6.1827052
4302048968,106.5974248,-6.2066123
4302048969,106.5977066,-6.2066195
4302048970,106.6101525,-6.2066214
4302048971,106.598014,-6.2066273
4302048972,106.5966369,-6.2066424
4307160773,106.6072872,-6.1827169
4307160782,106.6290179,-6.1828306
4302048975,106.6085297,-6.2066651
4307160784,106.6014407,-6.1828712
4302048977,106.602342,-6.2066806
4302048978,106.6112892,-6.2066856
4307160786,106.5963278,-6.1829092
4307160788,106.596569,-6.1829436
4307160789,106.6265771,-6.1829723
4302048982,106.6150682,-6.206734
4302048983,106.6146989,-6.2067433
4302048984,106.6143917,-6.2067433
4302048985,106.6140491,-6.2067623
4302048986,106.6019772,-6.2067358
4302048987,106.6030152,-6.206756
4302048988,106.6038068,-6.2067593
4302048989,106.6117633,-6.2068108
4302048990,106.6076607,-6.2068241
4307160790,106.6063518,-6.1829672
4302048992,106.6001654,-6.2068549
4302048993,106.6026036,-6.206856
4307160801,106.5959277,-6.183092
4307160799,106.6021804,-6.1830469
4302048996,106.6150676,-6.2068767
4302048997,106.6088138,-6.2068614
4307160803,106.6014087,-6.1830979
4307160807,106.5961823,-6.1831266
4302049000,106.5967564,-6.2068721
4307160808,106.5962325,-6.1831334
4302049002,106.6099685,-6.2068919
4302049003,106.6072244,-6.206908
4307160811,106.5962959,-6.183142
4307160813,106.596448,-6.1831626
4302049006,106.5980002,-6.2069474
4307160809,106.6279922,-6.1831516
4307160812,106.5984769,-6.1831668
4302049009,106.6033111,-6.2069584
4302049010,106.5984073,-6.2069504
4302049011,106.6041138,-6.2069668
4307160819,106.5966894,-6.1832014
4307160821,106.6060025,-6.1832073
4307160822,106.6063428,-6.1832155
4307160814,106.6029216,-6.1832025
4307160824,106.5969002,-6.183224
4302049017,106.6028364,-6.2070202
4302049018,106.5998221,-6.2070191
4307160825,106.6072789,-6.1832379
4302049020,106.595839,-6.2070764
4302049021,106.6111941,-6.2070461
4302049022,106.609089,-6.2070515
4307160826,106.6075583,-6.1832447
4307160828,106.5971289,-6.183255
4302049025,106.6074809,-6.207086
4302049026,106.5965048,-6.207086
4302049027,106.6069011,-6.2070913
4302049028,106.5969873,-6.2071173
4302049029,106.6102774,-6.2071068
4302049030,106.6056407,-6.2071349
4302049031,106.6086164,-6.2071305
4302049032,106.6115492,-6.2071386
4302049033,106.6097967,-6.2071448
4302049034,106.6044322,-6.2071775
4302049035,106.6102278,-6.2071822
4302049036,106.6019913,-6.2071993
4302049037,106.6118503,-6.2072165
4307160841,106.6021363,-6.183347
4302049039,106.6093617,-6.2072406
4307160847,106.597921,-6.1834059
4307160849,106.6001958,-6.1833848
4307160850,106.6275151,-6.1834226
4302049043,106.6170935,-6.2073024
4302049044,106.6077414,-6.2072666
4302049045,106.6030669,-6.2073137
4307160854,106.6021251,-6.183424
4307160852,106.6272799,-6.1834457
4302049048,106.6068606,-6.2073827
4307160202,106.6018754,-6.1779557
4302049050,106.5967542,-6.2073509
4307160853,106.627008,-6.1834415
4302049052,106.6059891,-6.2073493
4307160861,106.6059972,-6.1834766
4302049054,106.596245,-6.2073447
6696472351,106.6081859,-6.1973845
4302049056,106.5995714,-6.2073912
4302049057,106.6084431,-6.2073889
4302049058,106.5958263,-6.2073744
4302049059,106.611133,-6.2074089
4302049060,106.6096137,-6.207414
4307160869,106.6281125,-6.1836188
4307160204,106.6091726,-6.1780067
4302049063,106.6147026,-6.2074445
4302049064,106.614397,-6.2074471
4302049065,106.610059,-6.2074392
4302049066,106.6079919,-6.2074404
4307160872,106.6185258,-6.1836258
4307160875,106.6287411,-6.1836535
4302049069,106.6154304,-6.2074673
4302049070,106.6033737,-6.2074959
4307160877,106.6020941,-6.1836346
4307160880,106.6020914,-6.1836533
4302049073,106.6075546,-6.2075388
7229148978,106.6281912,-6.1857566
4307160878,106.5988718,-6.1836168
4307160882,106.6275423,-6.1836835
4302049077,106.5970279,-6.2076246
7229148982,106.6276304,-6.1882722
4302049078,106.6058039,-6.2076209
12455907128,106.6517676,-6.166529
4302049080,106.6082763,-6.2076377
4307160890,106.5974014,-6.1837968
4302049081,106.6036443,-6.2076849
4302049084,106.6110566,-6.2076993
4307160884,106.6272935,-6.1837089
4302049086,106.6052301,-6.2077419
4302049087,106.6098683,-6.2077294
4307160210,106.6075301,-6.1781836
4307160889,106.6267236,-6.1834342
4302049090,106.5955353,-6.2077388
4302049091,106.5977415,-6.2077414
4307160900,106.6281742,-6.1838382
4302049093,106.5980419,-6.2077517
4307160894,106.6013085,-6.1838071
4302049095,106.6066108,-6.2077704
4307160898,106.5959782,-6.1838253
4302049097,106.6012987,-6.2077679
4307160905,106.6020526,-6.1839181
4302049099,106.5995654,-6.2077838
4307160908,106.6024221,-6.1839633
4302049101,106.6130836,-6.2078117
4302049102,106.6060599,-6.2077939
4302049103,106.6144019,-6.2077968
4302049104,106.6140638,-6.2077972
4302049105,106.6147058,-6.2077976
4307160910,106.6291784,-6.184199
4302049107,106.6051657,-6.2078378
4307160914,106.6019005,-6.1841086
4302049109,106.6085566,-6.2078321
4302049110,106.6039218,-6.2078563
4302049111,106.6123741,-6.2078646
4302049112,106.5957948,-6.2078853
4302049113,106.5951141,-6.2078927
4302049114,106.5953816,-6.2078962
4302049115,106.6080941,-6.2079096
4307160919,106.6282927,-6.1842676
4307160918,106.629383,-6.1841569
4307160924,106.6018656,-6.18433
4307160216,106.6006065,-6.1783095
4302049120,106.6034612,-6.2079424
4302049121,106.6063029,-6.2079581
4307160928,106.6006962,-6.1844044
4307160931,106.6012139,-6.1844768
4302049124,106.6088213,-6.2080157
4307160925,106.600411,-6.1843646
4302049126,106.6076039,-6.2080199
4302049127,106.6096613,-6.2080264
4302049128,106.6064101,-6.208041
4302049129,106.6076514,-6.2080567
4307160938,106.6261112,-6.1847934
4302049130,106.6019639,-6.2080587
4302049131,106.6055102,-6.2080519
4302049133,106.5983939,-6.2081307
4302049134,106.6140668,-6.2081006
4302049135,106.6112946,-6.2081036
4307160937,106.6011823,-6.1847003
4302049137,106.6154404,-6.208131
4302049138,106.6130134,-6.2081129
4307160946,106.6019135,-6.1850428
4302049140,106.6158867,-6.2081412
4302049141,106.599558,-6.2081358
4302049142,106.599855,-6.2081356
4302049143,106.5950911,-6.2081353
4302049144,106.5953659,-6.2081461
4302049145,106.5948285,-6.2081566
4302049146,106.5950907,-6.2081632
4302049147,106.5970337,-6.2081793
4302049148,106.6115958,-6.208182
4302049149,106.6032919,-6.2082233
4302049150,106.6090818,-6.2081964
4302049151,106.6015977,-6.2082266
4302049152,106.5977303,-6.2082034
4302049153,106.5980372,-6.208214
4307160953,106.6018794,-6.1852804
4302049155,106.6079004,-6.2082239
4302049156,106.6057659,-6.2082288
4307160964,106.6018457,-6.1855152
4302049158,106.6094972,-6.2082619
4307160963,106.5995434,-6.1854835
4302049160,106.6119309,-6.2082692
4307160969,106.6269772,-6.1856963
4302049161,106.6019094,-6.2083102
4307160965,106.5999004,-6.1855386
4302049164,106.6108893,-6.2083344
4307160967,106.6002285,-6.185585
4302049166,106.6122508,-6.2083525
4307160975,106.6018038,-6.1858076
4307160968,106.6005223,-6.1856265
4302049169,106.6022076,-6.2083825
4302049170,106.5950874,-6.2083842
4302049171,106.615441,-6.20839
4302049172,106.5953583,-6.2084015
4302049173,106.6158688,-6.2084077
4302049174,106.6060134,-6.2083999
4302049175,106.6167045,-6.2084312
4307160976,106.6020352,-6.1858403
4302049177,106.6081751,-6.2084113
4302049178,106.6093926,-6.208412
4302049179,106.61407,-6.2084152
4307160979,106.6027399,-6.1859399
4302049181,106.6129133,-6.2084277
4302049182,106.6125396,-6.2084303
4302049176,106.6047571,-6.2084147
4302049184,106.5983865,-6.2084654
4302049185,106.6089023,-6.2084604
4302049186,106.5987086,-6.2084708
4302049187,106.6025523,-6.2084671
4302049188,106.5990226,-6.208484
4302049189,106.5996242,-6.2084806
4302049190,106.595706,-6.2085116
4307160998,106.6016691,-6.1867459
4302049192,106.5968479,-6.2085284
4307160993,106.6017036,-6.1865056
4302049194,106.6028906,-6.2085502
4302049195,106.6051708,-6.2085519
4302049196,106.5980456,-6.2085589
4302049197,106.598379,-6.2085741
4302049198,106.6038037,-6.20859
4307161007,106.5984829,-6.1877679
4302049199,106.611847,-6.2085992
4302049201,106.5950855,-6.2086087
4302049202,106.6108098,-6.2086365
4307161002,106.6011615,-6.1869659
4302049204,106.6079744,-6.2087034
4302049205,106.6045612,-6.2086981
4307161005,106.599988,-6.1873998
4302049207,106.6147119,-6.2087338
4302049208,106.6144078,-6.208735
4302049209,106.6140732,-6.2087376
4302049210,106.6130634,-6.2087402
4302049211,106.6040543,-6.2087511
4302049206,106.6150829,-6.2087336
4302049213,106.615461,-6.2087499
4302049214,106.6086947,-6.2087657
4302049215,106.5990221,-6.2087945
4302049216,106.5947645,-6.2087867
4302049217,106.5994123,-6.2087846
4302049218,106.5950777,-6.2087947
4302049219,106.6050028,-6.2087985
4302049220,106.5952872,-6.2088099
4307160235,106.6052191,-6.1786959
4302049222,106.5953522,-6.2088128
4307160237,106.6049071,-6.1786934
8484949952,106.629492,-6.153234
8484949961,106.6290871,-6.1540047
4302049226,106.6060824,-6.2088288
4302049227,106.6070864,-6.2088625
4302049228,106.5977896,-6.2088592
4302049229,106.6066892,-6.2088672
4302049230,106.5983727,-6.20887
8484949964,106.6289255,-6.1539261
4302049232,106.6117689,-6.2088852
4302049233,106.6014703,-6.2088846
4307160239,106.6009573,-6.1787533
4302049236,106.6107272,-6.2089499
4302049237,106.5946591,-6.2089746
4302049238,106.5947591,-6.2089724
4302049239,106.607791,-6.2089701
4302049240,106.5950845,-6.2089803
4302049241,106.6043704,-6.2089868
4302049242,106.6052748,-6.2089839
4302049243,106.6063588,-6.2090164
4302049244,106.6110571,-6.2090349
4307160241,106.6175901,-6.1788501
4302049246,106.6073533,-6.2090446
4302049248,106.6140712,-6.2090592
4302049249,106.5952844,-6.2090606
4302049251,106.595703,-6.2090692
4302049252,106.6133639,-6.2090725
4302049253,106.6059225,-6.2090786
4302049254,106.6113542,-6.2091115
6290804707,106.6848307,-6.1411142
4302049256,106.6034344,-6.2091016
4302049257,106.6127253,-6.2091308
4302049259,106.5946544,-6.2091639
4302049260,106.60648,-6.2091952
4302049261,106.5950796,-6.2091705
4302049263,106.6117,-6.209207
4302049265,106.6013969,-6.2092189
4302049266,106.6076147,-6.2092267
4302049268,106.6042135,-6.2092448
4302049270,106.6016959,-6.2092927
4302049271,106.6120142,-6.2092949
4302049272,106.6087905,-6.2092835
4302049273,106.6066617,-6.2093189
4302049274,106.6057681,-6.2093197
4302049275,106.5952759,-6.209327
4302049276,106.6140834,-6.2093579
4302049277,106.5956989,-6.2093365
4307160248,106.6046574,-6.1790463
4302049279,106.594697,-6.2093525
4302049280,106.6150894,-6.209354
4302049281,106.6154629,-6.2093568
4302049282,106.6157725,-6.2093528
4302049283,106.6123027,-6.2093677
4302049284,106.5990129,-6.2093548
4302049285,106.5950727,-6.2093645
4302049286,106.6067302,-6.2093712
4302049287,106.603256,-6.2093503
4307160250,106.6048881,-6.1790543
4302049289,106.6096182,-6.209385
4302049290,106.6133534,-6.2093156
4302049291,106.607879,-6.2094107
4302049292,106.5971593,-6.2094112
4302049293,106.6126498,-6.2094514
8547995663,106.624939,-6.151726
4302049296,106.6028025,-6.2094834
4302049297,106.6045514,-6.2094853
4302049298,106.6116189,-6.2095319
4302049299,106.6069302,-6.2095085
4302049300,106.6013041,-6.2095068
4302049301,106.6016238,-6.2095248
4302049302,106.6086183,-6.2095366
4302049303,106.5947782,-6.2095523
4302049304,106.5949059,-6.2095554
4307160253,106.6132647,-6.1791403
4302049306,106.5950653,-6.2095613
8482721817,106.670242,-6.1498055
4302049308,106.5951379,-6.2095651
4302049309,106.5952732,-6.2095692
4302049310,106.6070077,-6.2095633
4302049311,106.5953363,-6.2095722
4302049312,106.5956882,-6.2095833
4302049305,106.5983765,-6.209551
4302049314,106.608136,-6.2095896
4302049315,106.6098935,-6.2095927
4302049316,106.6023861,-6.2096303
4302049317,106.6071192,-6.2096443
4302049318,106.6030618,-6.2096689
4302049319,106.6048147,-6.2096631
4302049321,106.6135748,-6.2096849
4302049322,106.6144218,-6.2097023
4302049323,106.6147302,-6.2096957
4302049324,106.6150919,-6.209693
4302049325,106.6072605,-6.2097418
4302049326,106.6125802,-6.2097688
4302049327,106.6026163,-6.2097687
4302049328,106.6139091,-6.2097779
4302049329,106.6015473,-6.2097783
4302049330,106.6101609,-6.2097775
4302049331,106.6003056,-6.2098028
4302049332,106.6084388,-6.2098005
4302049333,106.6115385,-6.2098232
4302049336,106.6022468,-6.2098419
4302049337,106.6033215,-6.2098345
4302049339,106.6006214,-6.2098907
4302049340,106.6083807,-6.209886
4302049341,106.5964354,-6.2099181
4302049342,106.5968237,-6.2099208
6317543487,106.6762263,-6.1911724
4302049344,106.5996785,-6.2099418
4302049345,106.6071197,-6.2099357
4302049346,106.6028755,-6.2099332
4302049343,106.604633,-6.2099266
4302049348,106.6134964,-6.2099951
4302049349,106.610811,-6.2100211
4302049347,106.6059489,-6.2099591
4302049350,106.5999049,-6.2100052
6317543488,106.6761551,-6.1918379
4302049353,106.6053221,-6.2100162
6317543495,106.6786002,-6.1749097
4302049354,106.5960276,-6.2100233
4302049356,106.6061883,-6.2100225
6317543497,106.678981,-6.1732836
6317543493,106.6779488,-6.177657
6317543494,106.6782577,-6.1764671
4302049360,106.6011445,-6.2100316
6317543502,106.6767116,-6.1823912
4302049362,106.6125005,-6.210071
4302049363,106.5951259,-6.2100564
4302049364,106.6070271,-6.2100631
4302049365,106.5953282,-6.2100662
4302049366,106.6110941,-6.210106
4302049369,106.6002236,-6.2100995
4302049370,106.6065154,-6.2101091
4302049372,106.6074161,-6.2101286
6317543517,106.6757818,-6.1916791
4302049375,106.6114456,-6.2101903
4302049376,106.6094064,-6.2101633
4302049379,106.6055771,-6.2101913
4307160268,106.6200926,-6.1793181
4302049381,106.6069841,-6.2102331
6317543526,106.6794626,-6.1711407
4302049384,106.5968176,-6.2102671
4302049388,106.6076618,-6.2102885
6317543532,106.6788288,-6.1739322
7070158958,106.5873321,-6.1947751
4302049390,106.6039873,-6.2102955
4302049395,106.6020244,-6.2103245
6317543539,106.6781103,-6.1770601
4302049397,106.6010564,-6.210352
4302049398,106.6034627,-6.2103486
4302049399,106.6144247,-6.2103695
4302049400,106.6147419,-6.2103609
4302049401,106.6160884,-6.2103569
4302049402,106.6158007,-6.2103482
4307160272,106.6178305,-6.1793869
4302049404,106.6154773,-6.2103544
4302049405,106.612401,-6.2104218
6317543550,106.6766951,-6.1836011
4302049406,106.6022614,-6.2103965
4302049407,106.6059088,-6.2104189
4302049408,106.5953219,-6.2104203
8548257922,106.6836103,-6.191463
4302049411,106.6013415,-6.2104461
4307160274,106.6019809,-6.1793805
4302049414,106.6137455,-6.210492
4302049415,106.6080022,-6.2104802
6317543558,106.6762902,-6.187407
4307160275,106.6158399,-6.1793981
4307160276,106.6144297,-6.1794174
6317543565,106.6760247,-6.1899061
6317543568,106.6758252,-6.1915636
6317543569,106.679351,-6.171101
6317543571,106.6784846,-6.1748989
6317543572,106.6783686,-6.1748889
4302049429,106.6096347,-6.2105992
6317543578,106.6759677,-6.1895305
6317543579,106.6758125,-6.1893687
4302049436,106.609952,-6.2106727
6317543581,106.6758688,-6.1895125
6317543580,106.6758259,-6.1895047
6317543582,106.6760206,-6.1895397
6317543585,106.6757175,-6.1908981
4302049442,106.6058202,-6.2107277
6317543587,106.6670497,-6.189562
6317543589,106.6670437,-6.1898607
6317543590,106.6670066,-6.1899087
6317543591,106.6676425,-6.1901961
6317543592,106.6685429,-6.1906554
4307160282,106.6022173,-6.1794766
6317543594,106.6663402,-6.1891327
6317543595,106.6662091,-6.1895408
2967081133,106.5903469,-6.1735629
13070766256,106.6056488,-6.1801934
6317543601,106.6787542,-6.173247
6317543600,106.678839,-6.1732623
6317543602,106.6779442,-6.1745057
13070766259,106.6057652,-6.1798356
13070766257,106.6056935,-6.1801002
6317543606,106.67824,-6.1760659
6317543607,106.6781768,-6.17605
4307160285,106.6183585,-6.1795128
5460725944,106.5786856,-6.1310155
6317543608,106.6776259,-6.1783766
6317543611,106.6775492,-6.1783596
6317543612,106.6776638,-6.1783805
4307160286,106.6151194,-6.1794856
6317543614,106.6777748,-6.1775973
6317543613,106.6778512,-6.1776147
4307160287,106.6024367,-6.1795299
6317543619,106.675952,-6.1895763
6317543620,106.6758586,-6.1895578
6317543622,106.6761624,-6.1898523
6317543623,106.6751225,-6.1759843
4307160289,106.6169856,-6.1795806
4307160290,106.6195512,-6.1795847
4307160291,106.6026629,-6.1795913
4307160292,106.6201154,-6.1795967
4307160294,106.6166339,-6.1796261
4302049510,106.5956573,-6.2114366
4307160295,106.6179766,-6.1796236
4307160297,106.6155256,-6.1796739
4307160298,106.6028882,-6.1796797
4302049532,106.6090122,-6.211742
4307160300,106.6169425,-6.1797391
4302049544,106.6021243,-6.2119043
4307160301,106.6031128,-6.1797394
9510457610,106.655096,-6.165477
9510457609,106.655022,-6.165471
4307160303,106.6158347,-6.1797931
4307160304,106.6183537,-6.1797821
4307160307,106.603324,-6.1797975
4307160308,106.6195462,-6.1798087
8502645048,106.6730112,-6.1877564
4307160311,106.6006162,-6.1798343
13078499647,106.5950527,-6.1487141
8502645056,106.672394,-6.1876474
13078499649,106.5934901,-6.1485845
13078499648,106.5951382,-6.1487212
13078499652,106.5967517,-6.1489125
4307160313,106.6195455,-6.1798406
4302049605,106.5965916,-6.2124353
4307160314,106.6199222,-6.1798434
8509067604,106.6297855,-6.1726385
8810402137,106.6322172,-6.1779298
4307160318,106.6035621,-6.1798954
8810402144,106.632535,-6.1774496
4307160319,106.5978385,-6.1799176
4307160320,106.6161616,-6.1799263
4307160321,106.6168953,-6.1799123
4307160322,106.6076763,-6.1797274
4307160327,106.5991874,-6.1799594
4307160329,106.603774,-6.1799861
4307160330,106.6082717,-6.1799994
4307160331,106.599404,-6.1800136
8509723043,106.6657689,-6.1914166
7232295342,106.6119501,-6.1879564
4307160334,106.6018888,-6.1800436
7232295345,106.6126424,-6.1875847
4307160338,106.6021281,-6.1800736
12184870849,106.6702099,-6.184516
8482853322,106.6661336,-6.1479066
4307160341,106.6023548,-6.1801036
12184870852,106.6692089,-6.1833515
4307160342,106.6015938,-6.1800896
4307160343,106.6039859,-6.1801034
12184870854,106.6689488,-6.1834553
12184870855,106.6695664,-6.1834342
12184870856,106.669894,-6.1841238
4307160346,106.6025888,-6.1801369
9432470003,106.6731687,-6.1784288
9432470004,106.6729692,-6.1783962
4302049781,106.6094258,-6.2140129
8548258296,106.6684645,-6.1866208
8548258297,106.6683197,-6.1870074
4307160349,106.6028181,-6.1801656
4307160350,106.616827,-6.1801634
4307160351,106.6088752,-6.1801807
4307160352,106.6091904,-6.1802274
4307160353,106.6030508,-6.1802029
4307160355,106.6032627,-6.1802316
7612273178,106.6752559,-6.1582622
12138713633,106.683051,-6.1455519
2967081510,106.59147,-6.1733191
2967081511,106.5909908,-6.1733048
12138713639,106.684798,-6.1452065
11464610346,106.6814981,-6.1427641
4307160359,106.6168229,-6.1802421
4307160360,106.6079581,-6.1802455
4307160361,106.6082638,-6.1802515
4307160362,106.6085773,-6.1802576
4307160363,106.6035021,-6.1802709
8482067010,106.6204624,-6.1825742
8482067012,106.619995,-6.1823935
4307160365,106.5969325,-6.1802877
4307160366,106.6179931,-6.180286
4307160367,106.6037274,-6.1803056
4307160370,106.5990882,-6.1803981
4307160371,106.6039507,-6.1803349
10798895769,106.5870407,-6.1391474
4307160381,106.6151157,-6.1803847
4307160382,106.6124147,-6.1804099
8523485859,106.6628802,-6.2062972
4307160383,106.6122995,-6.1804075
9126548146,106.6122265,-6.1909134
9126548148,106.6118149,-6.1909113
11365913274,106.6325256,-6.2062865
8509330108,106.5984455,-6.1439283
8485343936,106.6270258,-6.1733597
10246296292,106.5910359,-6.1874181
10246296293,106.5917271,-6.187598
8547472122,106.6818541,-6.1954271
11335242569,106.6302581,-6.2086379
8485859523,106.6760512,-6.1807236
3510375266,106.6448798,-6.1660456
8785367908,106.616498,-6.1401418
3510375269,106.638717,-6.1520584
8785367909,106.6162714,-6.1402148
3510375275,106.6419375,-6.1575775
8485859528,106.675972,-6.1809522
3510375285,106.6441087,-6.1618876
3510375286,106.6440604,-6.1618879
5636546381,106.6747849,-6.1771595
9106756517,106.5867137,-6.1935685
9106756522,106.5866636,-6.1934985
9106756524,106.5868321,-6.1937312
12165583800,106.6726162,-6.13892
7229150147,106.6729071,-6.1566899
5638722499,106.6821913,-6.1858568
5638722502,106.682408,-6.1854541
5638722503,106.6830008,-6.18918
5638722504,106.6828106,-6.1891782
5638722505,106.6774622,-6.1854816
5638722506,106.6774835,-6.1853481
7229281228,106.6708192,-6.1576062
5638722509,106.6753864,-6.1852726
5638722510,106.67539,-6.1852528
5638722511,106.6754061,-6.1851135
5638722512,106.6744048,-6.1853646
5638722513,106.6743727,-6.1852623
5638722514,106.6728372,-6.1864306
5638722515,106.6728031,-6.1863104
5638722516,106.6702443,-6.1862041
5638722517,106.670256,-6.1860867
5638722518,106.6682083,-6.1859212
5638722519,106.668224,-6.1857921
11046097871,106.6491318,-6.1839488
7229281246,106.6708705,-6.1570488
7229150176,106.6728225,-6.1547121
7229281253,106.6699424,-6.1536087
7229281254,106.6775317,-6.1558274
7229281262,106.6757548,-6.1574798
7229281267,106.6751342,-6.1580925
7229281268,106.6769336,-6.1598609
8548520947,106.6205455,-6.1400494
8789431354,106.634454,-6.1927345
5638722622,106.674753,-6.1911059
5638722624,106.674906,-6.190688
5638722625,106.6791263,-6.1810769
5638722626,106.6786784,-6.1809525
5638722627,106.6685986,-6.1822187
5638722629,106.6724317,-6.186339
5638722630,106.6724704,-6.1859754
5638722631,106.6694503,-6.18911
5638722632,106.6705285,-6.1871447
5638722633,106.6701605,-6.1871006
5638722635,106.6682298,-6.1869848
5638722637,106.6692719,-6.189518
5638722640,106.6694589,-6.1893813
5638722642,106.6697748,-6.18935
5638722643,106.6745874,-6.1871014
12843488341,106.6358962,-6.1918989
5638722646,106.6758192,-6.18955
5638722647,106.6760136,-6.1895885
5638722650,106.6734575,-6.1904993
5638722651,106.6735291,-6.1901662
5638722652,106.6731732,-6.1899207
5638722653,106.6731866,-6.189782
5638722654,106.673312,-6.189828
5638722656,106.672624,-6.1897207
5638722657,106.6720265,-6.190766
5638722658,106.6721566,-6.1909833
5638722662,106.6732125,-6.1909974
5638722666,106.6699197,-6.1912271
5638722667,106.670204,-6.1905046
5638722668,106.6689031,-6.189866
5638722669,106.6685641,-6.1906084
5638722670,106.669434,-6.1940451
5638722671,106.6695763,-6.1937258
5638722673,106.6716483,-6.1945965
5638722674,106.671126,-6.1929892
5638722675,106.676677,-6.1922817
5638722677,106.675736,-6.1922626
5638722678,106.6763294,-6.1917849
5638722685,106.6765642,-6.1917151
5638722688,106.677285,-6.1949831
5638722689,106.6768308,-6.1950495
5638722691,106.6760834,-6.1936378
5638722692,106.6759453,-6.1936563
5638722693,106.6827108,-6.192742
5638722697,106.6835225,-6.1940832
5638722698,106.6775103,-6.1928325
5638722699,106.6796189,-6.1869514
5638722700,106.679589,-6.1871901
5638722701,106.6796485,-6.1867008
5638722703,106.6806194,-6.1856401
5638722707,106.6807755,-6.1851707
5638722708,106.6835084,-6.1938425
5638722709,106.6831624,-6.1938478
5638722710,106.6803762,-6.1950204
5638722711,106.6800766,-6.1947867
5638722712,106.6805311,-6.1954511
5638722713,106.6826079,-6.1941912
5638722714,106.6820946,-6.1935809
5638722715,106.6823553,-6.1940619
5638722716,106.6826849,-6.1936992
5638722717,106.6825082,-6.193752
13072077979,106.5848145,-6.1487965
5638722719,106.6830195,-6.1937932
6711547052,106.6568891,-6.1553253
2967082157,106.5891698,-6.173951
5638722734,106.6820595,-6.1947921
5638722735,106.6824791,-6.1945372
2967082158,106.5891652,-6.1740705
5638722733,106.6821639,-6.1949991
5638722737,106.6823543,-6.1943171
5638722738,106.6821438,-6.1944645
5638722740,106.6822686,-6.1946676
5638722741,106.6820197,-6.1942576
5638722739,106.6815143,-6.1948494
5638722742,106.6815313,-6.194878
5638722743,106.6809587,-6.1952138
5638722745,106.6812605,-6.1944385
5638722746,106.6819975,-6.1940095
4307160489,106.6196232,-6.1804614
5638722747,106.6807678,-6.18925
5638722748,106.6803172,-6.1890365
5638722749,106.6828192,-6.1891632
8499238080,106.6012403,-6.2063505
5638722752,106.6828492,-6.1894167
5638722753,106.6823583,-6.1890891
4307160491,106.6151036,-6.180468
5638722759,106.682378,-6.1883585
5638722760,106.6799179,-6.1809479
8481936585,106.6288765,-6.189374
5638722763,106.679711,-6.1806982
5638722764,106.6774627,-6.1813182
8481936589,106.6291688,-6.1893274
5638722766,106.6756516,-6.1833393
5638722767,106.6757105,-6.1830969
5638722772,106.6710153,-6.1822835
5638722773,106.6711993,-6.1823514
5638722775,106.6712567,-6.1822102
5638722776,106.6722733,-6.1827942
5638722777,106.6723484,-6.1825999
5638722778,106.6724047,-6.1826249
5638722782,106.671879,-6.1825942
5638722783,106.6823007,-6.1795583
5638722786,106.6823681,-6.1810594
4307160497,106.6161468,-6.1805209
5638722787,106.6827517,-6.1844222
5638722794,106.6835752,-6.1849857
5638722795,106.6817495,-6.1827902
5638722796,106.6816641,-6.1830207
5638722797,106.681332,-6.1829196
5638722798,106.6812714,-6.1832031
4307160500,106.6168079,-6.1805345
4307160501,106.6071694,-6.1805684
4307160503,106.617994,-6.1805774
4307160504,106.6204439,-6.180582
8555861258,106.6648268,-6.1877607
4307160505,106.6076213,-6.1805816
6563173645,106.6433027,-6.165465
6563173647,106.6427189,-6.1664226
4307160508,106.6085651,-6.1806091
4307160509,106.6008877,-6.1805996
4307160510,106.6088615,-6.1806177
8548259132,106.6826102,-6.1915573
4307160515,106.5990599,-6.1806329
4307160517,106.6012128,-6.1806595
7803245907,106.6210459,-6.1807033
10586035548,106.6745063,-6.1847552
4307160527,106.6123249,-6.1807033
4307160528,106.611814,-6.1807271
4307160529,106.6117137,-6.1807269
8555990485,106.6798009,-6.174917
5209855388,106.6566619,-6.1632559
4307160534,106.5966225,-6.180755
4307160535,106.6036157,-6.1807674
5209855397,106.6577069,-6.1631097
9189201324,106.5909902,-6.1784542
5619193263,106.5818962,-6.1885234
8555990491,106.6795651,-6.1757974
12156278202,106.6704743,-6.1430336
8555990492,106.6795538,-6.1758708
4307160546,106.5990271,-6.1808613
4307160548,106.6167953,-6.1808561
4307160551,106.5992425,-6.1808883
4307160552,106.5997668,-6.1808946
8503432698,106.6727896,-6.1428922
4307160553,106.6079528,-6.1808958
4307160556,106.6179951,-6.1809144
4307160557,106.6091461,-6.1809258
4307160568,106.6116489,-6.1810614
4307160569,106.6113855,-6.1810626
7133861467,106.6846575,-6.1750264
7133861472,106.6850744,-6.1754807
10253637250,106.6507049,-6.1359617
6118708890,106.6394211,-6.1716356
6118708891,106.6393822,-6.171389
6118708893,106.6394131,-6.1715836
6317414052,106.669976,-6.174333
6317414053,106.6662517,-6.1890167
3010729638,106.6308727,-6.1579562
8502384295,106.6555799,-6.1824532
13070243496,106.58786,-6.1490258
3010729641,106.6302357,-6.1570555
8502384294,106.6556107,-6.1823535
6317414056,106.6653787,-6.18953
6317414059,106.6659164,-6.1900673
3010729645,106.6294062,-6.1566408
6317414062,106.6660546,-6.189534
4307160587,106.596558,-6.181226
6317414055,106.6660941,-6.1894856
6317414065,106.6759479,-6.1825822
6317414066,106.6759077,-6.1809049
4307160590,106.5970109,-6.1812887
6317414071,106.677643,-6.1770996
3010729659,106.6283374,-6.1546634
6317414080,106.6760109,-6.1781053
4307160593,106.5972235,-6.1813184
4307160595,106.6026486,-6.1813622
4307160603,106.6177255,-6.1814247
8481937219,106.6290173,-6.1888407
8481937221,106.6292519,-6.1888607
9524221778,106.6832316,-6.1607694
8553764717,106.6502443,-6.1499766
12184590192,106.6453684,-6.1659287
12184590193,106.6447754,-6.1656488
12184590196,106.644767,-6.1627528
12184590198,106.644103,-6.1626532
11113076623,106.6659413,-6.1704539
11113076625,106.6651252,-6.170629
4307160635,106.6138756,-6.1816596
4307160636,106.6283329,-6.1816576
7229544364,106.6759174,-6.1933845
7229544365,106.6759685,-6.1933818
7802984381,106.6169405,-6.1951793
1838684129,106.6387198,-6.1519963
5209855975,106.6636011,-6.204086
1838684137,106.6440809,-6.1610458
5209855978,106.6633214,-6.2041553
1838684139,106.6315865,-6.1593215
5209855985,106.6623551,-6.2053119
1838684152,106.6326664,-6.1574848
1838684157,106.6327378,-6.153665
11946825728,106.6413588,-6.1617943
7221680138,106.6654873,-6.1999702
7221680140,106.6653733,-6.1998309
7237802002,106.6254164,-6.1636299
8521521179,106.6038823,-6.1787383
7221811267,106.6405171,-6.1387657
7221811268,106.6398786,-6.1371717
7221811272,106.6339033,-6.1374224
7221811273,106.6339631,-6.1375669
4307160671,106.6134607,-6.1818029
6309943381,106.6323594,-6.1484992
6309943382,106.6323801,-6.1481951
6309943383,106.6325499,-6.1482192
6309943384,106.6269332,-6.1474085
6309943385,106.6247714,-6.1469271
6309943386,106.6259234,-6.1471839
6309943387,106.6267444,-6.1477563
6309943388,106.6246937,-6.1473045
6309943389,106.6258468,-6.1475458
6309943391,106.6213717,-6.1420402
6309943392,106.6220604,-6.1405575
6309943393,106.6219296,-6.1409343
6309943402,106.6277237,-6.1472125
12098607212,106.6620842,-6.2008902
4307160677,106.5957982,-6.1818114
12098607215,106.6620695,-6.2007743
12098607223,106.6614554,-6.2006981
4307160686,106.6082688,-6.1818737
4307160688,106.6135464,-6.1818773
6320298150,106.6426895,-6.188461
4307160691,106.596465,-6.1819058
4307160692,106.6015769,-6.1819066
4307160693,106.6277924,-6.181921
4307160694,106.5967217,-6.1819421
6317414607,106.6742741,-6.1733218
4307160697,106.608497,-6.1819809
4307160698,106.6088496,-6.1819853
4307160699,106.6093473,-6.1819916
6317414622,106.672738,-6.1755983
6317414623,106.6726662,-6.1755896
6317414627,106.6709322,-6.1719717
4307160705,106.6272265,-6.1820423
6317414650,106.6663376,-6.1745103
6319905021,106.6265336,-6.178481
7119968511,106.6341738,-6.1697123
4307160706,106.5974012,-6.1820382
7119968513,106.6347356,-6.170206
4307160707,106.6105281,-6.182042
4307160708,106.6000216,-6.1820524
6317414666,106.6670483,-6.1834115
4307160709,106.595824,-6.1820753
4307160710,106.6015462,-6.1821239
8488753440,106.6784847,-6.2075631
7231904039,106.6437151,-6.1596415
5504244008,106.6688883,-6.196691
9523829031,106.6852216,-6.1612902
5504244010,106.6693333,-6.1964437
5504244009,106.6693222,-6.196703
4307160715,106.5983677,-6.1821732
9523829037,106.6810137,-6.164078
9523829036,106.6810776,-6.1641101
7231904044,106.6424467,-6.1588505
5504244016,106.6699505,-6.1960991
5504244017,106.6699547,-6.195997
4307160716,106.6072956,-6.1821898
5504244019,106.6701999,-6.1963477
5504244020,106.6697527,-6.1967057
5504244018,106.670318,-6.196357
9523829041,106.6810114,-6.16256
9523829042,106.6812847,-6.1625647
7064394040,106.6034344,-6.2051199
9523829040,106.681251,-6.163468
7064394044,106.6012551,-6.2007362
4307160720,106.6093527,-6.1822227
4307160722,106.6088464,-6.1822273
4307160723,106.6084756,-6.1822307
4307160724,106.5988317,-6.1822377
8484821340,106.6634294,-6.1527627
4307160727,106.5992825,-6.1823004
8484821353,106.6631578,-6.1519913
10096220525,106.6696844,-6.1548208
10096220526,106.6712827,-6.1547615
10096220527,106.6734832,-6.1546991
4307160729,106.5958789,-6.182346
10096220531,106.6749136,-6.1559794
10096220532,106.6752807,-6.1588971
4307160731,106.6015138,-6.1823536
4307160732,106.6165199,-6.1824246
4307160734,106.5961426,-6.1823857
4307160735,106.6168337,-6.1824026
8489012081,106.6081645,-6.1855821
4307160736,106.6112677,-6.1824219
12211984801,106.6380925,-6.1558821
12211984803,106.6371088,-6.1564695
12211984805,106.6379615,-6.1559578
12211984806,106.6401388,-6.154443
12211984807,106.6400857,-6.1543563
12211984808,106.6401622,-6.1544813
12211984809,106.6400752,-6.154339
8489012086,106.6084096,-6.185935
12205693352,106.6397917,-6.1621342
4307160741,106.6072916,-6.1824367
6322526645,106.6199027,-6.1937896
4307160743,106.6084756,-6.1824532
4307160745,106.6088433,-6.1824543
4307160747,106.6093473,-6.1824558
4307160749,106.6282766,-6.1825276
13070375383,106.6537003,-6.2085563
4307160750,106.6006705,-6.1824996
13070375391,106.6534328,-6.2084083
4307160752,106.6009538,-6.1825369
5439101419,106.6120691,-6.1792923
4307160753,106.6012456,-6.1825753
6701980142,106.6277114,-6.1608147
4307160755,106.6273637,-6.1825809
7278828024,106.634039,-6.1921006
8555862542,106.679452,-6.176588
8555862543,106.6795039,-6.176581
4307160761,106.6168766,-6.182666
4307160764,106.6082489,-6.1826739
4307160767,106.6088401,-6.1826841
4307160768,106.6165119,-6.1826883
7128750650,106.6590633,-6.1944802
7128750651,106.6591677,-6.194043
7128750652,106.6588953,-6.1937398
7128750653,106.6588617,-6.1939605
7128750654,106.6587975,-6.1942199
7128750655,106.6587677,-6.1943398
4307160770,106.6163445,-6.1827082
7128750660,106.6582396,-6.1942705
7128750661,106.6583214,-6.1938561
7128750663,106.6580396,-6.1937089
7128750664,106.6581233,-6.1925484
2027821700,106.6312902,-6.1673392
2027821702,106.6301681,-6.1676767
2027821704,106.6326839,-6.1679225
8552192660,106.6826494,-6.1701117
2027821721,106.6278937,-6.1682624
8527813273,106.6315144,-6.2072818
2027821731,106.6265914,-6.1684388
4307160791,106.6021915,-6.1829714
9756351147,106.6443629,-6.1588922
9756351150,106.6447563,-6.1589822
4307160792,106.6072831,-6.1829753
2027821744,106.6277018,-6.1692457
4307160793,106.5968006,-6.1829767
2027821753,106.627599,-6.169871
4307160794,106.6169755,-6.1829773
8485477054,106.6318819,-6.1627396
8485477055,106.6319872,-6.1622976
8485477056,106.6313709,-6.1627248
4307160796,106.626833,-6.1830282
2027821763,106.627638,-6.1716523
4307160797,106.5970265,-6.183009
8482855625,106.6655604,-6.1473267
4307160798,106.5972611,-6.1830425
8482855638,106.6654562,-6.1480938
4307160800,106.627053,-6.1830586
4307160802,106.627278,-6.1830992
7642028778,106.6783454,-6.1375083
4307160804,106.6181577,-6.1831142
4307160806,106.5982336,-6.1831375
7131372278,106.6441624,-6.1736577
7131372280,106.6433041,-6.1816402
7131372284,106.6432256,-6.1821173
12197436164,106.6501975,-6.1570811
12197436167,106.6455089,-6.1558271
12197436168,106.6456943,-6.1557474
12197436169,106.6456955,-6.1559248
4307160810,106.6275089,-6.1831537
12197436171,106.6444824,-6.1557303
12197436172,106.6444788,-6.1559417
7238064915,106.5986822,-6.2094735
6555310870,106.6488392,-6.1564264
5504244523,106.6701878,-6.1964684
5504244524,106.6698181,-6.1964108
4307160817,106.598698,-6.1831888
5504244527,106.666909,-6.1974051
5504244528,106.6670878,-6.197521
5504244530,106.6669041,-6.197527
5504244532,106.6671355,-6.1977936
5504244533,106.667138,-6.1976514
5504244535,106.6677014,-6.1973223
5504244536,106.6682171,-6.197495
5504244538,106.667709,-6.197509
5504244539,106.667452,-6.1975189
4307160820,106.6021582,-6.1831982
5504244544,106.6677538,-6.1970697
5504244545,106.6677368,-6.1968947
5504244548,106.667802,-6.196555
5504244549,106.6675631,-6.1966187
5504244552,106.6674064,-6.1968123
5504244553,106.6679013,-6.196859
5504244554,106.6676183,-6.196905
4307160823,106.5989205,-6.1832189
5504244556,106.6672495,-6.1976596
5504244557,106.6668921,-6.1976323
5504244559,106.6664575,-6.197333
5504244563,106.6676156,-6.1973197
5504244565,106.6675935,-6.1967717
5504244571,106.6682688,-6.1964391
4307160827,106.5991487,-6.1832498
5504244584,106.6696139,-6.2017561
4307160829,106.5972296,-6.1832687
5504244587,106.6697124,-6.2021164
5504244588,106.6697621,-6.2017868
4307160830,106.5973418,-6.1832839
4307160831,106.5994367,-6.1832888
5504244601,106.671124,-6.2023121
4307160833,106.6181175,-6.1833015
10734934913,106.6813311,-6.1765733
4307160834,106.6170818,-6.1833102
4307160835,106.5975697,-6.1833149
8555731849,106.6747691,-6.174117
8555731850,106.6744252,-6.1740757
4307160836,106.6013768,-6.1833234
5504244621,106.669921,-6.2057119
5504244623,106.6700336,-6.2048906
4307160837,106.5998422,-6.1833305
5439101842,106.5977535,-6.1864768
5439101845,106.5984049,-6.1867408
4307160838,106.6288875,-6.183225
5439101850,106.5980968,-6.1857008
5439101851,106.5981129,-6.1855521
5504244638,106.6689645,-6.2068434
5439101857,106.5983409,-6.1895527
5439101858,106.5978844,-6.1895118
5439101859,106.5977508,-6.1907286
5504244643,106.668775,-6.2062178
5439101862,106.5978514,-6.1891381
5439101863,106.5990758,-6.1936885
5504244647,106.666878,-6.2056232
5504244649,106.666965,-6.2058493
5439101868,106.5983074,-6.1963285
5439101871,106.5989452,-6.1960019
5439101872,106.5989819,-6.1963684
5504244656,106.6679295,-6.2062798
5439101874,106.5989497,-6.1956894
5439101875,106.5987097,-6.1934332
5504244660,106.6683083,-6.2062871
5504244661,106.6683123,-6.2060325
5504244662,106.6683358,-6.2060332
5439101879,106.5991536,-6.1854255
5636758455,106.666789,-6.1754948
5636758454,106.6667132,-6.175749
5504244665,106.6684887,-6.2052092
6555311034,106.6804076,-6.1957154
5504244669,106.6670429,-6.2045813
5636758462,106.6589327,-6.1764072
5458107327,106.6319167,-6.2036041
5504244671,106.6671525,-6.2047756
5504244673,106.667213,-6.2047935
5504244672,106.6672066,-6.2049733
5636758467,106.659658,-6.1767485
5636758468,106.6610813,-6.1792022
5636758465,106.6599165,-6.1769986
5636758470,106.6582081,-6.1779408
5636758469,106.6610713,-6.1793153
5458107336,106.6345309,-6.2000599
6555311049,106.6782735,-6.1938393
5636758472,106.6598324,-6.178885
5458107339,106.6346621,-6.1996394
5636758475,106.6612058,-6.177179
5636758476,106.6661339,-6.176503
5636758474,106.6606721,-6.1772248
5636758471,106.6582574,-6.1778607
5636758473,106.6598697,-6.1788171
5458107345,106.6325249,-6.1999867
5504244689,106.6662835,-6.2021734
5636758483,106.6656517,-6.1753754
5636758481,106.6655386,-6.1749226
5636758477,106.6653583,-6.1754216
5636758486,106.6643788,-6.1789884
5636758487,106.6643318,-6.1790254
5504244694,106.6658782,-6.1999522
5504244697,106.6664247,-6.1996363
5636758488,106.6642592,-6.1789806
5636758489,106.66547,-6.1771979
5636758492,106.6650527,-6.1779115
5504244702,106.6662638,-6.1996228
5504244704,106.6658541,-6.1996816
5504244705,106.6662752,-6.1994669
5636758498,106.6624519,-6.1685329
5504244707,106.6657182,-6.1988409
5504244710,106.6659896,-6.1982877
5504244711,106.666186,-6.1981454
5504244712,106.6664723,-6.1982311
5504244713,106.6666454,-6.1983709
5504244714,106.6665806,-6.1985826
5636758505,106.6578113,-6.1693218
4307160855,106.6005405,-6.1834336
5636758509,106.6574112,-6.1694662
5504244718,106.6662034,-6.1991326
5504244719,106.666229,-6.1990935
5504244720,106.6659612,-6.1990371
5636758504,106.662331,-6.168755
5636758510,106.6573041,-6.1694612
5504244723,106.6663859,-6.1988643
5504244724,106.6663663,-6.1989935
5504244731,106.6666453,-6.1986023
5504244732,106.6663327,-6.1985397
4307160860,106.6008245,-6.1834739
5504244744,106.6760043,-6.2008908
5504244750,106.6757306,-6.2012335
4307160862,106.6065631,-6.1834873
5504244751,106.6757454,-6.2011615
5504244754,106.6752683,-6.2010467
5504244756,106.6744735,-6.2007921
5504244760,106.6739008,-6.2045484
4307160864,106.6011134,-6.1835148
5504244764,106.6774567,-6.2055412
5504244765,106.6776028,-6.2054119
5504244766,106.6775331,-6.204692
4307160865,106.6013451,-6.1835476
5504244768,106.6774714,-6.2053865
5504244769,106.6772903,-6.2053918
8794151970,106.6196738,-6.2074117
4307160866,106.6291004,-6.1835775
5504244779,106.6759209,-6.2064551
5504244786,106.6766431,-6.2059739
4307160870,106.5977498,-6.1836073
5504244794,106.6754584,-6.2060705
5504244796,106.6754558,-6.2064571
5504244801,106.675015,-6.2067002
5504244806,106.6751432,-6.2064665
11868183624,106.6398575,-6.1627962
5504244810,106.674566,-6.2065332
5504244814,106.6738524,-6.2064828
5504244815,106.6735188,-6.2051129
5504244818,106.6738771,-6.2052337
5504244819,106.6739873,-6.2041772
8934923359,106.6178419,-6.1874147
8934923360,106.618188,-6.1874229
5504244840,106.6744378,-6.20378
5504244849,106.6736338,-6.2028443
5504244852,106.6742749,-6.203056
7122984053,106.6513831,-6.1942093
7122984054,106.6513898,-6.1941263
7122984055,106.6512258,-6.1941983
7122984056,106.6512327,-6.1941153
4307160883,106.6185226,-6.1837317
5504244867,106.6735971,-6.2020043
5504244868,106.6737217,-6.2016561
5504244869,106.6729596,-6.2019179
4307160886,106.6270421,-6.1837473
5504244879,106.6744833,-6.2022487
5504244880,106.6747854,-6.2021995
5504244881,106.6745093,-6.2020626
5504244885,106.6731315,-6.1997075
5504244893,106.6730527,-6.2001283
4307160891,106.628167,-6.1838003
5504244899,106.6729928,-6.2016554
5504244903,106.6732872,-6.2009815
5504244905,106.6732835,-6.2007326
5504244914,106.6733871,-6.2001831
5504244916,106.6735734,-6.2001801
4307160899,106.596123,-6.18383
9166789841,106.6535621,-6.1702987
9166789842,106.6538265,-6.1735163
8498781593,106.6203283,-6.1541527
4307160909,106.6294916,-6.1839822
4307160911,106.601277,-6.1840304
4307160912,106.6132311,-6.1840128
8547867918,106.6232555,-6.1491749
4307160916,106.6012452,-6.1842552
4307160917,106.5997121,-6.1842537
4307160922,106.600068,-6.1843167
2150636873,106.6810297,-6.1545327
2150636881,106.6792514,-6.154348
2150636883,106.6600138,-6.14975
12240821588,106.603661,-6.1521207
2150636885,106.6568519,-6.1468871
2150636886,106.6602253,-6.1483676
12240821589,106.6031768,-6.1516077
12240821590,106.6027826,-6.1512193
2150636889,106.6451899,-6.1510259
12240821591,106.6023897,-6.1516406
12240821593,106.6013148,-6.152764
12240821592,106.6019347,-6.1521316
12240821594,106.6014408,-6.15163
12240821595,106.6029775,-6.1531683
12240821600,106.6027621,-6.1520229
4307160929,106.6009825,-6.1844444
12953722214,106.6523444,-6.1682144
12155231591,106.652327,-6.2077047
12155231593,106.6524381,-6.2076884
12953722219,106.6526279,-6.1677176
6919822703,106.6100383,-6.1965248
12143041904,106.6763031,-6.1498522
12143041905,106.6767353,-6.1498754
6919822704,106.6093925,-6.196508
12143041903,106.6753391,-6.1495382
7209753973,106.6133223,-6.1747563
4307160933,106.6019072,-6.1845736
8519687568,106.6609222,-6.1628236
4307160939,106.6292527,-6.1847935
8519687572,106.660918,-6.1632567
4307160944,106.6011489,-6.1849369
4307160945,106.6270582,-6.1850045
4307160947,106.6011162,-6.1851687
4307160950,106.5995832,-6.1851946
4307160951,106.6021216,-6.1852276
4307160952,106.59994,-6.1852496
4307160955,106.6002812,-6.1852972
9763823076,106.5885198,-6.1895745
4307160956,106.6021094,-6.1853141
9763823080,106.5887359,-6.1888807
4307160957,106.6005675,-6.1853371
4307160959,106.6008512,-6.1853766
4307160960,106.6010823,-6.1854088
8434884127,106.648229,-6.1622613
4307160970,106.6008103,-6.1856672
4307160971,106.6025298,-6.1856885
8976604724,106.6261084,-6.168353
4307160972,106.6010984,-6.1857079
4307160973,106.6030105,-6.1857553
4307160974,106.602768,-6.1857232
8509333066,106.5935698,-6.1356322
4307160977,106.6022784,-6.1858755
4307160978,106.6025012,-6.1859062
4307160980,106.6010656,-6.185941
4307160981,106.6029708,-6.1859726
4307160983,106.6017705,-6.1860393
4307160984,106.6010322,-6.1861775
4307160985,106.6027063,-6.1861992
4307160986,106.6024694,-6.1862164
4307160987,106.6017371,-6.1862722
4307160988,106.6022064,-6.1863101
4968029837,106.5934703,-6.1618204
4968029838,106.5941942,-6.1621742
4968029839,106.5940962,-6.1620782
4968029840,106.5941133,-6.1611252
4968029841,106.5948942,-6.1611422
4968029842,106.5933883,-6.161058
4968029843,106.5933635,-6.1614354
4968029844,106.5936966,-6.1614782
4968029845,106.5936697,-6.1618876
4968029846,106.593319,-6.1617643
4968029847,106.5934311,-6.1607355
4968029848,106.5937147,-6.1607516
4307160991,106.6009987,-6.1864158
8498847380,106.5924937,-6.1474831
4307160992,106.6031688,-6.1863728
4307160994,106.6001034,-6.1865293
9682427562,106.649504,-6.1664143
9682427563,106.6494383,-6.1659556
4307160995,106.6003907,-6.1865691
4307160996,106.6006777,-6.1866088
4307160997,106.6009659,-6.1866486
4307160999,106.6019095,-6.1867674
4307161000,106.6000656,-6.1868148
4307161001,106.6009262,-6.1869305
3726778069,106.6482154,-6.1862437
4307161003,106.6000269,-6.1871064
3726778071,106.6481054,-6.1863885
3726778073,106.6482059,-6.1864807
3726778074,106.6482633,-6.1864747
4307161004,106.6004159,-6.1871579
7231774430,106.6187669,-6.1969235
9107283683,106.6431559,-6.1933329
4307161006,106.600326,-6.1874445
4307161008,106.5994726,-6.1878891
7260217074,106.5871654,-6.2067005
4307161009,106.5995557,-6.1878992
8785370874,106.6276272,-6.1372956
8785370875,106.6276218,-6.137184
7260217083,106.5866223,-6.2066408
8785370877,106.6269774,-6.1371798
8785370876,106.6269761,-6.1373046
8502386480,106.6503516,-6.1827689
8814468944,106.658873,-6.1586195
7814127481,106.6795078,-6.1800808
7814127484,106.6795413,-6.179805
8775671740,106.6698573,-6.1823475
12361146304,106.6403162,-6.1613673
8775671749,106.6703676,-6.1814982
8503566300,106.666304,-6.1414148
8550096875,106.6381516,-6.1488139
5209858062,106.6645398,-6.1834388
5209858066,106.6644611,-6.1828236
8547475481,106.6217032,-6.1486319
8811454517,106.5860375,-6.1460453
8811454520,106.5860416,-6.1473098
7429038138,106.6492754,-6.1793767
12184854595,106.6688048,-6.1861095
12184854596,106.6715958,-6.1866455
12184854597,106.6722481,-6.1865154
9189072972,106.678023,-6.182186
10001457241,106.6314407,-6.1799673
7810719837,106.6685404,-6.1955982
7810719841,106.6688095,-6.1955006
8519688291,106.6823642,-6.2046535
7810719844,106.6552803,-6.2013651
2027823216,106.6264315,-6.1778256
2027823217,106.6265009,-6.178241
11103903857,106.6385546,-6.1720646
11103903856,106.6385681,-6.1721521
2027823220,106.6267978,-6.1801603
2027823221,106.6268651,-6.1806621
2027823227,106.6266272,-6.1827943
7052468360,106.6149323,-6.2023947
11080966308,106.6156793,-6.2011895
12165718203,106.6767459,-6.135019
12165718204,106.6766622,-6.1350263
12165718205,106.6759027,-6.1370034
8482201829,106.6290535,-6.1812209
9010028775,106.6815224,-6.1851702
9010028776,106.6814806,-6.1852529
9010028777,106.681527,-6.1851611
8482201834,106.6283286,-6.1805602
10751058173,106.5951859,-6.170192
14030217486,106.6054309,-6.1688401
14030217487,106.6054463,-6.1688241
14030217489,106.605235,-6.1686683
14030217490,106.6054163,-6.1687997
14030217491,106.6052846,-6.1686875
3481674016,106.6798613,-6.1429862
3481674017,106.6799026,-6.1449473
3481674020,106.6772125,-6.1455309
8521130294,106.6857211,-6.1545525
8521130296,106.6845135,-6.1546765
8811454790,106.5886567,-6.1395054
13202104649,106.6226564,-6.1793409
8811454795,106.5884666,-6.1394801
2033590609,106.6264791,-6.1833331
2033590610,106.6262189,-6.1843828
2033590612,106.6382068,-6.1863619
2033590616,106.6382857,-6.1863666
6722167148,106.6341166,-6.1631886
6305751421,106.6195285,-6.1482126
7131898248,106.6850972,-6.1758173
7050496473,106.6135222,-6.2052522
7131898253,106.6849079,-6.1749475
7050496476,106.6134333,-6.2053662
7050496477,106.613421,-6.2053954
8519688618,106.6792075,-6.1689777
8519688619,106.679004,-6.1689397
7050496480,106.6133378,-6.2056979
7229284788,106.6773789,-6.1597422
7131505078,106.6824391,-6.1712824
7131505079,106.6824374,-6.1712114
7131505080,106.6828255,-6.1713141
7131505083,106.6838014,-6.1720051
7050496483,106.6133032,-6.2050763
8555864526,106.6808033,-6.177566
8555864533,106.6807832,-6.1785907
8555864540,106.6807477,-6.1780463
7131242983,106.6431604,-6.1824165
8555864551,106.6804766,-6.1775399
7030972975,106.6293727,-6.1434723
8552456833,106.6291582,-6.1406888
12182889091,106.6768611,-6.1813596
6264857228,106.6235051,-6.1951128
8789041822,106.6646876,-6.1715714
8789041825,106.6641032,-6.1716996
5623390937,106.6184413,-6.1803716
5623390938,106.6189017,-6.180388
9510331100,106.6583097,-6.1616951
9510331101,106.6583808,-6.1618636
5623390942,106.6123677,-6.1767041
5623390944,106.6162453,-6.1831735
5623390952,106.6159536,-6.1857862
5623390953,106.6113791,-6.1833635
5623390960,106.6132695,-6.176849
5623390961,106.6142356,-6.1769516
5623390965,106.6147133,-6.1857996
5623390966,106.6144128,-6.1857658
5623390967,106.6188879,-6.1843632
5623390971,106.6195638,-6.1831775
8556126972,106.6569002,-6.1815669
8556126973,106.6566477,-6.1815522
8556126974,106.6566179,-6.1817709
5623390974,106.6189818,-6.1842008
5623390976,106.6184008,-6.1851103
5623390977,106.6181584,-6.1853221
5623390978,106.6176868,-6.1855395
5623390979,106.617286,-6.1856388
8556126978,106.6564452,-6.1814281
8556126979,106.6564308,-6.1816396
8556126981,106.6570551,-6.1815502
5623390983,106.6152099,-6.1858005
5623390982,106.6154209,-6.1857979
8548000543,106.6706653,-6.1868634
7122723617,106.6703501,-6.1944538
6917333795,106.6560962,-6.1862995
12082488116,106.5901852,-6.1430748
8509727549,106.6724295,-6.1915219
8509727550,106.672015,-6.191406
8485086016,106.6677733,-6.1485048
8246403913,106.6565354,-6.1747156
9650840424,106.6799319,-6.2067673
12918465394,106.6013178,-6.1966673
8486003578,106.5906964,-6.1787598
2999985067,106.5857301,-6.1706684
2999985068,106.5872685,-6.1706942
2999985069,106.5858436,-6.1706737
2999985070,106.5875182,-6.1707064
2999985071,106.5877497,-6.1707181
2999985072,106.5879625,-6.1707274
2999985073,106.5864613,-6.1707113
2999985074,106.5881918,-6.1707331
2999985075,106.5884342,-6.1707388
2999985076,106.5886843,-6.1707548
2999985077,106.5889178,-6.1707675
2999985078,106.5891417,-6.1707802
2999985079,106.5893601,-6.170792
2999985080,106.5896267,-6.1708084
2999985081,106.5858345,-6.1709369
2999985082,106.5866109,-6.1709703
2999985083,106.5858249,-6.1711806
2999985084,106.5866082,-6.1711524
2999985086,106.5858225,-6.1714218
2999985089,106.5874692,-6.1716092
2999985090,106.5876994,-6.1716221
2999985091,106.5879085,-6.1716325
2999985092,106.5881475,-6.1716458
2999985094,106.5883889,-6.1716593
2999985095,106.5886428,-6.1716747
2999985096,106.5858505,-6.1716757
2999985097,106.588864,-6.1716843
2999985098,106.5890967,-6.1716937
2999985099,106.5893297,-6.1716986
2999985100,106.589579,-6.1717122
2999985102,106.5902775,-6.1717498
3645514702,106.6807255,-6.1686569
2999985104,106.5868956,-6.1722721
2999985105,106.589309,-6.1722877
2999985106,106.5895442,-6.172282
2999985107,106.5859489,-6.1724159
3645514704,106.6799997,-6.1686783
2999985109,106.5869442,-6.1724021
2999985111,106.5893541,-6.1724552
2999985112,106.5860129,-6.172624
8503698398,106.6731826,-6.1367026
13070771168,106.6062359,-6.1803756
8793760742,106.592359,-6.1585871
8793760743,106.5923408,-6.1584782
8502780910,106.6702965,-6.1806716
9992020981,106.6820204,-6.1453497
7137797113,106.6848267,-6.1796416
7137797114,106.6847126,-6.1796203
6728551202,106.6732373,-6.1635422
7221552140,106.5957894,-6.2055692
13018473486,106.620457,-6.1762126
13018473487,106.6204308,-6.1761903
13018473489,106.6204841,-6.176135
13018473490,106.6202667,-6.1763366
9992021018,106.681616,-6.1444603
7260218395,106.585599,-6.2069038
7260218396,106.5855815,-6.2072366
7260218397,106.5856889,-6.2075577
7260218404,106.5870836,-6.2077704
7129146407,106.6391069,-6.1705272
7129146408,106.6392311,-6.1705457
14136910889,106.6684833,-6.1673688
14136910899,106.6714016,-6.1640143
11977892935,106.6396087,-6.2095683
12985312332,106.6478743,-6.1842936
12985312334,106.6477619,-6.1842702
12985312335,106.6476646,-6.1842525
7129146450,106.6667883,-6.1926279
7129146451,106.6670889,-6.1927681
7129146452,106.6670689,-6.1928042
8509334657,106.6024806,-6.1948959
7298622623,106.6005523,-6.1416628
13330162847,106.6325176,-6.1358025
13330162848,106.6330439,-6.1359291
13330162850,106.6327777,-6.1358932
13330162852,106.6327026,-6.1362545
7298622631,106.6003888,-6.1420509
7298622632,106.6007499,-6.1420736
8482202795,106.6643138,-6.13882
7298622644,106.6027518,-6.1413842
7298622645,106.6028212,-6.140979
7298622646,106.6033519,-6.1416002
7298622647,106.6034539,-6.1412572
7298622650,106.6026294,-6.1407502
7298622659,106.6034236,-6.1391837
7298622660,106.6033544,-6.139128
8535155966,106.6674735,-6.169823
8535155971,106.6677493,-6.1705067
8524408077,106.5925956,-6.1416735
8524408078,106.5925759,-6.1418775
8548001049,106.6167522,-6.1438563
7128884568,106.6681702,-6.1924499
7128884569,106.6678988,-6.1923807
7128884570,106.6676723,-6.1922459
7128884571,106.6674453,-6.1921259
7128884572,106.6674873,-6.1920511
6316369254,106.6585016,-6.1473691
6316369255,106.6584544,-6.1474455
6316369256,106.658336,-6.1473704
6316369257,106.6584144,-6.1473098
9154995565,106.6117147,-6.1777907
8523097461,106.6315218,-6.2079237
8523097462,106.6311913,-6.2078211
8407360888,106.6381964,-6.1493871
8407360889,106.6380102,-6.1494548
6320301435,106.5955863,-6.2038806
6320301436,106.5941221,-6.203954
8407360891,106.6384724,-6.1496814
6320301443,106.5865324,-6.2027114
6950102426,106.610506,-6.1489465
8789042672,106.5950013,-6.187515
10133054989,106.6598044,-6.1579102
9128519219,106.655556,-6.1678935
9128519220,106.6558649,-6.1669595
9128519221,106.6569289,-6.1647022
9128519222,106.6564676,-6.1647492
9128519223,106.6563007,-6.1647604
11058030190,106.5896836,-6.169044
12353939122,106.6713278,-6.1469476
12353939127,106.6714666,-6.1472119
3510380282,106.6568666,-6.1537769
8552326984,106.6688105,-6.1755487
11142702948,106.5844368,-6.158885
8310761338,106.5985369,-6.1645968
13956818843,106.5922479,-6.1407504
13956818844,106.5926304,-6.1416095
13956818845,106.5929495,-6.1406798
13956818847,106.5931367,-6.1414285
9685313440,106.6165272,-6.1672763
9685313441,106.6163393,-6.1672089
9685313445,106.6166194,-6.1670209
8519559077,106.6426496,-6.1511593
8519559079,106.6423902,-6.1508028
8496228266,106.6131928,-6.1859588
8496228269,106.6128794,-6.1860354
8776460209,106.6805405,-6.1874087
8776460213,106.6805637,-6.1876903
8789043128,106.6683888,-6.1818175
8789043135,106.6688983,-6.1822096
7137142800,106.6702315,-6.1768744
7249340444,106.6759955,-6.1345043
7249340445,106.6763279,-6.1344799
7912826909,106.6492303,-6.2059363
7249340447,106.6746692,-6.1372267
7912826910,106.6495053,-6.2059665
8495966241,106.617168,-6.1866421
8789174307,106.6139446,-6.197839
8226351144,106.6638876,-6.1475341
8226351146,106.6647026,-6.1481899
8226351147,106.6649109,-6.1473863
8226351151,106.6647752,-6.1470938
8226351152,106.6643219,-6.1472272
7249340465,106.6742251,-6.1352663
7249340466,106.6742848,-6.1350013
8226351154,106.6633915,-6.146602
8226351157,106.6629992,-6.1464809
8226351161,106.6628493,-6.1463818
8226351162,106.6628198,-6.1466618
8547477563,106.6128407,-6.1430921
8226351164,106.6629767,-6.1465844
8547477566,106.6129442,-6.1428804
8547477577,106.613021,-6.1424371
8547477578,106.6130658,-6.1424025
6322530391,106.6761736,-6.1622882
6322530400,106.6756348,-6.1624963
11442858134,106.6541174,-6.1602755
8506321059,106.5923636,-6.2061632
5513554097,106.5983168,-6.1917526
7064398063,106.6039521,-6.2020259
8814340380,106.6664636,-6.1583182
8788781378,106.6389344,-6.2086743
8509073746,106.6301124,-6.1725592
8509073747,106.6297442,-6.1726477
7137667425,106.6790265,-6.1975106
4956367263,106.6304794,-6.1816775
8552327599,106.6325626,-6.1469024
13236316617,106.5971393,-6.1487596
13236316619,106.5967243,-6.1486995
8550099415,106.6414627,-6.1480085
7249340889,106.6727414,-6.1426962
8788388313,106.5851618,-6.1869034
8547478049,106.6122444,-6.1457614
8973331012,106.6291886,-6.1792746
7231777376,106.6426952,-6.1594369
7231777384,106.6432397,-6.1599029
8555866786,106.6747878,-6.1803409
8519559854,106.6390139,-6.1482045
6563310306,106.6362494,-6.1576137
8552188042,106.6776284,-6.1848642
8552188047,106.6779218,-6.1853288
8485079186,106.6170489,-6.1779852
5504248608,106.6773018,-6.1977131
5504248613,106.6788473,-6.198015
8485079188,106.6163526,-6.1778903
12138720049,106.6801507,-6.1450107
12138720052,106.6800523,-6.145121
12138720055,106.6815119,-6.1443617
12138720056,106.6827262,-6.1441816
5504248632,106.6795241,-6.1987962
5504248640,106.6807611,-6.1961223
5504248644,106.681001,-6.1962165
5504248645,106.6817146,-6.197315
5504248650,106.6811661,-6.197147
5504248651,106.6809623,-6.1970952
5504248685,106.6839731,-6.1984536
5504248686,106.6839961,-6.1982027
5504248687,106.6822504,-6.1967036
5504248689,106.6809955,-6.1975992
5504248691,106.6806203,-6.1976077
5504248694,106.6801677,-6.1978656
5504248695,106.6782948,-6.198167
10005523320,106.6768457,-6.1943873
5504248696,106.6779715,-6.1979157
5504248698,106.6789775,-6.2018441
10005523323,106.6772977,-6.1947085
5504248700,106.6787615,-6.2014908
5504248704,106.679306,-6.2003874
5504248706,106.6792316,-6.2023974
5504248709,106.6787454,-6.2023281
5504248711,106.6792303,-6.2025854
8547478407,106.6608699,-6.1930232
5504248714,106.6785919,-6.202554
5504248715,106.6779676,-6.2024988
5504248718,106.6785383,-6.2025473
5504248719,106.6784676,-6.2031016
5504248722,106.6798747,-6.2046319
5504248723,106.6800544,-6.2040293
5504248724,106.6804895,-6.2039993
7792888794,106.5993613,-6.1878785
7243967393,106.6828224,-6.1915406
10536496037,106.6829875,-6.1833852
10536496038,106.6824032,-6.1833779
5504248753,106.6858755,-6.2058097
7243967411,106.6825207,-6.1949458
5504248756,106.6846544,-6.2051706
5504248759,106.6858081,-6.2051611
7243967417,106.6842735,-6.1923106
5504248762,106.6843158,-6.2003661
4298779581,106.6429103,-6.185807
4298779582,106.642999,-6.1858372
4298779583,106.6434708,-6.185993
5504248771,106.6834812,-6.2006268
5504248776,106.6829817,-6.2015771
5504248780,106.6818911,-6.2012632
7243967437,106.6816935,-6.1887747
5504248782,106.6821371,-6.2013782
5504248785,106.6811836,-6.2019481
5504248790,106.6794307,-6.1993156
8547871704,106.6235878,-6.1488752
5504248793,106.679593,-6.1982283
5504248794,106.6790778,-6.198284
5504248796,106.6774812,-6.1962556
5504248797,106.677905,-6.1961262
7131900893,106.6844424,-6.1783266
5504248800,106.6783726,-6.1963537
7243967460,106.6799148,-6.1886487
5504248805,106.679138,-6.1964605
5504248804,106.6776991,-6.1965157
5504248808,106.6796145,-6.1966297
5621033963,106.6184038,-6.2024481
5504248812,106.6792105,-6.1973919
5504248813,106.6794361,-6.1974897
5621033966,106.6177279,-6.203704
5621033967,106.6189709,-6.2038616
5504248816,106.6797915,-6.1966777
5621033969,106.6198867,-6.2039189
5504248818,106.6798317,-6.1963417
5504248819,106.6802214,-6.1957258
5621033971,106.6240749,-6.2003775
5504248821,106.6799866,-6.196369
5504248822,106.6800966,-6.196415
5621033968,106.6199863,-6.2033973
5621033970,106.6241357,-6.2001469
5504248825,106.6800712,-6.197125
5504248828,106.6801322,-6.197223
5504248832,106.6809616,-6.1971542
5504248833,106.6828276,-6.1981137
5621033985,106.616834,-6.2094063
5504248834,106.6825047,-6.198226
5504248835,106.6835841,-6.1989416
5504248837,106.6835145,-6.1993108
5621033990,106.6187257,-6.2093889
5621033991,106.6192031,-6.2065651
5621033992,106.6192701,-6.2063411
5621033993,106.619238,-6.2064531
5504248842,106.6844488,-6.1994527
5504248843,106.6846248,-6.1985869
5621033995,106.6178913,-6.2066656
5621033994,106.6180471,-6.2061305
5621033998,106.6193431,-6.2070596
5621033996,106.6176903,-6.2066105
5621034001,106.6179022,-6.2090136
5621034004,106.6199085,-6.2084617
5621034006,106.6191961,-6.2084482
5621034007,106.6200909,-6.2063038
5621034008,106.6195735,-6.2061839
5621034009,106.6199363,-6.2067666
5621034010,106.6194579,-6.2066536
5621034011,106.6210753,-6.2046426
5621034013,106.6199373,-6.2047146
5621034014,106.6216385,-6.2013815
5621034020,106.6220096,-6.2027542
8484695100,106.6628909,-6.1496139
5504248948,106.6839677,-6.2001495
5504248951,106.6840031,-6.1994123
5504248952,106.6837276,-6.2000522
5504248953,106.6836106,-6.2000539
5504248954,106.6835761,-6.2003368
9651367034,106.6777523,-6.1581576
5504248957,106.6836664,-6.1993507
5504248961,106.6837988,-6.1998055
5504248971,106.6802091,-6.1986357
5504248972,106.6802122,-6.1985294
5504248973,106.6807108,-6.1985476
5504248974,106.6806954,-6.198675
7139896463,106.6551939,-6.1743681
5504248975,106.6804026,-6.1986443
5504248976,106.6806659,-6.1988103
7139896460,106.6519996,-6.1746726
5504248979,106.6804181,-6.1985346
5504248980,106.6804821,-6.1979756
5504248981,106.6799645,-6.1985489
7139896464,106.6551712,-6.1741943
5504248983,106.6802198,-6.1984639
5504248984,106.6795312,-6.1989834
5504248985,106.6796768,-6.1989789
5504248986,106.6797318,-6.1988763
5504248993,106.6783956,-6.1976545
5504248994,106.6784933,-6.197703
5504248995,106.6782,-6.1975528
5504248996,106.6778778,-6.1980496
5504249004,106.6776511,-6.1986523
5504249007,106.6780099,-6.1984876
5504249009,106.6787365,-6.1987848
5504249010,106.6778657,-6.1989322
5504249013,106.6787815,-6.1990912
5504249017,106.6785005,-6.1992115
5504249021,106.6806391,-6.1990882
5504249022,106.6803182,-6.197922
5504249025,106.6801892,-6.1990509
8485350596,106.6692128,-6.1477767
5504249028,106.6795494,-6.1991623
5504249029,106.6794982,-6.198445
5504249031,106.6792387,-6.1984733
5504249030,106.6792792,-6.1991796
5504249034,106.6791137,-6.1984834
5504249037,106.6790566,-6.1979016
8495705295,106.635295,-6.1910472
5504249040,106.6791478,-6.1991829
8495705296,106.6357279,-6.1910649
5504249042,106.6783954,-6.1991869
5504249044,106.6787535,-6.199211
7238331606,106.6774535,-6.1791877
5504249050,106.6821679,-6.1995922
5504249051,106.682544,-6.1996021
7238331614,106.68168,-6.1874296
7238331618,106.6790724,-6.1874874
5504249060,106.6817656,-6.1997148
7238331621,106.6844694,-6.1819381
5504249061,106.6815934,-6.200158
5504249062,106.6811675,-6.1989176
5504249065,106.6812243,-6.2000706
5504249070,106.6809014,-6.2000028
5504249074,106.679039,-6.1996766
7238331635,106.6834762,-6.1871107
5504249076,106.6796601,-6.1997122
8434101493,106.6424196,-6.2099912
7238331659,106.6832923,-6.1831157
4917046544,106.6192174,-6.2093664
7238331664,106.6831585,-6.1835276
9650973969,106.6789064,-6.1932232
9650973968,106.679019,-6.1931672
7238331668,106.6822633,-6.1840865
9650973970,106.6784129,-6.1932389
5504249113,106.6860391,-6.2020327
8503962920,106.6668097,-6.1381422
8503962922,106.6663808,-6.1379898
8503962923,106.6665121,-6.1380354
8535158080,106.6706116,-6.171269
8535158081,106.6705943,-6.1708459
4298779989,106.6428062,-6.1862201
4298779994,106.6428568,-6.186236
4298780000,106.6483356,-6.1863234
4298780001,106.6481085,-6.1863256
4298780004,106.6483324,-6.1864102
4298780005,106.6433074,-6.1864026
4298780011,106.6450124,-6.1865135
4298780012,106.6498382,-6.1865217
8509074801,106.6813483,-6.1537317
8509074802,106.6813888,-6.153998
4298780024,106.6445244,-6.186726
4298780029,106.6453843,-6.186847
4298780031,106.6454512,-6.186886
4298780032,106.644804,-6.1868895
4298780033,106.6429621,-6.1869606
4298780034,106.6433,-6.187026
4298780035,106.6437141,-6.1870916
4298780039,106.6429255,-6.1873044
4298780042,106.6432703,-6.1873222
4298780043,106.6436018,-6.1873393
4298780044,106.6445151,-6.1873961
4298780046,106.6435914,-6.1874594
4298780048,106.6443246,-6.1877301
4298780049,106.6435602,-6.1878219
4298780050,106.6435522,-6.1879152
5209861523,106.664899,-6.1981048
4298780052,106.6441572,-6.1880416
4298780053,106.6440819,-6.1881926
4298780054,106.6466575,-6.1882813
5209861526,106.6648583,-6.197607
4298780057,106.6517162,-6.18852
4298780060,106.6466642,-6.1883946
4298780062,106.6466239,-6.1889612
4298780064,106.6468358,-6.1889972
12508999072,106.640473,-6.1797223
12508999073,106.6407292,-6.1812036
4298780073,106.6465126,-6.1896599
4298780074,106.6467795,-6.1897185
4298780077,106.6472583,-6.1898332
4298780078,106.6433206,-6.1898239
5504249264,106.6824067,-6.2020801
4298780082,106.643463,-6.189978
5504249269,106.6820071,-6.2020027
4298780085,106.6466432,-6.1900075
4298780088,106.6432583,-6.1900513
5504249275,106.6822135,-6.2037032
5504249276,106.6825132,-6.2038419
4298780093,106.646493,-6.1901954
5504249277,106.6826583,-6.2030515
5504249281,106.6827423,-6.2025936
4298780098,106.6435421,-6.19024
4298780099,106.6501129,-6.1902653
5504249283,106.6834849,-6.2022881
5504249282,106.6827922,-6.2025557
5504249286,106.6844559,-6.2024987
4298780102,106.6455926,-6.1902838
4298780104,106.64318,-6.1903372
4298780105,106.6510668,-6.1903503
5504249288,106.684873,-6.2014254
5504249287,106.6845671,-6.2025294
4298780108,106.6428273,-6.1904189
5504249293,106.6839304,-6.2011169
5504249294,106.68362,-6.201096
4298780111,106.6469176,-6.1904838
5504249297,106.6836512,-6.2007022
5504249300,106.6825596,-6.2014747
4298780117,106.6451159,-6.1905612
4298780118,106.6452064,-6.1905787
4298780119,106.6454459,-6.1906088
4298780120,106.6432524,-6.1906066
5504249305,106.6823792,-6.2003348
4298780121,106.645566,-6.1906028
8785243611,106.6653364,-6.1522065
5504249304,106.6828023,-6.2004461
4298780125,106.644021,-6.1906263
4298780127,106.6439504,-6.1906472
4298780132,106.6461734,-6.1907519
5504249317,106.6816598,-6.2039356
4298780134,106.6450843,-6.1908612
4298780135,106.6436078,-6.1909052
4298780136,106.6471939,-6.1909198
4298780137,106.6433461,-6.1909424
4298780138,106.6433544,-6.1909722
4298780133,106.6512289,-6.1908213
4298780139,106.643003,-6.1910318
8521002474,106.6204415,-6.2069779
7061777902,106.5994312,-6.2063998
4298780143,106.64338,-6.1910642
4298780144,106.6500509,-6.1910992
5504249328,106.6835177,-6.2057132
7061777904,106.5993802,-6.2070171
5504249331,106.6835732,-6.2055343
5504249332,106.684468,-6.205026
7061777903,106.5993876,-6.2063898
5504249334,106.684347,-6.2058863
4298780146,106.6431855,-6.1911037
5504249337,106.6842386,-6.2051072
4298780154,106.6458706,-6.1911787
5504249339,106.6831527,-6.2037252
4298780156,106.6513579,-6.1911899
4298780160,106.6469404,-6.1912932
4298780163,106.6427962,-6.191432
5504249348,106.6840227,-6.2056146
5504249350,106.6841468,-6.2059327
4298780169,106.6427963,-6.1914974
4298780170,106.650012,-6.1914887
4298780171,106.6430805,-6.1915136
5504249355,106.6834308,-6.2062841
4298780172,106.6431701,-6.1915191
4298780174,106.6509267,-6.1915638
4298780175,106.651481,-6.1916431
4298780176,106.6520739,-6.1916143
4298780177,106.6522334,-6.1916231
10923683347,106.6619975,-6.1773704
4298780180,106.6519785,-6.1916658
4298780182,106.6521891,-6.1917945
4298780183,106.6427772,-6.1917801
10923683352,106.6616048,-6.1773236
4298780185,106.6431581,-6.1918072
5621034521,106.6232935,-6.1967857
4298780187,106.6529913,-6.1918581
5621034524,106.6234087,-6.1972213
4298780189,106.6499687,-6.1918985
4298780190,106.6513545,-6.1920314
4298780191,106.6427577,-6.1920973
4298780192,106.6431424,-6.1921171
4298780193,106.6521316,-6.1921382
4298780194,106.653477,-6.1922644
5621034525,106.624074,-6.1964164
5621034526,106.6241468,-6.1968981
4298780197,106.6499377,-6.1923015
5621034527,106.6258373,-6.1969569
4298780199,106.6427338,-6.1924208
4298780200,106.6513423,-6.1924331
5621034528,106.6250449,-6.1971203
5621034529,106.6257504,-6.1962537
4298780203,106.6521033,-6.1925309
4298780204,106.6427252,-6.1925386
4298780207,106.6447303,-6.1926251
4298780208,106.6535705,-6.1926521
5621034550,106.6216627,-6.1989629
4298780215,106.649904,-6.1927368
5621034552,106.6212876,-6.1988678
5621034553,106.6158691,-6.2019948
5621034554,106.6158619,-6.2024945
5621034555,106.6169335,-6.2042412
4298780219,106.6498989,-6.1928033
4298780221,106.6513054,-6.1928573
5621034561,106.6157913,-6.2051146
4298780225,106.6512998,-6.1929216
4298780234,106.6460928,-6.1930598
4298780235,106.6535501,-6.1931909
4298780239,106.6535355,-6.1933231
5621034577,106.6173578,-6.2041369
4298780242,106.6455819,-6.1931384
4298780246,106.6453418,-6.1931637
4298780247,106.6447343,-6.1931651
5621034585,106.6174352,-6.2005235
4298780252,106.6461327,-6.193257
7850045022,106.6627716,-6.2080184
4298780255,106.6503874,-6.1933094
7850045023,106.6626858,-6.2092177
5621034592,106.6220031,-6.2012054
4298780258,106.6510478,-6.1933564
5621034595,106.6220033,-6.2016401
5621034596,106.6220067,-6.2010953
4298780261,106.6419193,-6.1933744
5621034593,106.6224392,-6.2022215
5621034599,106.6200111,-6.2043506
5621034597,106.6191494,-6.2047412
5621034602,106.6182653,-6.2076751
5504249450,106.6849199,-6.2031973
4298780269,106.6461702,-6.193494
5504249453,106.6849655,-6.203964
4298780271,106.6447594,-6.1935075
5504249455,106.6849494,-6.203656
5621034607,106.620105,-6.2039506
5621034610,106.6184361,-6.2006711
5504249459,106.6863387,-6.203884
5621034608,106.6187364,-6.1998935
4298780279,106.6427727,-6.1936169
8482860665,106.6653886,-6.1473063
7238332026,106.6619102,-6.2071441
4298780284,106.6429263,-6.1936344
4298780285,106.6427614,-6.1936467
5504249474,106.6788204,-6.1972246
4298780292,106.642325,-6.1936604
7238332036,106.661148,-6.2082205
5504249478,106.6817522,-6.1984579
4298780293,106.6512365,-6.19365
4298780298,106.6432779,-6.1936717
4298780299,106.6429222,-6.1936982
4298780300,106.6427708,-6.1937024
5504249484,106.6817542,-6.197103
6976118110,106.6748398,-6.1795074
5504249487,106.6817113,-6.1966417
5504249488,106.6799632,-6.2043733
5504249489,106.6807613,-6.2045473
4298780306,106.6428592,-6.193745
9976688276,106.5937035,-6.1912351
9976688277,106.5940036,-6.1912326
4298780312,106.6447732,-6.1937471
4298780316,106.6462391,-6.1938238
4298780332,106.6415895,-6.1939401
8503439020,106.6841265,-6.1932933
7238332079,106.6639309,-6.2072464
4298780337,106.6438442,-6.1939424
7238332081,106.6639313,-6.2073534
8503439025,106.6844465,-6.1931766
4298780344,106.645797,-6.1939967
4298780345,106.6439218,-6.1939719
4298780346,106.6437524,-6.1939759
4298780350,106.6437251,-6.1940103
6696480448,106.5877699,-6.170305
4298780353,106.6455716,-6.1940596
4298780354,106.6416708,-6.1940264
4298780356,106.6415264,-6.1940191
4298780358,106.6437187,-6.1940426
4298780359,106.6416564,-6.1940574
4298780362,106.6416292,-6.1940784
4298780371,106.6511963,-6.1941127
4298780372,106.6437297,-6.194122
4298780376,106.6448154,-6.194193
4298780377,106.644852,-6.1941944
4298780379,106.6437772,-6.194169
4298780387,106.641942,-6.1942194
4298780388,106.6448952,-6.1942493
4298780390,106.6517637,-6.1942401
4298780391,106.6447732,-6.1942814
4298780393,106.6419019,-6.1942744
4298780395,106.6442404,-6.1942844
13942402799,106.669288,-6.1878874
4298780403,106.6441952,-6.1945797
4298780429,106.6533846,-6.1950659
4298780430,106.6537998,-6.1951023
4298780431,106.6533766,-6.1951521
4298780432,106.6537662,-6.1951936
4298780440,106.6534551,-6.1954323
4298780445,106.6538051,-6.1954763
4298780453,106.6534229,-6.195684
4298780454,106.653823,-6.195723
4298780462,106.6533973,-6.1959516
4298780463,106.6538269,-6.1959882
10003427120,106.6473691,-6.1619667
10003427121,106.6479637,-6.1619596
4298780467,106.6409417,-6.1962243
4298780469,106.6533712,-6.1962246
4298780471,106.653831,-6.1962668
4298780476,106.6419884,-6.1961249
4298780477,106.6549967,-6.1963702
4298780480,106.6532521,-6.1965398
4298780481,106.6404519,-6.1965631
4298780482,106.6414124,-6.1965436
4298780483,106.6533403,-6.1965487
4298780484,106.6409569,-6.1965648
4298780485,106.653836,-6.1965989
4298780491,106.6476307,-6.1967176
4298780496,106.6422352,-6.1968729
4298780501,106.6533095,-6.1969104
4298780505,106.6538348,-6.1969536
4298780507,106.6422627,-6.197033
4298780508,106.6409477,-6.1971461
4298780512,106.6532865,-6.1971816
4298780516,106.6538338,-6.1972295
4298780519,106.6423185,-6.1973574
4298780522,106.6423304,-6.1974075
3799002987,106.6204026,-6.1980835
4298780524,106.6538132,-6.1974175
3799002986,106.6209949,-6.1983326
4298780528,106.6423486,-6.1974381
4298780530,106.6532701,-6.1974522
4298780535,106.6550738,-6.1974342
3726782328,106.6482886,-6.1862633
4298780537,106.640823,-6.1975174
6708932477,106.589597,-6.1701576
6708932478,106.5896149,-6.1699066
6708932479,106.5896306,-6.1696576
4298780546,106.6437936,-6.1976086
3726782339,106.6496308,-6.1881699
4298780549,106.6407646,-6.1976908
4298780550,106.6438475,-6.1977044
12406108039,106.6087746,-6.178467
4298780552,106.6532496,-6.197729
4298780559,106.6424981,-6.1977383
8979492751,106.6245072,-6.1509873
4298780570,106.653498,-6.1979222
4298780576,106.6432081,-6.1979586
4298780577,106.6432872,-6.1979641
4298780580,106.6433187,-6.1979889
4298780582,106.6431542,-6.1980018
4298780583,106.6433381,-6.198024
4298780586,106.6406599,-6.198051
4298780587,106.6521979,-6.1980209
4298780590,106.6431406,-6.1980688
4298780591,106.6433351,-6.1980925
4298780596,106.6431693,-6.1981256
4298780599,106.6432795,-6.1981476
4298780604,106.6415653,-6.1982056
4298780607,106.6519817,-6.1982165
4298780609,106.6423236,-6.198264
4298780615,106.6423443,-6.1983561
4298780618,106.6517808,-6.198418
4298780619,106.6535141,-6.1981028
4298780631,106.6438434,-6.1985828
3316133850,106.6591448,-6.1314228
4298780639,106.6513978,-6.1984335
5634404324,106.6834179,-6.1614262
4298780656,106.6515829,-6.1989079
4298780660,106.6534943,-6.1989702
4298780665,106.646693,-6.1990355
4298780673,106.6517062,-6.1992415
3316133909,106.6500085,-6.1345631
8509468695,106.6109954,-6.1383607
8509468699,106.6108909,-6.1386693
4298780710,106.6398517,-6.2004323
4298780713,106.6398151,-6.2005034
4298780716,106.6520167,-6.2005767
4298780721,106.6374402,-6.2007736
5621177411,106.6349534,-6.2025756
4298780724,106.6376055,-6.2007712
4298780731,106.6381398,-6.2009293
5621177413,106.6436593,-6.2027084
4298780735,106.6374061,-6.2011606
4298780736,106.6394579,-6.2011393
4298780739,106.6387751,-6.2012967
4298780740,106.6387081,-6.2014047
4298780741,106.6413475,-6.2014009
4298780745,106.6371645,-6.2015354
4298780747,106.6425466,-6.2016616
4298780748,106.6391385,-6.201686
4298780749,106.6426176,-6.2017023
4298780752,106.6406057,-6.2017153
4298780753,106.6385043,-6.2018007
4298780754,106.6368624,-6.2018398
4298780756,106.6410134,-6.2019473
9648877653,106.66376,-6.1639902
4298780761,106.6365757,-6.2020833
4298780763,106.6522884,-6.2023173
4298780764,106.6383138,-6.2021953
4298780765,106.640064,-6.2021081
4298780768,106.6388395,-6.2023153
4298780770,106.636845,-6.2023454
4298780771,106.6408366,-6.2023822
4298780774,106.6408055,-6.2025059
4298780777,106.6381877,-6.2026166
4298780780,106.6523352,-6.2026873
4298780783,106.6401243,-6.2027859
4298780785,106.638645,-6.2028486
4298780786,106.6418261,-6.20295
4298780789,106.6406607,-6.2030032
4298780790,106.6380214,-6.2030379
4298780791,106.640646,-6.2030659
4298780793,106.6409692,-6.2031872
7229288569,106.5885876,-6.1800464
4298780795,106.6393116,-6.2031952
4298780802,106.6377988,-6.2034352
4298780806,106.640546,-6.2036432
4298780807,106.6382601,-6.2036832
9968300172,106.6556187,-6.1400986
4298780813,106.6394067,-6.2038485
9968300173,106.6557105,-6.1403364
4298780820,106.6524506,-6.2041572
4298780821,106.6379763,-6.204151
4298780822,106.6403226,-6.2042235
4298780823,106.6392007,-6.2042371
4298780824,106.6524822,-6.2046131
12786455448,106.6728137,-6.1444603
4298780828,106.6524861,-6.2046765
4298780829,106.6400195,-6.2047112
4298780830,106.6397378,-6.2051762
8552329375,106.6678785,-6.1740663
8552329376,106.6679361,-6.1737811
4298780836,106.6523619,-6.2063551
12294828222,106.6567496,-6.151162
12786455457,106.6844921,-6.1412295
5456146645,106.620732,-6.1939938
5456146646,106.6206849,-6.1948997
5456146647,106.6258558,-6.190078
5456146649,106.6257351,-6.1904665
5456146655,106.6244218,-6.1912604
5456146663,106.6308237,-6.1950277
5456146664,106.63086,-6.1936045
5456146665,106.6323538,-6.1936115
5456146666,106.6323672,-6.1922335
5456146667,106.6329147,-6.1936111
5456146668,106.630421,-6.193062
5456146674,106.6304254,-6.1935995
5456146675,106.6304147,-6.1922566
5456146676,106.6331955,-6.1922237
5456146685,106.6265687,-6.1879371
7238070527,106.637086,-6.166143
5456146691,106.6262644,-6.1878361
5456146692,106.6259301,-6.1880029
5456146694,106.6258214,-6.1884687
5456146696,106.6257064,-6.1884167
5456146698,106.6260376,-6.1877434
5456146699,106.6308506,-6.188398
5456146711,106.6302323,-6.1877414
5456146712,106.6295114,-6.1881822
7238070554,106.6336069,-6.1643993
9529340207,106.6698334,-6.1579875
9529340208,106.6698888,-6.1579895
9529340211,106.6698655,-6.1582149
9529340212,106.6698334,-6.1579305
12294828345,106.6575708,-6.1498778
5621559613,106.6431931,-6.1748963
12294828355,106.6568008,-6.1519861
12294828356,106.653155,-6.152735
5621559619,106.6431899,-6.1742764
8788390233,106.5855092,-6.198059
8505920770,106.6628748,-6.1885034
9128653198,106.6385974,-6.1723252
8547479952,106.613785,-6.1455177
9128653205,106.6379879,-6.172337
9128653207,106.6379029,-6.1723504
6696612273,106.5979608,-6.1684854
8499114439,106.6098267,-6.2049659
8499114440,106.6092743,-6.2048966
6552182726,106.6172035,-6.1705491
3759813095,106.5872211,-6.1660658
3759813096,106.591697,-6.1657957
6552182728,106.618412,-6.1705001
3759813098,106.5920711,-6.166289
3759813099,106.5920899,-6.1658504
3759813105,106.5917734,-6.1646303
6552182730,106.6171995,-6.1704885
2638885385,106.6504633,-6.1300323
9645470223,106.6845286,-6.1678148
5436497875,106.6280318,-6.2009011
6552182745,106.6180336,-6.1708623
7237677666,106.6075333,-6.187873
8789308008,106.6381454,-6.195056
8789308009,106.6380611,-6.1952138
7237677680,106.6058061,-6.1920649
5621559928,106.6314903,-6.1664396
5621559931,106.6316264,-6.1667676
5621559932,106.6371511,-6.1694197
5621559939,106.6376725,-6.1711649
12294828685,106.6412491,-6.1532107
11974881995,106.6343656,-6.1544454
8499114734,106.6096401,-6.205477
5456147223,106.6291675,-6.1896646
5456147225,106.6292613,-6.18955
5456147226,106.6293405,-6.1893554
5456147232,106.6295954,-6.1883546
5456147233,106.6224673,-6.1935018
5456147240,106.6220111,-6.1949484
5456147241,106.6227242,-6.1943804
5456147245,106.6223339,-6.1949585
5456147246,106.6238072,-6.1934655
5456147250,106.6256618,-6.1941418
5456147258,106.6236222,-6.1940691
5456147275,106.6242966,-6.1916946
5456147276,106.6200714,-6.190652
5456147279,106.6200661,-6.19044
5456147282,106.6205771,-6.1901501
5456147283,106.626378,-6.19011
5456147289,106.6246988,-6.1902042
5456147290,106.6209237,-6.1921846
5456147306,106.6240266,-6.1926995
5456147308,106.6229997,-6.1926445
5456147315,106.6230645,-6.1910258
5456147318,106.6229826,-6.1902886
5456147319,106.6244055,-6.1913156
8485745553,106.6169448,-6.1895681
8810673068,106.6052449,-6.2095876
8810673069,106.6049962,-6.2093952
8788390846,106.5882466,-6.1862227
11045975003,106.5910899,-6.1683887
11045975004,106.5911125,-6.1687444
10030560235,106.5999898,-6.1701003
10030560236,106.60004,-6.1701257
10030560237,106.6003125,-6.1701249
8548398062,106.6671101,-6.1944237
10030560239,106.6000914,-6.1718057
10030560240,106.5998631,-6.1717321
8499115023,106.6093232,-6.2046601
11066946595,106.6419093,-6.176267
11066946596,106.6419482,-6.1763871
11066946597,106.641497,-6.176344
9529472038,106.6672779,-6.163207
9529472039,106.6673798,-6.1628526
9529472040,106.6673067,-6.1628468
9529472046,106.6673514,-6.1632088
5456147529,106.6227442,-6.1903058
5456147530,106.6231459,-6.1880781
5456147537,106.6246426,-6.1887561
5456147538,106.6250909,-6.1887844
5456147547,106.6243717,-6.1882647
5456147551,106.6239525,-6.1882767
8925230176,106.5848561,-6.1502509
8925230178,106.5847354,-6.1497859
5456147559,106.6235734,-6.1873757
5456147562,106.6237199,-6.1872327
5456147563,106.6242375,-6.18717
5456147564,106.6250039,-6.1891061
5456147566,106.6243958,-6.1891867
5456147567,106.621211,-6.1883019
5456147568,106.6205209,-6.1883193
5456147569,106.6225057,-6.1874677
5456147572,106.6211744,-6.1877384
5456147582,106.6219856,-6.1882667
5456147584,106.62201,-6.188808
5456147587,106.6210867,-6.1871116
12186563715,106.6816462,-6.1811605
5456147590,106.6212094,-6.1888214
5456147591,106.620557,-6.189618
7147107463,106.6761477,-6.1933592
5456147594,106.6199233,-6.1894641
5456147598,106.6205458,-6.1891166
5456147599,106.6205652,-6.1897499
5456147603,106.621943,-6.1888125
5456147606,106.6227785,-6.1887874
6091191449,106.6121596,-6.198211
6091191450,106.6124573,-6.198093
5456147610,106.6236563,-6.189306
6091191452,106.6124386,-6.197783
5456147611,106.6236822,-6.1893321
6091191451,106.6118941,-6.197971
6091191453,106.6117345,-6.1977176
12211966264,106.6432129,-6.1519046
12182893741,106.6742652,-6.1828679
12182893743,106.6737187,-6.1839761
12182893744,106.6740388,-6.1840551
12182893745,106.6740784,-6.1834466
12211966269,106.6422154,-6.1531498
12211966270,106.6421641,-6.1530681
8484566219,106.6566254,-6.1458487
8484566228,106.6568514,-6.1448099
7224964329,106.6655067,-6.1817122
7224964330,106.6655972,-6.1818949
8487974123,106.6255264,-6.177365
7244100848,106.680626,-6.1651929
7224964348,106.6620703,-6.18174
8503702781,106.5903619,-6.165929
6690059537,106.6800403,-6.2069924
12786480426,106.6827194,-6.142902
12786480427,106.6800603,-6.1449896
9113187676,106.6054259,-6.1815049
8509338973,106.6391208,-6.1874234
9113187685,106.6054838,-6.1810008
8509338982,106.6388261,-6.1872861
8509338983,106.6449034,-6.1839253
9113187688,106.6055567,-6.1808169
9113187686,106.6054071,-6.1811662
4552537454,106.6766144,-6.1406668
5456147824,106.6204271,-6.1872024
4552537457,106.6792295,-6.1408288
4552537458,106.6793292,-6.1408362
4552537459,106.6774171,-6.1409493
5456147827,106.6221455,-6.1861808
4552537463,106.6767798,-6.1409801
5456147833,106.6223768,-6.1868587
4552537467,106.6747929,-6.1412309
5456147845,106.6196014,-6.1861854
5456147852,106.6255447,-6.1870117
5456147854,106.6242725,-6.1875934
11670926783,106.6510181,-6.2063768
8548267462,106.6679978,-6.1871234
7067940299,106.5850452,-6.2095836
7067940300,106.5851538,-6.209213
7067940301,106.5851015,-6.2073144
7067940303,106.5851632,-6.2061585
7067940304,106.5850036,-6.2056572
7067940305,106.5850998,-6.2047445
7067940308,106.5854931,-6.2026227
7067940309,106.5854864,-6.2020641
7067940313,106.5856782,-6.2011361
7067940314,106.586283,-6.1982603
7067940315,106.5862066,-6.1980256
7067940316,106.5869361,-6.196451
7067940318,106.586975,-6.1954724
7067940319,106.5869415,-6.1957444
8482338280,106.6468268,-6.2089126
12949009900,106.5910804,-6.165338
12156024304,106.683562,-6.1361211
11054364150,106.6319775,-6.1559708
11054364151,106.6319112,-6.1558016
10053105143,106.6370344,-6.1557755
6919829031,106.6113006,-6.1981036
6919829032,106.6113115,-6.1984747
8550233680,106.6493739,-6.1519086
5446973024,106.6489683,-6.170797
5446973036,106.6498258,-6.169271
3726784120,106.6439264,-6.194147
5446973082,106.6518912,-6.173393
5446973084,106.6446008,-6.1655942
5446973085,106.644322,-6.1657239
5446973086,106.6528176,-6.170092
5446973088,106.6517862,-6.168288
5446973093,106.6514634,-6.1675983
5446973095,106.6517825,-6.1675241
5446973103,106.650422,-6.1657417
5446973106,106.6499101,-6.1658657
5446973107,106.6499452,-6.1660888
5446973108,106.6496978,-6.166129
5446973113,106.6530158,-6.1685135
5446973119,106.6520923,-6.1670102
5446973122,106.6525925,-6.1670062
5446973129,106.653181,-6.1676404
9200350928,106.6189918,-6.1769097
5446973141,106.6546795,-6.1669241
5446973143,106.6540494,-6.1660008
8552330970,106.6321065,-6.1471845
5446973156,106.6544006,-6.1666805
5446973159,106.6546501,-6.1667027
8552330987,106.6321943,-6.1477472
5446973168,106.6557128,-6.1656902
7257208561,106.6358282,-6.1623256
8552330992,106.6321501,-6.1484432
5446973175,106.6517732,-6.1665583
5446973178,106.6530901,-6.1661483
5446973179,106.6523819,-6.1662013
8523233024,106.5887325,-6.1402622
5446973184,106.6523879,-6.1653013
5446973186,106.6541591,-6.1655184
5446973187,106.6556768,-6.1653756
8523233027,106.5891947,-6.1402654
5446973189,106.6555429,-6.1699259
8553117442,106.6630505,-6.177281
5446973190,106.6549838,-6.1698037
5446973188,106.6552788,-6.1698814
5446973193,106.6555812,-6.169773
5446973196,106.6468151,-6.1671529
5446973197,106.6467296,-6.1663793
8552331028,106.6735661,-6.174857
8552331030,106.6741002,-6.1749695
8926934851,106.5908387,-6.1680689
8926934852,106.5908777,-6.1673059
5458114382,106.6361114,-6.1887592
7229159249,106.6653287,-6.167725
7229159251,106.6650675,-6.168465
5458114391,106.6357142,-6.1865246
5458114392,106.6414949,-6.1930712
7229159257,106.664232,-6.1684949
5458114394,106.6376358,-6.1959477
5458114393,106.6412657,-6.1929648
7786477403,106.5916044,-6.1735866
7229159260,106.6641649,-6.162986
7229159259,106.6642385,-6.1629854
7229159258,106.6648328,-6.1629783
7968405346,106.6814451,-6.1362415
5458114403,106.6430131,-6.1929125
5458114402,106.6379088,-6.1948583
5458114409,106.6356925,-6.1927517
5458114410,106.6345505,-6.1927345
5458114411,106.6351729,-6.1920272
5458114412,106.635688,-6.1920392
5458114415,106.635181,-6.1915073
5458114416,106.6360069,-6.1894506
5458114418,106.6362057,-6.1894565
5458114419,106.63618,-6.188761
5458114420,106.6363893,-6.1887665
7968405382,106.6682046,-6.1394626
12184205204,106.6846007,-6.177155
12184205206,106.6843982,-6.1780308
5618808726,106.6107461,-6.1632409
5618808729,106.5973813,-6.1580742
5618808730,106.605092,-6.1562255
5618808732,106.6046997,-6.1563848
5618808733,106.6049948,-6.1564681
5618808734,106.60492,-6.1566407
5618808735,106.6087103,-6.1616089
5618808737,106.6099817,-6.1622676
5618808739,106.6077052,-6.1609652
5618808742,106.6063831,-6.1565255
5618808743,106.6057545,-6.1562721
5618808744,106.6067355,-6.1566575
5618808745,106.5993306,-6.1587688
5618808746,106.599358,-6.1581312
5618808747,106.6006489,-6.1587782
5618808748,106.600669,-6.1581928
5618808749,106.5996766,-6.1579102
5618808750,106.5997048,-6.1573635
5618808751,106.5996887,-6.1576875
5618808752,106.5991672,-6.1576811
5618808756,106.5981598,-6.1559635
5618808758,106.599578,-6.1562095
5618808759,106.5993601,-6.1562191
5618808760,106.5993735,-6.1556034
5618808761,106.5993521,-6.1565874
5618808762,106.5982463,-6.1536934
5618808765,106.5988575,-6.1536323
7122991051,106.653243,-6.1956325
7122991052,106.6533866,-6.195031
7229814734,106.5917558,-6.1586079
7229814735,106.5919841,-6.1585515
7229814736,106.5918807,-6.158601
7229814737,106.5919658,-6.1586817
9979574244,106.6357141,-6.2085097
8810543077,106.6072737,-6.2042266
7120500749,106.6590823,-6.1778054
7120500752,106.6580596,-6.176751
5472008241,106.6658824,-6.17018
5472008247,106.6602062,-6.1701145
5472008253,106.6600307,-6.1705147
5472008254,106.6605018,-6.1704443
7229159494,106.6642876,-6.1685923
5472008265,106.6619029,-6.1779216
5472008270,106.6611019,-6.1781129
5472008273,106.6612367,-6.1778549
5472008277,106.6611878,-6.1768424
7134394458,106.6832824,-6.1818042
7134394459,106.6832674,-6.1815415
7134394460,106.6832617,-6.1810419
7134394461,106.6834923,-6.1806838
5472008289,106.6650076,-6.1746693
5472008290,106.6648614,-6.1745525
7134394469,106.6552603,-6.1901518
5472008296,106.6631256,-6.1756566
5472008297,106.6646448,-6.1752101
5472008302,106.6632611,-6.1759823
5472008307,106.6664145,-6.1723323
5472008308,106.6664031,-6.1722277
5472008315,106.6649196,-6.1778852
5472008316,106.6630677,-6.1794237
5472008317,106.663076,-6.1794752
5472008318,106.6658494,-6.1749943
5472008320,106.6638381,-6.166553
10040129682,106.5867181,-6.1609851
8496363683,106.6325869,-6.1588205
6714964137,106.6548998,-6.197667
5623920812,106.624436,-6.1880614
5623920813,106.6252333,-6.1882095
5623920814,106.6227949,-6.1927633
5623920816,106.6232302,-6.1926679
7122598065,106.6568344,-6.1964417
5623920817,106.6229997,-6.1934165
5623920819,106.6228067,-6.1926222
5623920820,106.6253266,-6.1893153
7122598082,106.6770966,-6.1922458
6548240585,106.6330545,-6.1974788
6548240586,106.6311316,-6.1985273
11366316246,106.6326636,-6.1438458
11366316247,106.6322393,-6.1437417
11083593969,106.5900797,-6.1952471
11083593970,106.5903453,-6.1952911
5458114821,106.6360621,-6.18965
5458114823,106.6364106,-6.1894627
5458114824,106.6385768,-6.1894027
5458114826,106.6391024,-6.1887856
5458114827,106.6383288,-6.1898906
12260358414,106.6828492,-6.1425695
8548137243,106.6247257,-6.1516913
8548137244,106.6244803,-6.1516326
5458114845,106.6396314,-6.1878196
5458114846,106.6397061,-6.1884267
5458114848,106.6393528,-6.1858778
5458114849,106.6434449,-6.1957471
7237941537,106.6346224,-6.167479
5458114854,106.6429007,-6.1951311
5458114855,106.6407546,-6.1948165
7237941544,106.6337827,-6.1625493
7237941545,106.632735,-6.1609712
5458114859,106.6399248,-6.1918878
5458114861,106.6398977,-6.1916512
5458114863,106.6400037,-6.1913761
5458114864,106.6404639,-6.1916102
5458114867,106.6397466,-6.191373
8485484852,106.652843,-6.1695254
5458114868,106.6383027,-6.1911714
5458114870,106.6397224,-6.1911253
5458114874,106.6367957,-6.188622
5458114876,106.6367286,-6.188414
5458114878,106.6370626,-6.1884087
5458114879,106.6368896,-6.1884087
5458114880,106.637348,-6.1867359
5458114881,106.6373225,-6.1871987
6682458435,106.6766055,-6.18458
5458114886,106.6368687,-6.188094
5458114890,106.6331287,-6.1939804
5458114891,106.6329849,-6.193844
5458114893,106.632182,-6.189502
5458114894,106.6313508,-6.189174
5458114896,106.6317575,-6.189348
5458114899,106.6310683,-6.1898625
5458114903,106.6315332,-6.1882794
5458114905,106.6351113,-6.1953738
5458114909,106.6360447,-6.1929472
5458114911,106.6365986,-6.1928038
5458114912,106.6367208,-6.1927979
5458114915,106.6367207,-6.1926499
5458114916,106.6367193,-6.1925246
5458114920,106.6367289,-6.1936542
7241873840,106.6382935,-6.1775845
5458115021,106.6429514,-6.189214
5458115023,106.6420511,-6.1889743
5458115035,106.6386437,-6.1939818
5458115037,106.6375561,-6.1933575
5458115038,106.6394551,-6.1956645
5458115048,106.6399177,-6.195067
5458115049,106.6387302,-6.1961851
5458115050,106.6390323,-6.1954705
5458115051,106.6385861,-6.1952737
5458115062,106.6368626,-6.1938416
5458115063,106.6348363,-6.1908397
5458115064,106.6366026,-6.1920432
7129151993,106.6388174,-6.1832002
5458115068,106.636978,-6.1901438
5458115073,106.6382266,-6.1901446
5458115074,106.6379088,-6.1901286
5458115076,106.6379007,-6.1909179
5458115082,106.6377318,-6.1923886
5458115086,106.6376164,-6.1923645
5458115087,106.6376326,-6.192264
5458115090,106.6339067,-6.1929619
5458115093,106.6327891,-6.1954371
5458115098,106.6349284,-6.193902
5458115099,106.635822,-6.1934483
7139899936,106.6813115,-6.1810631
5458115108,106.633663,-6.1949385
5458115113,106.6345621,-6.1931611
5458115115,106.6357081,-6.1931975
5458115116,106.6356865,-6.1922212
5458115117,106.6417109,-6.1881573
5458115118,106.6408961,-6.1882666
5458115126,106.6419671,-6.1889157
7231912503,106.6533763,-6.1978024
5458115132,106.6413688,-6.18915
5458115135,106.6416786,-6.1888461
5458115137,106.6418127,-6.1881913
5458115140,106.6404785,-6.188796
5458115141,106.6405019,-6.189874
5458115142,106.6404811,-6.189712
5458115143,106.6400112,-6.1897058
5458115144,106.6400251,-6.1887908
5458115146,106.6395905,-6.1897153
5458115147,106.6396147,-6.188786
5458115148,106.6385082,-6.18967
5458115152,106.6385874,-6.1887887
5458115155,106.6417909,-6.189999
5458115174,106.6420984,-6.1926405
12137675367,106.6684535,-6.2074967
8484698728,106.6505353,-6.1645463
8484698733,106.6504374,-6.164905
8484698734,106.6504471,-6.1649968
5458115193,106.6399628,-6.1936069
5458115197,106.6400866,-6.1921416
5458115202,106.6399292,-6.1922101
5458115203,106.6408824,-6.1921161
5458115204,106.6405632,-6.1923795
5458115205,106.6403971,-6.1919988
5458115213,106.6407629,-6.1917158
6547192462,106.607324,-6.207811
5458115214,106.6396308,-6.1917846
6547192463,106.6063856,-6.2090621
6547192464,106.6065176,-6.2092232
5458115216,106.6396509,-6.1915219
5458115218,106.6383069,-6.1915606
5458115220,106.6383084,-6.1905753
5458115221,106.6402892,-6.1859421
5458115219,106.638625,-6.1905606
5458115222,106.640274,-6.1856597
5458115226,106.6396885,-6.1884524
5458115237,106.6409156,-6.1898913
5458115241,106.6409303,-6.1888047
6548109994,106.6585767,-6.1617921
5458115242,106.6395402,-6.1886297
5458115245,106.6389361,-6.1887859
6548109998,106.6583774,-6.1629911
5458115247,106.6395288,-6.188786
5458115246,106.6383214,-6.1887873
11366316725,106.6294257,-6.166367
11366316726,106.6294083,-6.1662291
5458115259,106.6391305,-6.1875467
9512958655,106.6752147,-6.1436312
5458115283,106.6357456,-6.1907793
5458115287,106.6343607,-6.1903274
5458115291,106.63512,-6.1905099
5458115292,106.6335336,-6.1922113
5458115293,106.6335703,-6.1918326
5458115294,106.6331063,-6.1913613
5458115295,106.6335905,-6.1914912
5458115296,106.6348452,-6.1919004
5458115298,106.6340404,-6.1918553
5458115299,106.6348508,-6.1915673
5458115300,106.634548,-6.19155
5458115301,106.634056,-6.191514
5458115302,106.6348407,-6.1922163
5458115304,106.634823,-6.1911759
5458115306,106.6340819,-6.1911366
5458115308,106.6353996,-6.1908386
5458115310,106.6340384,-6.1922107
5458115314,106.6340546,-6.1904959
5458115315,106.6340827,-6.1905847
5458115317,106.6341014,-6.1908233
5458115318,106.635115,-6.190841
5458115323,106.6355525,-6.1904073
5458115326,106.6355175,-6.1894559
5458115327,106.6373476,-6.1865584
8509340421,106.6090731,-6.198225
5458115337,106.6365409,-6.1879234
5458115338,106.6365463,-6.1881233
5458115340,106.6366318,-6.1894693
5458115341,106.6357812,-6.1894438
5458115343,106.63269,-6.1855859
5458115347,106.6339355,-6.1869905
5458115354,106.6355062,-6.1871225
6683376411,106.6353631,-6.148076
6683376412,106.6348726,-6.1481915
5458115360,106.6341124,-6.1873612
5458115363,106.6358186,-6.1881841
5458115369,106.6352902,-6.1881979
5458115372,106.6350162,-6.1883717
7229815604,106.6510357,-6.2047232
5458115381,106.6353024,-6.1883287
5458115385,106.6352517,-6.1879109
5458115386,106.6356828,-6.1878197
5458115396,106.6345357,-6.1880122
5458115398,106.6366267,-6.1887727
5458115399,106.6351034,-6.1886887
5458115400,106.6359642,-6.1887554
5458115401,106.6359595,-6.1887068
5458115405,106.6353631,-6.1865741
5458115417,106.6326343,-6.1891024
5458115422,106.6333773,-6.1896847
8552332130,106.6320153,-6.1481352
5458115432,106.6307927,-6.1894934
11751930729,106.63341,-6.2079134
11751930730,106.6333745,-6.2079857
5458115437,106.6325757,-6.188961
5458115439,106.6330929,-6.188998
5458115440,106.6331231,-6.1884581
5458115444,106.6325535,-6.1890972
8498854791,106.6552205,-6.2067338
8489024404,106.6265899,-6.164713
8489024407,106.6088859,-6.1834601
8489024409,106.6088766,-6.1826847
9059580868,106.6750681,-6.1585028
9109901085,106.6316137,-6.1938405
11974884366,106.6246037,-6.1386147
8509734008,106.5938013,-6.1642009
8527953033,106.6367239,-6.2063965
8527953037,106.6368279,-6.2065051
8484961425,106.6541436,-6.1635476
6926515347,106.6623035,-6.1929512
8503704726,106.6686295,-6.1406428
8484961432,106.6536313,-6.1636963
8484961433,106.6540007,-6.1636243
8484961435,106.6540034,-6.1637903
8484961436,106.6539504,-6.1637903
8484961441,106.6544487,-6.1638929
8484961442,106.6546163,-6.1637209
8484961444,106.6540091,-6.1643274
8484961445,106.6540235,-6.1639823
8488631462,106.6546632,-6.177069
8488631463,106.6546693,-6.1773755
8484961449,106.6527536,-6.1635385
8484961452,106.6527809,-6.163755
12184075497,106.674456,-6.1781835
12184075498,106.6746402,-6.1774961
12184075500,106.6747312,-6.1771373
8499248432,106.6002989,-6.2061505
8499248433,106.5999073,-6.2060239
9679551833,106.6168533,-6.204941
9679551834,106.6167379,-6.2051151
8555871616,106.682599,-6.1791048
8485748130,106.6793168,-6.1808377
8485748134,106.6793691,-6.1803409
8485748138,106.6793342,-6.1805289
8485748146,106.6788661,-6.1803956
5421546932,106.6128856,-6.2085553
5421546933,106.6128525,-6.2086747
5421546934,106.6140443,-6.2094518
10580671928,106.6494034,-6.1833722
8810413499,106.6212944,-6.1754573
8555871683,106.6571219,-6.1876109
8484568528,106.6562645,-6.1450717
8484568537,106.6563524,-6.1445804
8487976423,106.6469908,-6.1689614
11083726311,106.6320509,-6.1456884
11083726313,106.6326109,-6.1456991
9100607051,106.6797728,-6.1758333
11968462412,106.6102216,-6.1687493
11968462413,106.6082027,-6.1646423
9100607052,106.6790244,-6.175737
8487976533,106.6248926,-6.1793962
8487976534,106.6246594,-6.1793849
7223787114,106.6332733,-6.1492391
7223787132,106.6402647,-6.149277
10548428434,106.6825161,-6.1488468
12154191506,106.6826134,-6.144478
8502394514,106.6785845,-6.151654
6317686433,106.683277,-6.1824669
6317686439,106.6844344,-6.1874621
6317686444,106.6818989,-6.183933
6317686446,106.6822806,-6.1850421
6317686447,106.6823651,-6.1848235
6317686451,106.682058,-6.1856328
6317686460,106.6839838,-6.1917246
6317686461,106.6838256,-6.1920812
6317686464,106.6826507,-6.1926819
6317686466,106.6829927,-6.1911007
6317686480,106.6805238,-6.1886754
6563446562,106.6317663,-6.1864995
6563446568,106.6314595,-6.1864601
6563446572,106.6311099,-6.1861541
6537363249,106.6003646,-6.1466105
6537363260,106.5980378,-6.1465125
8963374909,106.5918298,-6.2042799
6537363266,106.598642,-6.1448917
8963374914,106.5918338,-6.2044712
14088945481,106.6002725,-6.1977025
6317686603,106.6763999,-6.1874221
8495710028,106.6181614,-6.1876301
6317686604,106.6763302,-6.1874121
6317686606,106.6770328,-6.1875847
6317686605,106.6769618,-6.1879287
6317686607,106.6765213,-6.1845737
8495710029,106.6177453,-6.1876034
14088945485,106.5995965,-6.1976435
6317686611,106.6772386,-6.1796096
12154191701,106.6825988,-6.1443638
6317686614,106.6770739,-6.1812385
6317686615,106.676748,-6.1827575
2485927801,106.5872,-6.1934303
2485927806,106.5873907,-6.1944619
2485927809,106.5872807,-6.194743
2485927822,106.591283,-6.1951533
2485927825,106.5938465,-6.1952953
2485927830,106.5865128,-6.1975244
9065873306,106.6725756,-6.16012
2485927835,106.5855753,-6.2019621
2485927838,106.5850552,-6.2061632
2485927839,106.584992,-6.207335
10738745246,106.6692645,-6.1750436
10738745249,106.6692035,-6.1751423
9774317506,106.6602458,-6.180187
8548125055,106.6713426,-6.1879154
13716438988,106.6692782,-6.1472033
6548242407,106.6504762,-6.1624762
6548242409,106.6559857,-6.1686961
8962588650,106.6143858,-6.1753396
6560956395,106.6421668,-6.1598555
8962588649,106.6144221,-6.1751983
6560956394,106.6423779,-6.1598586
6548242417,106.658367,-6.1697097
6548242421,106.6583404,-6.1688025
6548242425,106.6596894,-6.1682676
6560956413,106.6298032,-6.1607682
12212518910,106.6657853,-6.1388517
8485355521,106.6181,-6.176409
8485355523,106.6186136,-6.1763409
8485355524,106.6178378,-6.1767183
12212518918,106.6662119,-6.1401164
8485355529,106.6186562,-6.1766179
6548242444,106.6557104,-6.1648303
6548242445,106.6532647,-6.1637893
6548242446,106.6536318,-6.1637699
6560956429,106.6232529,-6.1688752
6560956433,106.6229099,-6.1688277
5430591509,106.6533208,-6.2057119
6689931288,106.6794468,-6.1608389
6560956440,106.6263143,-6.1618509
6560956445,106.6292748,-6.1627623
7225491488,106.624136,-6.1540311
6560956449,106.6290749,-6.163186
7225491490,106.6151191,-6.1572758
7225491497,106.6172531,-6.1586388
8950136877,106.6444963,-6.1603182
8950136878,106.6447518,-6.1603208
6560956468,106.6265168,-6.1675936
7225491516,106.6213545,-6.1604259
7225491517,106.6213491,-6.160053
6560956479,106.6268826,-6.1682507
6560956493,106.6296589,-6.1661915
8789180500,106.6117814,-6.197805
10001203288,106.6171168,-6.1643933
2980069465,106.5901253,-6.1886327
2980069466,106.5912723,-6.1892982
8789180504,106.6115761,-6.1973623
10001203289,106.6163631,-6.1642774
6560956535,106.6239586,-6.1662996
6560956536,106.62396,-6.1670183
6560956545,106.6253826,-6.1644687
6560956546,106.6222809,-6.1698303
6704349313,106.6042601,-6.1961135
6704349316,106.6060986,-6.1954774
8548270216,106.6786538,-6.1941732
5430591626,106.6423487,-6.1984331
5430591631,106.6415485,-6.1996001
5430591632,106.6415447,-6.1991896
5430591633,106.6414755,-6.1988283
6560956574,106.6213489,-6.163017
6560956575,106.6213878,-6.1635049
6560956576,106.6220867,-6.1627583
6560956577,106.62166,-6.1619649
6560956585,106.6256407,-6.1592449
6560956596,106.6233233,-6.1545244
6560956597,106.6215286,-6.1563581
6560956607,106.6206649,-6.1583548
6560956634,106.6236914,-6.1505313
6560956636,106.6222569,-6.1492992
6560956637,106.6217404,-6.1487965
6560956638,106.6219085,-6.1487524
8509079772,106.6338258,-6.1788999
8548401389,106.621627,-6.1438971
13068157216,106.5885321,-6.1814881
6322200178,106.6372141,-6.1965283
8547877181,106.6559735,-6.1674829
6545621339,106.5937878,-6.1790576
6545621340,106.5939939,-6.179149
6545621341,106.5976784,-6.1820435
6545621344,106.597793,-6.1817472
6545621345,106.5973873,-6.1796623
6545621346,106.5973441,-6.1798409
6545621347,106.5965612,-6.176473
6545621348,106.5943443,-6.1715197
4297445530,106.6787513,-6.1739187
8785510792,106.6353725,-6.1544606
8776466843,106.682182,-6.1870747
6542344686,106.6153015,-6.1965154
6542344690,106.616977,-6.1971519
6542344691,106.616976,-6.1971159
6542344692,106.6157262,-6.1971111
6542344693,106.615733,-6.197158
7231783423,106.6650984,-6.1488399
7231783426,106.6642528,-6.1485852
7221559812,106.6319543,-6.151178
7231783431,106.6618528,-6.1485612
6542344713,106.6129288,-6.1955491
6542344714,106.6125797,-6.1954734
6542344721,106.6163958,-6.1964462
7231783441,106.6649891,-6.1473005
6537363996,106.6002057,-6.1420775
7231783463,106.6661873,-6.1471371
5648826939,106.6753283,-6.2008296
11397120574,106.6371499,-6.1948724
11055940164,106.6533757,-6.1931131
11055940165,106.6533689,-6.1930514
12486576638,106.5926921,-6.2004388
6537364054,106.603307,-6.1401041
6320308823,106.6204866,-6.1908807
6320308829,106.6216365,-6.1917266
6320308830,106.6414034,-6.1790464
7134397035,106.6578939,-6.1928357
11827167863,106.6626,-6.1790897
7146586755,106.6139553,-6.1961297
3727049377,106.6585937,-6.189451
3727049379,106.6595867,-6.189464
5461000886,106.6711508,-6.133459
3727049399,106.6549411,-6.1981134
3727049405,106.6550599,-6.1993242
5461000896,106.6739752,-6.1482645
5461000897,106.6743359,-6.1481832
5461000898,106.6710488,-6.1503566
3727049411,106.6576758,-6.1998701
3727049410,106.6576883,-6.1994126
3727049413,106.6562834,-6.1994054
3727049414,106.6563112,-6.1981258
5461000902,106.6703609,-6.1504259
3727049416,106.6563261,-6.1974377
3727049417,106.6563381,-6.1968817
5461000905,106.6704775,-6.1499566
5461000906,106.6699317,-6.1501072
5461000907,106.6699787,-6.1497239
5461000908,106.6683693,-6.1495372
7238206160,106.6591587,-6.1634038
5461000913,106.6677719,-6.1500039
5461000914,106.6643433,-6.1475618
5461000916,106.6646492,-6.1486104
5461000917,106.6644895,-6.1483605
5461000918,106.6646866,-6.1483485
9119089365,106.6024326,-6.1874367
5461000922,106.6648174,-6.1475425
5461000925,106.6652345,-6.1467311
5461000927,106.665099,-6.1472658
5461000928,106.6730029,-6.1523833
5461000929,106.6635561,-6.1547914
5461000932,106.6634619,-6.1535251
5461000941,106.6670617,-6.1430643
5461000943,106.6671007,-6.1426296
5461000944,106.6576003,-6.1495645
8498856687,106.6516699,-6.2003862
5461000948,106.6608403,-6.143591
5461000951,106.6605981,-6.1431254
5461000952,106.661073,-6.1427896
5461000953,106.6608,-6.1426713
5461000954,106.6614988,-6.1425296
5461000957,106.6653226,-6.1430578
5461000958,106.6644817,-6.1436156
5461000959,106.6645525,-6.1429909
5461000960,106.6646216,-6.1424676
5461000961,106.6679555,-6.1427195
5461000962,106.6676991,-6.1425216
5461000963,106.6677992,-6.1395506
5461000966,106.6667085,-6.1389988
5461000971,106.6671069,-6.1380666
5461000972,106.6758709,-6.136459
5461000974,106.6758929,-6.1368039
5461000975,106.6751758,-6.1368539
5461000977,106.6741414,-6.1363625
5461000982,106.6736975,-6.1370686
5461000988,106.6736009,-6.1363092
5461000990,106.6736419,-6.1358298
5461000992,106.6733287,-6.1351898
5461000993,106.6731939,-6.1355638
5461001020,106.66228,-6.1386265
5461001021,106.6628259,-6.1386187
5461001024,106.6622778,-6.140539
5461001025,106.6617008,-6.1403391
5461001026,106.6583902,-6.1559941
5461001027,106.6589319,-6.1566487
5461001028,106.6582051,-6.1566379
5461001029,106.6581407,-6.1491992
5461001030,106.6582093,-6.149612
5461001031,106.6584046,-6.1496225
5461001033,106.6584382,-6.150796
5461001034,106.6584091,-6.1507153
5461001037,106.6584089,-6.1492192
5461001040,106.6681616,-6.1383645
5461001041,106.6683308,-6.1379184
5461001044,106.6679914,-6.1376376
5461001045,106.6737834,-6.1426496
5461001051,106.6738845,-6.1435631
5461001052,106.6723511,-6.1445257
5461001056,106.6710784,-6.1435282
5461001060,106.670952,-6.1510197
7061390180,106.6384716,-6.1790509
5461001063,106.6708598,-6.1507579
3501081448,106.6812971,-6.1427914
3501081449,106.6814665,-6.1443724
5461001069,106.6704145,-6.1498619
5461001072,106.6709268,-6.1499499
5461001074,106.6710421,-6.1497019
5461001075,106.6717449,-6.1503033
5461001077,106.6726997,-6.1503033
5461001078,106.6721579,-6.1515686
5461001079,106.6709428,-6.1569221
5461001080,106.6710965,-6.1556797
5461001081,106.6706486,-6.1560561
5461001086,106.6712862,-6.1546981
5461001087,106.6718299,-6.1547386
5461001094,106.6746041,-6.1549367
5461001096,106.6734851,-6.154926
5461001097,106.672905,-6.1557528
5461001102,106.6728204,-6.1546447
5461001103,106.6734749,-6.1555448
5461001104,106.6734803,-6.1546154
5461001109,106.6761987,-6.1560781
5461001111,106.674994,-6.155984
5461001114,106.6771603,-6.1551474
5461001121,106.6770664,-6.151966
5461001127,106.6759586,-6.1528033
5461001128,106.6762658,-6.15285
5461001131,106.6753779,-6.152914
5461001133,106.6753618,-6.153366
5461001143,106.6746068,-6.1524487
5461001144,106.6753471,-6.1509633
5461001148,106.6744982,-6.1507939
5461001149,106.6750091,-6.1506993
5461001151,106.6744834,-6.1504939
5461001152,106.6773371,-6.1498121
5461001153,106.6767432,-6.1498006
5461001156,106.6744478,-6.1495482
5461001157,106.675052,-6.1488299
5461001158,106.6744378,-6.1488392
5461001159,106.6748643,-6.1481952
5461001165,106.6743238,-6.1486472
5461001166,106.6737511,-6.1475571
5461001168,106.6723493,-6.1484789
5461001172,106.672634,-6.1495952
5461001173,106.6733596,-6.1503259
5461001174,106.6733409,-6.1511361
5461001178,106.6714113,-6.1512249
5461001179,106.6715008,-6.151474
5461001187,106.6660188,-6.1525128
5461001189,106.6639291,-6.1531522
7226803176,106.6240042,-6.1953835
5461001193,106.6641757,-6.1530525
5461001194,106.6630646,-6.1493939
7226803180,106.6280765,-6.188715
5461001197,106.6629881,-6.1504453
5461001198,106.6690694,-6.1544247
7226803183,106.6280792,-6.1887327
5461001200,106.669296,-6.1544701
5461001201,106.6693423,-6.1542763
5461001202,106.6694479,-6.154145
5461001203,106.666292,-6.1539674
5461001206,106.6672267,-6.1538381
5461001214,106.6675821,-6.1542941
5461001217,106.6675827,-6.154756
5461001223,106.6655973,-6.1547167
5461001232,106.6644573,-6.1551021
5461001235,106.6644151,-6.155501
5461001238,106.6657392,-6.1565376
5461001248,106.6637217,-6.1565854
5461001249,106.6637794,-6.1565321
7231915046,106.6186121,-6.1979418
5461001255,106.6650742,-6.1533474
7231915047,106.6185979,-6.1977021
7231915049,106.6197117,-6.1976395
7231915050,106.6200191,-6.1977816
8523105321,106.5890472,-6.1389731
5461001260,106.6644073,-6.1537234
5461001259,106.6644209,-6.1539697
5461001262,106.6659993,-6.1526598
5461001258,106.6644285,-6.1541401
5461001261,106.664434,-6.1533337
5461001264,106.6659057,-6.1529967
5461001268,106.6655939,-6.1524633
5461001275,106.664436,-6.1530026
5461001276,106.6644292,-6.153058
8499250236,106.6008655,-6.2070404
5461001281,106.6638733,-6.1527707
5461001283,106.6634676,-6.1527754
5461001284,106.6619307,-6.1535847
5461001286,106.6625028,-6.1536417
5461001287,106.6625355,-6.1533487
5461001289,106.663013,-6.15141
5461001291,106.6631686,-6.1519146
5461001295,106.6630527,-6.1526804
5461001300,106.6630198,-6.1535878
5461001303,106.6625118,-6.1535237
5461001306,106.6625462,-6.1547842
5461001307,106.6625892,-6.1553008
5461001308,106.657714,-6.1517287
5461001310,106.6577282,-6.1519277
5461001323,106.6671126,-6.1376692
5461001324,106.6672236,-6.136903
5461001331,106.6714408,-6.1368942
8509736053,106.6046305,-6.1713376
8509736054,106.6047299,-6.170793
5461001336,106.6721043,-6.1366925
5461001339,106.6753578,-6.1386773
5461001340,106.675115,-6.138832
5461001341,106.6741495,-6.1391254
5461001342,106.6749649,-6.1395908
5461001343,106.6743484,-6.139879
5461001344,106.6763459,-6.142256
5461001346,106.6769135,-6.1421095
5461001348,106.6762455,-6.1418802
5461001359,106.676892,-6.1451017
5461001360,106.6767874,-6.144483
5461001361,106.6766345,-6.1433109
5461001362,106.6751269,-6.1436481
5461001363,106.6712071,-6.1476298
6917211284,106.6658311,-6.1761554
5461001367,106.6711655,-6.1473532
5461001371,106.6685879,-6.1477325
5461001373,106.6689517,-6.1467214
8524022945,106.630862,-6.2029614
8524022949,106.6306995,-6.2033934
5461001383,106.6755433,-6.1375834
8524022952,106.6315922,-6.2023374
8789181613,106.6649327,-6.1823282
5461001390,106.6746094,-6.13848
8789181615,106.6650284,-6.1827411
5461001397,106.673046,-6.138136
8524022965,106.6315842,-6.2026014
5461001399,106.6732997,-6.1385831
5461001400,106.6726085,-6.1356411
5461001401,106.6730934,-6.1351845
5461001402,106.6730002,-6.1351037
5461001407,106.6729581,-6.1340239
5461001413,106.6703945,-6.1363693
5461001414,106.6702355,-6.1363612
5461001417,106.6737592,-6.1379441
5461001422,106.6710572,-6.1375654
5461001423,106.6693598,-6.1402008
6734234835,106.6743717,-6.1812634
5461001427,106.668647,-6.1402441
5461001428,106.6684984,-6.1369406
5461001430,106.6689505,-6.136936
5461001434,106.6689974,-6.1363731
5461001435,106.6689636,-6.1368077
5461001436,106.6686066,-6.136791
5461001440,106.6673792,-6.1366779
5461001441,106.662953,-6.1379205
5461001442,106.6603186,-6.1405361
5461001445,106.6614836,-6.1422381
5461001448,106.6608758,-6.1450777
5461001449,106.6595877,-6.1430616
5461001450,106.6611685,-6.1389343
12216583401,106.6841806,-6.203869
5461001456,106.6635601,-6.1374933
8498857202,106.6419427,-6.1581089
8498857203,106.6416183,-6.1581142
5461001461,106.6649851,-6.1368528
5461001462,106.6660177,-6.1373499
5461001465,106.6665883,-6.137773
5461001471,106.667914,-6.1391547
5461001472,106.6672783,-6.1397234
5461001473,106.6674506,-6.139028
5461001475,106.6675177,-6.1386827
5461001481,106.6676596,-6.1371099
5461001482,106.6652659,-6.1418481
5461001483,106.664794,-6.1391114
5461001485,106.6643625,-6.1389598
5461001486,106.6641723,-6.1394734
5461001489,106.6629942,-6.138856
5461001492,106.6621724,-6.1392837
5461001493,106.6625439,-6.139361
5461001494,106.6627876,-6.139416
8548009240,106.6761933,-6.1658676
8509343002,106.6390688,-6.1893945
8482735387,106.6620946,-6.1424127
5461001500,106.6635318,-6.139904
8482735389,106.6613262,-6.1413792
5461001502,106.6640309,-6.1401361
8482735388,106.6621359,-6.1420695
8482735390,106.6619588,-6.1415255
8482735391,106.6608551,-6.1416815
5461001511,106.6643667,-6.1402167
8548009256,106.6759199,-6.1667631
5461001513,106.6651976,-6.1381773
5461001515,106.665494,-6.1382359
5461001516,106.6653049,-6.1386586
8775157042,106.663906,-6.1925624
5461001524,106.6651171,-6.1403201
5461001525,106.665085,-6.1404288
5461001530,106.6657434,-6.1411427
5461001531,106.6656999,-6.1411935
5461001535,106.6655262,-6.1419042
5461001536,106.6654779,-6.1421295
5461001537,106.6702572,-6.1378587
5461001545,106.6683488,-6.1389755
5461001546,106.6682164,-6.1392348
5461001548,106.6680182,-6.139956
5461001549,106.668032,-6.1400814
12216583501,106.6837541,-6.2033157
5461001551,106.6681708,-6.1402274
8509080910,106.6336957,-6.1788876
8509080913,106.6337353,-6.1791849
8509080914,106.6342644,-6.1786475
10005792082,106.6743844,-6.1475705
8509080916,106.6341718,-6.1789589
5461001557,106.6676249,-6.1426136
5461001558,106.6672716,-6.1426076
7231915350,106.6606509,-6.1488324
5461001560,106.6671945,-6.1422322
5461001561,106.6670215,-6.1422122
5461001567,106.6651111,-6.1421195
5461001568,106.6650467,-6.1425389
5461001569,106.6710126,-6.1422752
5461001572,106.6711955,-6.1422846
5461001574,106.6711707,-6.1428898
5461001581,106.6717784,-6.1429416
5472011629,106.6559776,-6.1733903
5461001583,106.6719702,-6.1430633
5461001586,106.6713506,-6.1467578
5458118003,106.606593,-6.1354874
5461001587,106.6714927,-6.1460871
5472011634,106.6559175,-6.1728053
5461001591,106.6718044,-6.1461399
5472011640,106.6561909,-6.172736
5472011641,106.6559989,-6.168433
5458118010,106.6099817,-6.1319409
11968105013,106.6251482,-6.2026267
5472011646,106.6573443,-6.1684189
5461001602,106.6735647,-6.144407
5472011650,106.6567319,-6.1681584
5461001605,106.6734337,-6.1455201
5461001606,106.6746755,-6.1456712
5461001608,106.6730069,-6.1454624
5461001609,106.6730511,-6.1451951
5461001610,106.6728982,-6.1461044
5461001611,106.6752278,-6.1431054
5472011656,106.6679348,-6.173103
6552913172,106.6413284,-6.2087101
5472011662,106.6678851,-6.1721818
5472011663,106.6682781,-6.1758356
5461001616,106.6728759,-6.1439806
5461001617,106.6725093,-6.1439358
5461001618,106.6722958,-6.1438975
11968105014,106.6258475,-6.2026001
5461001620,106.6717624,-6.143678
5472011669,106.667448,-6.1754543
5461001622,106.6716644,-6.1437723
5472011668,106.6674969,-6.1754963
5472011670,106.6674325,-6.1754395
5472011673,106.6650055,-6.1779055
5461001630,106.669803,-6.1463484
5461001632,106.6695374,-6.1469564
5461001633,106.6694972,-6.1471018
5472011687,106.6553194,-6.1794689
2038580648,106.6346864,-6.1765141
5461001641,106.670666,-6.1474537
5461001644,106.6608313,-6.1455401
5472011693,106.6549395,-6.1797649
5461001646,106.6613064,-6.1458271
12216583601,106.6849802,-6.2010911
5461001650,106.6631162,-6.1461937
5461001652,106.6636017,-6.1462677
5461001653,106.6635991,-6.1466124
5472011703,106.6658239,-6.1742316
5472011705,106.6655731,-6.174193
5461001659,106.664867,-6.1469164
5461001661,106.6649207,-6.1466884
5461001662,106.6650078,-6.1466751
5461001663,106.6655255,-6.1467731
5461001668,106.6656395,-6.1479345
5472011718,106.6642891,-6.1691558
5461001671,106.666076,-6.1481752
5461001670,106.665675,-6.1480725
5472011720,106.6623196,-6.1678276
5461001674,106.6661927,-6.1469191
5472011723,106.6621432,-6.168389
5461001676,106.6680361,-6.1490579
5472011724,106.6625248,-6.166761
5461001678,106.6697326,-6.1479835
5472011732,106.661067,-6.1672276
5461001695,106.6679194,-6.1474751
5472011745,106.6555458,-6.1685938
5461001698,106.6674889,-6.1472905
5461001703,106.6674017,-6.1479132
5461001704,106.6672348,-6.1482339
5472011754,106.6549221,-6.1677183
5461001711,106.6664386,-6.1485872
5461001712,106.6664293,-6.1489692
5461001713,106.6663753,-6.1495275
5461001714,106.6664636,-6.1493392
5472011760,106.6674186,-6.1722526
5472011762,106.667794,-6.173759
5472011761,106.6679078,-6.1731082
10126772819,106.6822793,-6.2029746
5472011759,106.667397,-6.1727797
5461001720,106.6701025,-6.1497599
5461001721,106.6697775,-6.1496646
5461001722,106.6693953,-6.1495086
5461001724,106.6690717,-6.1494539
5461001728,106.6679455,-6.1494472
5472011777,106.6677752,-6.1781423
5461001732,106.6667935,-6.1489965
5461001733,106.6665065,-6.1489712
5472011782,106.6550669,-6.1783396
5461001735,106.6659862,-6.1487859
5472011783,106.655252,-6.1784596
5472011787,106.6559453,-6.1790209
5461001742,106.6659507,-6.1494391
5461001743,106.6659728,-6.1489379
5472011790,106.6558085,-6.1795169
5461001746,106.6661672,-6.1477878
5472011794,106.6548101,-6.173685
5461001748,106.6659909,-6.1477791
5461001749,106.6616344,-6.1479792
5472011798,106.6567386,-6.1728477
5461001750,106.6696537,-6.1455666
5461001751,106.6691987,-6.1455649
5472011801,106.6568875,-6.1727447
5461001752,106.6690082,-6.145879
5461001753,106.6694757,-6.1458857
5461001754,106.6691911,-6.1458841
5461001755,106.6691994,-6.1451949
5461001757,106.6690221,-6.1451978
5461001756,106.6699677,-6.1451934
5461001758,106.666711,-6.1462351
5472011806,106.6573859,-6.1726775
5461001762,106.6669881,-6.1457587
5472011811,106.6572235,-6.1691321
5461001764,106.6670108,-6.1455551
5472011807,106.6568016,-6.1692063
5472011815,106.6571077,-6.1689313
5472011816,106.6577578,-6.1662277
5472011817,106.6576856,-6.1657916
5461001768,106.666238,-6.1451837
5461001769,106.6660519,-6.1451803
5461001770,106.667861,-6.1462551
5461001771,106.6678692,-6.1452072
5461001772,106.6674731,-6.145199
5461001774,106.6681722,-6.1452172
5472011820,106.6577877,-6.1659674
5461001777,106.668132,-6.1462658
5472011826,106.6580677,-6.1652419
5461001779,106.6676009,-6.1462478
5461001780,106.6674435,-6.1462452
5472011827,106.657357,-6.1701067
5461001784,106.6686177,-6.1464142
5461001786,106.6686242,-6.1447454
5461001789,106.6691941,-6.1462431
8502265408,106.6540906,-6.1870927
7061784130,106.6518684,-6.1750443
5472011843,106.6574112,-6.1676836
5472011844,106.6576365,-6.1683657
8502265413,106.6541536,-6.1866156
7061784131,106.6518775,-6.1746887
5461001799,106.6661264,-6.1446991
5461001801,106.6669524,-6.1434449
5461001804,106.6662423,-6.1434623
5461001805,106.6670083,-6.1438166
5472011852,106.6578678,-6.167443
5461001807,106.666187,-6.1441559
5472011855,106.6606379,-6.169277
5461001809,106.6669356,-6.1441682
5461001810,106.6669544,-6.1433256
5461001811,106.667058,-6.1438486
5461001812,106.6670647,-6.143786
9717433939,106.6583063,-6.175611
5461001815,106.666173,-6.1437947
8485881436,106.6485076,-6.1693903
5461001824,106.6674729,-6.1447739
5461001826,106.6674263,-6.1447761
5472011875,106.6620688,-6.1684477
5461001828,106.6673737,-6.1447269
5461001830,106.6673902,-6.1446509
5461001831,106.6674008,-6.1446415
5472011878,106.6609476,-6.167385
5461001833,106.6674807,-6.1446349
5472011882,106.6600038,-6.1675157
5461001835,106.6675176,-6.1446757
8548271725,106.6779207,-6.1921892
5461001838,106.6675104,-6.144744
5461001840,106.6704413,-6.13966
5461001841,106.6718501,-6.1402404
5472011890,106.6608994,-6.1670463
5472011891,106.6605433,-6.1665986
5461001844,106.6718924,-6.139432
5461001843,106.6718924,-6.1392107
5461001842,106.6718649,-6.1400409
5472011895,106.6597956,-6.1667156
5472011892,106.6604729,-6.1666306
5472011896,106.6593643,-6.1663157
5461001848,106.6697903,-6.1401154
5461001851,106.6712986,-6.1401633
5472011900,106.6586861,-6.166405
5472011904,106.6683868,-6.167369
5461001861,106.6702968,-6.1406462
5461001862,106.6718898,-6.1410622
5461001863,106.6714527,-6.1409751
5461001866,106.6702217,-6.1409922
5472011916,106.663838,-6.169784
5461001871,106.6706298,-6.1410176
5461001872,106.6705531,-6.1410111
5461001873,106.6706029,-6.1416239
5461001874,106.6705551,-6.1430374
5461001875,106.6706011,-6.1417078
5472011923,106.6642132,-6.1698703
5461001877,106.6705145,-6.1417052
5461001878,106.6705185,-6.1416218
5461001880,106.6723105,-6.1417962
5472011928,106.6635409,-6.170183
5461001884,106.6722702,-6.141701
5461001886,106.6723253,-6.1416721
5472011937,106.6626918,-6.1691791
5461001891,106.6723491,-6.1417921
5461001893,106.6723664,-6.1416889
5461001894,106.6722689,-6.1417665
5472011944,106.6650481,-6.1709927
5472011945,106.6654724,-6.1702614
5461001898,106.6737019,-6.141729
7863420593,106.6774204,-6.1409801
5472011956,106.6644351,-6.1702297
5461001911,106.6696967,-6.1416612
5472011963,106.6640587,-6.170778
5461001916,106.6661967,-6.1473725
5472011965,106.6663356,-6.171263
5461001918,106.6662155,-6.1464825
5461001920,106.6662849,-6.1457524
5461001922,106.6657904,-6.145393
8775419589,106.6773668,-6.1768116
5472011973,106.6664905,-6.1704738
5472011974,106.6668016,-6.169837
5472011976,106.6654443,-6.1681823
5461001929,106.6662725,-6.1427535
9107556047,106.6554149,-6.1605366
5472011987,106.6657019,-6.1688003
5472011989,106.6658614,-6.168809
5461001945,106.6602073,-6.1454457
5461001948,106.6606886,-6.1454328
5461001949,106.6603205,-6.1452375
5472011998,106.655945,-6.1723071
5472012001,106.6589521,-6.1721117
5461001954,106.6600297,-6.144334
5461001955,106.6604513,-6.1434451
5472012004,106.6590527,-6.1711397
5461001956,106.661048,-6.1420955
5472012003,106.659615,-6.1719793
5461001958,106.6616024,-6.1405952
5461001960,106.6621724,-6.1390826
5472012006,106.6593343,-6.1711837
5461001962,106.6624866,-6.1377026
5461001963,106.6629853,-6.1374166
5472012005,106.6591385,-6.1711503
5461001965,106.6635936,-6.1370839
5461001966,106.6639375,-6.1368899
5472012017,106.6583768,-6.1714837
5461001971,106.6661075,-6.1368079
5472012020,106.6574625,-6.1717243
5461001975,106.6673587,-6.1369656
5461001977,106.6680597,-6.1372659
5472012026,106.6632597,-6.171527
5461001978,106.6685034,-6.1373702
5461001980,106.6701275,-6.1378271
5461001979,106.6698465,-6.1377588
5472012029,106.6636641,-6.1716763
5472012031,106.6636473,-6.171496
5472012025,106.6598155,-6.1732198
5472012036,106.6644801,-6.171309
5472012037,106.6612869,-6.171897
5461001988,106.6748132,-6.1452065
5461001991,106.674529,-6.1511193
5461001995,106.6719199,-6.1546727
5461001996,106.6719165,-6.1544727
5461001997,106.661586,-6.1550994
5461001998,106.6615619,-6.1551888
5461001999,106.6635557,-6.1554061
5461002000,106.6635447,-6.1554807
5461002001,106.664405,-6.1555781
9107425040,106.658366,-6.1533447
5461002004,106.6610365,-6.1549729
9107425045,106.6580378,-6.1532434
5461002010,106.6632879,-6.1554488
8485881627,106.6480006,-6.1694857
5461002012,106.662282,-6.1553394
8485881628,106.6481716,-6.1695343
5461002014,106.6609262,-6.1549807
5461002017,106.6635058,-6.1490045
5461002018,106.6634267,-6.1474998
5461002019,106.6634408,-6.1477745
5472012066,106.6682385,-6.1709176
5461002021,106.6633305,-6.1489733
5461002022,106.6606767,-6.1479346
5461002024,106.6605215,-6.1481064
5472012073,106.6690439,-6.1707423
5461002027,106.6624417,-6.1490412
5461002028,106.6625891,-6.1490439
5461002030,106.6626937,-6.1489239
5461002031,106.6627025,-6.1486686
5461002032,106.6626602,-6.1499566
5472012078,106.6679348,-6.1704617
5461002035,106.6630103,-6.1518733
5461002044,106.6625375,-6.1515673
5472012098,106.6671756,-6.1705029
5461002058,106.6592197,-6.1460676
5461002059,106.6597594,-6.1449722
5461002060,106.6572502,-6.1464817
5461002061,106.6558059,-6.1455764
5461002062,106.6559668,-6.1456577
5472012111,106.6680092,-6.1685477
9774843728,106.5983229,-6.171922
7207405394,106.609077,-6.1985203
5472012119,106.6674922,-6.168805
5461002071,106.6543095,-6.1473042
5461002072,106.6523954,-6.1466698
5461002073,106.652268,-6.1463191
5472012121,106.6675057,-6.1690957
5461002076,106.6525912,-6.1463297
5461002077,106.6526569,-6.1466751
5461002078,106.6533596,-6.1468178
5461002080,106.6529587,-6.1469178
5461002081,106.6523954,-6.1468111
5472012128,106.6672534,-6.1700197
7221561186,106.5964191,-6.2017708
5461002084,106.6527414,-6.1469057
5472012134,106.6671194,-6.1709063
5461002087,106.6527428,-6.1475711
5461002088,106.667086,-6.154942
5461002089,106.6682768,-6.1545074
5472012138,106.6669484,-6.1711523
5461002094,106.6675634,-6.1550167
5461002097,106.6685182,-6.1553021
7232178035,106.626467,-6.1697168
5461002099,106.6689419,-6.155445
5461002101,106.6692464,-6.1547594
5461002100,106.6690265,-6.1554701
5472012152,106.6643952,-6.1712133
5461002105,106.6697336,-6.1548821
5461002106,106.6679522,-6.15393
5461002108,106.6688124,-6.1537359
7232178045,106.6273067,-6.1743003
7232178046,106.6273962,-6.1755993
5461002112,106.6678716,-6.1533463
5472012161,106.6677085,-6.173161
5461002113,106.667817,-6.1534752
5461002114,106.6657044,-6.1523052
5461002116,106.6633572,-6.1508651
5472012164,106.6673219,-6.173317
5472012163,106.6676669,-6.1733437
5461002115,106.6634405,-6.150746
7232178048,106.6273667,-6.1756633
5461002121,106.658421,-6.1474996
5461002120,106.6585101,-6.1473554
5461002123,106.6584272,-6.1473003
5472012172,106.667169,-6.1738996
5461002117,106.6626197,-6.1501837
5461002126,106.6578779,-6.1471538
8789182352,106.6554882,-6.1769639
5461002132,106.6584478,-6.1508366
5472012181,106.6664077,-6.1753679
5461002137,106.6567338,-6.1544687
5461002138,106.6578912,-6.1529447
5461002139,106.6590565,-6.1528833
5472012188,106.6656593,-6.1782955
5472012189,106.6649359,-6.1780989
5472012190,106.6654025,-6.1782225
5461002143,106.6599586,-6.1545094
5472012192,106.666098,-6.178398
5472012193,106.6645237,-6.1787552
5461002146,106.6596649,-6.1495325
5472012194,106.6649874,-6.1788847
5461002148,106.6597712,-6.1490632
5461002149,106.6588796,-6.1490318
5461002150,106.6590196,-6.1485726
5472012195,106.6646451,-6.178553
5461002152,106.6591207,-6.1482064
5472012200,106.665832,-6.1794169
5461002154,106.6587697,-6.147981
5472012197,106.6664234,-6.1796436
5472012201,106.6682741,-6.1777289
5472012205,106.6680686,-6.1783299
5472012206,106.6680166,-6.1784123
8958920624,106.5867765,-6.1495952
5461002161,106.6575737,-6.1525615
8958920627,106.586363,-6.1494803
5461002164,106.653927,-6.1504473
5472012214,106.6678449,-6.1791716
5461002166,106.6531963,-6.1505896
5461002168,106.6532296,-6.1493952
5461002169,106.6532578,-6.1498026
5461002167,106.6532765,-6.1501019
5461002170,106.6529399,-6.1494712
13640157117,106.6643861,-6.1823127
5472012225,106.6664147,-6.1791769
5461002182,106.6540449,-6.151162
5461002185,106.6566414,-6.1503179
5461002189,106.6591037,-6.1521233
5461002190,106.6577389,-6.1521711
5461002191,106.6574921,-6.1522292
5472012238,106.6569322,-6.177313
10590373838,106.6304811,-6.2096162
5461002193,106.6553016,-6.1533007
5472012239,106.6587147,-6.1768236
5461002196,106.6569301,-6.1530344
5461002197,106.6531973,-6.1533683
5461002198,106.6531049,-6.1527407
5461002199,106.6517215,-6.1522818
8785643477,106.6271719,-6.1602409
5472012254,106.6568116,-6.1740303
5472012255,106.6567493,-6.1740456
5472012259,106.6598909,-6.1787806
5472012260,106.6567782,-6.1812916
5472012265,106.6573794,-6.1813673
5472012269,106.6559325,-6.1813142
5472012272,106.6555282,-6.1800329
5472012275,106.6550461,-6.1800182
5472012276,106.6559212,-6.1800556
7121553398,106.6338058,-6.1820968
5472012281,106.6565263,-6.1798354
5472012282,106.6558944,-6.1807302
7238076412,106.6383263,-6.1879977
5472012285,106.6568018,-6.1803441
5472012286,106.6553881,-6.1794616
2470070271,106.656986,-6.1532736
5472012289,106.6548758,-6.1795536
5472012296,106.6595403,-6.1788644
2470070281,106.67813,-6.1543138
2470070282,106.6568364,-6.1539139
5472012306,106.6582696,-6.1778396
5472012307,106.6568278,-6.1746729
2470070304,106.6578767,-6.1532727
2470070309,106.6583544,-6.1533914
5472012327,106.655319,-6.172433
5472012331,106.6560152,-6.172415
5472012332,106.6551958,-6.1669647
8556005423,106.6634998,-6.1837528
5472012337,106.6545502,-6.1673462
8556005426,106.6632919,-6.1837715
5472012344,106.6561216,-6.165542
5472012346,106.6557033,-6.1655892
5472012353,106.6581111,-6.1670935
5472012366,106.6586557,-6.1666478
5472012375,106.6586423,-6.1668937
5388388449,106.6604323,-6.2068561
5388388451,106.6609375,-6.2064871
5472012389,106.6583947,-6.1652712
5388388455,106.6613721,-6.2054853
5472012401,106.6506321,-6.1681611
5472012408,106.65031,-6.1682156
5472012411,106.6509015,-6.1680873
8706869375,106.6349979,-6.1541039
3799009409,106.6204629,-6.1979296
3799009410,106.6213141,-6.1960402
5472012418,106.6473329,-6.1711355
5472012419,106.6484207,-6.1705403
7238076546,106.6639518,-6.2079904
3799009416,106.6206477,-6.1975241
5472012425,106.6472861,-6.1706037
5472012426,106.6495528,-6.1697964
3799009419,106.6210657,-6.1965809
5472012427,106.6495407,-6.1701597
8495843470,106.6271087,-6.1701372
8495843472,106.6270633,-6.1704957
7238076566,106.6654813,-6.2080239
5472012454,106.6490038,-6.169089
5472012459,106.6486175,-6.1690517
13723650220,106.6296382,-6.2016481
13723650224,106.6286603,-6.2017963
5472012466,106.6479285,-6.169199
5472012470,106.6476781,-6.1692117
5472012471,106.6483654,-6.1669676
5472012476,106.6479805,-6.1670303
6709201089,106.6471833,-6.1686464
6709201090,106.6442033,-6.1685539
5472012484,106.6475902,-6.1667996
5240539363,106.67079,-6.1509958
5240539380,106.6715062,-6.1479365
5240539386,106.6706814,-6.1475881
5240539388,106.6716866,-6.1474585
5240539391,106.6722605,-6.1476178
5240539392,106.6711662,-6.1462672
5240539396,106.6710408,-6.1467245
5240539401,106.6707747,-6.147181
7249348905,106.6809744,-6.1775563
7249348908,106.6807203,-6.1775549
7249348910,106.6846635,-6.1745141
7249348913,106.6821972,-6.1711499
7249348914,106.6821845,-6.1712185
8785381695,106.6673286,-6.152368
4295641410,106.6441034,-6.1547801
4295641411,106.6464986,-6.1547994
4295641412,106.6441061,-6.1552448
6709201221,106.6466372,-6.1591353
4295641413,106.6444789,-6.1552448
4295641414,106.6449107,-6.1552448
4295641416,106.6452983,-6.1552448
4295641417,106.6456912,-6.155247
4295641418,106.6461177,-6.1552493
4295641419,106.646618,-6.1552678
4295641420,106.6501835,-6.1552573
4295641421,106.6465039,-6.1552514
4295641422,106.6469948,-6.1552666
4295641423,106.6474281,-6.1552651
4295641424,106.6478046,-6.1552639
4295641425,106.6481878,-6.1552626
4295641426,106.648622,-6.1552612
9012922707,106.6848921,-6.1851359
9012922708,106.683764,-6.1858001
4295641427,106.6490124,-6.1552599
4295641428,106.6456944,-6.1555961
4295641429,106.6461139,-6.1555996
4295641430,106.6444842,-6.1556055
4295641431,106.6449167,-6.1556007
4295641432,106.6469926,-6.1556377
4295641433,106.6474264,-6.1556324
4295641434,106.6481868,-6.1556368
4295641435,106.6486167,-6.1556374
4295641436,106.6490007,-6.1556801
4295641437,106.6494329,-6.1556968
4295641438,106.6497642,-6.1556981
4295641439,106.6501665,-6.1556981
4295641456,106.6444769,-6.1560418
4295641457,106.6449131,-6.1560397
4295641458,106.6456972,-6.1560558
8535820659,106.6578417,-6.1688743
4295641459,106.646121,-6.1560596
4295641460,106.6469882,-6.1560736
4295641461,106.6474303,-6.1560757
4295641462,106.6481924,-6.1560817
4295641463,106.6486216,-6.1560866
4295641464,106.6489991,-6.1563748
4295641465,106.6494155,-6.1563795
4295641466,106.6497508,-6.1563795
4295641467,106.6501707,-6.1563771
4295641469,106.644472,-6.1563948
4295641468,106.6441007,-6.1563888
4295641471,106.6452902,-6.1564081
4295641470,106.6449118,-6.156402
4295641472,106.6456859,-6.1564146
4295641474,106.6461151,-6.1564215
4295641475,106.6469868,-6.1564212
4295641476,106.6464944,-6.1564277
4295641477,106.6474354,-6.1564227
4295641478,106.647808,-6.1564341
4295641473,106.6466184,-6.1564199
4295641480,106.6486241,-6.156428
4295641479,106.6481848,-6.1564313
4295641483,106.6440969,-6.1567149
4295641484,106.6452838,-6.1567812
4295641485,106.6464871,-6.156796
4295641486,106.6478071,-6.156812
4295641487,106.6466059,-6.157205
4295641488,106.6469817,-6.1572061
7067027856,106.6040052,-6.198983
8521009559,106.6210367,-6.2047795
8521009563,106.6215849,-6.2049426
7243975093,106.6793513,-6.1961755
9750858218,106.5980304,-6.2051112
5240539633,106.6812949,-6.152476
5240539637,106.6810629,-6.1519473
8495712758,106.6187372,-6.1828254
5240539648,106.6858479,-6.152409
6994020870,106.5985318,-6.1559159
9087765004,106.6577318,-6.1999085
9087765005,106.6576755,-6.1997405
5240539678,106.6853997,-6.1486815
5240539679,106.6856339,-6.1498715
7810599455,106.6659176,-6.1928416
7810599457,106.6658643,-6.1928551
7810599458,106.6653478,-6.1927592
7810599460,106.6655458,-6.1939415
5240539692,106.6842819,-6.1476112
7805880877,106.6354211,-6.1599635
7810599469,106.6632095,-6.1954295
5240539695,106.6842131,-6.1488886
7805880879,106.6353688,-6.1600598
5240539693,106.6842556,-6.148113
5240539697,106.685427,-6.1481666
5240539706,106.6838685,-6.1488956
5240539708,106.6828801,-6.1488627
5240539711,106.6795062,-6.1487192
5240539712,106.6826147,-6.1480712
5240539719,106.682598,-6.148446
5240539722,106.6820519,-6.1484168
5240539724,106.6816377,-6.1474809
5240539725,106.681645,-6.1488048
5240539729,106.6846702,-6.1481397
5240539730,106.684646,-6.1488442
5240539731,106.6807441,-6.1474406
5240539732,106.6807015,-6.1479448
5240539733,106.6806771,-6.1483415
5240539734,106.6806733,-6.148762
5240539735,106.6812447,-6.1479997
5240539736,106.681214,-6.1483501
5240539737,106.6799483,-6.1479211
5240539738,106.6799299,-6.1483064
5240539739,106.6828694,-6.1492713
5240539740,106.6821391,-6.1488321
5240539741,106.6821291,-6.1491959
5240539743,106.6812797,-6.1491641
5240539744,106.681285,-6.1487925
5240539745,106.6850032,-6.1523938
5240539746,106.6847198,-6.1517331
6696618600,106.5887115,-6.170336
5240539759,106.6764966,-6.1463727
5240539760,106.6765331,-6.1458826
5240539761,106.6771636,-6.1460704
5240539762,106.6771491,-6.146414
5240539763,106.6770826,-6.146787
5240539764,106.6764744,-6.1467529
5240539765,106.6775585,-6.1481987
5240539766,106.6774639,-6.1482003
5240539767,106.6780912,-6.1482235
5240539769,106.6781308,-6.1478279
5240539771,106.6787603,-6.1486804
5240539772,106.6787678,-6.1482505
5240539773,106.6787901,-6.1478612
5240539774,106.6795706,-6.1479297
5240539775,106.6795268,-6.1482779
8555875090,106.6561589,-6.1863052
8212204308,106.6639653,-6.1692137
11953130294,106.6804875,-6.1704384
5428235067,106.595951,-6.1608909
5428235068,106.5956372,-6.1592409
5428235069,106.5957108,-6.160382
5428235070,106.5951746,-6.1604849
5428235071,106.5895251,-6.1527974
5428235074,106.5899704,-6.1527655
5428235076,106.5900435,-6.1523317
8789052231,106.5966138,-6.1863778
5428235079,106.5896565,-6.1538767
5428235080,106.5895791,-6.1537421
5428235084,106.5890852,-6.1546714
5428235085,106.5890777,-6.1545811
5428235087,106.5890219,-6.1537876
5428235088,106.5895595,-6.1537256
5428235089,106.5891932,-6.1537566
7226936150,106.6635411,-6.1941968
7226936162,106.6631149,-6.1921045
7226936170,106.6602456,-6.1903686
6562925428,106.6204959,-6.1808569
6562925429,106.6207675,-6.1809636
6562925435,106.6215648,-6.1826755
6562925444,106.621888,-6.1839269
8536214404,106.6564322,-6.165425
8536214407,106.656292,-6.1647271
6562925476,106.6231852,-6.1927635
10019556266,106.5892804,-6.1899247
6562925483,106.6242121,-6.1920288
10019556267,106.5893286,-6.1900207
10019556269,106.5892559,-6.189999
10019556268,106.589161,-6.1899647
10019556270,106.5892214,-6.1900886
10019556278,106.5900408,-6.1906427
10243820479,106.6354158,-6.2094397
7231785935,106.625282,-6.1846527
7064144853,106.603248,-6.1980082
12215143401,106.6689577,-6.2074154
6555192365,106.6663893,-6.1942031
7139904570,106.6482445,-6.175383
7139904577,106.6497166,-6.1758056
7139904581,106.6495513,-6.1750672
7139904582,106.6516337,-6.175097
8814349427,106.6531371,-6.1637309
9129053304,106.5946674,-6.1682868
9129053305,106.5941012,-6.1682624
8959183998,106.5902329,-6.1502566
8959184001,106.5901382,-6.1503079
7129549955,106.6847811,-6.1726537
7129549956,106.6848877,-6.172657
8502398126,106.6783525,-6.1513113
7870732591,106.6830515,-6.1874851
12951112919,106.585682,-6.1587126
10101138424,106.6615393,-6.1630771
4295642389,106.647425,-6.1572074
4295642390,106.6478036,-6.1572085
4295642391,106.6481843,-6.1572095
4295642392,106.648579,-6.1572108
4295642394,106.6469795,-6.1575655
4295642395,106.6474156,-6.1575708
4295642396,106.6481827,-6.1575553
4295642397,106.6485788,-6.1575632
9992031514,106.6752698,-6.1934078
9992031516,106.6747757,-6.1935938
4295642402,106.648181,-6.1579187
4295642403,106.6474094,-6.1578575
4295642404,106.6469775,-6.1578438
4295642405,106.6485858,-6.1579029
4295642406,106.6474078,-6.1580143
4295642407,106.6469779,-6.1580166
4295642408,106.6481802,-6.1580074
4295642409,106.6485868,-6.1580179
4295642410,106.6485887,-6.158389
4295642411,106.6481693,-6.1583884
4295642412,106.6477935,-6.1583879
4295642413,106.6474085,-6.1583873
4295642414,106.6469735,-6.1583867
4295642415,106.6465888,-6.1583862
4295642416,106.6465913,-6.1587656
8979107113,106.6159274,-6.1739337
4295642418,106.6465834,-6.1591349
4295642419,106.6469646,-6.1591405
4295642420,106.6473844,-6.1591442
4295642421,106.647782,-6.1591435
4295642422,106.6469578,-6.1594854
4295642423,106.6473813,-6.1594875
4295642424,106.6473829,-6.1595533
4295642426,106.6469521,-6.1597714
8785513787,106.635118,-6.1525767
4295642428,106.6469503,-6.1599349
4295642429,106.6473804,-6.1599349
4295642430,106.6465739,-6.1602716
4295642431,106.6469502,-6.1602757
4295642432,106.647376,-6.1602682
4295642434,106.6465599,-6.1606756
4297446128,106.6557397,-6.1774931
4297446130,106.6637415,-6.1774863
9742994771,106.590376,-6.1937256
9742994772,106.5901212,-6.1936858
7210814825,106.6051232,-6.1871051
7210814830,106.6091401,-6.1806222
7679397233,106.6582853,-6.1633188
7231786368,106.6233867,-6.1827082
7231786378,106.6263104,-6.1809004
8487194015,106.6294952,-6.1655703
10038169007,106.6016574,-6.1880221
10038169009,106.605261,-6.1880741
10038169010,106.6054648,-6.188166
10038169012,106.6052637,-6.1880209
10038169013,106.6063191,-6.1882714
10038169014,106.6090295,-6.1863141
10038169015,106.6090103,-6.1858792
10038169016,106.6088511,-6.1860088
8495844853,106.6237266,-6.1684562
7787138571,106.5869155,-6.1942806
7787138576,106.5870177,-6.1944263
8495844881,106.6192903,-6.1865688
8509345315,106.5934311,-6.1419975
8509345316,106.5931274,-6.1418734
8496762439,106.61603,-6.2056972
8496762444,106.6158464,-6.2064855
9651113552,106.6832276,-6.2091919
6321098365,106.6727239,-6.2012655
6552047229,106.6114274,-6.1640996
6552047231,106.6115873,-6.1634059
6552047232,106.6121194,-6.1635103
6552047233,106.6187827,-6.1586342
8485359235,106.6700166,-6.1481477
6552047235,106.6184199,-6.1588809
6552047236,106.618208,-6.1589342
8485359237,106.6698365,-6.1485658
6552047239,106.6182918,-6.1591895
6552047240,106.6180159,-6.1590849
6552047243,106.6127833,-6.1560263
6552047244,106.6124681,-6.1561074
6552047245,106.6130628,-6.1561694
6552047249,106.612918,-6.1563035
6552047250,106.6127296,-6.1552648
6552047254,106.6126411,-6.1556469
6552047255,106.6124036,-6.1548604
12205051542,106.63713,-6.1517405
8208273049,106.6203456,-6.2086987
8485752476,106.6815919,-6.1883391
6552047261,106.6122516,-6.15432
6552047260,106.6126384,-6.1542061
6552047263,106.6120587,-6.1536656
6552047262,106.6123058,-6.153602
6552047265,106.6116674,-6.1508352
6552047266,106.6116668,-6.1509312
6552047267,106.6117449,-6.1509412
6552047268,106.6126934,-6.1485005
8485752484,106.6809006,-6.1884114
6552047275,106.6103364,-6.1495112
6552047276,106.60856,-6.1498245
6552047277,106.6085858,-6.1496578
6552047278,106.6115882,-6.1538941
6552047282,106.6120425,-6.1536106
6552047284,106.6120872,-6.1494512
8793902774,106.6835855,-6.1929565
8793902775,106.6830839,-6.1927685
8495713996,106.6183019,-6.1819502
8495713997,106.6180792,-6.1826649
13721816808,106.6742951,-6.1365016
8524025645,106.6328032,-6.2020521
9059492264,106.6699,-6.1548412
8803864420,106.6830249,-6.1470817
7229165422,106.6615887,-6.1628182
7229165424,106.6619313,-6.1628496
7229165425,106.6659701,-6.167278
8552320156,106.6726327,-6.1718903
5014048628,106.6317102,-6.1599962
8552320157,106.672612,-6.1714441
11101163450,106.593595,-6.158063
12197711881,106.6807175,-6.2096836
12197711882,106.6806878,-6.2094117
12197711884,106.6810366,-6.2069115
12197711885,106.6811903,-6.2069624
5623926821,106.6249824,-6.1891834
5623926825,106.6245588,-6.1907083
5623926826,106.6248196,-6.1873367
5623926827,106.625432,-6.1874772
5623926831,106.6274456,-6.1936272
5623926832,106.6294236,-6.1929689
5623926833,106.629413,-6.1935917
5623926835,106.6270419,-6.187546
5623926839,106.6267908,-6.1879632
13041422391,106.6291588,-6.1782823
10542534733,106.6085016,-6.1769624
7232311379,106.6292771,-6.2080112
7801819234,106.6357563,-6.2104121
8505806970,106.6112155,-6.1455477
9731854459,106.6173021,-6.1780023
9731854460,106.6170481,-6.177999
8505806978,106.611416,-6.1451264
9156972678,106.6297361,-6.2038254
9156972679,106.6265928,-6.2010907
9156972682,106.6299249,-6.1996569
5439115409,106.5872728,-6.1935241
5439115410,106.5897008,-6.1911273
5439115412,106.5886112,-6.1922498
5439115413,106.5925444,-6.1890522
5439115414,106.5934742,-6.1891522
5439115415,106.5936734,-6.1891266
7465095329,106.6679925,-6.1427476
8488898752,106.6243358,-6.1559202
8488898755,106.6238071,-6.1563688
12197378819,106.6651303,-6.1549733
12197378820,106.6651677,-6.1553497
4300676718,106.6696864,-6.1583619
4300676719,106.6686845,-6.1583862
4300676721,106.6645476,-6.158446
4300676722,106.667621,-6.1584475
4300676723,106.6674775,-6.1584503
4300676724,106.6673353,-6.1584568
8481820985,106.6258637,-6.1831909
4300676725,106.666587,-6.1584915
4300676727,106.6655639,-6.1585467
4300676729,106.6652607,-6.1585633
4300676730,106.6645532,-6.1585837
4300676733,106.6701662,-6.1586843
4300676734,106.6700645,-6.1586885
4300676735,106.6698865,-6.1586959
4300676736,106.6697016,-6.1587036
4300676737,106.6695936,-6.1587081
4300676738,106.6693203,-6.1587194
4300676739,106.6689921,-6.158733
4300676740,106.6687086,-6.1587448
4300676741,106.6683617,-6.1587782
4300676742,106.667652,-6.1588116
2033602966,106.6346432,-6.1774543
4300676744,106.6673637,-6.1588177
2033602975,106.6335791,-6.1777706
4300676745,106.6666086,-6.1588391
8547881381,106.6812687,-6.1692141
2033602985,106.6325356,-6.1779347
2033602988,106.6375058,-6.1780139
2033603017,106.6344169,-6.1804525
2033603019,106.635179,-6.1804617
11961782732,106.6118548,-6.1468028
4300676754,106.6707727,-6.158959
2033603024,106.6363039,-6.1805013
4300676755,106.6704834,-6.1589711
2033603030,106.6383268,-6.1805558
4300676756,106.6701892,-6.1589833
2033603051,106.6343355,-6.1831395
4300676760,106.6675556,-6.1591522
2033603055,106.6362783,-6.1831694
2033603060,106.6378742,-6.183235
2033603062,106.6382942,-6.1832397
2033603076,106.6346319,-6.1849606
8524288523,106.6323218,-6.203812
8524288524,106.6320596,-6.2046294
2033603085,106.6348563,-6.1854107
5455499812,106.6312821,-6.1596662
6320181800,106.6719622,-6.1618982
6320181801,106.6713868,-6.1618462
5455499818,106.6543792,-6.1532797
5455499819,106.6529117,-6.1537407
6320181805,106.6722163,-6.1547177
5455499822,106.6522965,-6.1537937
5455499825,106.652542,-6.1533293
5455499828,106.6527569,-6.1582295
5455499831,106.6527206,-6.1586215
5455499832,106.652682,-6.1586863
5455499839,106.6537781,-6.1593315
5455499846,106.6519572,-6.1615742
5455499859,106.6447317,-6.1626194
4300676782,106.6654605,-6.1596102
5455499869,106.6444427,-6.1534901
5455499870,106.6446948,-6.1534874
5455499874,106.6445567,-6.1540272
5455499875,106.6445111,-6.1544487
5455499876,106.6443904,-6.1540313
12142662245,106.6694264,-6.1541701
5455499877,106.6443997,-6.1544554
5455499878,106.6447175,-6.1546629
8775160422,106.6722558,-6.1581448
5455499883,106.6437762,-6.1546502
5455499886,106.6434395,-6.1544894
5455499887,106.6433282,-6.1544874
9994654334,106.6335766,-6.2023847
5455499902,106.6390468,-6.1635956
5455499903,106.6402169,-6.1639796
9994654336,106.633342,-6.2020544
11328574086,106.6679933,-6.1875003
5455499912,106.6327623,-6.1635716
9119617678,106.6178459,-6.1619009
9119617681,106.6177668,-6.1625318
9119617683,106.6220747,-6.1642077
7122735770,106.6533458,-6.200852
7122735771,106.6532793,-6.2008521
7122735776,106.6533154,-6.2009161
7122735777,106.6533047,-6.2007002
5455499944,106.6272102,-6.1545077
7863685805,106.6645405,-6.2072464
8524288687,106.6336119,-6.2046853
5455499957,106.6229984,-6.1532833
5455499958,106.6210712,-6.1528593
8524288698,106.6338823,-6.2054189
2697745095,106.6330926,-6.1362784
5455499977,106.6153427,-6.1634822
2697745099,106.6111068,-6.1376866
5455499986,106.6129946,-6.1593554
12205052627,106.6624038,-6.1687298
2697745107,106.6328465,-6.1411148
12205052631,106.6605988,-6.166794
12140434138,106.6674254,-6.1448658
12140434139,106.6671844,-6.1447244
12140434140,106.6671889,-6.1446436
12140434141,106.6672335,-6.1438574
12140434142,106.6672406,-6.1437892
5455500000,106.6197293,-6.1558263
12140434145,106.6705377,-6.1412749
12140434146,106.6706167,-6.1412721
5455500005,106.6130125,-6.1520179
2697745160,106.6324165,-6.1536739
2697745193,106.6313294,-6.1591442
2697745195,106.6311418,-6.1593646
10063729454,106.6842867,-6.1475294
2697745199,106.6311283,-6.1594666
2697745200,106.6312653,-6.1596882
2697745202,106.6138199,-6.1598095
2697745205,106.645372,-6.1659483
8498729786,106.5891369,-6.1470457
10783839062,106.6551132,-6.188204
7232312217,106.6598124,-6.1577182
7232312218,106.6592786,-6.1575939
7232312219,106.6599499,-6.1575862
7232312220,106.6593012,-6.1574586
7232312221,106.6599787,-6.1574355
7232312222,106.6593268,-6.1573056
7232312223,106.6600069,-6.1572868
7232312224,106.6593509,-6.1571609
7232312228,106.6593826,-6.1570155
7232312230,106.659245,-6.1577383
7029150674,106.6673949,-6.1368371
6918001625,106.6197943,-6.1962719
6918001627,106.6181536,-6.195267
6918001628,106.6181746,-6.1949639
8503448609,106.5966202,-6.1761763
9134429223,106.5912404,-6.1699863
9134429224,106.5912391,-6.170024
8503448616,106.5974249,-6.1763083
9134429226,106.5949786,-6.1700928
9134429227,106.5949491,-6.1702221
9134429229,106.5933475,-6.1703794
9134429230,106.5942959,-6.1706429
9134429234,106.5937131,-6.1706995
7146853427,106.6196591,-6.2052892
6317691963,106.5965991,-6.1345521
9125516362,106.620093,-6.190284
6317691994,106.5874957,-6.1372756
6317691995,106.5877462,-6.1372906
6317691996,106.5875428,-6.139905
6317691997,106.5877964,-6.1398731
6317691998,106.5880887,-6.1430232
6317691999,106.5883345,-6.1429443
6317692000,106.5885091,-6.1442638
6317692001,106.5887955,-6.1441134
6317692002,106.5911303,-6.1468439
6317692005,106.5852195,-6.1453624
6317692006,106.5967259,-6.1486692
6317692007,106.5967362,-6.148449
6317692008,106.5915796,-6.1481044
6317692009,106.5913232,-6.1482099
6317692010,106.5913701,-6.1481843
6317692011,106.586527,-6.1483249
6317692012,106.5865205,-6.1481701
9125516410,106.6169188,-6.1949076
9125516411,106.6168712,-6.1948397
9125516415,106.6157081,-6.1936878
9125516416,106.616326,-6.1937232
8521012502,106.6206662,-6.2043893
4307159827,106.5990056,-6.1680418
8521012507,106.6201356,-6.2037918
4307159828,106.6073456,-6.1680412
4307159829,106.6129556,-6.1680456
6531863890,106.585764,-6.152386
9345455492,106.6389736,-6.1899807
8208668063,106.6838872,-6.1387893
8208668070,106.6844639,-6.139761
8502269352,106.6535796,-6.1846581
8502269354,106.6535532,-6.1849878
8502269355,106.6529195,-6.1849213
8502269367,106.6538968,-6.1853875
10316567993,106.6810459,-6.1355747
5014050296,106.6644592,-6.1376278
5014050297,106.6645027,-6.1372099
5014050299,106.6645402,-6.1368493
5439116825,106.5852383,-6.1951038
5439116826,106.5853664,-6.1949918
5439116835,106.5898114,-6.1910078
5439116836,106.5904669,-6.1903251
5439116837,106.5905772,-6.1902106
5439116840,106.5913542,-6.189359
5439116844,106.5918554,-6.1890173
5439116847,106.5929437,-6.1891015
5439116851,106.5859517,-6.1955818
5439116852,106.5862548,-6.1953471
5439116853,106.586525,-6.1951181
5439116855,106.5863749,-6.1940988
5439116856,106.5859164,-6.1934932
5439116857,106.5856165,-6.1937338
5439116860,106.586684,-6.1938518
7132304957,106.6648213,-6.1986127
5439116862,106.5857932,-6.1945461
5439116861,106.5853284,-6.1942413
5439116901,106.5825839,-6.1934209
5439116918,106.585823,-6.1964537
5439116920,106.5860824,-6.1964809
5439116923,106.5862253,-6.1962724
5439116924,106.5870233,-6.1963618
5439116925,106.5904076,-6.194894
8536479357,106.6683747,-6.1528687
5439116929,106.5855007,-6.1972244
5439116931,106.5854449,-6.1968351
5439116934,106.5851868,-6.1950409
5439116935,106.5895177,-6.1948058
8482739852,106.6293881,-6.1589009
5439116942,106.5902936,-6.1966537
5439116944,106.5903193,-6.1958946
5439116947,106.5902892,-6.1948668
5439116949,106.5894487,-6.1941115
5439116950,106.5903063,-6.1942112
5439116953,106.5903933,-6.1936146
12170057373,106.6643671,-6.1790061
5439116958,106.59093,-6.1937932
5439116959,106.5917574,-6.1935858
12170057374,106.664626,-6.1792713
5439116967,106.5915053,-6.19218
8536479401,106.678842,-6.1524273
5439116972,106.591461,-6.1934738
5439116973,106.591301,-6.193876
5439116981,106.5913942,-6.1949178
5439116982,106.5918151,-6.1950445
5439116985,106.5927485,-6.1955871
5439116986,106.5925287,-6.1955582
5439116987,106.5914726,-6.19532
5439116991,106.591239,-6.1961044
5439116993,106.5912469,-6.1962955
5439116996,106.5923257,-6.196598
5439116999,106.5925249,-6.1952968
5439117000,106.5935773,-6.1955924
5439117006,106.594913,-6.1941685
5439117007,106.5941432,-6.1950658
5439117008,106.593187,-6.1932982
5439117013,106.5946078,-6.1938665
5439117016,106.5947021,-6.1939485
5439117017,106.5940442,-6.1940126
5439117018,106.5938508,-6.1950538
11158312667,106.6616391,-6.1400832
5439117026,106.5925219,-6.195177
5439117028,106.5925558,-6.1949247
5439117031,106.593305,-6.1950444
5439117033,106.5933483,-6.1944915
5439117039,106.5941419,-6.1930872
5439117041,106.5940212,-6.1927365
5439117043,106.5943678,-6.1928872
12156294901,106.6674591,-6.1439061
5439117046,106.5944637,-6.1924939
5439117049,106.59476,-6.1921979
5439117050,106.5945871,-6.1920179
5439117052,106.5941962,-6.1918635
5439117053,106.5950377,-6.1918619
5439117055,106.5947252,-6.1921633
5439117058,106.5953287,-6.1913606
5439117060,106.5940681,-6.1924485
12606527238,106.6246426,-6.1820889
5439117065,106.5936985,-6.1918075
5439117067,106.5913135,-6.1914526
5439117068,106.5910721,-6.1920379
5439117070,106.5920833,-6.1924859
5439117072,106.5922683,-6.1923632
10736654097,106.5937913,-6.1788057
5439117073,106.5921061,-6.1934885
5439117077,106.5930113,-6.1935392
5439117080,106.5934136,-6.1927525
5439117082,106.5885292,-6.1921525
5439117084,106.5895216,-6.1932434
5439117087,106.5971915,-6.18985
5439117088,106.5966135,-6.1899687
5439117091,106.5964233,-6.1893286
5439117092,106.5954012,-6.190446
5439117093,106.5954656,-6.189338
5439117094,106.59509,-6.1886567
5439117097,106.5950283,-6.1892394
5439117099,106.5950216,-6.1892833
5439117100,106.5960328,-6.18934
5439117105,106.5956517,-6.1881594
5439117107,106.5959147,-6.1881659
5439117108,106.5944304,-6.1847661
5439117113,106.5953082,-6.1878972
5439117116,106.5953423,-6.1875486
5439117117,106.5959235,-6.1870238
5439117119,106.5952777,-6.1868908
5439117121,106.5944061,-6.1874594
5439117122,106.5951732,-6.1875314
5439117123,106.5954494,-6.1857887
5439117125,106.5953901,-6.1862188
5439117127,106.5952639,-6.1862516
5439117128,106.5968861,-6.1850251
5439117131,106.5968733,-6.1840679
5439117132,106.5966685,-6.1840755
5439117134,106.5966424,-6.1838182
8555878223,106.6819429,-6.1789754
5439117139,106.596234,-6.1843448
5439117141,106.5966464,-6.1845515
5439117145,106.5967456,-6.1847281
12156295001,106.6696346,-6.141662
8958793563,106.6100329,-6.1834215
5439117146,106.5963306,-6.1848008
5439117147,106.5963533,-6.1848768
8958793566,106.6100255,-6.1833256
5439117152,106.5932138,-6.1904086
5439117154,106.5932333,-6.1902006
5439117158,106.5933827,-6.1900714
5439117159,106.5928517,-6.1907713
5439117162,106.5932966,-6.190814
5439117163,106.5925446,-6.189494
5439117166,106.5908495,-6.1908886
5439117167,106.5910005,-6.1905336
5439117168,106.5951249,-6.1857941
5439117170,106.5948017,-6.1858262
5439117172,106.5942271,-6.1844161
5439117173,106.5949721,-6.1841395
5439117175,106.5951236,-6.1854648
5439117177,106.5946281,-6.1854441
5439117178,106.5945915,-6.1851458
5439117179,106.5945174,-6.1858581
5439117185,106.5937664,-6.1857928
5439117187,106.5935126,-6.1858321
5439117190,106.5933656,-6.1862064
5439117193,106.5935746,-6.1852088
5439117196,106.5938133,-6.1846594
5439117197,106.5935223,-6.1846781
5439117198,106.59347,-6.1845582
5439117200,106.5934164,-6.1839535
5439117201,106.5939487,-6.1859328
5439117202,106.5939179,-6.1855888
5439117205,106.5943065,-6.1852748
5439117206,106.5959943,-6.1850279
5439117209,106.5953288,-6.1848955
5439117211,106.5946529,-6.1851208
5439117215,106.5939474,-6.1837342
5439117216,106.5939574,-6.183458
5439117217,106.594681,-6.1832829
5439117219,106.5944329,-6.1832869
5439117221,106.59428,-6.1814302
5439117224,106.5865351,-6.186162
5439117225,106.5862554,-6.1861169
5439117227,106.5901689,-6.1841189
5439117228,106.5899254,-6.1827609
5439117229,106.5903707,-6.1835795
8509740975,106.5974879,-6.1712317
5439117232,106.5905343,-6.1835189
5439117233,106.5905114,-6.183331
5439117234,106.5917936,-6.1842461
5439117236,106.5919841,-6.1841902
5439117238,106.5922013,-6.1841968
5439117239,106.5923219,-6.1842235
5439117240,106.5917601,-6.1846635
5439117241,106.5920398,-6.1847978
5439117242,106.5915146,-6.1849875
5439117243,106.5914208,-6.1853461
5439117246,106.5916409,-6.1855815
5439117247,106.5910372,-6.1843715
5439117249,106.5909541,-6.1850888
5439117250,106.5906456,-6.1847435
5439117251,106.5906174,-6.1850422
5439117252,106.5907797,-6.1850808
5439117253,106.5907502,-6.1857048
5439117254,106.5908857,-6.1857862
5439117256,106.5915241,-6.1858708
5439117258,106.5900928,-6.1849002
5439117260,106.5900029,-6.1844561
5439117261,106.5901369,-6.1844828
5439117263,106.5895305,-6.1848004
5439117264,106.5895554,-6.1843968
5439117265,106.5891811,-6.1844156
5439117267,106.5909752,-6.1839167
5439117269,106.5922147,-6.1833128
5439117271,106.5926686,-6.1833605
5439117272,106.591858,-6.1827635
5439117274,106.5923381,-6.1827502
5439117275,106.5948883,-6.1839002
5439117277,106.5948868,-6.1837202
5439117282,106.5944255,-6.1834255
5439117286,106.5938495,-6.1834502
5439117289,106.5937637,-6.1831689
5439117290,106.5942934,-6.1887687
5439117291,106.5948687,-6.1887607
5439117292,106.5945469,-6.1887754
5439117293,106.5944996,-6.1892552
5439117294,106.5936376,-6.1884087
5439117300,106.5934324,-6.1890634
5439117304,106.5923756,-6.1870461
5439117306,106.5917923,-6.1868887
5439117307,106.5922777,-6.1876327
8555878402,106.6812667,-6.1790223
5439117317,106.5903211,-6.1882274
11527411733,106.6668762,-6.1861411
7132305430,106.6668747,-6.197307
4307159858,106.6081032,-6.1684015
4307159859,106.5991212,-6.1684028
4307159860,106.596975,-6.1684102
5439117421,106.5916393,-6.1887453
5439117423,106.5914824,-6.1888901
5439117426,106.5902004,-6.1884847
5439117427,106.5918791,-6.1888641
9781008501,106.613237,-6.176905
5439117431,106.5917466,-6.1870441
5439117432,106.5947816,-6.1889367
5439117433,106.5947827,-6.1892858
5456156793,106.6266127,-6.1952538
5439117435,106.5938172,-6.1891555
5439117436,106.5933386,-6.1898606
5456156794,106.6266408,-6.1939512
5456156798,106.6295269,-6.1913285
8488900731,106.6244146,-6.1545207
5456156800,106.630168,-6.1917446
5439117441,106.5929121,-6.1905873
5439117446,106.5949103,-6.190782
5439117449,106.5943075,-6.1914126
5439117451,106.59428,-6.190738
5439117452,106.5944191,-6.189246
4307159862,106.5979787,-6.1684162
5439117454,106.5943095,-6.1901073
5439117455,106.5925097,-6.1899287
5439117462,106.5937301,-6.1904593
5439117463,106.5937744,-6.1901006
5439117464,106.5937167,-6.1900966
5439117466,106.5929445,-6.1900339
5439117468,106.5917078,-6.189374
5439117473,106.5920511,-6.190566
5439117475,106.5920994,-6.190006
4307159863,106.5987861,-6.1684397
5439117478,106.5912464,-6.1897233
5439117482,106.5913698,-6.1912966
8509479085,106.6097766,-6.1630257
5439117487,106.5908951,-6.1912873
8509479087,106.609401,-6.1627409
5439117489,106.5906751,-6.1919099
5439117494,106.5902597,-6.1915086
5439117495,106.5896426,-6.1910796
5439117496,106.5912364,-6.1909886
5439117499,106.5911686,-6.1905993
4307159864,106.6076746,-6.1684405
5439117503,106.5845577,-6.1911586
5439117504,106.586177,-6.1916326
5439117505,106.5856513,-6.1914806
5439117508,106.5861381,-6.18944
5439117509,106.5857492,-6.1893434
8789186758,106.6662919,-6.1823941
1157781704,106.5899938,-6.1888954
5439117513,106.5851008,-6.1842788
5439117512,106.5861543,-6.1893673
5439117515,106.5893032,-6.1907473
5439117516,106.5891856,-6.1909688
5439117517,106.5888029,-6.190798
1157781710,106.5908607,-6.1872392
5439117514,106.58877,-6.1862492
5439117520,106.5889075,-6.1904047
13604772048,106.6413584,-6.2016228
13604772049,106.6412515,-6.2015578
5439117523,106.5897448,-6.1909671
5439117524,106.5878641,-6.1899033
5439117525,106.5879498,-6.1894391
4307159865,106.5979291,-6.1684578
9110051032,106.594548,-6.1544701
6548248794,106.5950129,-6.1717844
6548248799,106.5932852,-6.1920131
9110051051,106.5909836,-6.151154
5439117548,106.5894386,-6.1875807
5439117550,106.590423,-6.1880247
4307159866,106.6073843,-6.1684669
5439117551,106.5897685,-6.1881687
5439117556,106.5893206,-6.189446
5439117559,106.5892997,-6.1898708
5439117560,106.5882443,-6.1876134
5439117561,106.5881827,-6.18788
12194830583,106.5907899,-6.1708614
5439117565,106.5879963,-6.189442
5439117566,106.5860296,-6.1874434
5439117567,106.5871833,-6.1877491
5439117573,106.5858217,-6.1882967
5439117574,106.5861013,-6.1871534
5439117576,106.5871708,-6.1873514
8503843081,106.6649674,-6.1371911
5439117578,106.586916,-6.1886647
5439117579,106.5869415,-6.1915246
5439117581,106.5862602,-6.1913086
5439117583,106.5866605,-6.189474
5439117584,106.586735,-6.189278
5439117597,106.5848135,-6.1892137
5439117598,106.5850157,-6.1909046
5456194852,106.587026,-6.1440208
5439117600,106.5853047,-6.18931
5439117601,106.5850693,-6.1892634
5439117602,106.5851387,-6.188933
5439117614,106.5941081,-6.1789342
5439117615,106.5931595,-6.1790829
5439117618,106.5925205,-6.1789249
5439117624,106.5932715,-6.1786036
5439117625,106.5932067,-6.1788467
5439117635,106.5981705,-6.1784143
5439117641,106.5970473,-6.1783124
5439117643,106.5960232,-6.178466
5439117644,106.5958759,-6.1780984
5439117649,106.5951195,-6.1805686
5439117651,106.5955157,-6.180179
5439117653,106.5942197,-6.1800489
5439117654,106.594044,-6.1785742
5439117657,106.5933595,-6.1778785
5439117658,106.5931507,-6.1784901
1157781851,106.5918605,-6.1851319
5439117662,106.5938307,-6.1784289
7788452191,106.6126815,-6.1814461
7788452192,106.6126907,-6.1817782
5439117664,106.5939042,-6.1781242
5439117667,106.5939273,-6.1799889
5439117668,106.5927109,-6.1818595
10847934821,106.6774068,-6.1909617
5439117670,106.5922179,-6.1818898
5439117671,106.5926492,-6.1784596
5439117672,106.5925809,-6.1786883
8937953641,106.6169554,-6.1886687
8937953642,106.6169735,-6.1884803
5439117674,106.5934428,-6.1789072
4307159871,106.5967622,-6.1685918
7788452205,106.6011345,-6.170692
5439117678,106.5936155,-6.1797539
5439117677,106.5930475,-6.1796743
5439117680,106.5937369,-6.1792996
5439117676,106.5937254,-6.180304
5439117675,106.5932447,-6.1801156
5439117684,106.5934926,-6.1787629
5439117685,106.5934807,-6.1831889
5439117687,106.5935706,-6.1831416
8484837753,106.6518798,-6.1637563
5439117690,106.5939715,-6.1804902
5439117691,106.5936846,-6.1804076
5439117695,106.5928506,-6.1828209
5439117698,106.5925392,-6.1827476
5439117704,106.5923971,-6.1823315
4307159872,106.6107424,-6.1685961
5439117707,106.5930165,-6.182343
5439117712,106.5919637,-6.1814649
5439117714,106.5921986,-6.1814716
5439117717,106.5922456,-6.1820355
5439117718,106.5930128,-6.1804475
5439117724,106.592184,-6.1802109
5439117726,106.592158,-6.1806069
5439117728,106.5919237,-6.1806929
5439117729,106.5928316,-6.1802969
4307159873,106.6119351,-6.1686009
5439117736,106.591009,-6.1800128
7131912617,106.6775223,-6.1744573
5439117738,106.5912384,-6.1803449
7131912618,106.6774904,-6.1747885
7131912619,106.6770704,-6.1741356
7131912621,106.6770141,-6.1744223
7131912622,106.6769641,-6.1745399
5439117744,106.5893005,-6.1799063
5439117745,106.5896679,-6.1801285
12205185456,106.665726,-6.171487
5439117747,106.5896304,-6.1798983
12205185461,106.6674157,-6.1723295
5439117751,106.5896278,-6.1795576
5439117752,106.5896264,-6.1797023
5439117753,106.5844873,-6.1778623
5555771834,106.6197903,-6.1557051
5439117754,106.5859275,-6.1779065
4307159874,106.5971587,-6.1686194
5439117755,106.5853348,-6.1786249
5439117758,106.5854126,-6.1787049
5439117759,106.5881363,-6.180759
10010515910,106.6550872,-6.1917806
8484837837,106.6524652,-6.1641531
8484837838,106.652506,-6.1647299
4307159875,106.5980313,-6.1685844
5439117794,106.5875086,-6.1795565
12320004579,106.6188772,-6.1905913
4307159876,106.5983244,-6.1686627
1157782055,106.5868662,-6.1893051
8810682921,106.6065846,-6.2081784
1157782088,106.5902701,-6.18834
1157782106,106.5991221,-6.173675
8552471130,106.6260226,-6.1467292
8552471133,106.6254352,-6.1465177
9189218924,106.5933902,-6.1814802
9189218925,106.5917581,-6.1850895
9189218926,106.5940024,-6.1800049
4307159882,106.5980984,-6.168667
8434899597,106.6432343,-6.1624609
8434899598,106.643249,-6.1627821
8434899600,106.6429367,-6.1627902
8434899601,106.6434614,-6.1627765
8434899602,106.642368,-6.1618836
8434899606,106.6429165,-6.1619182
8434899611,106.6434476,-6.1619142
5014051552,106.6408592,-6.1529716
9060113127,106.6829377,-6.1580995
9060113128,106.6834782,-6.1523433
9060113129,106.6818622,-6.1535827
6539205353,106.6161065,-6.1399107
8785386227,106.6152849,-6.1913651
5014051578,106.6396979,-6.1524682
8785517318,106.6396965,-6.1534047
13063445278,106.613552,-6.1577321
13063445279,106.6137885,-6.157548
8484838194,106.6582276,-6.152548
12182510401,106.652576,-6.1492076
12182510406,106.6544213,-6.150744
12182510407,106.6544737,-6.1510943
12182510411,106.6573308,-6.1494992
12182510412,106.6573072,-6.1492012
6728604518,106.6722045,-6.1702843
6728604521,106.6719367,-6.1705383
8488901489,106.6259851,-6.1561768
8488901505,106.6273428,-6.1571811
6555311037,106.6796547,-6.1954925
1157782441,106.5882216,-6.189483
6555311047,106.6783096,-6.1940858
1157782497,106.5945649,-6.1708594
8485100515,106.6181751,-6.1774096
5621177327,106.6281138,-6.1970667
5621177329,106.6292457,-6.1976392
5621177330,106.6290978,-6.2054239
5621177334,106.6335663,-6.2026148
10988837891,106.6672722,-6.1929358
10988837892,106.6672878,-6.1929083
10988837893,106.6675093,-6.1930372
10988837894,106.6682065,-6.1934359
10988837895,106.6684336,-6.1935572
10988837896,106.6686512,-6.1936716
2327206915,106.6744418,-6.1481178
5621177356,106.6376806,-6.1977008
5014051854,106.6585285,-6.1488005
5621177364,106.637029,-6.1960137
5621177367,106.6279712,-6.2011655
5621177368,106.6277136,-6.2093683
8488901657,106.6206915,-6.1548607
5621177373,106.6276673,-6.2089858
5621177376,106.6352011,-6.2001709
12216851501,106.6788786,-6.2037177
5621177389,106.629861,-6.2003323
5436496944,106.6282703,-6.2025481
5436496945,106.6289223,-6.2026514
5436496946,106.628988,-6.2021325
5436496947,106.6288482,-6.203212
5436496948,106.6315976,-6.2018934
7131651124,106.6662665,-6.1930345
7131651123,106.6662975,-6.1929763
5621177399,106.628912,-6.1996529
5436496952,106.6295913,-6.2020558
8229489655,106.6574514,-6.174713
5436496957,106.6274655,-6.1984675
5621177409,106.6295672,-6.2054665
1157782594,106.5957175,-6.170668
5436496962,106.6309933,-6.2086289
5621177412,106.6438741,-6.2023347
5436496964,106.6400464,-6.1976407
5621177414,106.6430318,-6.2015708
5621177415,106.6431338,-6.2020241
5621177416,106.6433366,-6.2020964
5621177417,106.6433617,-6.2010241
5621177418,106.6431552,-6.2013948
5436496965,106.6399772,-6.1978996
5621177420,106.6432223,-6.2024428
5436496967,106.6390997,-6.208965
5436496969,106.6391343,-6.2086457
5436496973,106.6308331,-6.2076571
5436496975,106.6312449,-6.2076664
5436496976,106.632991,-6.2079304
5436496977,106.6329206,-6.2081294
8498863186,106.6427448,-6.1585275
5436496978,106.6327643,-6.2077371
5436496980,106.6316202,-6.2086331
8498863189,106.6430747,-6.1579848
5436496982,106.6313951,-6.2086023
8498863187,106.6427341,-6.1579928
5621177424,106.6275016,-6.1996171
5436496986,106.6311127,-6.2080657
5436496987,106.6301759,-6.2086975
5436496988,106.6293486,-6.2088136
5436496989,106.6288917,-6.209356
5436496990,106.6252026,-6.2082406
5436496991,106.6263326,-6.2081299
5436496992,106.6263734,-6.2072525
5436496995,106.6255065,-6.2068761
5436496996,106.6276926,-6.2030919
5436496997,106.6298167,-6.2045506
5436497000,106.6288885,-6.2052105
5436497002,106.6284856,-6.2053432
5436497003,106.6281051,-6.205372
5436497004,106.6285559,-6.2049946
5436497005,106.6284648,-6.2041922
5481716848,106.593406,-6.2083217
5436497009,106.6279484,-6.1988963
12197059698,106.6777333,-6.1820607
5436497010,106.6279498,-6.1984702
5436497012,106.6266382,-6.1990683
5621177458,106.6352963,-6.2023441
5621177460,106.635578,-6.2022534
5436497015,106.6270733,-6.1994843
5436497016,106.6279042,-6.1995309
5621177459,106.635932,-6.2021201
5621177465,106.6345979,-6.2026927
5621177467,106.6339888,-6.202796
5436497020,106.6291105,-6.1978283
5621177463,106.6353313,-6.2024323
5621177471,106.6370319,-6.209522
5621177472,106.6370568,-6.2094557
5621177473,106.6362071,-6.2093652
5621177474,106.6362078,-6.2092952
5621177475,106.6355263,-6.2088599
5621177476,106.6354645,-6.2088854
5621177477,106.6350615,-6.208424
5621177478,106.6342991,-6.207803
5648702597,106.6631591,-6.2093663
5621177479,106.6312468,-6.2055572
5621177482,106.6311892,-6.2055986
5621177483,106.6311919,-6.2055158
5621177484,106.6327443,-6.2068618
5648702603,106.6631209,-6.2068191
5648702607,106.6595767,-6.2083856
12216851601,106.6792522,-6.2037797
5648702609,106.6563752,-6.2087403
6545628308,106.6270767,-6.198487
5648702612,106.6559286,-6.2088216
8499518612,106.6402324,-6.1692618
5621177495,106.6351973,-6.2092127
5621177496,106.6355401,-6.2090072
5621177503,106.6361597,-6.2093614
5621177504,106.6358039,-6.2093039
5621177505,106.6357213,-6.2092532
5621177507,106.6353798,-6.2087538
5621177509,106.6332245,-6.2069793
5621177510,106.63243,-6.2067743
5621177511,106.6321689,-6.2067065
5621177512,106.6319049,-6.2064583
5621177513,106.6316498,-6.206178
5621177514,106.6365945,-6.2090156
8485887147,106.6138742,-6.1789309
5621177516,106.636721,-6.2093603
5621177519,106.6324773,-6.2051626
5621177520,106.6326259,-6.2047485
8485887156,106.6142274,-6.1780681
8485887157,106.6143577,-6.1786689
8485887158,106.6143862,-6.1780963
8704777400,106.6106846,-6.1959913
8523090967,106.5897679,-6.1395674
8523090969,106.5893793,-6.1395924
4307159906,106.6107069,-6.1691334
12216851701,106.6789124,-6.2096888
4307159907,106.5972782,-6.1691588
5621177621,106.6394817,-6.203724
5621177623,106.6396652,-6.2031685
5621177624,106.6400198,-6.2021924
5621177625,106.6403176,-6.2016244
5621177626,106.6397944,-6.2026307
5621177627,106.6404837,-6.2013468
5621177628,106.6403443,-6.2015734
5621177631,106.6397515,-6.202768
5621177632,106.6396227,-6.2033653
5621177634,106.6405166,-6.2008103
5621177635,106.6382364,-6.1993256
5621177638,106.6402343,-6.2005495
1157782824,106.5999916,-6.170204
5621177640,106.6384127,-6.1991369
5621177642,106.638981,-6.2000174
6236691755,106.6434628,-6.1983097
5621177643,106.6387993,-6.2003468
8519703860,106.6759563,-6.2057151
6919839036,106.6386852,-6.2034551
10095582525,106.6706418,-6.1631204
10095582531,106.6567262,-6.1594205
10095582532,106.6566142,-6.1583213
10095582534,106.6567098,-6.1553248
10095582535,106.6570155,-6.1564702
10095582536,106.65655,-6.1560489
10095582537,106.6568545,-6.1564621
4307159912,106.6077047,-6.1692404
8509087118,106.6341564,-6.1791929
8509087119,106.6341442,-6.1794612
1157782928,106.5860812,-6.1534097
12015394232,106.6501909,-6.1681435
8484576698,106.6366462,-6.1561775
8484576706,106.636712,-6.1564115
8502402534,106.6772313,-6.1514073
11096579563,106.5877609,-6.1567005
11096579564,106.5871906,-6.1567013
4307159917,106.607152,-6.1692812
5014052351,106.6416834,-6.1540994
4307159918,106.5997293,-6.1692841
1157783057,106.5894936,-6.1899393
8488246815,106.6484202,-6.1741757
4307159919,106.6070916,-6.1692852
9572605494,106.6483031,-6.1664078
1157783102,106.5820999,-6.1534338
4307159920,106.5962653,-6.1692925
4307159921,106.5995127,-6.169295
4307159922,106.6068045,-6.1693042
5436497522,106.626764,-6.1970119
5436497526,106.6295993,-6.1976177
5436497527,106.6361949,-6.2008555
5436497528,106.6363166,-6.2004548
5436497529,106.6343193,-6.2018048
5436497532,106.6345091,-6.2017543
5436497535,106.6374607,-6.2006798
5436497541,106.6353225,-6.2005349
5436497544,106.6395329,-6.196734
8488771209,106.594514,-6.1874687
4307159923,106.5991789,-6.1693089
8488771208,106.594449,-6.1879714
5436497550,106.6385751,-6.1966223
5436497551,106.639156,-6.1968551
5436497553,106.6394883,-6.1969407
5436497554,106.6400224,-6.1973057
5436497555,106.6397525,-6.1972244
5436497556,106.639644,-6.1975033
5436497557,106.640239,-6.1977197
5436497558,106.6412464,-6.2039932
5436497559,106.6403798,-6.2073648
7241883287,106.5861459,-6.1470364
5436497562,106.6393931,-6.2069673
5436497569,106.6406171,-6.2076865
5436497570,106.6409666,-6.207777
5436497571,106.6403476,-6.2076397
5436497572,106.6407733,-6.2069157
5436497573,106.6402759,-6.2079457
5436497574,106.6399634,-6.2085223
5436497575,106.6396214,-6.2084375
5436497576,106.6391255,-6.2096756
9682050729,106.6178814,-6.1915861
5436497578,106.6391274,-6.2095138
5436497577,106.6390783,-6.2095279
9682050731,106.6181462,-6.1916489
5436497583,106.6383793,-6.2087323
5436497585,106.6398393,-6.2095576
7231921841,106.5930794,-6.1744293
5436497587,106.6406983,-6.2091909
5436497588,106.6406076,-6.2091683
5436497590,106.6405083,-6.2091461
7231921847,106.5920531,-6.1768376
5436497592,106.6412156,-6.2089974
5436497593,106.6405844,-6.2089429
5436497596,106.6396714,-6.2087729
5436497597,106.6394591,-6.2089236
5436497599,106.6395758,-6.207957
5436497600,106.6396388,-6.208589
5436497602,106.638489,-6.2085122
5436497603,106.6381127,-6.2092703
5436497604,106.6386203,-6.2082637
5436497605,106.6360668,-6.2089883
5436497606,106.6357937,-6.2092181
11578138308,106.6801377,-6.1875904
5436497609,106.6358516,-6.208781
5436497611,106.6358435,-6.2094142
5436497613,106.6362593,-6.2096582
5436497615,106.6367984,-6.2088356
5436497618,106.6367782,-6.2082694
5436497622,106.6366145,-6.207626
5436497623,106.6370867,-6.2071764
5436497625,106.636958,-6.2073864
5436497626,106.6366982,-6.2071718
5436497627,106.636278,-6.2089063
5436497628,106.6360782,-6.2092709
5436497629,106.6354734,-6.2066124
5436497630,106.6351385,-6.2064139
5436497631,106.6345893,-6.2079775
5436497632,106.6350579,-6.2072125
5436497633,106.6320871,-6.2057652
5436497634,106.6317163,-6.2061273
5436497635,106.6319127,-6.2054345
7122869988,106.6363916,-6.1720943
5436497636,106.6314669,-6.2058157
5436497638,106.6335707,-6.2066914
5436497637,106.6331774,-6.2064345
5436497640,106.6334465,-6.2069523
5436497639,106.6336481,-6.2065292
5436497642,106.6340791,-6.2074967
5436497641,106.6344656,-6.2068384
7122869989,106.6364423,-6.1714927
5436497645,106.6341527,-6.2066695
5436497646,106.6347716,-6.207003
4307159927,106.5988472,-6.1693219
5436497649,106.6310931,-6.2063969
5436497650,106.6336173,-6.2074917
5436497652,106.6320066,-6.2078157
5436497653,106.6326123,-6.2080761
5436497654,106.6317679,-6.2080571
5436497657,106.6324606,-6.20837
5436497658,106.6320227,-6.208757
10043023097,106.6227651,-6.170181
10043023100,106.61809,-6.1705543
10043023102,106.613954,-6.1706557
5436497663,106.6314968,-6.2089736
5436497664,106.6337581,-6.2078144
5436497666,106.6334547,-6.2082813
4307159928,106.6063996,-6.1693283
5436497671,106.6332807,-6.208177
5436497673,106.6326047,-6.2089663
5436497672,106.6336803,-6.2084263
5436497678,106.6324464,-6.2083974
5436497679,106.6326577,-6.2079859
8776474385,106.6841945,-6.1878638
5436497682,106.6320002,-6.2092203
8776474386,106.684421,-6.1878461
5436497687,106.6313445,-6.2089178
5436497688,106.6313039,-6.2091303
10570194714,106.6069938,-6.1781919
5436497690,106.6313019,-6.2088023
8776474398,106.6839279,-6.1881274
4307159929,106.6300446,-6.1693369
5436497697,106.6312536,-6.2074697
5436497702,106.6308615,-6.205673
5436497705,106.6331586,-6.2072518
5436497707,106.6326919,-6.2070891
5436497708,106.6327667,-6.2067821
5436497709,106.6323298,-6.2070891
5436497711,106.6317565,-6.2070437
5436497713,106.6315775,-6.2067211
6321102641,106.6691431,-6.2071843
5436497715,106.6314358,-6.2063417
4307159930,106.5984962,-6.1693384
5436497728,106.635401,-6.2080744
5436497729,106.6351033,-6.2083753
5436497730,106.6355364,-6.208397
5436497731,106.6353347,-6.2085884
5436497732,106.6365852,-6.2081303
1157783365,106.6009053,-6.1696168
5436497734,106.636842,-6.2072971
5436497735,106.6379236,-6.2077904
8704646978,106.6540875,-6.2078484
9060092261,106.6801702,-6.141134
9060092262,106.6792126,-6.14098
5436497738,106.63765,-6.2079064
5436497740,106.633632,-6.2016508
5436497741,106.6337085,-6.2019741
6321102668,106.6702066,-6.203666
5436497743,106.6337881,-6.2022347
5436497744,106.6341249,-6.2024527
5436497745,106.6335695,-6.2025893
4307159931,106.6302271,-6.1693344
5436497747,106.6354305,-6.2016744
5436497746,106.6354063,-6.2011388
5436497748,106.6356403,-6.2009031
5436497750,106.6357477,-6.2016047
9060092264,106.684579,-6.1422227
5436497757,106.6341973,-6.202226
9060092267,106.6845952,-6.1396847
5436497768,106.636329,-6.2014561
5436497771,106.6373257,-6.2009648
4307159932,106.630501,-6.1693574
5436497773,106.6372012,-6.2011585
5436497772,106.636785,-6.2006828
5436497775,106.6370599,-6.2013814
5436497774,106.6367709,-6.2009361
5436497777,106.6367948,-6.2004326
5436497779,106.6316318,-6.203012
5436497781,106.6296684,-6.2035534
5436497791,106.6332458,-6.2042092
5436497795,106.6328507,-6.2048171
4307159933,106.6102635,-6.1693764
5436497797,106.6324999,-6.2038605
5436497796,106.6324384,-6.204028
5436497798,106.6319664,-6.204088
5436497801,106.6316563,-6.2033618
5436497802,106.6323324,-6.204284
5436497803,106.6322479,-6.2046495
5436497804,106.6327382,-6.2039317
5436497805,106.6328796,-6.2033841
5436497811,106.6324781,-6.2047014
5436497816,106.6324572,-6.2029654
4307159934,106.6315289,-6.1693924
5436497822,106.6318316,-6.2032346
5436497828,106.6307259,-6.203417
5436497829,106.6304616,-6.2032453
1157783461,106.5979674,-6.175568
5436497831,106.6299075,-6.2025989
5436497834,106.6313535,-6.2051212
5436497836,106.6311087,-6.2051766
5436497838,106.6331425,-6.196739
5436497839,106.6329169,-6.1987916
5436497841,106.6316486,-6.196293
5436497842,106.6313728,-6.1985647
5436497843,106.6316083,-6.1966377
5436497844,106.6306686,-6.1965422
5436497845,106.6315332,-6.197275
4307159935,106.5976723,-6.169408
5436497847,106.6314688,-6.1978163
5436497846,106.6305889,-6.1971576
5436497848,106.6305402,-6.1976925
5436497851,106.6304518,-6.1984474
5436497852,106.6260998,-6.2019028
7787798459,106.5986583,-6.1887693
5436497854,106.6264088,-6.2018348
6552182719,106.6192594,-6.1697024
6552182720,106.6191567,-6.1700746
12184870846,106.6697061,-6.1837186
12184870850,106.6697906,-6.1845345
6552182723,106.619015,-6.1700365
6552182722,106.6191199,-6.1697037
12184870853,106.6694512,-6.1838442
5436497862,106.6278221,-6.2018374
6552182727,106.6177438,-6.1704604
12184870851,106.668694,-6.1835644
6552182729,106.6188726,-6.1704094
12184870858,106.6698725,-6.1836365
8548540354,106.6206662,-6.1411028
5436497868,106.6278898,-6.2015421
5436497869,106.6273905,-6.2004948
5436497870,106.6281072,-6.2005852
5436497871,106.6274247,-6.1992916
6552182732,106.6168109,-6.1705009
6321102797,106.6801961,-6.1998237
6321102796,106.6800249,-6.2003948
6552182739,106.616485,-6.1705219
4307159936,106.5975867,-6.1694156
5436497876,106.6269842,-6.1999701
5436497878,106.6271049,-6.2003334
5436497877,106.6263741,-6.1998573
5436497880,106.6270941,-6.2006495
5436497879,106.6262349,-6.2001683
6552182746,106.618099,-6.1705104
5436497883,106.626095,-6.2004829
5436497884,106.6260427,-6.2007122
6552182741,106.6176099,-6.1704669
6552182742,106.618416,-6.1704263
6552182751,106.6201287,-6.1703808
5436497888,106.6269198,-6.197507
6552182753,106.6188148,-6.1682017
6552182752,106.6194699,-6.1682303
5436497893,106.6281536,-6.1984669
5436497894,106.6286898,-6.1985377
6552182757,106.6190703,-6.1679503
6552182760,106.6188209,-6.168045
6552182762,106.6180658,-6.1699183
4307159937,106.6106883,-6.1694161
5436497901,106.6292111,-6.2001357
5436497903,106.633856,-6.1989082
6552182766,106.6180501,-6.1694562
5436497905,106.6306669,-6.1984643
6552182767,106.6185291,-6.1696362
6552182773,106.6187961,-6.168687
6552182776,106.6186324,-6.168679
6552182777,106.617971,-6.1680753
5436497914,106.6299185,-6.1997695
6552182780,106.6177307,-6.1680116
5436497918,106.6298716,-6.2002029
5436497920,106.6286444,-6.2000735
6552182786,106.6154635,-6.1688618
4307159938,106.5973035,-6.1694418
6552182792,106.6162628,-6.1705492
6552182795,106.6139621,-6.1704063
6552182796,106.6139514,-6.1707106
6552182797,106.6142437,-6.1702117
6552182800,106.6143616,-6.1706684
6552182801,106.6148123,-6.1677763
6552182802,106.6145199,-6.1680537
6552182806,106.6148985,-6.166698
6552182811,106.6162339,-6.165833
6552182815,106.6173906,-6.1652917
6552182816,106.6171114,-6.1652924
6552182828,106.6171069,-6.1648058
6552182829,106.6164779,-6.1647036
6552182834,106.6193479,-6.1636783
6552182835,106.6198602,-6.1613595
6552182836,106.6198724,-6.1608345
6552182837,106.6198575,-6.1614996
6552182839,106.6180799,-6.1519053
4307159940,106.6118775,-6.1694471
6552182843,106.6183314,-6.152414
6552182844,106.6158004,-6.1510901
5014052930,106.6681292,-6.1365425
5014052932,106.6673878,-6.1365621
5014052933,106.667051,-6.1362972
8502796365,106.6738391,-6.1882367
8502796367,106.6737478,-6.1886587
4307159941,106.6315213,-6.1694667
8509218920,106.6448919,-6.1820466
8523505774,106.6614144,-6.2058825
8523505780,106.6612908,-6.2057553
8485888119,106.6725869,-6.1498884
8485888122,106.6729599,-6.1497979
1157783679,106.600439,-6.170201
4307159943,106.5966796,-6.1694997
4307159944,106.6126345,-6.1694951
12180676764,106.6676549,-6.1940715
12180676766,106.6676202,-6.1953101
12180676765,106.6679429,-6.1953044
4307159945,106.6118742,-6.1694963
9612845262,106.6403954,-6.195923
4307159946,106.6077543,-6.1695324
6537109714,106.5872754,-6.1524847
6537109715,106.5873391,-6.15317
4307159947,106.6074581,-6.1695579
7301390601,106.6683152,-6.1835974
12146336024,106.6705758,-6.1575471
4307159949,106.59987,-6.169586
7229825306,106.6680863,-6.1411754
12146336025,106.669081,-6.1576199
12146336026,106.6695937,-6.157593
9107038494,106.6228965,-6.1531307
7229825312,106.6650447,-6.1405954
8499519784,106.6459598,-6.1649068
8499519789,106.6455836,-6.165103
4307159950,106.6068259,-6.1695892
7229825330,106.6628104,-6.1424975
7229825342,106.66146,-6.1397751
7229825348,106.6609157,-6.1390602
8484577606,106.658126,-6.1468378
8484577615,106.6580749,-6.1470706
4307159952,106.5995347,-6.1696021
8503452068,106.6013999,-6.1723717
8503452069,106.6011357,-6.1722237
4307159955,106.6106734,-6.1696413
13072097722,106.6118512,-6.2021361
13072097723,106.6114204,-6.202297
13072097724,106.6117559,-6.2025267
13072097725,106.6116855,-6.2020467
13072097726,106.611194,-6.2017281
13072097727,106.5937455,-6.1691106
13072097728,106.5933935,-6.1690917
4307159956,106.6102192,-6.1696404
10006192598,106.6406327,-6.188799
10006192599,106.6406523,-6.1891718
4844970474,106.5977354,-6.2104615
4307159958,106.6106718,-6.169672
4307159959,106.6115202,-6.1697006
12168749590,106.6648618,-6.1750913
6322545180,106.6599106,-6.1956672
6322545183,106.6598026,-6.1955423
6322545184,106.6615964,-6.1964605
1157784098,106.5936211,-6.17069
8785257000,106.655736,-6.1504739
4307159960,106.5973266,-6.1697143
6563324475,106.6421627,-6.1869314
6563324479,106.6424015,-6.1860631
6563324484,106.6418694,-6.1873006
4307159961,106.6118586,-6.1697243
7070048857,106.613555,-6.1962137
7070048858,106.6139165,-6.1958884
7070048859,106.6140043,-6.1964163
7070048860,106.6139247,-6.1961374
4307159962,106.6315037,-6.1697537
7070048864,106.6137601,-6.1987896
8496243318,106.6523383,-6.1781458
7223796347,106.6351597,-6.1515036
1157784188,106.5850208,-6.1534778
8496898693,106.6465322,-6.1781243
7223796359,106.640534,-6.1429336
4307159964,106.5973353,-6.1697871
4307159965,106.6118541,-6.1697911
11865580208,106.5887103,-6.1703797
8505942725,106.6631672,-6.1834502
8505942728,106.6626609,-6.1835428
4307159967,106.6090592,-6.1698804
4307159968,106.6106587,-6.1698648
4307159969,106.6101898,-6.1698671
1157784359,106.5933025,-6.1814836
9073615697,106.674993,-6.1759396
4307159972,106.6106565,-6.1698977
8794170223,106.6175732,-6.2099149
4307159973,106.5998566,-6.1699138
4307159974,106.6088653,-6.1699108
5014053778,106.6536936,-6.151542
9131811746,106.6035753,-6.1973768
9131811747,106.6028966,-6.1979216
9131811748,106.602904,-6.1975884
12205974440,106.6500103,-6.1658403
4307159975,106.5995576,-6.1699208
8434901928,106.6435495,-6.1581848
12205974441,106.6509899,-6.165861
12205974445,106.6513797,-6.1656035
12205974449,106.6540315,-6.165711
4307159976,106.5976483,-6.1699375
4307159977,106.6115038,-6.1699257
8505811938,106.6107971,-6.1480888
8505811939,106.610738,-6.1484759
4307159978,106.5976933,-6.169938
12738782197,106.6731799,-6.2083743
8555881481,106.6779287,-6.1792516
13271720971,106.5933331,-6.13919
4307159979,106.6059543,-6.169961
5464024077,106.6150601,-6.1871694
13271720972,106.5935776,-6.1392189
8788796432,106.666636,-6.1858528
8788796435,106.6669283,-6.1859236
1157784596,106.5940706,-6.1707481
6709339175,106.6509115,-6.2038426
2038588467,106.6361686,-6.1772772
2038588469,106.6363495,-6.1775762
2038588470,106.6374461,-6.1776491
2038588473,106.6363814,-6.1777422
2038588475,106.6377687,-6.1780069
2038588476,106.6346724,-6.1779953
4307159981,106.5985533,-6.1699525
2038588480,106.6363531,-6.1784193
2038588485,106.6372885,-6.1784995
12175434822,106.6624576,-6.1964555
2038588487,106.6349437,-6.1786002
2038588488,106.6339348,-6.1786039
12175434823,106.6616779,-6.1973315
2038588490,106.6346063,-6.1786334
2038588493,106.6373374,-6.1787708
1157784653,106.5962018,-6.1778013
2038588495,106.6363916,-6.1787801
8804000849,106.6705848,-6.1375093
2038588498,106.6378235,-6.1790085
2038588500,106.6350342,-6.1789659
2038588501,106.6345296,-6.1789695
2038588504,106.6378269,-6.1790695
2038588505,106.6373824,-6.1791133
2038588506,106.6372118,-6.1791369
8485102683,106.6159362,-6.1788876
2038588508,106.6368174,-6.1791882
8485102684,106.6161162,-6.1782436
2038588511,106.6364197,-6.1792308
2038588513,106.6351231,-6.1793095
8505943137,106.6472689,-6.2095061
2038588515,106.6344365,-6.1793422
2038588516,106.6364572,-6.1795754
2038588517,106.6360693,-6.1796102
2038588519,106.63515,-6.1796728
2038588520,106.6344281,-6.1797052
6544974951,106.6477421,-6.2179943
1157784679,106.5974075,-6.1764033
2038588525,106.6361069,-6.1800207
2038588527,106.6351638,-6.180082
2038588528,106.6344189,-6.1801039
4307159983,106.5982139,-6.1699734
2038588532,106.6349232,-6.1804575
2038588534,106.6353178,-6.1804711
2038588535,106.6361387,-6.1804998
2038588536,106.6365434,-6.1805047
2038588537,106.636919,-6.1805124
2038588538,106.6373682,-6.1805311
2038588539,106.6378154,-6.1805277
6322545785,106.6599223,-6.1964469
2038588540,106.6379209,-6.1805257
8556668030,106.6553998,-6.1815483
2038588543,106.6348542,-6.1816618
2038588544,106.6343977,-6.180989
6322545792,106.6613728,-6.1968324
2038588546,106.6334245,-6.1811059
8549852288,106.6538834,-6.1501817
8549852286,106.6540222,-6.1501819
8549852287,106.6538875,-6.149851
8556668029,106.6550971,-6.1815029
6322545799,106.6608886,-6.1960844
2038588552,106.6348586,-6.1823341
2038588553,106.6377015,-6.1823272
2038588554,106.6353167,-6.1823262
4307159984,106.5981503,-6.1699777
2038588556,106.6369597,-6.182326
6322545805,106.6577424,-6.1955711
2038588558,106.6362967,-6.1823236
6322545804,106.6586018,-6.1955915
6322545807,106.6597645,-6.1956131
8549852296,106.6532608,-6.1498928
6322545802,106.6620406,-6.1956523
6322545811,106.6439277,-6.197019
6322545810,106.6440149,-6.1969697
2038588565,106.6348585,-6.1831469
2038588566,106.6353252,-6.1831532
2038588567,106.6369408,-6.1831804
2038588568,106.6376735,-6.183227
2038588569,106.6376525,-6.1837095
6322545814,106.6606646,-6.1978926
5014054039,106.6542676,-6.1535021
6322545818,106.6584997,-6.1944094
6322545820,106.653361,-6.2060852
6322545819,106.6534445,-6.2060825
6322545821,106.6483238,-6.2067545
6322545816,106.6642528,-6.1948478
6322545826,106.6447525,-6.2072704
6322545827,106.6449121,-6.2072078
12156429501,106.6669498,-6.1438147
7229695169,106.6529885,-6.1981668
4307159987,106.6301854,-6.1699782
1157784793,106.5950813,-6.170817
7799858399,106.6170942,-6.1662806
12671258034,106.6376996,-6.1800782
6919447786,106.6394906,-6.2067108
6919447787,106.6524497,-6.1982766
6919447788,106.6413464,-6.208291
4307159988,106.6301948,-6.1700153
6919447789,106.63954,-6.206648
6919447791,106.6412284,-6.2085599
2624742647,106.6222923,-6.1398861
4307159989,106.6304617,-6.1700323
2624742676,106.6219812,-6.1409981
2624742678,106.6291326,-6.1410895
2624742682,106.6327753,-6.1411139
2624742683,106.6298604,-6.1410996
2624742686,106.6295289,-6.1410975
2624742689,106.6309854,-6.1412162
2624742693,106.6317357,-6.1412595
8484971817,106.6134363,-6.1743443
7122871597,106.6626108,-6.1734618
7122871598,106.6625317,-6.1734773
2624742704,106.5845579,-6.1425179
2624742707,106.5880996,-6.1432003
2624742712,106.5873909,-6.1433991
2624742713,106.5870155,-6.1433829
10736526667,106.6113784,-6.2019547
10736526668,106.6110609,-6.2022695
2624742737,106.6298273,-6.1464265
2624742739,106.6305787,-6.1464415
2624742742,106.6280725,-6.1465368
8503059798,106.684012,-6.1820756
2624742745,106.6286042,-6.146495
2624742747,106.6311207,-6.1465349
2624742751,106.6317975,-6.1467598
2624742754,106.6278987,-6.146926
2624742758,106.6274812,-6.147336
2624742759,106.6277724,-6.1471576
4307159993,106.6260126,-6.1700588
2624742776,106.5923923,-6.1484441
2624742777,106.6272233,-6.1485795
11072595326,106.6091394,-6.1855341
11072595327,106.6091601,-6.1857989
2624742792,106.6270548,-6.1490529
10655524244,106.6407252,-6.2100006
10655524246,106.641004,-6.2098957
10655524249,106.6408888,-6.2101449
2624742814,106.6250659,-6.1501086
2624742821,106.6248079,-6.1506506
2624742824,106.6263854,-6.1507006
8509089192,106.6292527,-6.1727577
2624742830,106.6246527,-6.1510669
2624742831,106.6263002,-6.151046
2624742832,106.6246144,-6.1512273
2624742834,106.6260595,-6.1523486
2624742835,106.6243701,-6.1519385
4307159996,106.6313922,-6.1700763
8509220279,106.6435911,-6.1867168
8519706052,106.6787428,-6.1994649
5444494795,106.6311409,-6.1704229
5444494796,106.638388,-6.1695064
5444494800,106.6379725,-6.1702056
5444494802,106.6380094,-6.1702003
5444494803,106.6376158,-6.1702227
5444494804,106.6399178,-6.168797
5444494807,106.6385928,-6.1701397
5444494808,106.6389093,-6.1705583
5444494810,106.6391584,-6.1704423
5444494812,106.6415124,-6.1723383
5444494813,106.6413582,-6.172357
7786489319,106.5893233,-6.139072
2624742934,106.6258474,-6.1536636
4307160000,106.6077963,-6.1700954
11078231583,106.596462,-6.1483805
11078231582,106.5964707,-6.1482898
8316806693,106.6300062,-6.1777905
7067035214,106.6020374,-6.1996451
7067035215,106.602341,-6.199878
6748661343,106.6780467,-6.1968865
6553232996,106.6315218,-6.1480391
4307160004,106.6071602,-6.1701351
6553233026,106.6413669,-6.1475998
6553233031,106.6409817,-6.1476993
6553233035,106.6402796,-6.1482898
8798234253,106.6416303,-6.1711348
6553233046,106.6401364,-6.1480632
4542850722,106.6648073,-6.1743035
6562932386,106.6238098,-6.1920766
2624743080,106.5971189,-6.1611902
2624743081,106.5974414,-6.1612468
4542850735,106.6654826,-6.1737262
6553233072,106.6409893,-6.1481005
9665144496,106.6725529,-6.1621859
8787879603,106.5976623,-6.1855387
4542850742,106.6654645,-6.1740183
8787879606,106.597626,-6.1858422
8789190332,106.6598251,-6.1886634
8789190334,106.6600812,-6.1886651
4542850764,106.6636524,-6.1728165
4307160007,106.6068688,-6.1701582
4542850782,106.6653814,-6.1736416
6838970079,106.6347787,-6.1461151
6838970080,106.6346808,-6.1458964
8509220576,106.660552,-6.1774596
8505943779,106.6623019,-6.1858766
8505943780,106.662378,-6.1855629
4307160008,106.6075053,-6.1701925
8434509544,106.6394531,-6.1944366
2624743147,106.596579,-6.1631555
2624743149,106.5970906,-6.1632484
8434509554,106.6385123,-6.1939158
2624743156,106.5956612,-6.1636459
2624743162,106.5971528,-6.1641834
4307160009,106.6059532,-6.1702211
6709339916,106.6589504,-6.1789916
4307160010,106.6072359,-6.1702474
8552474404,106.6314627,-6.1394714
12212004648,106.6494472,-6.1660178
2624743214,106.5975678,-6.1661936
2624743216,106.5960239,-6.1661378
4307160011,106.5976944,-6.170337
8547362608,106.6767103,-6.153762
6553233204,106.625809,-6.1405828
2624743221,106.596619,-6.16619
5616723764,106.6367951,-6.1348773
5616723768,106.6364036,-6.1350372
5616723769,106.6360448,-6.1351785
5616723770,106.6373348,-6.1352042
8503453499,106.5977521,-6.1731557
5616723771,106.6375421,-6.1356997
6553233211,106.6252207,-6.1407538
9116477247,106.6411725,-6.1988268
9116477248,106.6409297,-6.1988273
9116477249,106.6407251,-6.198339
9116477253,106.6406527,-6.1986509
9116477254,106.6410993,-6.1986649
9110841159,106.6296834,-6.1674958
6553233223,106.6217699,-6.1424109
9116477256,106.6412415,-6.1990009
12140308298,106.6721184,-6.1407898
12140308299,106.6721236,-6.1423117
9116477259,106.641228,-6.1995382
9116477260,106.6413253,-6.1996203
9116477258,106.6407486,-6.1995296
6553233231,106.6205214,-6.1438456
11366328171,106.6303436,-6.1549221
11366328172,106.6302993,-6.1547484
2624743317,106.6399418,-6.1698485
2624743321,106.6412726,-6.1700303
2624743323,106.6413963,-6.1700431
2624743331,106.6411837,-6.1704534
2624743333,106.6394428,-6.1705086
2624743334,106.6396203,-6.1704986
4307160016,106.6253774,-6.1708132
2624743347,106.6412633,-6.1710884
13070264248,106.6629669,-6.1609802
2624743356,106.641103,-6.1711319
10734954430,106.5862213,-6.1468014
4307160017,106.6258942,-6.1708587
7237691339,106.6382868,-6.1837026
2624743372,106.6399096,-6.1713308
2624743374,106.6397628,-6.1713341
2624743376,106.6410978,-6.171343
7237691344,106.6342978,-6.1786483
8498735058,106.6522177,-6.2046086
7237691347,106.6377438,-6.1811762
7237691348,106.6377402,-6.1812079
2624743380,106.6395752,-6.1713609
5444495322,106.6394275,-6.1729328
2624743392,106.6399688,-6.1715213
4307160018,106.6262946,-6.170909
5444495329,106.630689,-6.165939
5444495332,106.6302103,-6.1659942
5444495333,106.6304523,-6.1643289
2624743398,106.639803,-6.1715718
12180285417,106.6597688,-6.195482
2624743402,106.6396036,-6.1716062
12180285418,106.6599309,-6.1956132
5444495340,106.6297479,-6.1648669
5444495341,106.6310726,-6.1650483
5444495344,106.630374,-6.1655834
5444495345,106.6307165,-6.1654543
5444495346,106.6300859,-6.165691
5444495347,106.6429362,-6.1699748
5444495348,106.6433989,-6.1699604
5444495349,106.6367212,-6.1673496
12170586102,106.6578589,-6.1739138
12180285426,106.6598464,-6.1957831
12170586105,106.6562528,-6.174289
12170586106,106.6561598,-6.1743039
5444495359,106.6345165,-6.167461
2624743425,106.6398238,-6.1717266
5444495363,106.6342114,-6.1669343
5444495364,106.6342764,-6.1666775
2624743429,106.6396095,-6.1720458
5444495366,106.6426818,-6.1675543
5444495369,106.6424873,-6.1682049
5444495370,106.6424082,-6.1676516
2624743435,106.665901,-6.1753362
2624743434,106.6567465,-6.1754613
2624743439,106.6657827,-6.1757184
5444495376,106.6363139,-6.1693333
2624743441,106.6648329,-6.1758673
5444495377,106.6365905,-6.1687738
2624743442,106.6658299,-6.1760892
5444495380,106.6360483,-6.1706356
5444495381,106.6359722,-6.1706384
5444495378,106.6363538,-6.1706383
5444495382,106.6358637,-6.1706203
5444495383,106.6354925,-6.1704318
5444495386,106.6362472,-6.1695543
2624743451,106.6298588,-6.1773203
2624743453,106.6542589,-6.1774845
5444495391,106.6362968,-6.169331
2624743456,106.6408239,-6.1777216
5444495392,106.6367362,-6.168819
2624743458,106.6441591,-6.1777683
5444495396,106.636565,-6.1687642
5444495397,106.6364568,-6.1687117
2624743464,106.6648866,-6.1778683
5444495401,106.6442195,-6.1715454
2624743466,106.6384027,-6.1780959
5444495403,106.6449341,-6.1691042
5444495404,106.640079,-6.165294
5444495411,106.6388999,-6.1658743
5444495412,106.6389857,-6.1719636
5444495413,106.6394578,-6.1718865
5444495414,106.6381,-6.172921
5444495415,106.6380725,-6.1725271
5444495421,106.6386554,-6.1717129
5444495426,106.6442043,-6.1726732
5444495428,106.6396254,-6.1726257
2624743492,106.6630622,-6.1793898
5444495433,106.6397327,-6.1696917
2624743500,106.6607586,-6.1795616
5444495440,106.6398467,-6.1695764
5444495441,106.6397998,-6.169255
5444495442,106.6396094,-6.1682466
5444495443,106.6400609,-6.1681772
5444495445,106.6375799,-6.169648
5444495447,106.6384339,-6.1694023
5444495451,106.638919,-6.1683627
5444495453,106.6399657,-6.1668134
10929072224,106.6207737,-6.1845304
5444495459,106.6409028,-6.1652483
5444495460,106.6408281,-6.1667097
5444495473,106.6358509,-6.1711885
8481958020,106.6232894,-6.1876621
2624743560,106.634859,-6.1827501
2624743561,106.636285,-6.1827709
2624743562,106.6353288,-6.1827616
2624743563,106.6356237,-6.1827688
2624743564,106.6359278,-6.1827679
5444495496,106.6405823,-6.1691903
8481958028,106.6239604,-6.1892734
2624743567,106.6349802,-6.1831541
2624743568,106.6357348,-6.1831569
8535566481,106.666351,-6.1717023
2624743569,106.6346633,-6.1831436
5444495507,106.6419951,-6.167995
4307160025,106.6257802,-6.1716186
5444495505,106.6414883,-6.1688836
5444495506,106.6415274,-6.1685602
2624743573,106.6307292,-6.1833102
2624743574,106.6362631,-6.1836686
5444495509,106.6420595,-6.1683857
5444495510,106.6420541,-6.1685184
5444495513,106.6401553,-6.1687901
2624743580,106.6362446,-6.184031
2624743581,106.6367918,-6.1840417
5444495515,106.6430362,-6.1674821
5444495514,106.643101,-6.166935
5444495516,106.6429501,-6.167497
5444495519,106.6422445,-6.1677836
2624743586,106.636246,-6.1843227
2624743588,106.6376483,-6.1843554
2624743590,106.636244,-6.1843685
2624743591,106.6357379,-6.1843646
5444495528,106.6320254,-6.1679983
5444495531,106.6318685,-6.1674163
2624743598,106.6357366,-6.1844164
5444495536,106.6319845,-6.1673976
5444495540,106.6314295,-6.1673076
2624743606,106.6349612,-6.1844329
2624743608,106.6352919,-6.1844417
8814356666,106.6590654,-6.1593162
2624743611,106.6343114,-6.184439
2624743612,106.6346477,-6.1844374
8556669115,106.6553375,-6.1730091
5444495550,106.6323975,-6.1667256
8555751614,106.6831771,-6.1845865
8555751613,106.6832958,-6.1842288
5444495555,106.6327261,-6.167653
5444495556,106.6330943,-6.1675823
5444495559,106.6329983,-6.1675849
5444495564,106.6317699,-6.1667203
2624743632,106.6362387,-6.1853383
5444495568,106.6314298,-6.1671599
5444495570,106.6317317,-6.1661976
2624743635,106.6352996,-6.1853739
5444495573,106.631896,-6.1666636
2624743638,106.6357359,-6.1853446
7147514071,106.6624591,-6.1892853
7912843480,106.6493811,-6.2072137
2624743641,106.6349646,-6.1853927
4307160028,106.6251984,-6.1716079
5444495579,106.6349106,-6.1656184
5444495578,106.6314696,-6.1672985
5444495580,106.6346501,-6.1657282
5444495582,106.6346999,-6.1658628
11054770399,106.6770114,-6.1543578
5444495581,106.6343039,-6.1660036
6322284769,106.65434,-6.1715237
5444495583,106.6343006,-6.1656976
5444495586,106.6343361,-6.1662036
6322284766,106.6573233,-6.1720272
5444495589,106.6350054,-6.1658741
2624743653,106.6362277,-6.1860266
2624743655,106.6358055,-6.1860627
5444495591,106.6361714,-6.1692763
5444495593,106.6367797,-6.168069
5444495590,106.6360527,-6.1695424
4307160029,106.6250419,-6.1720573
2624743668,106.6319201,-6.1871421
2624743669,106.6610214,-6.1873291
2624743670,106.6322322,-6.1873165
11055294711,106.6173135,-6.1872327
11055294712,106.6171481,-6.1872234
4307160030,106.6263346,-6.1720411
2624743705,106.613201,-6.1927603
8503716135,106.5925009,-6.1710413
8503716141,106.5926813,-6.1710309
6520727887,106.6595194,-6.1471085
2624743760,106.6164869,-6.1951473
2624743765,106.6164668,-6.19543
6520727894,106.6649106,-6.1420516
4307160033,106.6257183,-6.1721316
2624743773,106.618226,-6.1956159
7209773412,106.6138427,-6.1734903
5466147383,106.6645733,-6.1672778
2624743784,106.6164297,-6.1958494
2624743797,106.6147633,-6.1960721
2624743798,106.6163989,-6.1961666
4307160034,106.6256523,-6.1721467
8785389941,106.6417953,-6.1486445
8502274444,106.6526143,-6.1833698
8502274445,106.6533463,-6.1830622
9694505369,106.6068852,-6.1954953
9694505370,106.6078067,-6.1954697
4307160036,106.6071374,-6.1724075
4307160037,106.6074361,-6.172418
2624743881,106.6163825,-6.1962675
2624743885,106.6180246,-6.1963645
4307160038,106.6077021,-6.1724273
2624743904,106.6178812,-6.1966199
8485497324,106.6333834,-6.1631928
2624743920,106.6137327,-6.1970942
2624743922,106.6147338,-6.1970941
2624743924,106.6171482,-6.1972024
2624743925,106.6147353,-6.1972246
2624743929,106.6137383,-6.1974239
4307160040,106.6079811,-6.1724371
2624743948,106.6147486,-6.1987806
2624743949,106.6122179,-6.1988116
2624743950,106.6137369,-6.1987891
2624743951,106.6126934,-6.1987956
7131916821,106.6631692,-6.1905275
2624743958,106.6122184,-6.1995132
7131916823,106.6631269,-6.1904266
7131916822,106.6631223,-6.1906933
2624743961,106.6116708,-6.1995345
2624743965,106.6107839,-6.1996607
4307160041,106.6080869,-6.1724408
2624743974,106.6142753,-6.2001563
2624743980,106.6140125,-6.2008366
4307160042,106.6013574,-6.1726861
7243983432,106.6826259,-6.1952104
7243983435,106.6817509,-6.1961031
7243983446,106.6837089,-6.1901839
7243983452,106.683558,-6.1906006
13022161501,106.6768632,-6.1815786
7243983456,106.6838211,-6.1895645
7243983457,106.6836727,-6.1895747
13022161504,106.6767472,-6.1814822
13022161507,106.6764414,-6.1814196
2624744042,106.5897876,-6.2054206
2624744043,106.6140519,-6.2053982
4307160044,106.6014889,-6.172749
2624744055,106.6140492,-6.207439
6555331192,106.6256095,-6.1356238
4307160045,106.6066252,-6.1727741
2624744078,106.5848206,-6.2104498
11050969757,106.6176719,-6.2088263
2624744094,106.5893804,-6.2108785
11050969760,106.617569,-6.2090456
4307160046,106.6071267,-6.1727933
11050969761,106.6175007,-6.209004
11050969769,106.6172354,-6.2088352
9665276599,106.6771297,-6.1635006
9665276600,106.6771078,-6.1632059
4307160047,106.6010717,-6.1729555
4307160048,106.6014368,-6.1730423
4307160049,106.6066413,-6.1730461
8484842220,106.6200704,-6.1905911
6917221103,106.6568984,-6.1758391
8535567089,106.6664556,-6.1702037
8535567090,106.6664288,-6.170474
6728608500,106.6778804,-6.1815898
8484842232,106.6199264,-6.1893089
8776477434,106.6804379,-6.1881132
8550771451,106.6511241,-6.1483032
8488119046,106.6521393,-6.1728837
8548150032,106.6710207,-6.1879261
8548150035,106.6709228,-6.1880527
6309964577,106.6334711,-6.1355905
6309964578,106.6335368,-6.1353718
6309964579,106.6334523,-6.1353491
6309964580,106.6334017,-6.1353513
8485497638,106.6112859,-6.1912643
12182645570,106.6560102,-6.1526328
12182645571,106.6559812,-6.1524195
12182645572,106.6562777,-6.1523784
4307160054,106.6279659,-6.1731883
6322285489,106.6451454,-6.173037
6322285490,106.6461727,-6.1726917
4307160057,106.6090549,-6.1733141
4297447676,106.6641538,-6.19338
9987713986,106.6461956,-6.1530009
4307160059,106.6258251,-6.173382
6552447986,106.6144683,-6.153578
6552447987,106.6145763,-6.1552488
6552447988,106.6148195,-6.1554339
6552447989,106.6145246,-6.1555461
6552447994,106.6142301,-6.1557212
6552447995,106.6188316,-6.1568581
4307160060,106.6071107,-6.1733728
6552448002,106.6184715,-6.1565588
3727059971,106.6558937,-6.1968742
3727059973,106.6558868,-6.1981212
3727059975,106.6554545,-6.1963842
9134042120,106.5950716,-6.1729965
6552448013,106.6173839,-6.1498612
3727059986,106.6554425,-6.1981164
3727059987,106.6554473,-6.1968665
3727059989,106.6577017,-6.1981406
3727059990,106.6549814,-6.198548
3727059992,106.6563017,-6.1985635
3727059995,106.6576971,-6.1985805
3727059996,106.6550204,-6.1989692
3727059998,106.6562924,-6.1989898
3727060001,106.6576925,-6.199013
3727060002,106.6564984,-6.2002176
3727060006,106.6563824,-6.2000957
3727060011,106.6562613,-6.2002157
3727060015,106.6563838,-6.2003314
8499260464,106.60101,-6.2066658
4307160062,106.6074026,-6.1733826
8499260465,106.6007811,-6.2072424
4307160063,106.6076767,-6.1733919
6539209828,106.6102432,-6.1362878
4307160064,106.6079493,-6.173401
6539209834,106.6102405,-6.1358305
4307160066,106.608499,-6.1734195
4307160067,106.6087783,-6.173429
6563196112,106.6388577,-6.1496319
7238085841,106.6506356,-6.169735
6563196113,106.6388315,-6.1493779
3730074844,106.6042514,-6.2104688
4307160069,106.6090507,-6.1734381
7238085882,106.6537251,-6.165929
4307160070,106.6090498,-6.1734662
13278932237,106.6157357,-6.1913539
13278932238,106.61604,-6.1914093
8239213863,106.6055389,-6.2030888
8239213864,106.6054218,-6.2043319
12205321529,106.6570168,-6.1732043
12205321531,106.6552379,-6.1721007
12205321532,106.6557464,-6.1723319
12205321533,106.6559673,-6.1724225
12205321534,106.6563546,-6.1722748
12205321535,106.65563,-6.1708052
5423787328,106.6395866,-6.196547
12205321536,106.6555055,-6.1699196
5423787331,106.6398447,-6.1975704
5423787334,106.6381118,-6.1973631
5423787336,106.6531371,-6.2037227
5423787337,106.6524374,-6.2037465
5423787340,106.6492418,-6.2058821
5423787341,106.6491872,-6.2061401
5423787342,106.6503476,-6.2058465
8775036239,106.6717784,-6.1696597
5423787345,106.6500204,-6.2058425
5423787346,106.650304,-6.2053539
8775036244,106.6717516,-6.1705499
5423787349,106.647475,-6.2085824
5423787352,106.64433,-6.2083182
5423787358,106.6479577,-6.2085916
7061794142,106.6542108,-6.1745096
5423787360,106.6491091,-6.2086904
7061794143,106.6541863,-6.1743457
7061794146,106.6561762,-6.1744349
5423787365,106.6540174,-6.2025225
5423787366,106.6539162,-6.2024845
5423787367,106.6539222,-6.2025599
5423787368,106.6491084,-6.2020894
5423787371,106.6430943,-6.1990092
3383913836,106.6648153,-6.1516578
5423787372,106.6427393,-6.1991023
5423787373,106.6423734,-6.1989103
5423787375,106.6423999,-6.1988235
5423787374,106.6431284,-6.1986343
9169431916,106.6809831,-6.1517374
8505814383,106.5954383,-6.1522296
9125653872,106.6437551,-6.1606807
9125653871,106.6437926,-6.1606561
5423787381,106.6421883,-6.1991922
5423787382,106.6411878,-6.1986123
5423787383,106.6413763,-6.1983618
5423787384,106.6412592,-6.1985604
9125653880,106.6427542,-6.1603662
9125653874,106.6429009,-6.1596228
9125653877,106.6430822,-6.1597861
4307160075,106.6068237,-6.1738181
9125653884,106.6463014,-6.1572348
9125653886,106.6463048,-6.1571435
5423787391,106.6416518,-6.2028481
9125653888,106.646046,-6.1569388
9125653889,106.6463155,-6.1570075
5423787400,106.6413315,-6.2026643
5423787402,106.6408589,-6.2050635
5423787403,106.6423384,-6.2050345
5423787405,106.6407089,-6.2049333
5423787408,106.6428716,-6.2086813
5423787409,106.643412,-6.2099256
5423787410,106.64358,-6.2093896
5423787411,106.6437667,-6.2100348
7131655572,106.6353144,-6.2023921
7131655573,106.6345869,-6.2026634
5423787415,106.6438781,-6.2095289
7131655575,106.6349946,-6.202704
5423787420,106.645067,-6.2089156
4297447774,106.6698,-6.1964889
12170456501,106.662899,-6.1774863
10988842449,106.665536,-6.193939
7404285403,106.6337387,-6.2072591
7440068060,106.6184702,-6.1625726
7229304296,106.6684025,-6.173769
11368033781,106.6447653,-6.1610616
7229304322,106.6697225,-6.1734153
4307160081,106.6070704,-6.1742995
12212661794,106.653182,-6.1893307
12212661799,106.6535132,-6.1872221
4307160082,106.6073686,-6.1743635
8229489658,106.6571219,-6.1749086
13022162517,106.6756314,-6.1799809
4307160084,106.6079217,-6.1743747
7120252544,106.6792865,-6.1710771
4307160086,106.6084774,-6.174386
4307160087,106.6087472,-6.1743914
12142276266,106.6830752,-6.1394079
12142276267,106.6830095,-6.1407635
4307160088,106.6090188,-6.174397
8788143816,106.6519874,-6.1762316
8484712139,106.663918,-6.148969
5423787724,106.6451234,-6.2083944
5423787733,106.6501268,-6.2097662
7211085527,106.6222903,-6.1417056
5423787736,106.6500824,-6.2099159
7211085528,106.6218972,-6.1421937
7226683096,106.6311442,-6.1899773
5423787742,106.6520213,-6.2086663
5423787747,106.6550729,-6.2064226
5423787751,106.6524196,-6.2068724
5423787752,106.652383,-6.2063528
5423787753,106.6539967,-6.198387
7211085544,106.6198575,-6.1348478
5423787755,106.654037,-6.1989879
5423787757,106.653537,-6.1986687
5423787759,106.6527364,-6.1982147
7211085553,106.6197932,-6.1369799
7226683122,106.628212,-6.1946244
7226683140,106.6246325,-6.1936712
7211085576,106.6171621,-6.1391425
7211085578,106.6176753,-6.1364792
4307160091,106.6090093,-6.1746834
7226683157,106.6254077,-6.1964237
7226683162,106.6246599,-6.190351
8487857948,106.6508504,-6.1782516
8487857954,106.6497267,-6.1786642
4307160092,106.6084705,-6.1746915
8788406076,106.5869147,-6.2014401
8509484861,106.6186214,-6.2099409
8524295999,106.6329638,-6.2048767
8524296000,106.6328609,-6.2050639
8509484870,106.6182772,-6.2082984
4307160094,106.6081701,-6.1750008
8487858020,106.6509377,-6.177509
8487858024,106.6510794,-6.177954
8487858040,106.6505836,-6.1772345
8484712319,106.6711744,-6.1455127
8484712323,106.6708758,-6.1453797
8484712341,106.6709094,-6.1446417
8484712342,106.6709246,-6.1445605
8484712343,106.6714547,-6.1446772
4556877724,106.5946629,-6.1517946
8484712358,106.6708101,-6.1443723
4307160097,106.6009961,-6.1750486
4307160098,106.6003686,-6.1751343
4307160099,106.6073477,-6.1753073
8555753442,106.6747677,-6.1800062
4307160100,106.6012647,-6.1753232
4307160101,106.6076002,-6.1753314
4307160102,106.6078944,-6.1753379
7768928292,106.6410544,-6.1431763
4307160103,106.6081769,-6.1753441
8974790717,106.6154259,-6.1672796
6320058445,106.6401802,-6.1785227
6320058450,106.6418289,-6.1770703
8813965395,106.6665817,-6.1583488
6320058452,106.6422352,-6.175957
6320058454,106.6421038,-6.1759743
4307160104,106.6084518,-6.1753501
6320058455,106.6414283,-6.1758122
6320058456,106.6414227,-6.1757365
6320058457,106.6413248,-6.1758272
6320058458,106.6413211,-6.1757556
6320058464,106.6382407,-6.1723697
6320058471,106.641978,-6.1757441
6320058472,106.6419745,-6.1756588
6320058473,106.6418214,-6.1756816
6320058474,106.6418301,-6.1757493
6320058475,106.6355723,-6.1721673
6320058476,106.6354385,-6.1729077
6320058477,106.6356763,-6.1721854
6320058478,106.6355536,-6.1729364
4307160105,106.6009491,-6.1753589
6320058479,106.6361037,-6.1765147
5425885302,106.597086,-6.1668089
5425885304,106.5981276,-6.1664103
5425885305,106.5981786,-6.1664983
5425885306,106.5975805,-6.1666676
5425885307,106.5987263,-6.1661628
5425885310,106.5976033,-6.1667716
5425885314,106.5872473,-6.1607996
10146443395,106.6773029,-6.1905259
6320058501,106.6263706,-6.171711
5425885318,106.5873639,-6.1611614
5425885319,106.586228,-6.1635689
6320058508,106.6334483,-6.1759543
7221833868,106.6051859,-6.1806189
6320058512,106.6331636,-6.1764546
7788458128,106.6135251,-6.1825461
6320058513,106.6317078,-6.1766957
6320058517,106.6333014,-6.1792866
8524034198,106.6354227,-6.2000919
6320058520,106.6215772,-6.1762753
8524034204,106.6357168,-6.2004955
6320058526,106.6225841,-6.171957
6320058527,106.6222837,-6.1719577
4307160107,106.6004121,-6.1754276
4307160108,106.6073137,-6.1756554
7810478316,106.6560861,-6.1842677
4307160110,106.600322,-6.1758034
7810478319,106.6576855,-6.185227
11052806391,106.6391802,-6.1502316
11052806392,106.6388171,-6.150222
9255416057,106.6352534,-6.1592662
9255416058,106.6355271,-6.1593103
8488907006,106.6285036,-6.1569888
8488907007,106.6286543,-6.1566147
7231926585,106.6493835,-6.1588295
7231926587,106.6474857,-6.1548101
7231926592,106.6473623,-6.1552653
9660035408,106.670102,-6.1940949
8485630310,106.668313,-6.1466924
9612456300,106.6582223,-6.1913105
8407380382,106.6586584,-6.1593189
8407380385,106.6585642,-6.160244
8502669735,106.6172555,-6.169073
8502669736,106.6169554,-6.1686797
4307160118,106.6086892,-6.1761048
8502669749,106.5912083,-6.1920808
7226683828,106.6534777,-6.1598715
8502669748,106.5913524,-6.1916446
4307160119,106.6004005,-6.1761221
4307160120,106.6063127,-6.1762412
8548020747,106.6750481,-6.1606529
9694507532,106.6048251,-6.1917035
8548020750,106.675158,-6.1605356
9694507535,106.6045474,-6.1910766
8556671521,106.6554069,-6.1696557
8556671522,106.6556032,-6.1696791
9694507557,106.6015619,-6.1924178
5472023089,106.6705137,-6.1568848
5472023091,106.6695602,-6.1569035
5472023096,106.6705875,-6.1562248
5472023097,106.6695428,-6.1566621
5472023098,106.6680148,-6.1567354
8485237311,106.6803884,-6.1370003
4307160124,106.6075722,-6.1762826
9206919774,106.6513581,-6.2044166
9206919776,106.6517235,-6.2046
4307160125,106.6078673,-6.1762924
8798237289,106.6481414,-6.1836325
8788800127,106.6667442,-6.1861168
8487989940,106.6234175,-6.1756356
8487989944,106.6231558,-6.1746642
8487989952,106.6238084,-6.1749183
4307160129,106.6016779,-6.1763209
8487989971,106.6235878,-6.1756446
6926529237,106.6634165,-6.1927964
8499262178,106.5952831,-6.2065251
5425885923,106.5860403,-6.1635409
5425885925,106.5880137,-6.1638334
8499262182,106.595304,-6.2055852
5425885937,106.5849291,-6.1537
5425885940,106.5905336,-6.1567275
5425885941,106.5905134,-6.1568162
5425885943,106.5904842,-6.1569698
3010753276,106.6288785,-6.1558754
4307160131,106.6010808,-6.176406
3010753283,106.6293848,-6.1550938
5425885961,106.5884826,-6.1593871
5425885963,106.5896975,-6.1593704
5425885964,106.5896994,-6.1593
5425885965,106.5907469,-6.1593276
3010753294,106.6308922,-6.1543781
5425885967,106.5884152,-6.1592753
5425885966,106.5884921,-6.1592092
5425885970,106.5885934,-6.1592742
5425885972,106.5870595,-6.1565375
5425885973,106.5872479,-6.1570488
5425885975,106.5861475,-6.1574288
4307160132,106.600723,-6.1764521
5425885978,106.5904207,-6.1574298
5425885979,106.5903717,-6.1569909
5425885980,106.59032,-6.1574196
5425885981,106.5915214,-6.1574208
5425885983,106.5915675,-6.15762
5425885985,106.5944777,-6.1581881
5425885986,106.593118,-6.158441
5425885989,106.5963654,-6.1629183
5425885993,106.5959732,-6.1634786
5425885994,106.5950017,-6.1668822
5425885997,106.594885,-6.1663265
5425885998,106.5951973,-6.1658577
5425885999,106.5950783,-6.1656493
5425886000,106.5949672,-6.1654466
5425886004,106.5947222,-6.165002
5425886005,106.594277,-6.1652743
5425886008,106.5942019,-6.165032
5425886009,106.5939836,-6.1649076
5425886010,106.5945058,-6.1646327
5425886011,106.5939816,-6.164649
5425886012,106.5943924,-6.1644001
5425886013,106.5938254,-6.1643529
5425886014,106.5942323,-6.1641476
5425886017,106.5948559,-6.1652462
5425886018,106.5946126,-6.1648076
11947242308,106.6099481,-6.1690157
5425886022,106.5939338,-6.1634085
5425886027,106.5928598,-6.1642369
5425886032,106.5926385,-6.1632826
5425886034,106.593756,-6.1639245
10019566418,106.5897846,-6.1909269
5425886037,106.5934714,-6.1640703
5425886038,106.5930568,-6.1633209
10019566422,106.5889987,-6.1913966
10019566421,106.5887801,-6.1912659
10019566423,106.5891589,-6.1915466
5425886042,106.5931796,-6.1642223
5425886043,106.5927914,-6.1635263
10019566424,106.5886635,-6.1919379
5425886045,106.5932232,-6.1630996
10019566425,106.5887071,-6.1919813
10019566431,106.5882276,-6.1923739
10019566426,106.5885374,-6.1920592
10019566429,106.5884945,-6.1920192
5425886050,106.5954622,-6.1668889
4307160135,106.6052229,-6.1765162
5425886052,106.5947909,-6.1668583
10019566434,106.5880828,-6.1924206
10019566430,106.5885831,-6.1921006
5425886055,106.5946994,-6.1664279
5425886057,106.5931927,-6.1622254
5425886058,106.5931709,-6.162305
5425886059,106.5937252,-6.1624089
5425886060,106.5936837,-6.1624882
5425886061,106.5947708,-6.1641418
5425886064,106.5957007,-6.165881
5425886066,106.597742,-6.1666097
5425886069,106.5986739,-6.1660734
5425886081,106.5933263,-6.1623454
6537376646,106.6144837,-6.1421496
5425886086,106.5942637,-6.1632146
6537376648,106.6129629,-6.1458591
3501093768,106.6845501,-6.1423118
5425886087,106.5957335,-6.1659319
3501093771,106.6846516,-6.1420115
3501093772,106.6847402,-6.1421447
5425886092,106.5964068,-6.1665484
5425886104,106.5944912,-6.1631749
5425886105,106.5943496,-6.1631421
5425886107,106.5929651,-6.1616702
5425886109,106.5930462,-6.1610229
5425886112,106.5958196,-6.1603729
5425886125,106.5990992,-6.1608323
4307160138,106.6086506,-6.1766323
5425886126,106.592407,-6.1599341
5425886128,106.5922737,-6.1602595
5425886129,106.5912322,-6.1600453
5425886130,106.5915307,-6.1601075
5425886132,106.5914643,-6.1602815
5425886133,106.5911565,-6.1602131
5425886135,106.5952697,-6.1582582
8483795895,106.6119784,-6.1966001
5425886138,106.5917951,-6.158662
8483795899,106.6119993,-6.1962844
5425886141,106.5910746,-6.1584387
5425886143,106.5931846,-6.1568324
5425886147,106.5932178,-6.1567908
5425886149,106.5932225,-6.1560105
4307160139,106.6084061,-6.1767167
5425886151,106.5932154,-6.1565541
5425886152,106.5932201,-6.1562648
5425886153,106.5932715,-6.1559534
5425886154,106.5931789,-6.1560028
5425886155,106.5935517,-6.1576854
5425886161,106.592659,-6.1583821
5425886162,106.5926615,-6.1584157
5425886164,106.5943072,-6.1564414
5425886166,106.5943162,-6.1567808
5425886167,106.5932923,-6.1571336
8549856217,106.6536027,-6.1474246
5425886170,106.5929234,-6.1577709
8549856218,106.6535689,-6.1470858
5425886173,106.5897804,-6.1574085
5425886174,106.5898506,-6.1568967
5425886175,106.5894992,-6.1573643
5425886176,106.5895836,-6.1568683
5425886177,106.5891881,-6.1573009
5425886178,106.5892643,-6.1568352
5425886180,106.5892267,-6.1569928
5425886181,106.5899254,-6.1574326
5425886183,106.5885166,-6.1571381
5425886185,106.5885729,-6.1569053
5425886186,106.5889605,-6.1569534
5425886188,106.5889881,-6.1567881
9153836012,106.5905806,-6.1589075
5425886190,106.5909638,-6.1574597
5425886191,106.5909378,-6.1570337
5425886192,106.5909544,-6.1577882
5425886194,106.5909604,-6.1568328
5425886195,106.5913061,-6.1568168
5425886196,106.5914003,-6.1568074
4307160141,106.6089454,-6.1766481
5425886201,106.5918959,-6.1563215
5425886202,106.5917386,-6.1575422
5425886200,106.5920064,-6.156827
5425886204,106.5915801,-6.1568605
5425886207,106.5918944,-6.1571407
5425886209,106.5926084,-6.1569672
8488252418,106.6477786,-6.1742375
5425886212,106.5924837,-6.1564367
9066017797,106.6602895,-6.1483585
5425886213,106.592544,-6.1567014
5425886215,106.591819,-6.1568702
5425886217,106.5919639,-6.1574008
5425886219,106.5926633,-6.1572242
5425886220,106.5940271,-6.1578272
5425886223,106.5937086,-6.1568328
5425886225,106.5940829,-6.1569075
5425886227,106.5939333,-6.1573515
5425886228,106.5937473,-6.1572991
5425886230,106.5937101,-6.1564488
5425886231,106.5932858,-6.1564542
5425886238,106.5944598,-6.1542238
5425886239,106.5945199,-6.1580714
5425886241,106.5933305,-6.1576668
5425886243,106.5936363,-6.1555703
5425886244,106.5936872,-6.1560141
5425886247,106.594339,-6.1560514
5425886248,106.5943096,-6.1553021
5425886250,106.5934364,-6.1552645
5425886251,106.5942585,-6.1549234
5425886252,106.5934475,-6.1549179
10772575276,106.657438,-6.176597
5425886256,106.5934556,-6.1546191
5425886257,106.5923649,-6.155958
5425886258,106.5917052,-6.1560823
5425886259,106.5922995,-6.1556816
5425886260,106.5922366,-6.1554159
5425886261,106.5916254,-6.1555507
5425886262,106.5926292,-6.1558367
5425886263,106.5924629,-6.1550684
5425886264,106.5923525,-6.1559058
5425886265,106.5921771,-6.1551518
5425886268,106.5924313,-6.1562001
5425886269,106.5917467,-6.1563702
5425886270,106.5916695,-6.1558234
5425886272,106.5915894,-6.1552864
5425886273,106.5930053,-6.1547321
5425886275,106.592953,-6.1539765
4307160144,106.6011218,-6.1767322
5425886276,106.5942907,-6.1556008
5425886278,106.5933654,-6.1555847
5425886280,106.592892,-6.1557755
5425886282,106.5926667,-6.1550208
5425886283,106.5922495,-6.1551288
5425886284,106.5943752,-6.1539054
9072806501,106.6712125,-6.1917713
5425886286,106.5933264,-6.1538727
9072806502,106.6706237,-6.1914713
5425886296,106.5904455,-6.1548637
9203643481,106.6364355,-6.2092914
5425886301,106.5899445,-6.153934
5425886303,106.5890209,-6.1540388
5425886304,106.5887486,-6.1527107
5425886311,106.5891872,-6.153592
5425886312,106.589563,-6.153552
5425886316,106.5895955,-6.1539934
5425886317,106.5883724,-6.1546704
7232058479,106.6280024,-6.1755808
5425886320,106.5896599,-6.1545054
5425886321,106.5896237,-6.1542487
5425886322,106.5890488,-6.1543122
5425886323,106.5883066,-6.1544056
4307160146,106.6007111,-6.1767746
5425886328,106.5868476,-6.1533347
5425886331,106.585013,-6.1520767
8484713596,106.6642749,-6.1482165
5425886339,106.5883926,-6.1548141
5425886342,106.5880904,-6.1529373
5425886346,106.5912209,-6.1552987
10146444428,106.6770604,-6.1904563
5425886348,106.591217,-6.1545241
4307160147,106.6095277,-6.1768823
5425886350,106.5914375,-6.154508
5425886352,106.5920551,-6.1543001
5425886356,106.5939545,-6.153868
5425886361,106.5944651,-6.154142
5425886362,106.5944999,-6.1539254
5425886364,106.5945002,-6.1533344
5425886367,106.5945704,-6.1525373
5425886369,106.5961676,-6.1519093
8498869413,106.587726,-6.1451124
8498869414,106.5871319,-6.1450377
4307160148,106.6046179,-6.1768036
5425886376,106.5872379,-6.1513112
5425886378,106.5872823,-6.1522425
5425886382,106.5877199,-6.1530541
8547890368,106.6812612,-6.1690475
4307160149,106.6048804,-6.1768581
8547890374,106.6816808,-6.1690927
8547890392,106.6818861,-6.168395
4552422621,106.6148388,-6.150203
7131526378,106.6844163,-6.1731757
8485762284,106.6195008,-6.1805009
8485762285,106.6190978,-6.1804843
9107436793,106.6568385,-6.1544074
12702479620,106.6255063,-6.1350024
12702479622,106.6327911,-6.1369293
12702479623,106.6327414,-6.137338
12702479624,106.631717,-6.138562
4307160152,106.608662,-6.1769683
4307160153,106.6089403,-6.1769743
4307160154,106.6095284,-6.1769963
4307160155,106.6067119,-6.177045
8498738522,106.5896425,-6.1461231
11914212712,106.6280569,-6.176431
4307160156,106.6011638,-6.177066
11914212727,106.6160004,-6.1640966
4307160157,106.6009632,-6.1770902
4307160158,106.6043024,-6.1771115
3644749223,106.6073629,-6.207843
6714979753,106.6764943,-6.1896697
8925640147,106.6808859,-6.1846861
8925640148,106.6811171,-6.1847932
7217509852,106.62493,-6.1404671
11219400169,106.6232834,-6.1689888
8509355504,106.6016829,-6.1405108
4307160161,106.6047865,-6.1771514
8509355508,106.601695,-6.1408931
4556879366,106.5849955,-6.15229
4556879368,106.5843335,-6.1524858
4556879371,106.5856483,-6.1506855
4556879372,106.5861903,-6.1501812
4556879373,106.5866227,-6.1483556
4556879378,106.5875202,-6.149551
12615185940,106.6492987,-6.1714993
4556879384,106.58863,-6.1485161
4556879385,106.589328,-6.1485644
4556879386,106.5893441,-6.1488908
4556879387,106.5902024,-6.1504071
4556879388,106.5888685,-6.149101
4556879389,106.5890652,-6.1505887
4556879390,106.5899851,-6.1500712
4556879391,106.5901542,-6.1499692
4556879392,106.5889837,-6.1503246
4556879393,106.5898565,-6.1498299
4556879394,106.5906674,-6.1493763
4307160163,106.6069636,-6.1772202
4556879396,106.5897128,-6.1495876
4556879395,106.5889569,-6.1500307
4556879398,106.5889232,-6.1497075
4556879399,106.5895792,-6.1493628
4556879400,106.5895561,-6.1493164
4556879401,106.5900065,-6.1490528
4556879402,106.5888962,-6.1494089
4556879403,106.5894491,-6.1491109
4556879406,106.5891671,-6.1485452
4556879407,106.5891905,-6.1483228
4307160165,106.6075441,-6.1772409
4307160166,106.6078401,-6.1772515
4307160167,106.6086647,-6.177245
6309967511,106.6363475,-6.135993
4307160169,106.6095096,-6.1772703
11052518114,106.5962206,-6.1905886
6998226628,106.632877,-6.2047559
11052518115,106.5960676,-6.1905906
5444238692,106.6255773,-6.1691889
4307160171,106.6008783,-6.1773946
8484976371,106.613238,-6.1751536
6554416897,106.6806632,-6.1506739
4307160174,106.6215464,-6.1775031
9756608460,106.6431828,-6.1826024
9756608461,106.643117,-6.18259
9119889223,106.6013057,-6.170692
4307160175,106.608666,-6.1775303
8814360400,106.6630813,-6.1561914
8814360402,106.6631374,-6.1554314
3730077525,106.6042644,-6.205559
12202178395,106.6402263,-6.1528286
12202178396,106.6403443,-6.1528833
12202178397,106.6409169,-6.15343
12202178400,106.6413141,-6.1537728
8775169896,106.6787294,-6.1563381
8775169900,106.6797747,-6.1563215
1994291070,106.6382066,-6.1779555
4307160177,106.6091741,-6.1775432
6320322444,106.682227,-6.1574808
1994291085,106.6383509,-6.1790477
1994291090,106.6258734,-6.1856517
6320322451,106.6828686,-6.1576544
1994291092,106.6279348,-6.1856364
6320322452,106.6804044,-6.1608196
6320322457,106.6810791,-6.1618643
4307160178,106.6094415,-6.1775435
6320322462,106.6780239,-6.1601582
1994291104,106.6381692,-6.1860321
1994291110,106.6383659,-6.1860459
9065625512,106.682474,-6.1995994
6320322473,106.6752693,-6.1604436
1994291113,106.6380762,-6.1861843
1994291116,106.6384374,-6.1861973
1994291119,106.6381138,-6.1862991
4307160179,106.6095649,-6.1775461
1994291153,106.631422,-6.1887287
1994291156,106.6302377,-6.188828
1994291174,106.6337138,-6.1892358
8509224935,106.59935,-6.1435869
5444237328,106.6270217,-6.167113
5444237332,106.626308,-6.1671251
4307160183,106.621927,-6.1776732
1994291224,106.6192315,-6.209663
1994291230,106.6193971,-6.2110389
5444237350,106.6258975,-6.1746283
5444237354,106.6248699,-6.1749243
5444237355,106.624532,-6.1747287
5444237366,106.6221711,-6.1691557
5444237368,106.6224901,-6.1681929
5444237371,106.6220329,-6.1691012
5444237373,106.6248499,-6.1695857
5444237375,106.6310047,-6.1661809
5444237376,106.6294679,-6.1714837
5444237377,106.6289443,-6.1716032
5444237378,106.6245434,-6.1714663
5444237379,106.6242295,-6.170873
5444237380,106.6242279,-6.170553
5444237381,106.6242099,-6.1701781
5444237382,106.624546,-6.1708597
5444237383,106.6245895,-6.1701646
4307160185,106.6083726,-6.1776634
5444237390,106.6212604,-6.171133
5444237391,106.6211611,-6.1715263
7244249168,106.6839228,-6.1546567
5444237393,106.6223073,-6.1715692
5444237394,106.6316733,-6.1701717
5444237392,106.6232774,-6.1715863
5444237405,106.6301965,-6.1713567
5444237409,106.6298293,-6.1702417
4307160186,106.6086533,-6.177671
5444237416,106.6293445,-6.170331
4307160187,106.6009342,-6.1776905
12522256512,106.6804331,-6.1750096
8509356203,106.5980123,-6.1353918
8509356204,106.5976851,-6.1355447
10929076414,106.6214674,-6.1841307
7838529726,106.6354067,-6.2080688
7838529727,106.6355424,-6.207937
4307160190,106.6214297,-6.1777488
6320191709,106.6336128,-6.1892134
4307160191,106.601248,-6.1778079
6320191715,106.6376211,-6.1921818
6320191716,106.6363491,-6.1922612
6320191717,106.6363451,-6.1921712
6320191723,106.6376915,-6.1911259
8487205100,106.6355538,-6.1654943
9990207725,106.6101728,-6.1783029
6320191727,106.6351669,-6.1922145
6320191730,106.6263059,-6.1802574
6320191731,106.6263821,-6.1808536
6320191733,106.6254683,-6.1799351
6320191734,106.6275018,-6.1888407
8487205109,106.635981,-6.1662437
7229307133,106.6256075,-6.1590662
6320191743,106.6268608,-6.1903433
6320191745,106.6261671,-6.1905306
6320191747,106.6230681,-6.1913126
7229307140,106.6257947,-6.1554794
6320191754,106.6211652,-6.1850261
6320191759,106.6346622,-6.1893833
6320191773,106.6298823,-6.1869327
6320191777,106.6268201,-6.1837929
6320191783,106.62792,-6.1848398
4307160194,106.61843,-6.1779043
4307160197,106.6086178,-6.1778923
4307160198,106.6072324,-6.1779243
8488122778,106.6476573,-6.1606797
8488122780,106.6476466,-6.1609889
8978987430,106.615735,-6.1661903
6305642923,106.600146,-6.1423255
8481831345,106.6257396,-6.1831715
6305642938,106.5988089,-6.1458844
6305642940,106.5983362,-6.1456991
6305642941,106.5982215,-6.1456484
6305642942,106.5981706,-6.1456231
12197591492,106.640836,-6.1648168
6305642949,106.6044736,-6.1378553
6305642950,106.6027645,-6.13982
12197591495,106.6409476,-6.1654515
12197591496,106.6412911,-6.1654676
12197591497,106.6408919,-6.1654488
12197591498,106.6411087,-6.1665743
8509356491,106.6257798,-6.1346537
9164454348,106.5970776,-6.1669626
12197591499,106.640237,-6.1656596
2327214544,106.6624823,-6.1486515
2033613265,106.6333912,-6.1804964
2327214545,106.6615646,-6.1485258
8496642515,106.6182139,-6.187189
8496642516,106.6180108,-6.1871794
7123401179,106.6595325,-6.1788781
2327214578,106.6638826,-6.1485652
2327214582,106.6572241,-6.1468591
2327214592,106.6633207,-6.1486069
2327214602,106.6634629,-6.1485912
4307160203,106.6089041,-6.1779963
8485370401,106.6176065,-6.1919966
8485370402,106.6178156,-6.192013
4307160205,106.6072265,-6.1781061
4299819115,106.6786936,-6.1883105
7132445282,106.6432878,-6.1936111
8489040527,106.6242564,-6.169605
4299819128,106.6684938,-6.1887405
8972040882,106.6193385,-6.1756063
8485763764,106.5972231,-6.1352988
8485763768,106.5971969,-6.1350854
8509225662,106.6609611,-6.176185
8509225663,106.6609637,-6.1762903
6320192192,106.6250567,-6.1822535
6320192190,106.6252994,-6.1829282
6320192195,106.6237186,-6.1829929
6320192202,106.6202029,-6.1818555
6741719759,106.6261452,-6.1693569
4307160211,106.607813,-6.1782074
12138216162,106.6828095,-6.1451612
12138216163,106.6841728,-6.1462529
12138216164,106.6829005,-6.1461982
8788015870,106.609633,-6.1791689
8547891967,106.6675519,-6.1560496
8547891966,106.6676679,-6.1555821
12048431884,106.6754203,-6.1616426
11477744406,106.6799976,-6.1440605
8509225763,106.5944128,-6.1435056
8509225766,106.5946582,-6.1430909
4299819157,106.6731363,-6.1891357
8509225785,106.6586416,-6.1760636
7147518811,106.6661205,-6.1894131
7147518812,106.6662294,-6.1894776
7147518813,106.666977,-6.1899936
7147518814,106.6672617,-6.1901426
4307160217,106.6078092,-6.1783407
4307160218,106.6083578,-6.1783863
8973351825,106.6285546,-6.1790936
9164454814,106.625171,-6.1780223
4299819183,106.6799208,-6.1896524
6541835191,106.6674607,-6.1438672
6541835192,106.6674647,-6.1437954
4307160220,106.6045623,-6.1784266
6541835210,106.6777711,-6.1359999
4307160221,106.6048102,-6.1784296
12730399711,106.6338443,-6.1484256
6541835233,106.6736881,-6.1352665
4307160222,106.6010541,-6.1784467
12730399725,106.6367729,-6.1475878
6541835245,106.6808552,-6.1426009
6541835247,106.6779725,-6.1446552
6541835248,106.6790619,-6.1444803
6541835246,106.6825381,-6.1408055
6541835250,106.6824989,-6.1411677
4307160223,106.6203702,-6.1786181
4307160224,106.6052303,-6.1784531
6541835334,106.6807256,-6.1348635
7912979529,106.6490122,-6.2092389
9994533971,106.6244459,-6.1727309
4307160226,106.6083539,-6.1784954
4307160227,106.6045686,-6.1785213
11054382199,106.6307329,-6.1792783
11054382200,106.6307312,-6.1791463
10213817468,106.6617765,-6.1930339
8481963141,106.6231915,-6.1857248
8481963142,106.623221,-6.1860808
11363843211,106.5944892,-6.1582612
11363843212,106.5931285,-6.1584824
11363843214,106.5919855,-6.1587304
4307160229,106.6005228,-6.1786218
5421694135,106.5991321,-6.1878567
9992436941,106.6054869,-6.178135
9992436943,106.6051326,-6.1781076
4307160231,106.6195015,-6.1786883
8524037336,106.6229059,-6.1938225
8524037343,106.6235858,-6.1941708
8547499244,106.612797,-6.1432065
7221706006,106.6652412,-6.2035153
4307160234,106.6045797,-6.1786716
5444238623,106.6293576,-6.1734307
5444238624,106.6292823,-6.1731278
5444238626,106.6298153,-6.1730803
5444238627,106.6302912,-6.1730496
5444238628,106.6292077,-6.1722237
5444238630,106.6299733,-6.1721099
5444238632,106.627616,-6.1737717
5444238634,106.6250656,-6.1719736
5444238635,106.6221317,-6.1746116
5444238636,106.6224327,-6.1748045
5444238639,106.6211775,-6.1748386
5444238640,106.6218772,-6.1741143
6552368920,106.6010171,-6.1703257
5444238643,106.6220382,-6.1743077
6552368921,106.5995908,-6.170353
5444238649,106.621251,-6.175165
5444238655,106.6278683,-6.1728109
5444238657,106.626606,-6.172815
5444238658,106.6266415,-6.1731937
8434908482,106.6387457,-6.1591729
8547499332,106.6611139,-6.1919872
5444238661,106.6266427,-6.1721763
5444238662,106.6272122,-6.1722451
5444238663,106.6268115,-6.1722041
8547499330,106.6611555,-6.1915206
8434908490,106.6388005,-6.1595998
5444238670,106.6273731,-6.174081
5444238672,106.6282075,-6.174215
5444238673,106.6281258,-6.1738113
5444238676,106.6270405,-6.1738516
7137164629,106.6635842,-6.1898039
7137164630,106.6635842,-6.1892582
5444238680,106.6196041,-6.1737677
7137164637,106.6621254,-6.1893462
6552368929,106.5981585,-6.170673
12462488928,106.5928015,-6.1751405
5444238689,106.6196443,-6.1725663
12462488929,106.5931925,-6.1753132
12462488930,106.5927963,-6.1762324
12462488931,106.5933847,-6.1764852
12462488932,106.5929436,-6.1758906
12462488933,106.5935345,-6.1761297
12462488934,106.5930947,-6.1755401
12462488935,106.5936808,-6.1757826
12462488936,106.5934029,-6.174817
12462488937,106.593242,-6.1751983
6552368931,106.599575,-6.167557
5444238698,106.6248385,-6.1701543
5444238695,106.6248632,-6.169208
12338232689,106.5866887,-6.1404211
5444238712,106.6263718,-6.16888
5444238717,106.6276573,-6.1695566
5444238720,106.6270914,-6.169507
5444238725,106.6263344,-6.169599
5444238726,106.6229542,-6.165633
5444238728,106.6255492,-6.1656196
5444238731,106.6263048,-6.1651157
5444238734,106.6249055,-6.165841
5444238736,106.624876,-6.1670236
5444238737,106.6229307,-6.1669823
6563200403,106.6395034,-6.1613946
5444238741,106.6220265,-6.1679317
5444238742,106.6181173,-6.1659766
5444238744,106.6187039,-6.1658736
5444238745,106.6189851,-6.1658721
5444238748,106.6199196,-6.1658806
5444238749,106.6185889,-6.167144
5444238756,106.6220553,-6.1659455
5444238757,106.6205227,-6.168509
5444238758,106.6220334,-6.168507
6552368943,106.5986949,-6.1587635
5444238759,106.6198314,-6.1691217
6552368944,106.5982845,-6.151742
5444238763,106.6202901,-6.1691845
8976629164,106.6347914,-6.1568775
8976629165,106.6346386,-6.1568864
5444238767,106.6206706,-6.1703593
6552368945,106.5980553,-6.1495578
5444238775,106.6205642,-6.1694867
5444238779,106.6208433,-6.1692023
5444238782,106.6208946,-6.1703447
8548548030,106.6812077,-6.1937328
6552368949,106.5975175,-6.1514779
5444238789,106.6244787,-6.1692125
5444238791,106.6244421,-6.168847
5444238792,106.6244207,-6.1684532
5444238794,106.6248376,-6.1684483
5444238795,106.6237508,-6.1688584
5444238798,106.6248198,-6.1688077
5444238799,106.6233086,-6.1693481
6552368953,106.6004115,-6.1538567
5444238814,106.6263835,-6.1658986
5444238817,106.6266208,-6.1660723
5444238823,106.6272524,-6.1664403
5444238824,106.6269139,-6.1667483
5444238830,106.6257745,-6.1669063
5444238832,106.6262412,-6.1668524
5444238835,106.6264555,-6.1652158
5444238836,106.6279243,-6.1655816
5444238839,106.6273852,-6.1656319
6552368960,106.6058832,-6.1570861
6552368961,106.606357,-6.1572159
5444238852,106.627188,-6.1667809
6552368962,106.605672,-6.1577895
5444238854,106.6279598,-6.166873
5444238856,106.6279571,-6.166769
5444238857,106.6285573,-6.167449
5444238859,106.6279562,-6.167475
5444238860,106.6295215,-6.166905
5444238861,106.6297693,-6.1678093
5444238862,106.6322614,-6.1657996
5444238864,106.6303644,-6.16637
5444238875,106.6279596,-6.1664917
6552368967,106.6034525,-6.1568681
6322552365,106.6428394,-6.1950879
6552368973,106.6044509,-6.1571315
7433387589,106.6619328,-6.1585675
6552368977,106.5993693,-6.1557979
6563200607,106.6340706,-6.1602635
8788409953,106.5874927,-6.189174
8788409954,106.5880266,-6.1893072
6552368981,106.6001165,-6.1642276
10001481376,106.6186727,-6.1750063
8788016842,106.6653438,-6.1777229
8788016843,106.6653431,-6.1779018
8788016845,106.6654665,-6.1780063
8788016851,106.6086198,-6.1792916
9110716140,106.5932291,-6.2100036
8775040753,106.6726763,-6.1668223
8775040758,106.6724159,-6.1667622
12688326392,106.683151,-6.1394347
9110716153,106.5872215,-6.2106695
3010756360,106.6301103,-6.1569448
4307160254,106.6152847,-6.1789816
3010756381,106.6323776,-6.1556228
8555757438,106.6606396,-6.1854405
8555757447,106.6607077,-6.1851241
8555757449,106.660654,-6.1851213
8555757450,106.6608725,-6.1851381
8555757454,106.6605695,-6.1851435
9125658523,106.6484857,-6.1709981
8547893162,106.6246285,-6.1505813
8547893163,106.6248237,-6.1499832
8547893164,106.6247372,-6.1501786
4299819390,106.6706485,-6.189746
4299819393,106.6702107,-6.1898253
8496906215,106.6458756,-6.1792822
8496906216,106.6462229,-6.1793181
3727049412,106.6583217,-6.1998812
7209779180,106.6134477,-6.175287
12087099395,106.6581937,-6.2078884
12087099396,106.6582017,-6.2077977
10132946955,106.681355,-6.1620052
8535572518,106.6662021,-6.171489
4299819412,106.6751631,-6.1900313
6563332160,106.638286,-6.1556341
8505688133,106.5938267,-6.1450631
8505688135,106.5933325,-6.1449049
8505688141,106.5946609,-6.1448457
8505688152,106.5939648,-6.144911
4299819420,106.6731367,-6.1900884
9691496545,106.6429567,-6.1772276
9691496548,106.6431322,-6.1777661
8776482920,106.6845752,-6.1879094
4299819433,106.6740487,-6.1902377
6709084318,106.6570584,-6.1602755
5388796071,106.6590838,-6.1630723
5388796072,106.6598577,-6.1633779
4299819436,106.6794706,-6.1903494
5388796076,106.6591882,-6.1643403
5388796077,106.6575886,-6.1645313
5388796082,106.6556073,-6.1679237
5388796083,106.6502007,-6.1686468
5388796084,106.6512194,-6.1727863
5388796088,106.6559617,-6.1747762
8523251901,106.5895151,-6.1407922
8523251902,106.5892132,-6.1408027
7118815429,106.642718,-6.1857597
8976629983,106.6142356,-6.169139
8976629984,106.6145273,-6.169129
3657335013,106.623282,-6.1689726
6643155193,106.6209707,-6.143847
6643155194,106.6207878,-6.1436576
12951126282,106.5856984,-6.1588603
7243989297,106.6813184,-6.1896993
6788383029,106.6788664,-6.1973539
6788383030,106.6786238,-6.1972478
6788383031,106.6790533,-6.1974355
6788383032,106.6784381,-6.1971548
6788383034,106.6780009,-6.1967039
7243989312,106.67781,-6.1956124
7243989317,106.678433,-6.1955078
7243989327,106.6771136,-6.1955869
9116130937,106.6393019,-6.1980176
9116130938,106.6392653,-6.1979626
4299819473,106.6795552,-6.1909441
4299819474,106.6790451,-6.1909369
4299819475,106.6767226,-6.1909267
12205064561,106.6386867,-6.1538794
9116130946,106.6342825,-6.2049752
4299819479,106.6758299,-6.1909265
4299819482,106.6777951,-6.1910617
9116130950,106.6375132,-6.2001965
4299819485,106.6775966,-6.1911211
9116130953,106.6375778,-6.2004723
4299819486,106.6774478,-6.1910957
9116130955,106.6360454,-6.2005668
1709474228,106.6838479,-6.2060454
1709474254,106.6791603,-6.2064612
12186321359,106.6792481,-6.1832769
12186321358,106.6791527,-6.1832491
8797910942,106.6459534,-6.1824855
1709474259,106.6809121,-6.206477
1709474261,106.6817198,-6.2064854
12186321365,106.6778381,-6.1828673
1709474263,106.6800204,-6.2064993
1709474264,106.6801302,-6.2064977
12186321367,106.6788505,-6.1841727
12186321368,106.6789693,-6.1842113
8547631581,106.6230567,-6.1493372
1709474271,106.6809507,-6.2066712
8547631583,106.6231118,-6.1494195
1709474277,106.6809939,-6.2068888
8519713254,106.6565797,-6.1654623
7129170407,106.6572342,-6.1884283
7129170408,106.6574374,-6.1883968
1709474281,106.6818343,-6.207033
7129170410,106.6571054,-6.1883074
7129170411,106.6574393,-6.1883127
1709474284,106.6796806,-6.207203
7129170412,106.6574366,-6.1884304
7129170413,106.6582467,-6.1884281
7129170409,106.6584532,-6.1883034
1709474290,106.6811536,-6.2076501
12658180600,106.6322426,-6.1837406
6563070463,106.6220484,-6.1754628
6563070464,106.6219845,-6.175085
6563070465,106.6217451,-6.1751813
6563070466,106.6208128,-6.1753066
6563070467,106.6207932,-6.1753368
8495921063,106.6091944,-6.144149
1709474309,106.6820573,-6.207926
6563070469,106.6207758,-6.1753716
6563070470,106.6208236,-6.1752909
6563070471,106.6205992,-6.1753516
9116130972,106.6355515,-6.2008362
6563070478,106.6230656,-6.1777927
6563070479,106.6228991,-6.177397
6563070480,106.6238071,-6.1774663
3501097501,106.6751341,-6.142279
3501097505,106.6736757,-6.1418226
8519582248,106.6426932,-6.1526924
8519582254,106.6426108,-6.1523567
8519582255,106.6427618,-6.1526509
8519582256,106.6427837,-6.1526893
8519582257,106.6428186,-6.152762
8519582258,106.6428434,-6.1528087
4875649636,106.6194879,-6.2065365
4875649638,106.6218422,-6.1977998
4875649644,106.6246947,-6.1965345
4875649645,106.6247705,-6.1963319
4875649646,106.6246366,-6.1957613
11056611953,106.6324891,-6.1675503
11056611954,106.6327603,-6.1673756
11056611955,106.6326748,-6.1674109
11056611956,106.6326893,-6.1674807
1709474423,106.6820548,-6.2096413
1709474429,106.6818081,-6.2096875
1709474444,106.6833174,-6.209868
8509227678,106.6647924,-6.1783257
1709474476,106.679191,-6.2101746
13172376239,106.6322185,-6.1619162
12989268700,106.6092785,-6.2090323
1709474545,106.6848662,-6.2103883
8789066487,106.5954293,-6.1832982
8789066489,106.5958628,-6.1833118
8789066490,106.5935685,-6.1847941
1709474563,106.6837787,-6.2114239
1709474564,106.6827573,-6.2117061
7820706674,106.6777781,-6.1942643
7820706676,106.6773949,-6.1940548
7820706681,106.6728055,-6.1906849
8523121555,106.5895244,-6.1370986
8319828883,106.6197971,-6.1811081
13651575702,106.6671998,-6.1762884
13651575703,106.6675062,-6.1764815
8509096861,106.6356213,-6.1777685
8509096866,106.6356528,-6.1784804
8509096867,106.6359134,-6.1776909
8509096870,106.6359504,-6.1784419
7828046764,106.6442033,-6.2092509
8788018096,106.6142142,-6.1803242
7828046769,106.6443449,-6.2091017
7828046770,106.6447954,-6.2099076
7828046771,106.6445962,-6.2104088
7828046773,106.6445617,-6.2099116
7828046776,106.6440947,-6.2098122
7828046783,106.6442114,-6.2096153
9549284370,106.6739859,-6.1636603
9549284371,106.6730136,-6.1633149
5465867302,106.6769839,-6.1563728
5465867307,106.6718361,-6.1574147
5465867316,106.6716966,-6.1571755
8484586548,106.6610171,-6.1448548
5465867317,106.6832569,-6.1576355
9119761479,106.6107255,-6.1635136
9119761481,106.6107783,-6.1634583
12139267149,106.6172146,-6.2005441
9119761492,106.6101426,-6.1687277
9119761493,106.6096317,-6.1688083
9119761498,106.6094215,-6.1682965
12202181777,106.6588845,-6.1535062
7241893024,106.6325711,-6.1699483
7324730534,106.6154383,-6.1951266
7241893033,106.6331632,-6.1714892
7064683726,106.6353545,-6.2021611
7064683727,106.6352784,-6.20219
12194579680,106.684912,-6.189316
9934767329,106.6324644,-6.1948566
9934767330,106.6333605,-6.1944126
9934767331,106.6325346,-6.1949821
9934767332,106.633429,-6.1945332
12154340601,106.6748436,-6.1450629
8793785604,106.6836298,-6.2061644
12138480900,106.6815342,-6.147383
8793785605,106.6835782,-6.2059632
8793785610,106.6842131,-6.2040746
8548681006,106.6346526,-6.1486712
8785659196,106.6255867,-6.1635009
8498742622,106.6409934,-6.1544461
12154340703,106.6807298,-6.144622
8498742627,106.6411462,-6.1538767
11050845555,106.6415774,-6.189734
8502281606,106.6537298,-6.1829526
8502281608,106.6535116,-6.1829172
8502281609,106.653697,-6.1830615
3501098379,106.6825766,-6.1442012
4299819689,106.6791834,-6.191167
4299819690,106.6767016,-6.1911879
5428165623,106.5873433,-6.170346
4299819693,106.6764519,-6.1912311
4299819694,106.6798758,-6.1912271
10030515486,106.5955145,-6.1784656
12154340802,106.6807467,-6.1447609
4299819696,106.6773052,-6.1912497
6919718348,106.6129844,-6.1915431
10030515489,106.5953147,-6.1786463
4299819699,106.6735111,-6.1913179
10030515491,106.5915066,-6.1860501
4299819702,106.6793156,-6.1913853
4299819705,106.678206,-6.1914327
4299819706,106.6797604,-6.1914431
9119892987,106.6203135,-6.1610636
9119892988,106.6203041,-6.1608343
4299819707,106.6773116,-6.1915044
9119892990,106.6188081,-6.1619342
9119892991,106.620803,-6.1617576
9119892992,106.6200037,-6.1617676
4299819708,106.6791219,-6.1915002
9119892995,106.6216619,-6.1617142
9119892996,106.6156676,-6.1688557
9119892999,106.6211772,-6.1606609
6539609619,106.5865727,-6.1392814
4299819712,106.6719807,-6.1915137
4299819714,106.6764063,-6.1915231
8482227746,106.6649267,-6.138144
8482227764,106.6646478,-6.137928
8489043518,106.6235959,-6.1702083
7061407296,106.6382252,-6.1775957
7061407299,106.6382867,-6.1763516
4299819721,106.6732768,-6.1916106
8555759172,106.6608913,-6.1847561
4299819722,106.6731745,-6.1916006
7437452880,106.6650624,-6.1392401
8547501650,106.6609503,-6.1916313
4299819724,106.6742975,-6.1916211
4299819725,106.674024,-6.1917787
4299819727,106.6763823,-6.1917692
12140840556,106.6712183,-6.1460243
12140840562,106.6724896,-6.1439982
12140840563,106.6738731,-6.1434995
12140840566,106.6731239,-6.1417037
12140840567,106.6728375,-6.1416908
12140840568,106.6728404,-6.1415972
12140840569,106.672572,-6.1416823
12140840570,106.6725734,-6.1415864
12140840572,106.6724767,-6.1415854
4299819734,106.6732259,-6.1918957
8523908758,106.6824938,-6.1795529
4299819738,106.6775664,-6.1920921
8523908763,106.6825381,-6.1801209
9107441320,106.6421507,-6.1931659
9107441324,106.6420166,-6.189786
4299819742,106.677496,-6.1922197
9107441327,106.6418043,-6.1899452
4299819743,106.6739843,-6.1922106
4299819746,106.6744996,-6.1922548
4299819747,106.675445,-6.1923326
9551775433,106.6513329,-6.1624796
9551775435,106.6469548,-6.1595707
4299819748,106.6736966,-6.192345
9551775437,106.6463517,-6.1576002
9551775438,106.6468357,-6.1596888
9551775439,106.6473782,-6.1598134
9065498320,106.6746681,-6.153358
4299819753,106.6392215,-6.1925298
4299819754,106.6754195,-6.1925859
4299819755,106.6775034,-6.1926457
7238223608,106.6406656,-6.1939848
4299819757,106.6738394,-6.1926931
8785397502,106.6149464,-6.1913923
8785397506,106.6151372,-6.1921859
10736535304,106.5922227,-6.1839925
7238223628,106.6386578,-6.1963237
4299819761,106.6728835,-6.192752
4299819762,106.6739326,-6.1927451
11988010772,106.6294114,-6.1966372
4299819763,106.6744535,-6.1927596
4299819764,106.6718224,-6.1928084
4299819766,106.6741957,-6.1928781
7852689192,106.663581,-6.1804946
7224067885,106.6424491,-6.1482085
4299819769,106.6744319,-6.1929972
9113208634,106.6121261,-6.1869741
9113208635,106.6121402,-6.1865522
9113208636,106.6141967,-6.1849768
7224067902,106.6419114,-6.1486365
5474781000,106.6860317,-6.1925939
7224067913,106.6470457,-6.1435015
4299819775,106.6715095,-6.1931926
5474781013,106.6842117,-6.1922726
4299819776,106.6717839,-6.1932216
4299819777,106.6795572,-6.1932257
8524302192,106.6327791,-6.2058378
10737059702,106.5948164,-6.2086015
8524302203,106.6331279,-6.2049412
4299819783,106.6392786,-6.1933223
4299819786,106.6714333,-6.1935597
3024521122,106.650452,-6.1979599
3024521127,106.6506639,-6.1978527
3024521129,106.6509685,-6.2047353
3024521130,106.645844,-6.204597
11977787311,106.5914724,-6.1970197
11977787312,106.5913517,-6.196943
13022169033,106.6766305,-6.1799609
7238354896,106.680917,-6.1646406
7238354897,106.6808563,-6.1646209
8704657386,106.6136844,-6.1785543
8488126463,106.6484184,-6.167733
8488126469,106.6486589,-6.1681354
8488126472,106.6487161,-6.168423
8488126480,106.6491218,-6.1680676
8484456467,106.6373979,-6.1578622
8484456472,106.6369373,-6.1575378
9189230625,106.5916789,-6.1855948
8785528869,106.6429224,-6.1536298
8785528871,106.6420019,-6.153646
6696503352,106.6230701,-6.1347069
5458528333,106.6277754,-6.1493552
5458528335,106.6265215,-6.1501138
5458528336,106.6272019,-6.1508569
5458528337,106.6256579,-6.1505272
5458528351,106.6115105,-6.1489072
5458528352,106.6114965,-6.1484059
5458528369,106.6263284,-6.134029
5458528370,106.6223949,-6.1424456
5458528371,106.6221459,-6.1434121
5458528372,106.6296279,-6.1425486
5458528374,106.6283074,-6.1421863
5458528377,106.6283159,-6.1425484
5458528381,106.6276259,-6.1423069
5458528384,106.6287477,-6.1427216
5458528385,106.6266717,-6.1435176
5458528386,106.6278405,-6.1438003
5458528387,106.6286559,-6.1431709
5458528391,106.6273892,-6.145435
5458528392,106.6263915,-6.145199
5458528393,106.6272017,-6.1461615
5458528394,106.626201,-6.1459472
5458528395,106.6270244,-6.1469044
5458528398,106.627752,-6.1442222
5458528401,106.6293874,-6.1434376
5458528406,106.6260422,-6.1466439
5458528407,106.6253578,-6.1513516
5458528408,106.6242825,-6.1508333
5458528410,106.6238024,-6.1505379
5458528413,106.6231908,-6.1512993
5458528414,106.6092518,-6.1447657
5458528415,106.609439,-6.1448416
12173084842,106.6610681,-6.1848013
12173084844,106.6614797,-6.1846917
4593453239,106.5899059,-6.1661799
5620926672,106.6185245,-6.1608236
5620926674,106.6183985,-6.1625689
5620926675,106.619252,-6.1637103
5620926677,106.6144073,-6.1615822
5620926678,106.614296,-6.1620308
3759835354,106.6124258,-6.1750776
8503462111,106.6801375,-6.15145
7224592689,106.6676265,-6.1855825
7224592690,106.6675754,-6.1856588
8547371321,106.6809482,-6.1675568
8547371332,106.6807142,-6.1680156
3759835469,106.6134726,-6.1763743
3759835475,106.6123118,-6.1746716
7131793758,106.67228,-6.1755006
7131793759,106.6755576,-6.173261
9136671076,106.6735748,-6.150015
8485243320,106.6841828,-6.141122
8485243321,106.6845259,-6.1404758
3383921094,106.6687531,-6.1538574
3383921095,106.6681628,-6.1536174
3383921096,106.6662957,-6.1528472
8793786822,106.5881545,-6.1615776
3383921098,106.6656393,-6.1524183
3383921099,106.6647388,-6.1517955
3383921101,106.6626043,-6.1503356
5458528721,106.620905,-6.1461843
5458528723,106.6210834,-6.1466951
5458528724,106.6216446,-6.1465401
5458528727,106.6222889,-6.1504661
5458528728,106.6227044,-6.1498972
5458528729,106.6234805,-6.150842
5458528730,106.6245603,-6.1514404
5458528734,106.6144797,-6.1449737
5458528737,106.6178338,-6.1424056
5458528738,106.6181624,-6.1424509
5458528744,106.6220784,-6.153014
5458528745,106.6223647,-6.1535387
5458528746,106.6209587,-6.1516072
5458528748,106.6214769,-6.1513666
5458528751,106.6216633,-6.1510899
5458528752,106.6186921,-6.1456724
5458528753,106.6187112,-6.1461402
5458528758,106.6191371,-6.1450324
5458528759,106.6237682,-6.1400908
5458528762,106.6253536,-6.1361667
5458528763,106.6258399,-6.1361542
8552090107,106.6775545,-6.1539127
5458528765,106.6258154,-6.1372739
8788019711,106.6631158,-6.1767645
5458528769,106.6252548,-6.1375489
5458528771,106.6252996,-6.135682
5458528772,106.6249323,-6.1394881
5458528773,106.624943,-6.1398667
5458528774,106.6240139,-6.1394057
5458528790,106.6239633,-6.1387627
5458528793,106.6212228,-6.1381166
5458528794,106.6215182,-6.1380746
5458528797,106.6213288,-6.1387166
5458528801,106.6210759,-6.1407555
5458528802,106.6210679,-6.1402347
7122749985,106.6715513,-6.1935743
5458528804,106.6213301,-6.1399094
7122749986,106.6715638,-6.1931986
5474781733,106.6850781,-6.1932459
7122749990,106.6744968,-6.1936452
7122749987,106.671521,-6.1931205
5474781737,106.6852296,-6.1940129
5458528818,106.6198374,-6.1445997
5458528819,106.6207367,-6.1473738
5458528820,106.6168038,-6.144467
8386153017,106.6677356,-6.1937425
8386153018,106.6675251,-6.1936145
8386153019,106.6677662,-6.1937611
8386153020,106.66759,-6.1911857
8386153021,106.6667355,-6.1933496
9754282610,106.6178466,-6.1767983
9524120184,106.6818352,-6.1615504
9524120185,106.6817771,-6.1614676
3730082427,106.6036614,-6.2100675
8775174791,106.6798049,-6.1600768
8775174792,106.6684277,-6.1941105
8775174795,106.6683095,-6.1943519
11962321581,106.6725428,-6.1356037
7232195274,106.6275927,-6.1728344
5465869022,106.6828439,-6.1581088
5465869023,106.6834433,-6.1575675
5465869030,106.6848131,-6.1575058
5465869032,106.6848402,-6.157609
5465869033,106.6848676,-6.1576609
5465869034,106.6850399,-6.1576047
5465869035,106.6803575,-6.1584635
5465869039,106.6803521,-6.1579995
5465869040,106.679872,-6.1580062
5465869041,106.6811326,-6.1591395
8484457200,106.6345172,-6.1574235
8484457205,106.6198239,-6.1947587
5465869046,106.6811286,-6.1567782
5465869048,106.6811388,-6.15794
8484457209,106.6198844,-6.1945178
5465869050,106.6828888,-6.1578568
5465869051,106.6811267,-6.1614687
5465869053,106.6817411,-6.161417
5465869062,106.6810146,-6.1594989
5465869063,106.6811461,-6.161839
5458529032,106.617292,-6.1438896
5458529034,106.6173564,-6.144503
5458529035,106.6172196,-6.1450284
5465869066,106.6769135,-6.164097
5458529037,106.6180363,-6.1466938
5465869071,106.6761196,-6.164885
5458529040,106.6183195,-6.1479363
5465869075,106.6750842,-6.1646596
5458529044,106.6165618,-6.1500545
5458529048,106.6166302,-6.1497171
5458529050,106.6170895,-6.1495786
5458529052,106.6165745,-6.1490019
6734252829,106.6726755,-6.1811362
5465869085,106.6740144,-6.1642654
5465869086,106.6741773,-6.1639154
5465869087,106.6662921,-6.1638169
5458529057,106.6161843,-6.1488366
5465869088,106.6678114,-6.163929
5458529059,106.6164585,-6.1487252
5465869090,106.6715749,-6.1636764
5458529061,106.6170417,-6.1487495
5458529063,106.614008,-6.1472708
5458529067,106.6162473,-6.1471831
5458529071,106.6163063,-6.1483192
5465869104,106.67367,-6.1644683
5458529076,106.6139641,-6.1483912
5458529077,106.6197838,-6.1520166
5458529080,106.6206508,-6.1520827
5458529082,106.6208369,-6.1519336
5458529085,106.620386,-6.1508459
5458529087,106.6205724,-6.1499512
5458529089,106.6211558,-6.1497339
5458529090,106.6172075,-6.1356878
5465869123,106.6717483,-6.1641216
5465869125,106.6719219,-6.1638343
5458529095,106.615912,-6.1365479
5465869127,106.6719099,-6.1633896
5458529097,106.6174865,-6.1371226
5465869128,106.6719098,-6.1633243
5465869130,106.6716872,-6.1572528
5458529100,106.6171257,-6.1395587
5465869133,106.6779194,-6.1609869
9255553864,106.6315956,-6.1549334
5458529104,106.6173162,-6.1403948
5458529106,106.6201252,-6.1404822
5465869140,106.6775451,-6.1615236
5458529109,106.6209385,-6.1409508
5458529110,106.6207347,-6.1419069
5458529111,106.6189187,-6.1422762
5465869143,106.6773433,-6.1606336
5458529113,106.6189161,-6.1424322
5458529114,106.6190784,-6.1425189
5458529115,106.6191816,-6.1429642
5465869142,106.6773259,-6.1602729
5458529119,106.6205144,-6.1430132
5458529120,106.6224029,-6.1434629
5465869151,106.6773272,-6.1615816
5465869152,106.6773212,-6.1616442
6547213155,106.5983505,-6.2043914
6547213169,106.6065395,-6.2050736
8785660785,106.6220305,-6.1695983
6547213171,106.6071519,-6.2052312
8785660789,106.6214018,-6.1696097
5465869177,106.6765997,-6.1636716
5465869182,106.6752244,-6.161969
5465869183,106.6754705,-6.1619409
5465869184,106.673527,-6.1571165
5465869185,106.6725919,-6.1570706
5465869186,106.6725845,-6.1572915
5465869188,106.6726676,-6.1562328
5465869192,106.6729317,-6.1562435
5465869193,106.6734608,-6.1562675
5465869194,106.6735319,-6.1566701
5465869202,106.6748933,-6.1573421
5465869203,106.6750775,-6.1573448
5465869204,106.6727949,-6.1524633
10042379156,106.6333452,-6.1936746
10042379157,106.6340572,-6.1933032
5465869212,106.6745853,-6.1535653
5465869213,106.6680649,-6.1640903
5465869217,106.6668732,-6.1640459
5465869220,106.6669229,-6.1638417
5465869221,106.6669291,-6.1638036
5465869223,106.6670446,-6.1633709
8549862312,106.6536668,-6.151206
8549862313,106.6534013,-6.1508779
8549862314,106.6534281,-6.1512326
12170202032,106.6588452,-6.177663
8939408305,106.6187753,-6.188988
12170202035,106.6606142,-6.1799404
8939408307,106.618463,-6.1889306
5465869237,106.6662948,-6.1640523
12197858230,106.6451554,-6.1544955
5465869238,106.6662866,-6.1633283
12170202039,106.6605616,-6.1799751
12170202036,106.660622,-6.179969
12170202038,106.6607793,-6.1799532
5465869244,106.6682607,-6.1665183
5465869245,106.667851,-6.1661317
5465869246,106.6678423,-6.1665129
9144142781,106.663059,-6.153052
9144142780,106.6627441,-6.153048
5465869249,106.6673487,-6.166493
5465869250,106.6663134,-6.1664917
5465869260,106.6678154,-6.164423
5465869261,106.6678041,-6.1634476
5465869269,106.6730035,-6.1633843
4299820008,106.6723823,-6.1938383
8785660906,106.622637,-6.1702561
5465869294,106.6818058,-6.1535954
8785660911,106.6226926,-6.170621
4299820012,106.671354,-6.1941326
7122750489,106.6551805,-6.2007431
5458529321,106.6214347,-6.1432083
5458529330,106.6211529,-6.1434549
5458529331,106.6184454,-6.1431669
7231933490,106.6524885,-6.1796038
5458529335,106.6179264,-6.1418562
5458529336,106.6181505,-6.1462615
5458529337,106.6185481,-6.1472689
9551427303,106.6456899,-6.1639609
5458529342,106.6172828,-6.1462522
5458529343,106.6178326,-6.1461921
9551427304,106.6457667,-6.1613909
5458529346,106.6195602,-6.1460348
5458529347,106.6188336,-6.1482798
5458529349,106.6207574,-6.1487693
9551427305,106.6519441,-6.1608189
5458529352,106.6196309,-6.1487806
5458529354,106.6189085,-6.1489152
9551427306,106.6452353,-6.1651983
5458529357,106.6186908,-6.1486856
5458529358,106.6184507,-6.1486259
5458529359,106.6176511,-6.148604
5458529360,106.6176277,-6.1485815
6849072209,106.6375997,-6.1712583
7788858448,106.5944916,-6.173603
5458529363,106.617453,-6.1479345
5458529364,106.6175321,-6.1482325
7788858449,106.5927686,-6.1730563
8521026646,106.6268554,-6.1987603
5458529367,106.6169942,-6.1482418
8775175253,106.6537634,-6.1913339
5458529369,106.6169422,-6.1475649
5458529372,106.6181245,-6.1473759
9551427310,106.6466156,-6.1669876
5458529376,106.6199457,-6.1468682
5458529377,106.6204321,-6.1479793
5458529379,106.6209593,-6.1480025
8484457572,106.6376433,-6.1578715
8484457573,106.6376027,-6.1574728
5458529383,106.6196438,-6.1461997
5458529387,106.6213075,-6.1457267
5458529390,106.6220684,-6.1478245
5458529395,106.6226095,-6.1474758
5458529397,106.6229095,-6.1482219
5458529400,106.6234424,-6.1478178
5458529404,106.6222801,-6.1484469
5458529406,106.6218396,-6.1485704
5458529407,106.6219301,-6.1487837
5458529408,106.6224226,-6.1495447
5458529413,106.6236522,-6.1506026
5458529415,106.6154882,-6.1538594
3501100196,106.6776635,-6.1456407
3501100197,106.6776592,-6.1453529
7811533996,106.5864111,-6.1956659
7811533997,106.5864612,-6.1951722
7811533998,106.5854032,-6.1950218
12170464440,106.6589739,-6.1789593
5474782401,106.6854552,-6.1809019
8487210220,106.6340813,-6.1627089
9125530862,106.6425202,-6.1588249
8487210225,106.63454,-6.1625369
5474782478,106.6846926,-6.1873881
5474782484,106.6830568,-6.1863627
5474782485,106.6838815,-6.1865403
5474782487,106.6835423,-6.187058
5474782488,106.6834099,-6.1868475
5474782495,106.683748,-6.1863315
5474782496,106.6841784,-6.1870324
5474782497,106.6840269,-6.1867782
10806660389,106.6733863,-6.1763649
5474782504,106.6836184,-6.1873477
5474782506,106.6852311,-6.1857111
5474782507,106.6841214,-6.1863918
5474782508,106.6850996,-6.1854948
5474782509,106.6839917,-6.1861773
5474782510,106.6857013,-6.1864845
5474782511,106.6849988,-6.186876
5474782512,106.6847152,-6.1863492
5474782515,106.683847,-6.1859381
5474782516,106.6844185,-6.1868829
5474782519,106.6848575,-6.1866217
5474782520,106.6851524,-6.1871273
5474782529,106.6849684,-6.1852683
5474782530,106.6837904,-6.1843528
8506215747,106.5916796,-6.1814449
5474782535,106.685003,-6.1844515
5474782537,106.6836485,-6.185608
5474782538,106.684774,-6.1849313
5474782539,106.6846265,-6.1846826
5474782540,106.6835052,-6.185358
5474782541,106.6849173,-6.1851796
8536231248,106.665604,-6.1530238
5474782547,106.6833515,-6.1851322
5474782548,106.6837942,-6.1858504
5458529628,106.6070441,-6.1393426
5458529630,106.6069473,-6.1397187
5458529632,106.6065183,-6.1398426
5458529635,106.6092534,-6.1427029
5458529636,106.6091461,-6.1429709
5458529645,106.6087586,-6.144923
4299820086,106.6396789,-6.1979192
5458529650,106.6089379,-6.1480398
11071294835,106.6795984,-6.1933519
5458529652,106.6083139,-6.1480205
5458529654,106.6082697,-6.1470725
5458529659,106.6083197,-6.1484408
9717452157,106.6637526,-6.1771796
5458529662,106.6082463,-6.1474685
9717452158,106.6636926,-6.1773016
5458529664,106.608713,-6.1474938
9220427141,106.6370409,-6.184552
5458529671,106.611823,-6.1494632
5458529672,106.6108413,-6.1489265
6994300296,106.6412804,-6.1929725
5458529677,106.6124091,-6.1483605
5458529680,106.6110284,-6.1484612
5458529684,106.6096778,-6.1486045
5458529686,106.6092454,-6.1485138
5458529693,106.6114568,-6.1469631
5458529694,106.6114752,-6.147223
5458529695,106.6112262,-6.1469391
5458529696,106.6112171,-6.1472408
5458529697,106.6109623,-6.1467361
5458529698,106.6109576,-6.1472465
5458529699,106.6108695,-6.1472471
5458529701,106.6117833,-6.1472922
5458529702,106.6124655,-6.1464421
5458529705,106.6121194,-6.1461165
3759836586,106.5976411,-6.1760696
5458529706,106.6121234,-6.146043
5458529707,106.6122964,-6.1453764
5458529708,106.612519,-6.1453831
3759836590,106.6002888,-6.1784909
5458529709,106.6118941,-6.1452857
5458529711,106.6120148,-6.1450151
5458529714,106.6113831,-6.1463551
5458529717,106.6126598,-6.1451963
5458529718,106.6116486,-6.1443124
3759836601,106.6002505,-6.1785316
3759836607,106.5957457,-6.1782162
3759836618,106.5988279,-6.1761937
3759836620,106.595709,-6.1814588
3759836635,106.6001526,-6.1774076
3759836646,106.5969246,-6.1797155
12314119659,106.6145187,-6.1776646
12314119667,106.6147871,-6.1781682
12314119672,106.6148016,-6.1778083
5209853824,106.6609474,-6.170196
7128780292,106.660375,-6.1939405
7128780293,106.6602088,-6.1939395
7128780294,106.660556,-6.1942725
7128780297,106.6603012,-6.1944192
7128780298,106.660312,-6.1945205
7128780299,106.6600344,-6.1945125
7128780300,106.6598479,-6.1944391
7128780301,106.6598881,-6.1942871
7128780302,106.6597994,-6.1942518
7128780303,106.6596387,-6.1944138
7128780304,106.659699,-6.1942156
5209853828,106.6617818,-6.170225
5458529821,106.6119558,-6.1440937
5458529822,106.6116661,-6.1439403
5458529823,106.6123138,-6.144239
5458529824,106.6119022,-6.144551
5458529825,106.611711,-6.1434488
5458529827,106.612496,-6.1438119
5458529830,106.6121569,-6.144595
5458529831,106.6131654,-6.144859
5458529832,106.6124198,-6.144663
5209853833,106.6632536,-6.1698571
5458529836,106.6129401,-6.143791
5458529837,106.6130823,-6.143347
5458529838,106.6135758,-6.1435802
5458529839,106.6134994,-6.1398921
5458529842,106.6131476,-6.1403988
5458529843,106.6112141,-6.1403681
5458529844,106.6116983,-6.1416375
5458529846,106.6122334,-6.1410041
5458529847,106.612515,-6.1411188
5458529849,106.6125358,-6.1399461
5458529850,106.6118592,-6.1389867
5458529851,106.6120999,-6.1387896
5458529852,106.6113106,-6.1390897
5458529855,106.6119298,-6.1386362
5458529856,106.6105758,-6.1388707
5458529858,106.6104987,-6.1383933
5458529860,106.6110747,-6.1383013
5458529861,106.6117747,-6.138724
5458529863,106.6110143,-6.138216
5458529864,106.610565,-6.1371146
5458529865,106.6110445,-6.1377912
5458529866,106.6104887,-6.1375074
8498875975,106.6382459,-6.1566406
5458529868,106.6097859,-6.1377186
8498875977,106.638236,-6.1564088
5458529870,106.6097617,-6.1375146
8484851279,106.6647989,-6.1511935
5458529872,106.6103391,-6.1372939
5458529873,106.6108121,-6.1379615
5458529874,106.6106549,-6.1377399
5458529875,106.609228,-6.13806
5458529876,106.6088873,-6.138008
5458529878,106.6096343,-6.138288
5458529879,106.6092092,-6.138304
5458529880,106.6091676,-6.1383153
5458529882,106.6091428,-6.13854
5458529883,106.6096249,-6.1385413
5458529884,106.6096182,-6.138796
5458529886,106.6088927,-6.138836
5458529888,106.6088752,-6.1390694
5458529890,106.6096558,-6.138992
5458529893,106.6096638,-6.1381147
5458529894,106.6097872,-6.138056
5458529895,106.6102609,-6.1381588
7221579366,106.6096008,-6.1441443
7221579367,106.6094298,-6.1448347
7221579375,106.6080759,-6.1484147
5430611568,106.5895893,-6.175227
5430611569,106.5882118,-6.1748903
5430611572,106.5876175,-6.17478
5209853848,106.6569226,-6.1685976
7232327301,106.6311642,-6.2053858
7232327302,106.6310227,-6.2056005
8505822868,106.612148,-6.1475509
8495992469,106.6178922,-6.1866088
8505822870,106.612161,-6.1481112
6537776848,106.6199778,-6.1481834
6537776850,106.6198191,-6.1478691
12138745566,106.680949,-6.144766
12138745567,106.6805193,-6.1450195
10739420898,106.5935105,-6.1436274
12138745573,106.6808925,-6.1446741
3759836960,106.5952884,-6.1795501
3759836966,106.5987244,-6.1772782
3759836971,106.6037615,-6.1832568
3759836974,106.5955087,-6.1801472
3759836977,106.6037717,-6.1836402
3759836978,106.5998133,-6.1789449
3759836989,106.59636,-6.1798167
8499073980,106.6083446,-6.2044842
3759837007,106.5993675,-6.1788149
3759837011,106.595058,-6.1788301
3759837013,106.6047373,-6.1872681
3759837014,106.5957705,-6.1820667
8485637981,106.674402,-6.1473912
9109802846,106.6165695,-6.1854641
8485637982,106.6738303,-6.1473485
3759837036,106.5992082,-6.1793599
3759837043,106.5933519,-6.1824314
13003952041,106.6361493,-6.1877834
13003952042,106.6361533,-6.1877138
13003952043,106.6364282,-6.1877181
13003952044,106.6359951,-6.1877114
4299820200,106.6388841,-6.1984999
7807602609,106.6296505,-6.2037903
7807602610,106.6296919,-6.2038213
7224987606,106.655606,-6.1483765
8487866354,106.6504561,-6.1761925
8487866358,106.6505309,-6.1767689
7224987639,106.6525457,-6.1516151
9110589441,106.6282767,-6.2096027
9110589443,106.6282354,-6.2103515
8785530900,106.6472027,-6.1587658
8785530901,106.6471953,-6.1586208
8548552735,106.6815215,-6.1935119
5527081009,106.6450294,-6.2096213
5527081011,106.6484956,-6.2086363
8502284346,106.6544983,-6.1879981
8502284368,106.6797995,-6.1499607
8502284369,106.6798358,-6.1496497
9110720637,106.5957026,-6.2055712
8775045248,106.6739175,-6.167213
8775045255,106.6746072,-6.1671673
9090142355,106.6502572,-6.1977991
7132450985,106.6441397,-6.1942403
7132450988,106.6440728,-6.1906138
7132450989,106.6430144,-6.1952111
8484851895,106.670899,-6.1510119
5616603320,106.6349463,-6.1369266
5616603319,106.6351369,-6.1364802
8495730875,106.6193118,-6.1818156
11100393661,106.6849433,-6.1370105
8495730878,106.6193385,-6.1813875
8484851904,106.671073,-6.1514713
8811483339,106.5917834,-6.1432569
7238357198,106.6598694,-6.2094249
7238357226,106.6630713,-6.2096782
7238357236,106.6629402,-6.2097109
8434913535,106.6383494,-6.1594635
8434913539,106.6386953,-6.1596237
7238357259,106.6639531,-6.2070791
4299820272,106.6390649,-6.2063669
5616603421,106.6350971,-6.1373005
7238357277,106.6603491,-6.2072391
4299820273,106.6390132,-6.2064345
7238357278,106.6639448,-6.2075662
5616603439,106.6332311,-6.1451223
7237833073,106.585377,-6.1679389
8776487318,106.680511,-6.1871867
309105052,106.6608304,-6.1356872
8499663280,106.6788702,-6.1918926
8434913722,106.6435374,-6.1580648
8434913725,106.6431767,-6.1580782
10882945502,106.6321392,-6.2096363
6536991212,106.6841679,-6.142366
12718215670,106.648768,-6.1446093
12718215675,106.6549175,-6.1460387
12718215685,106.6530643,-6.1444566
12182393370,106.6626536,-6.1381988
6926537263,106.6484653,-6.176717
6926537264,106.6478004,-6.1767549
8484590151,106.657155,-6.1482738
8484590160,106.6572594,-6.1492041
11099083350,106.6747319,-6.1601212
11099083351,106.674731,-6.1600628
11099083352,106.6747301,-6.1600039
11099083353,106.6747292,-6.1599502
4966617695,106.6438694,-6.1488392
4966617696,106.6443347,-6.1493105
2038588560,106.6383074,-6.1823179
11419685510,106.6354357,-6.1692379
8510411398,106.6841247,-6.1351398
11955245713,106.6442636,-6.1695963
11955245714,106.6442422,-6.1689923
11955245715,106.640538,-6.1622457
9129071293,106.5926541,-6.1613541
9129071294,106.5923014,-6.1613044
6547967305,106.6599646,-6.1487543
13095703277,106.6190422,-6.1764196
13095703279,106.619169,-6.1760767
6547967310,106.6626156,-6.1502154
8793789172,106.679061,-6.2033305
6547967311,106.6626096,-6.1502939
6548001532,106.6422352,-6.2072238
6548001534,106.6428092,-6.2080163
6548001541,106.6415627,-6.2060585
6548001546,106.6382072,-6.2073131
6548001551,106.6402434,-6.1932533
4124480287,106.591985,-6.1741928
12260381472,106.6852431,-6.1435955
12260381473,106.6841691,-6.1431146
12260381474,106.6829952,-6.1436072
12260381475,106.6847058,-6.1433551
12260381476,106.6829502,-6.1432924
12260381481,106.683812,-6.1427096
12260381482,106.683038,-6.1439064
12260381483,106.6828998,-6.14294
12260381484,106.683248,-6.1429
12260381485,106.6828617,-6.1439313
12260381486,106.6854004,-6.1435733
12260381487,106.6837704,-6.1440324
12260381488,106.6837361,-6.143808
12260381489,106.6836692,-6.1438174
12260381490,106.6837035,-6.144042
9549419351,106.6777931,-6.1632629
8484852576,106.6127015,-6.1971677
8484852577,106.6126652,-6.1970117
4299820391,106.6300958,-6.2079426
8487867257,106.6500721,-6.1763193
8487867258,106.6500418,-6.176067
6547967339,106.6592076,-6.1492485
6547967340,106.6589983,-6.1486604
8487867275,106.6477734,-6.1534286
6547967341,106.6594069,-6.1489179
8487867280,106.6472442,-6.1532607
6547967342,106.6594517,-6.1488538
7237833622,106.6080535,-6.1947181
7237833627,106.6088965,-6.1932009
6547967345,106.6599036,-6.1491527
7237833635,106.6083054,-6.1956616
4299820407,106.6380415,-6.2087015
4299820408,106.6354219,-6.2086921
4299820409,106.6301592,-6.2087841
6547967358,106.5846824,-6.1901035
6547967359,106.5851798,-6.1902015
7238226970,106.6325642,-6.168022
4302345243,106.6206014,-6.1956298
4302345246,106.6205759,-6.1957683
4302345247,106.6209502,-6.1957898
4302345249,106.6205471,-6.1959253
4302345254,106.6217951,-6.1960981
4302345255,106.6212269,-6.1962351
4302345258,106.6199866,-6.1962942
4302345260,106.6199704,-6.1963049
4302345261,106.6200585,-6.1963076
4302345262,106.6204779,-6.1963032
4302345264,106.6199571,-6.1963217
9090667568,106.6724389,-6.1862554
9090667570,106.6765847,-6.1839391
4302345267,106.6200759,-6.1963605
4302345268,106.6199506,-6.1963634
9090667571,106.6764703,-6.1839395
9090667572,106.6764059,-6.1839375
4302345271,106.6199656,-6.1963922
9090667576,106.6762543,-6.1845478
9090667569,106.6763794,-6.1839365
4302345274,106.6200431,-6.1964059
5900899386,106.6800148,-6.171863
5900899388,106.6803678,-6.1714873
5900899389,106.6807892,-6.1715843
4302345278,106.6217532,-6.1964799
4302345279,106.6189382,-6.1965366
4302345281,106.6194756,-6.1967126
4302345282,106.6204107,-6.1967305
4302345284,106.6214944,-6.1968058
4302345285,106.6182566,-6.1968132
4302345287,106.6184308,-6.1968611
9800815687,106.6056123,-6.1776329
7237833826,106.6328123,-6.1839489
8505955438,106.6651775,-6.1854301
7237833848,106.6353051,-6.1815829
7237833849,106.6353051,-6.1815432
7237833853,106.6348548,-6.1817384
4299820445,106.6371698,-6.2098028
7237833855,106.633107,-6.1819322
7237833857,106.6331043,-6.1819022
7237833864,106.6402692,-6.1797456
7237833869,106.6388174,-6.1796729
8487867548,106.6496132,-6.1777927
8487867549,106.6489456,-6.1780259
8487867550,106.6490024,-6.1781983
8487867552,106.6486995,-6.1774321
10254980258,106.6535637,-6.1884844
8523256995,106.5900797,-6.1440503
4302345391,106.6188463,-6.1969258
4302345393,106.6187589,-6.1969421
4302345396,106.6188532,-6.1969554
4302345400,106.6187684,-6.1969801
4302345403,106.6188252,-6.196994
4302345406,106.6193767,-6.1970816
4302345407,106.6203807,-6.1969859
4302345408,106.6201603,-6.1973572
4302345409,106.620235,-6.1973974
4302345412,106.6192404,-6.1974082
4302345415,106.619307,-6.1974317
4302345416,106.6192167,-6.1974316
4302345420,106.619213,-6.1974646
4302345425,106.6192784,-6.1975003
4302345426,106.6192454,-6.1975003
4302345428,106.6206195,-6.1975708
8547505364,106.6823054,-6.1684743
11113108696,106.6544038,-6.1772123
4302345434,106.6197683,-6.1976503
8547505370,106.6820631,-6.1693755
4302345436,106.619686,-6.1976664
4302345437,106.6197808,-6.197673
8547505371,106.6805197,-6.168277
4302345440,106.6196834,-6.197694
4302345443,106.6210605,-6.1977172
4302345447,106.6197466,-6.1977321
4302345449,106.6186656,-6.1977246
4302345450,106.6185785,-6.1977827
4302345451,106.618645,-6.1978008
4302345452,106.621261,-6.1978103
8503727341,106.5929805,-6.169417
4302345454,106.619086,-6.1978659
4302345455,106.6182109,-6.1978937
4302345456,106.6185519,-6.1979305
8503727345,106.5930046,-6.1690837
8503727346,106.5926828,-6.169071
4302345461,106.6202075,-6.1984823
4302345462,106.6189894,-6.1986284
4302345463,106.6179268,-6.1986594
4302345464,106.6206199,-6.1986698
4302345465,106.6184524,-6.1987156
4302345466,106.6207465,-6.1987252
4302345467,106.619676,-6.1989477
4299820469,106.6355747,-6.210412
4302345469,106.6179373,-6.1994611
4302345470,106.6189525,-6.1994514
4302345471,106.6182604,-6.1995032
4302345472,106.618354,-6.1995128
8794313981,106.6100849,-6.1503899
4302345475,106.6193553,-6.19966
4302345476,106.6196229,-6.1998009
4302345477,106.6201354,-6.1998498
4302345478,106.61897,-6.1998549
4302345480,106.6199752,-6.1999694
4302345482,106.6200749,-6.2000178
4302345483,106.6176115,-6.2002779
4302345484,106.617812,-6.2003235
4302345486,106.6187929,-6.2004108
4302345487,106.6190262,-6.2004267
4302345488,106.6194404,-6.2005095
4302345590,106.6199806,-6.2005636
4302345591,106.6189727,-6.2008105
4302345592,106.6194087,-6.2008241
4302345593,106.6193644,-6.2008328
4302345596,106.6193311,-6.2008632
4302345597,106.619483,-6.2008861
4302345599,106.6199123,-6.2009382
4302345610,106.6197369,-6.2020356
12199302569,106.6668414,-6.2089106
12170728901,106.6648426,-6.1745651
7134025259,106.6628403,-6.1749805
6332257864,106.6836673,-6.176529
8487999050,106.6845303,-6.1471378
6332257868,106.6828519,-6.1849688
6332257869,106.6839972,-6.1768656
6332257874,106.6846047,-6.1771117
6332257881,106.6824448,-6.1749797
12180952686,106.6688211,-6.1906879
12180952687,106.668913,-6.1904997
12180952688,106.6688057,-6.1907193
9107052219,106.5873324,-6.1896727
9107052220,106.5870112,-6.189486
9107052221,106.5870322,-6.1893297
8775046877,106.6770034,-6.169653
8775046884,106.6768999,-6.1693529
8775046885,106.6770845,-6.1693844
8484591332,106.6609168,-6.1444657
8775046887,106.6772667,-6.1682551
8775046895,106.6771582,-6.1682387
8495863543,106.6268637,-6.1671341
5460760321,106.6331358,-6.1463747
5460760322,106.6291071,-6.1552954
5460760323,106.6292285,-6.1553568
5460760328,106.6320562,-6.1406375
5460760329,106.6320364,-6.1410817
7134025487,106.6524813,-6.1986689
5460760335,106.6328227,-6.1402087
5460760337,106.6322132,-6.1397721
5460760339,106.632189,-6.139412
5460760340,106.6323543,-6.1393766
5460760342,106.6328656,-6.139318
7134025496,106.6517698,-6.1985429
7134025497,106.6519824,-6.1988389
7134025498,106.6518,-6.1988459
7134025501,106.6513997,-6.1994856
7134025502,106.6512595,-6.1992156
7134025503,106.6513406,-6.1993716
7134025506,106.6534938,-6.1991296
7229445927,106.6006811,-6.1935185
5460760360,106.630235,-6.143836
5460760365,106.6305381,-6.144421
5460760366,106.6315164,-6.1444877
5460760367,106.6316339,-6.1477019
5460760370,106.6341909,-6.1554231
7229445939,106.6011029,-6.1929169
5460760372,106.6314451,-6.1556016
5460760371,106.6343734,-6.1554164
5460760376,106.6312301,-6.1556361
5460760377,106.6312301,-6.1545914
5460760378,106.6308191,-6.1547047
7229445951,106.6014809,-6.1949436
5460760409,106.6368097,-6.1369937
5460760419,106.6481964,-6.15321
7229183843,106.675612,-6.1557841
7229839209,106.6507915,-6.2053033
5442410361,106.6163962,-6.139766
8485508995,106.6322542,-6.1638748
8485509001,106.632193,-6.1633796
8502548367,106.5930395,-6.1920912
13651580833,106.6666638,-6.1769725
13651580834,106.6667996,-6.1769911
13651580835,106.6668367,-6.1767639
8485736007,106.6139741,-6.1950938
8509102077,106.6344206,-6.1800416
5460760625,106.6462197,-6.1539972
5460760626,106.6451588,-6.1543433
5460760627,106.6451515,-6.1546685
5460760628,106.6398608,-6.1490265
5460760629,106.6403315,-6.1490525
5460760630,106.6424793,-6.1484979
5460760632,106.6419998,-6.1484519
5460760634,106.6418382,-6.1477311
5460760637,106.6418315,-6.1482911
5460760638,106.6492277,-6.1496039
5460760640,106.6492428,-6.148959
5460760643,106.6501887,-6.1488616
8503728222,106.6672387,-6.1419002
3657341031,106.6233309,-6.1702232
3657341032,106.6223394,-6.170267
9014646890,106.6251214,-6.1686903
9014646891,106.624821,-6.168685
3657341042,106.6223161,-6.1711615
3657341044,106.6234875,-6.1711948
8775178372,106.6638456,-6.1912639
8775178373,106.6635744,-6.1912466
7140186255,106.678669,-6.1735263
7140186256,106.6787327,-6.1732462
7231805588,106.6439858,-6.1610045
7231805594,106.6490784,-6.1552581
6734256288,106.672836,-6.1808651
6696507555,106.6181928,-6.1960461
6696507556,106.6185091,-6.1960733
7241898160,106.638344,-6.1729067
10132953352,106.6835223,-6.163892
8524831000,106.6252682,-6.1391227
8524831002,106.6252836,-6.1392487
5621061918,106.6421682,-6.1526567
8524831007,106.6253028,-6.1394493
5621061921,106.6414884,-6.1536702
5621061922,106.6413711,-6.1534997
5621061924,106.6415265,-6.1536468
5621061925,106.6329666,-6.1613121
5621061928,106.6331934,-6.1616158
5621061929,106.6423613,-6.1634063
5621061930,106.6423297,-6.162826
5621061931,106.6401095,-6.1510881
5621061934,106.639861,-6.1524533
5621061935,106.6379021,-6.1545821
5621061937,106.638199,-6.1544738
5621061939,106.6323352,-6.1586268
5621061940,106.64076,-6.1529253
5621061943,106.6398013,-6.1525097
5621061944,106.6428092,-6.1569235
5621061945,106.6427596,-6.1576435
5621061951,106.6426644,-6.1579862
5621061952,106.6419804,-6.1580288
5621061953,106.6381462,-6.1602929
5621061954,106.6387198,-6.1602713
5621061955,106.6396432,-6.1624673
5621061956,106.639313,-6.1623986
6563338585,106.6420823,-6.1872741
6563338593,106.6393237,-6.1899173
6563338606,106.6409093,-6.189426
6563338616,106.6360769,-6.1918992
6563338617,106.6337098,-6.1931525
6563338626,106.6324989,-6.1895927
8776489353,106.6736989,-6.1862301
8776489360,106.6735667,-6.1859987
2134546841,106.6409561,-6.1343369
2134546842,106.6393174,-6.1349883
2134546845,106.6363633,-6.1349437
2134546846,106.6412949,-6.135191
2134546847,106.6383253,-6.1353908
2134546848,106.6401762,-6.1356374
2134546849,106.6370587,-6.1358887
2134546850,106.6367801,-6.1360027
2134546852,106.638671,-6.1362358
2134546853,106.641749,-6.1363282
2134546854,106.6373976,-6.136757
2134546855,106.64066,-6.1368528
12685318564,106.6824804,-6.1364199
2134546857,106.6391644,-6.1374567
2134546858,106.6382479,-6.1378275
6714988976,106.6657036,-6.15595
8484723139,106.6366066,-6.154964
8484723142,106.6365932,-6.1547354
8484723147,106.636573,-6.1542208
8484723152,106.6369445,-6.1542037
8776489443,106.6743466,-6.1871687
8776489447,106.6746551,-6.1876674
8485771780,106.618269,-6.1751023
8485771784,106.6170372,-6.1751716
8550390313,106.6502004,-6.1490698
8550390314,106.6504817,-6.1490619
11366341182,106.6376688,-6.1570955
11366341183,106.6373669,-6.1571127
9523731018,106.6803129,-6.1617847
9523731021,106.6799732,-6.1618249
8487869011,106.6476171,-6.1783063
8487869012,106.6472858,-6.1782809
8487869013,106.6469893,-6.1782072
5455911511,106.5845965,-6.1470882
5455911513,106.5850773,-6.1459017
5455911516,106.5836889,-6.1454078
6317280971,106.6370036,-6.16887
13095705235,106.6212153,-6.1751755
8555895450,106.6647537,-6.188442
8555895452,106.6646062,-6.1887873
9153845917,106.5907361,-6.1583181
11056093885,106.6800773,-6.1722547
6537779957,106.6113505,-6.1379888
6537779958,106.6114979,-6.1377756
8484723457,106.6713695,-6.1449904
8484723463,106.6708916,-6.1448298
8499272459,106.6020795,-6.2076183
8499272460,106.6014452,-6.2075138
7232330562,106.6287021,-6.2065558
8484723529,106.6710529,-6.1441243
8484723533,106.6714911,-6.1442578
6849076093,106.5921819,-6.1585099
8509103020,106.6369531,-6.178027
8509103023,106.6366877,-6.1780009
8509103024,106.636958,-6.1781009
8509103025,106.6369284,-6.1776826
6541843405,106.6721486,-6.1468591
6541843408,106.6830195,-6.138884
7149231073,106.6530905,-6.1857834
7149231074,106.6537473,-6.1857683
5455912026,106.5826154,-6.1417982
5455912037,106.5775448,-6.14741
5455912083,106.5857988,-6.139056
8785403060,106.6672005,-6.1525207
11056880825,106.6135854,-6.1828155
11056880826,106.6135095,-6.1828075
2033622228,106.636549,-6.1748384
2033622232,106.6372532,-6.1753255
2033622236,106.6365301,-6.175334
2033622241,106.6372785,-6.1758693
2033622244,106.6365439,-6.1758607
2033622249,106.6365579,-6.1764657
12381887732,106.6202252,-6.184243
11920121099,106.6148018,-6.195637
8482364702,106.6202421,-6.1840889
6555344166,106.6685034,-6.208133
8482364711,106.6201234,-6.1844385
5455912243,106.5776074,-6.1363385
7256841524,106.6221607,-6.1685363
8496389472,106.6691978,-6.1626743
8496389474,106.6692006,-6.1632982
7229316466,106.6488616,-6.1702287
7229316467,106.6491176,-6.1715241
7229316469,106.6452662,-6.1705939
7229316470,106.6456928,-6.1705456
7128784250,106.6602248,-6.1913419
7128784251,106.6599608,-6.191326
7128784252,106.6597407,-6.1914339
7128784253,106.6602087,-6.1914553
7224991124,106.6572261,-6.1503993
7224991125,106.6566628,-6.1504659
7149231559,106.6474836,-6.1845921
8495734273,106.6164859,-6.1823176
8495734274,106.616537,-6.1818995
7131667978,106.6413394,-6.2086327
8484855306,106.6316459,-6.1566821
8484855313,106.6317592,-6.1567771
8484855315,106.6318658,-6.1571141
8484855316,106.6320415,-6.1570461
7129177646,106.6612246,-6.1817963
8495865417,106.6288906,-6.1668869
9059606139,106.653434,-6.2058198
9059606140,106.653409,-6.2058514
9059606146,106.6537421,-6.2048126
9059606154,106.6534904,-6.2057729
8484462222,106.6351113,-6.1583215
8793792144,106.5909383,-6.1570002
8484462225,106.6349289,-6.1586195
8484462226,106.6351689,-6.1585822
8793792145,106.5911579,-6.1569901
8485904022,106.6144006,-6.1771083
8555765415,106.684231,-6.1874443
8485772994,106.6548765,-6.1667036
8485772997,106.654912,-6.1668836
5427994314,106.6021483,-6.169429
5427994319,106.602356,-6.1702979
5427994320,106.6021201,-6.168793
7811407605,106.6326886,-6.144003
8496520978,106.6162674,-6.1997109
8484855583,106.664984,-6.1479518
8556027788,106.6648718,-6.1846369
8487870362,106.6468229,-6.1788142
9094340550,106.6539746,-6.1833115
11113111507,106.650994,-6.1773503
6555082724,106.6673903,-6.197491
6555082725,106.6659404,-6.1954719
6555082726,106.6664277,-6.1938878
6555082732,106.6722083,-6.1936591
8502288386,106.6549341,-6.1872661
8502288392,106.6551715,-6.1865461
8502288395,106.6550877,-6.1870088
13923557412,106.6602171,-6.1911565
5463777353,106.6845578,-6.1535474
5463777357,106.6845182,-6.154738
3799031917,106.6214396,-6.19598
3799031918,106.62051,-6.1980032
3799031920,106.6187797,-6.1972922
3799031922,106.6186812,-6.1973093
3799031930,106.6203685,-6.1979449
3799031931,106.6210423,-6.1982331
7050403968,106.6116889,-6.2055359
3799031937,106.6187777,-6.1973749
7050403970,106.6117698,-6.205688
3799031939,106.6190459,-6.1960948
3799031941,106.6204564,-6.1980816
3799031944,106.6192476,-6.1952887
3799031955,106.6212322,-6.198454
13942431901,106.669633,-6.1879005
13942431909,106.6711253,-6.1847768
13942431910,106.6705669,-6.1845492
8519590079,106.6428588,-6.1534874
8519590083,106.6427873,-6.1532119
8519590088,106.6427127,-6.1535007
9201819886,106.6300225,-6.1870154
8555634970,106.6806297,-6.1736477
10023510313,106.6704362,-6.1757986
860922159,106.6104352,-6.2068767
6280094017,106.6847938,-6.1453804
6320070978,106.5925334,-6.209849
6280094019,106.6847094,-6.1471328
6320070980,106.5922286,-6.209801
9109938533,106.6250516,-6.1877427
9109938534,106.6253493,-6.1877925
13070672233,106.5909219,-6.1568541
8527809792,106.6311615,-6.2070724
13070672234,106.5914409,-6.1570921
8527809798,106.6305495,-6.2071584
9974096267,106.6038745,-6.1828335
860922259,106.6131198,-6.2074371
860922263,106.6124804,-6.207386
860922265,106.6123409,-6.2073433
7229186507,106.6493005,-6.1722617
7229186523,106.6415291,-6.1764496
7229186526,106.6435093,-6.176174
7229186532,106.6485176,-6.1711343
7229186535,106.6483949,-6.1710697
7229186538,106.6502242,-6.1726023
12166144501,106.6767305,-6.1364164
12166144502,106.67677,-6.1372772
9660178959,106.6454928,-6.1762141
9660178960,106.6454847,-6.1765521
2385945123,106.6369357,-6.201574
2385945170,106.6421591,-6.2017439
5427995221,106.602273,-6.1714517
5427995222,106.601762,-6.172025
2385945176,106.6427023,-6.2021582
12166144601,106.6765479,-6.1373521
2385945179,106.6422406,-6.2022724
5427995227,106.6015704,-6.1717436
5427995228,106.6016239,-6.1721877
2385945184,106.6377609,-6.196322
5427995234,106.6010929,-6.1708913
8960516711,106.5925272,-6.2016507
5427995240,106.5968681,-6.1733942
5427995241,106.5967168,-6.1730317
5427995242,106.5967839,-6.1731823
8960516712,106.592664,-6.2016644
5427995244,106.5969736,-6.173661
5427995245,106.5980177,-6.1737417
5427995251,106.5994568,-6.1728383
5427995252,106.6048637,-6.1720272
5427995255,106.6061951,-6.1705736
5427995258,106.6062279,-6.1702117
5427995263,106.6111809,-6.1736746
5427995266,106.6112866,-6.1725843
5427995271,106.6149786,-6.173765
12260516490,106.659109,-6.146402
5427995282,106.613836,-6.1752237
5427995289,106.6134873,-6.1748076
5427995294,106.6123272,-6.174627
5427995295,106.6131146,-6.1771236
5427995298,106.6128,-6.1770983
5427995307,106.6105637,-6.1768063
5427995310,106.6104172,-6.1763049
5427995312,106.608894,-6.1781423
5427995315,106.6084755,-6.1776649
5427995316,106.6084635,-6.1779063
5427995319,106.6096457,-6.176761
5427995320,106.6104378,-6.1759983
5427995322,106.6107005,-6.175993
5427995324,106.6106723,-6.1758383
5427995325,106.6101265,-6.1748356
5427995328,106.6103022,-6.174177
5427995329,106.6108735,-6.173801
5427995332,106.6107998,-6.1749734
5427995333,106.6115025,-6.1748142
5427995336,106.6110398,-6.1759849
5427995349,106.6104021,-6.1765723
5427995351,106.6099073,-6.1765971
5427995352,106.6076421,-6.1705415
12195635928,106.6819493,-6.1607662
5427995354,106.6080585,-6.170493
5427995358,106.6076963,-6.1713171
5427995359,106.6046347,-6.1757129
5427995361,106.6048377,-6.1757865
5427995364,106.6093728,-6.1727623
5427995367,106.6081913,-6.1727863
5427995368,106.6081309,-6.1734071
11303690985,106.6023688,-6.1583776
5427995369,106.6112309,-6.1711912
5427995373,106.6106348,-6.1712557
7237837550,106.5862253,-6.1620756
11303690991,106.602096,-6.1584035
5427995376,106.6109104,-6.1710742
5427995377,106.6112809,-6.1692223
5427995378,106.6112629,-6.169455
5427995379,106.6112506,-6.1696834
5427995380,106.6114498,-6.1667474
5427995381,106.6114245,-6.1669623
11303690993,106.6038825,-6.1583712
5427995383,106.611391,-6.1673999
11046003448,106.67441,-6.1798322
5427995385,106.6113644,-6.1679345
5427995384,106.6113786,-6.1676386
5427995382,106.6114111,-6.1671837
5427995388,106.5991429,-6.1702204
5427995386,106.5996565,-6.1674343
11046003447,106.6744097,-6.1797296
5427995394,106.5989906,-6.1721697
5427995397,106.5995867,-6.1723496
5427995398,106.5977267,-6.1720117
5427995401,106.5982135,-6.1727373
5427995402,106.597905,-6.1721504
5427995403,106.5978448,-6.1726671
5427995405,106.5978836,-6.1724157
5427995406,106.5985769,-6.1726677
5427995410,106.5975132,-6.1726108
5427995411,106.5981571,-6.174837
5427995412,106.5983409,-6.1770463
5427995414,106.5970195,-6.1768271
5427995415,106.6048104,-6.1751863
5427995421,106.6095659,-6.1692543
5427995422,106.5992072,-6.1643849
5427995423,106.5995133,-6.1644515
5427995425,106.5981893,-6.1658823
5427995426,106.598194,-6.1655683
8434525033,106.6399198,-6.1942225
6320071530,106.5870191,-6.1957577
6320071531,106.5868449,-6.1957311
8434525039,106.6393207,-6.1941106
6320071545,106.5854797,-6.1950758
6320071546,106.5855226,-6.1950412
6320071553,106.5859967,-6.1980656
6320071558,106.5850625,-6.2041445
6320071561,106.5851962,-6.2081074
6320071562,106.5852868,-6.2081073
6320071564,106.5852849,-6.2088053
9529631665,106.6629749,-6.1628409
9529631666,106.6628707,-6.1628464
9529631667,106.6628739,-6.1629076
7720707005,106.6407453,-6.1597702
7720707007,106.6403626,-6.1597651
11914355662,106.6148562,-6.177452
6539224029,106.6087119,-6.1417232
6539224037,106.608013,-6.1418014
6539224038,106.6105382,-6.1439096
6539224039,106.6099382,-6.1435347
6539224045,106.6106737,-6.1437256
12825830386,106.6270798,-6.2002289
9119114227,106.6001809,-6.1957444
6539224061,106.6177777,-6.1415164
12825830400,106.6279925,-6.1952844
6539224065,106.6183139,-6.1414108
6539224066,106.6182303,-6.1426231
6539224067,106.6185929,-6.1426136
6539224068,106.620221,-6.1429658
6539224069,106.6203269,-6.1425562
6539224070,106.6125554,-6.1481221
6539224071,106.6121019,-6.1481178
6539224077,106.613081,-6.1436429
6917235848,106.6557459,-6.177452
6917235849,106.6558248,-6.1783179
5527086226,106.6497581,-6.2098123
5527086228,106.6490521,-6.208949
5527086229,106.647434,-6.2095323
5527086231,106.6466129,-6.2095546
5527086234,106.6461881,-6.2093816
4386497696,106.5956868,-6.1925503
4386497697,106.597657,-6.1944828
4386497699,106.5970024,-6.1938272
4386497701,106.597131,-6.1945877
4386497702,106.5974286,-6.1942819
6696510641,106.6118646,-6.1957584
6696510643,106.6103828,-6.1960439
8509367476,106.6001695,-6.208219
8484594873,106.6564163,-6.148488
5636531386,106.6174288,-6.1466484
5636531387,106.6174974,-6.1462481
5636531388,106.6228778,-6.1395132
5636531389,106.6228698,-6.139187
5636531390,106.6200297,-6.1454355
5636531392,106.6194381,-6.1457627
5636531393,106.6181503,-6.1445857
5636531394,106.6182321,-6.1449497
5636531395,106.6166295,-6.1375253
5636531397,106.6162902,-6.1366692
5636531398,106.6155915,-6.1375306
5636531400,106.6125078,-6.1361296
5636531401,106.6127156,-6.1342747
6997714123,106.6581908,-6.1618022
5636531403,106.6158678,-6.1366719
5636531405,106.6093091,-6.1457597
5636531404,106.6093339,-6.1460737
5636531407,106.6100299,-6.1442403
6997714128,106.6599901,-6.152462
5636531408,106.6065048,-6.141338
6997714126,106.6601132,-6.1492723
8509236467,106.6096289,-6.1913953
6919726326,106.6354932,-6.2095473
8509236472,106.6093534,-6.1911349
4386497789,106.594343,-6.1936358
4386497790,106.5948238,-6.1932205
4386497791,106.5954301,-6.1927631
7231808788,106.6606807,-6.145864
6555477286,106.6844805,-6.2028249
6555477287,106.6803856,-6.1997042
6555477295,106.6850728,-6.1951498
6555477297,106.6810226,-6.1938405
6555477298,106.6811764,-6.1941001
7229842776,106.6637586,-6.1386246
8434525553,106.6402055,-6.1954435
8434525558,106.6397558,-6.1960254
10093503905,106.6528989,-6.164589
10093503906,106.6524967,-6.1646639
10093503907,106.6486906,-6.1653477
10093503909,106.6427132,-6.1663662
10093503910,106.6420429,-6.1664749
12240856488,106.6031172,-6.151668
7129048504,106.6606803,-6.182953
7129048505,106.6614735,-6.1842895
7129048506,106.6610764,-6.1843515
7129048507,106.6615071,-6.1842843
7120135614,106.6550377,-6.1963712
7120135615,106.6551414,-6.1963778
7120135620,106.6548121,-6.1975329
7120135621,106.6544842,-6.1975313
7120135623,106.6539856,-6.1974988
8503993816,106.6679237,-6.1391317
8484857317,106.6323595,-6.1570688
6541846012,106.6790768,-6.1446058
6541846013,106.6793516,-6.1445657
6541846016,106.6794214,-6.1448617
6541846018,106.6785966,-6.144691
6541846019,106.6840897,-6.1454364
8524310032,106.6335663,-6.2062558
8976508434,106.6473506,-6.1622669
8550786581,106.6536601,-6.1504446
8550786582,106.6535651,-6.1512173
8793794072,106.5859035,-6.1930005
8793794073,106.5863261,-6.1916741
8550786589,106.6534656,-6.1504646
8550786590,106.6532591,-6.1504819
9106662950,106.6266429,-6.1543441
8524310055,106.6337495,-6.2053259
8487872040,106.6500552,-6.1763249
9106662951,106.6252453,-6.1534339
8487872039,106.6501505,-6.1768986
12182267504,106.6764096,-6.188402
7851779714,106.6642092,-6.207869
7851779717,106.6640845,-6.2076235
10040419979,106.6226901,-6.1703232
10040419980,106.6203714,-6.1704292
10040419981,106.6188706,-6.1705567
10040419982,106.6145127,-6.1705795
10040419983,106.6083449,-6.1714208
10040419984,106.607469,-6.1713913
10040419985,106.6060452,-6.171445
10040419987,106.6069524,-6.1714282
10040419990,106.5970904,-6.1666092
10040419994,106.5951023,-6.1650871
8775182022,106.6809838,-6.1593116
12092876496,106.6640384,-6.2101742
10542163706,106.6150812,-6.2083823
860923645,106.6150691,-6.2074454
8548034321,106.6776416,-6.1717589
7243868009,106.6790341,-6.1726612
6696511344,106.5978368,-6.1699978
6563080100,106.6232521,-6.1788937
6563080107,106.6233028,-6.1794796
6563080113,106.6251093,-6.182588
8496785337,106.6588663,-6.1899769
8496785338,106.6588435,-6.1907148
6563080130,106.6228442,-6.1801766
6563080135,106.6242074,-6.1803529
6563080142,106.6230171,-6.1816793
7953098713,106.6668928,-6.1839755
6563080154,106.6247306,-6.1868434
6563080153,106.6244254,-6.1870821
6563080165,106.6241424,-6.1844682
6563080170,106.6240898,-6.1838477
6563080178,106.6249953,-6.1856235
6563080181,106.6243181,-6.1850888
4323059703,106.6799132,-6.1440663
4323059705,106.6815438,-6.1443617
4323059707,106.6814317,-6.1449772
4323059708,106.6811022,-6.1451339
4323059709,106.6787813,-6.1451454
4323059710,106.6827067,-6.1451801
4323059711,106.68211,-6.1453016
4323059712,106.6807704,-6.1453439
4323059713,106.68176,-6.1455079
4323059714,106.6804097,-6.1455428
4323059716,106.6798977,-6.1456498
4323059717,106.6793435,-6.1457157
4323059718,106.6814402,-6.145704
4323059719,106.6786447,-6.1457262
4323059720,106.6805297,-6.1457443
4323059721,106.6788579,-6.1457501
4323059722,106.6819831,-6.1458739
4323059723,106.6810976,-6.1459138
4323059724,106.6793881,-6.1459661
4323059725,106.6801201,-6.1460009
4323059726,106.6816411,-6.1460811
4323059727,106.6789101,-6.1461457
4323059728,106.6826746,-6.1461871
4323059729,106.6807596,-6.1461213
7477962767,106.59046,-6.1995743
4323059731,106.6813258,-6.1462722
4323059732,106.6796002,-6.1463264
4323059733,106.6804306,-6.146323
4323059734,106.6781628,-6.1464535
4323059735,106.6785118,-6.14647
4323059736,106.6800381,-6.1465637
4323059737,106.6791808,-6.146589
4323059739,106.6797204,-6.1467585
4323059740,106.6820956,-6.146753
4323059741,106.678227,-6.1468473
4323059742,106.6787412,-6.1468642
4323059743,106.681766,-6.1469585
4323059744,106.6794002,-6.1469549
4323059745,106.679917,-6.1470702
4323059746,106.6803589,-6.1470782
4323059747,106.6826599,-6.1471498
4323059748,106.6808675,-6.1470756
4323059749,106.6814073,-6.1471822
4323059750,106.6775677,-6.1472206
8547510311,106.660668,-6.1919459
4323059753,106.6776937,-6.1472237
4323059754,106.6764567,-6.1472765
7795419179,106.6263207,-6.1839636
4323059755,106.677508,-6.1473378
4323059756,106.6777174,-6.1472396
4323059758,106.6788089,-6.1473535
8547510314,106.6609368,-6.1919159
4323059761,106.6796574,-6.1473917
4323059762,106.6776178,-6.1474448
4323059764,106.6825933,-6.1474358
4323059765,106.6826982,-6.147441
4323059766,106.6809778,-6.1474512
4323059767,106.6825658,-6.1474591
4323059768,106.6827148,-6.1474559
4323059771,106.6825585,-6.1475704
4323059772,106.6827194,-6.1475781
4323059773,106.682577,-6.1475924
4323059775,106.682629,-6.1476159
4323059776,106.6867209,-6.1477064
10082232383,106.6275381,-6.169533
10082232384,106.62753,-6.1698637
4323059779,106.6825759,-6.1488494
8803100741,106.6811152,-6.1503286
9169447017,106.6776525,-6.1437683
9169447018,106.6777273,-6.1443442
5574928544,106.643992,-6.1974353
5574928545,106.6440848,-6.197574
860924078,106.6150975,-6.2103695
7231900484,106.6529248,-6.1792726
860924080,106.6150412,-6.2037956
860924083,106.6148576,-6.1999713
860924087,106.6147715,-6.1995296
13019949243,106.6749655,-6.1788016
860924093,106.6149627,-6.19478
2624760008,106.6279831,-6.2016803
2624760011,106.6279381,-6.201965
2624760014,106.6359468,-6.202265
2624760016,106.6349798,-6.2026489
2624760018,106.6280033,-6.2026915
2624760023,106.6351279,-6.2031184
2624760027,106.6284182,-6.2031995
2624760029,106.6291967,-6.2032159
2624760037,106.6293729,-6.2034803
2624760039,106.6352988,-6.2034957
2624760045,106.6348532,-6.2036929
2624760047,106.6340607,-6.2037177
2624760050,106.6295646,-6.203818
2624760053,106.6277743,-6.2037934
2624760058,106.6740576,-6.2038769
2624760059,106.6344337,-6.2039619
7133505787,106.6423408,-6.1997578
2624760067,106.6279159,-6.2043053
2624760069,106.6362994,-6.2042741
2624760073,106.6301107,-6.2043827
2624760076,106.6361848,-6.2044736
2624760077,106.6309523,-6.2045502
8523655436,106.6530391,-6.198359
2624760084,106.6359505,-6.2048814
2624760099,106.6403423,-6.2055212
2624760102,106.6295865,-6.2056551
2624760105,106.6281284,-6.205715
2624760110,106.6494845,-6.2061776
2624760111,106.6352403,-6.2062322
2624760121,106.6510866,-6.2063725
2624760125,106.6296541,-6.2064858
2624760127,106.6287209,-6.2069011
2624760128,106.6282016,-6.20659
2624760129,106.6287963,-6.2065434
2624760133,106.6494384,-6.2068934
2624760138,106.6561875,-6.2067847
13584345433,106.6077502,-6.1889161
7226960218,106.661302,-6.1670126
13584345435,106.6084651,-6.1892107
2624760156,106.6364658,-6.2070021
7226960220,106.661296,-6.1668223
13584345437,106.6084548,-6.1894917
860924255,106.6133344,-6.1929312
13584345436,106.6077275,-6.1894751
13584345434,106.6077618,-6.1892011
2624760165,106.6573991,-6.2070698
8523000166,106.5864964,-6.1401814
2624760170,106.6581498,-6.2071744
7226960236,106.6606808,-6.1667716
7226960237,106.6599928,-6.1669596
2624760175,106.6607529,-6.207354
7229450611,106.6413434,-6.1989553
2624760180,106.6359915,-6.2075261
2624760188,106.6343295,-6.2077588
2624760190,106.6356841,-6.2077888
2624760191,106.6736961,-6.207686
7229450624,106.6433014,-6.1994582
4386498945,106.5945139,-6.1946264
4386498946,106.5954039,-6.1954698
4386498947,106.5951607,-6.1936202
4386498948,106.5959648,-6.1928152
2624760197,106.673505,-6.2077154
7226960264,106.6668721,-6.1617157
2624760207,106.6734717,-6.2081024
2624760210,106.6409538,-6.208091
2624760216,106.6414319,-6.2083187
2624760218,106.6733682,-6.2085308
9726503323,106.6727898,-6.1511403
2624760226,106.6733032,-6.2086876
2624760233,106.648996,-6.2089878
8793926083,106.6781044,-6.1919819
8793926085,106.6791196,-6.1889034
8793926086,106.6828041,-6.1887894
8793926087,106.6823022,-6.1887585
2624760264,106.6483811,-6.2095572
2624760267,106.6471076,-6.2095711
2624760268,106.6466142,-6.2094534
2624760274,106.6619873,-6.2097326
2624760307,106.6601006,-6.2101197
7131671066,106.6718978,-6.175169
7131671067,106.6718363,-6.1753602
8509499943,106.5998751,-6.1966844
8581982761,106.6674559,-6.1943644
8509499947,106.5992515,-6.1965937
6555347504,106.6491924,-6.1701383
7229581898,106.6274811,-6.198232
7211100752,106.6284466,-6.1414195
7229581919,106.6320603,-6.2028754
7229319781,106.5911646,-6.1784643
8485120635,106.667967,-6.1487565
8487899239,106.6487335,-6.1761959
8485120648,106.6681638,-6.1494884
8485120650,106.6685639,-6.1486949
8485120651,106.6684887,-6.1488885
8487899240,106.6488133,-6.1760196
8487899241,106.6487128,-6.176033
8485120660,106.6684726,-6.1495633
2624760480,106.6702485,-6.2161647
8485776046,106.6831872,-6.1870527
9247959744,106.6167351,-6.1907854
9247959746,106.6166804,-6.1909865
8487217904,106.6345884,-6.1647557
8487217915,106.6344434,-6.165481
7238101787,106.6353969,-6.169248
7025503011,106.6476632,-6.1564235
11050461999,106.6066343,-6.1942718
11050462000,106.6067417,-6.1942786
7238101820,106.6410533,-6.1677139
7238101830,106.6345996,-6.1634163
12212677483,106.6563477,-6.1638298
12212677484,106.654685,-6.164225
12212677485,106.6546304,-6.1640349
7129312110,106.6387876,-6.1677502
12212677486,106.6546926,-6.1642515
12212677488,106.6510409,-6.1647377
12212677489,106.6483466,-6.1630259
12212677490,106.6477212,-6.1655412
12212677491,106.6476627,-6.1652623
12212677492,106.6477324,-6.1655756
860924807,106.6123206,-6.1917559
860924813,106.612287,-6.1901593
860924818,106.6131822,-6.1873287
10761317279,106.6172897,-6.1967701
12141243354,106.6683412,-6.1361332
12141243357,106.6693497,-6.1363305
12141243361,106.6707122,-6.1356598
12141243366,106.6718982,-6.1357933
5624081402,106.6266658,-6.1606195
8496393216,106.6680336,-6.1709275
10988858380,106.6644025,-6.1939796
8704666667,106.6594844,-6.194912
3652889674,106.6831841,-6.2115926
3652889681,106.6826643,-6.1990109
8549870681,106.6525322,-6.1504486
8549870682,106.6528795,-6.1504319
8549870683,106.6524961,-6.1507941
8549870684,106.6528952,-6.1507611
8552230025,106.6292153,-6.1462598
7120268501,106.6584897,-6.1740714
7120268502,106.6585634,-6.1740622
7120268504,106.6597023,-6.1738991
7120268505,106.6597753,-6.1738909
7120268506,106.660928,-6.1736383
7120268507,106.6610048,-6.1736322
7120268508,106.6671992,-6.1729017
7120268510,106.66642,-6.172633
7120268511,106.6707538,-6.1728903
12173749501,106.656688,-6.1772054
6292811008,106.6853356,-6.1413242
7134162193,106.6785327,-6.1741827
7134162194,106.6786235,-6.1742082
7134162195,106.6786956,-6.1734328
7134162199,106.6785134,-6.1733863
6919466264,106.653107,-6.1968184
8498752793,106.621048,-6.1571093
6919466267,106.6517193,-6.1942352
6919466268,106.6530427,-6.1975609
6919466269,106.6531478,-6.1963982
6919466270,106.6554502,-6.1961911
6919466271,106.6550429,-6.194431
6919466273,106.6530749,-6.1972009
8804281713,106.6011934,-6.1689303
6722203021,106.6140279,-6.1937725
13478178243,106.6804855,-6.1852076
13478178244,106.6804759,-6.1850721
8556031434,106.6648966,-6.1845088
8523001325,106.5856183,-6.1400937
11974913573,106.6242757,-6.1393883
11974913574,106.6242205,-6.138711
11974913579,106.6244903,-6.1386792
11974913580,106.623948,-6.1385393
5463780944,106.6330916,-6.1486355
8555900497,106.6624188,-6.1853881
8555900498,106.6621032,-6.185291
8555900496,106.6626046,-6.1854568
8503078486,106.6837156,-6.1817675
8850550363,106.6564385,-6.2068599
8850550375,106.6569637,-6.2069649
8850550381,106.655643,-6.2065872
11365822117,106.622688,-6.1815329
11365822119,106.6229813,-6.1815393
10801164002,106.6325976,-6.2093375
11384827651,106.5950646,-6.1757157
11384827655,106.5958746,-6.176261
8785407768,106.6207078,-6.1436069
8785407774,106.6209821,-6.1431124
12205207406,106.636042,-6.166037
8488136558,106.6494497,-6.167911
10038194031,106.5911016,-6.1893847
10038194032,106.5909816,-6.189444
10038194033,106.5907878,-6.1891393
10038194035,106.5910439,-6.189356
10038194036,106.5911687,-6.189414
12205207408,106.6371672,-6.1647076
8488136566,106.6495791,-6.1670876
8488136567,106.6495141,-6.1677223
10038194040,106.5938056,-6.1891534
10038194041,106.594508,-6.189182
10038194042,106.5947816,-6.1892153
10038194043,106.5965123,-6.1891267
10038194039,106.5938388,-6.1888587
12205207415,106.6351538,-6.1685292
12205207417,106.6341374,-6.1689937
12205207416,106.634253,-6.169301
8488136577,106.6494517,-6.1680863
8488136579,106.6494718,-6.168292
10274647956,106.6412725,-6.2026288
12138491803,106.6815963,-6.1474783
6917238707,106.6607782,-6.1787147
6917238709,106.6606473,-6.1787666
6917238710,106.6702768,-6.1776639
6917238712,106.6702176,-6.1770509
6917238713,106.6699426,-6.1776727
6917238714,106.669896,-6.177063
7122628539,106.6791497,-6.1911862
7122628540,106.679218,-6.1911487
7122628541,106.679009,-6.1909646
7122628542,106.678864,-6.1907156
7122628543,106.6789262,-6.1906782
7122628544,106.678796,-6.1904605
12949041101,106.5912702,-6.1653465
8793927673,106.674993,-6.1914206
8793927677,106.6750912,-6.1907382
6553382929,106.6277519,-6.1423829
8810311712,106.6267995,-6.1819342
6553382950,106.6321424,-6.1404558
8498884681,106.5883,-6.1482672
8502292559,106.6544561,-6.1874141
7129182296,106.6658314,-6.1962523
7229583454,106.6686308,-6.1951138
7229583455,106.6752478,-6.189653
7129182302,106.6650103,-6.1967473
7229583456,106.6751043,-6.190294
7129182309,106.6648692,-6.1968331
7129182310,106.6632047,-6.197407
7129182311,106.6630783,-6.1974113
8547381411,106.6800738,-6.1649303
7122628839,106.6554538,-6.1964311
8482762997,106.6306843,-6.1592776
8482763003,106.6309628,-6.1595287
6552423665,106.6168826,-6.1661313
6552423666,106.6167837,-6.1663236
8547512611,106.6187257,-6.1478898
12186595620,106.6810682,-6.1849347
6552423671,106.6140177,-6.1581915
6552423675,106.6132466,-6.1582915
8804151656,106.6027799,-6.1680636
6552423681,106.6145729,-6.1538127
8502423929,106.6753155,-6.1496393
8502423932,106.6748563,-6.1492285
8502423937,106.6744371,-6.1492259
8496001420,106.6182726,-6.1866553
8496001430,106.6179236,-6.1863621
7231811993,106.6576003,-6.1834535
8496001437,106.6175927,-6.1862092
8519594408,106.646795,-6.1532407
8519594411,106.6462035,-6.1532194
3799036357,106.6186812,-6.1973554
3799036359,106.6190433,-6.1981819
8218128843,106.6759412,-6.1905605
3799036364,106.6187603,-6.1973866
8509239756,106.6589796,-6.1793788
8218128844,106.6758808,-6.1905553
3799036369,106.6190358,-6.1961786
8509239768,106.6592189,-6.1803846
3799036377,106.6189424,-6.1960793
3799036384,106.6191295,-6.1952847
3799036388,106.6199825,-6.1978569
3799036391,106.6203443,-6.198017
8814244330,106.6660519,-6.1545894
3799036396,106.6197774,-6.1994409
3799036398,106.6187936,-6.1973172
3799036400,106.6187006,-6.1972848
3799036406,106.6189996,-6.1961972
3799036409,106.621288,-6.1983452
3799036410,106.6205611,-6.2012527
3799036412,106.6189304,-6.1990587
3799036415,106.6190545,-6.1961158
3799036416,106.6213668,-6.1958619
8503472748,106.5937543,-6.1780862
8503472761,106.5937073,-6.1783922
12184105601,106.6750483,-6.1761025
12184105602,106.6751583,-6.1761364
5442286219,106.6457811,-6.1576222
6849081997,106.6505655,-6.2012957
8502817433,106.665671,-6.1846275
8536240795,106.6585805,-6.1651096
8536240798,106.6579702,-6.1647971
8548037292,106.6722149,-6.1867934
8803234481,106.6739725,-6.151898
7225127603,106.6598683,-6.1853748
860926653,106.6185985,-6.1846857
8548299456,106.6736469,-6.1878476
8548299457,106.6735728,-6.1881593
860926662,106.6165738,-6.1856442
860926663,106.6154198,-6.1857287
860926665,106.6142279,-6.185633
860926689,106.606312,-6.1878551
860926704,106.5948975,-6.1893014
860926710,106.591892,-6.1889245
860926715,106.5903722,-6.1902795
8788030258,106.6090306,-6.1790628
3024532327,106.649031,-6.2020949
7287649151,106.5966115,-6.1701117
7146615713,106.6137474,-6.196177
7801582504,106.651725,-6.1794173
8407397289,106.6281348,-6.190306
7801582513,106.6521113,-6.1787742
8407397299,106.6277969,-6.1887647
7801582520,106.6522951,-6.1787128
7801582521,106.6519187,-6.1796321
8407397305,106.6285291,-6.1888927
7801582527,106.6524847,-6.1795256
7801582528,106.6444004,-6.1756249
8547513288,106.6223342,-6.1477882
11082183628,106.5923931,-6.1774575
8555770847,106.6784129,-6.1779663
8555770859,106.6787561,-6.1778343
5011846131,106.6778053,-6.1632943
7229322257,106.6773963,-6.1619695
7229322263,106.6765581,-6.1628167
7229322275,106.6734434,-6.1611309
7229322280,106.6736251,-6.1615402
6734525543,106.6740841,-6.1930967
8502424708,106.681315,-6.1448003
7128790176,106.6600209,-6.1923459
7128790177,106.6603602,-6.1924259
7128790178,106.6602181,-6.1924409
7128790179,106.6598761,-6.1924712
7128790184,106.6602653,-6.1926076
10302131669,106.6274334,-6.1757478
10302131670,106.6273776,-6.1758168
10053268911,106.6196483,-6.1962964
10053268912,106.6197838,-6.1963337
6520223162,106.660898,-6.1432509
6520223177,106.6618261,-6.1459644
6520223178,106.661195,-6.1457926
6520223181,106.6627817,-6.1477464
8503473617,106.5974705,-6.1763259
6332265985,106.6822337,-6.1750316
6332265988,106.6828397,-6.1724027
6332265989,106.6829136,-6.1718197
6332265990,106.6825429,-6.1723568
6332265991,106.6826407,-6.1717497
6332266000,106.6746122,-6.175441
9113351701,106.6103599,-6.1855963
9113351702,106.6099642,-6.1856528
9113351703,106.6074808,-6.1870987
6332266008,106.6744217,-6.1741183
6332266012,106.6728835,-6.172941
6332266015,106.6739818,-6.1732223
6332266017,106.669744,-6.174841
6332266022,106.6764828,-6.1845705
6332266023,106.6760646,-6.1845342
6332266024,106.6764158,-6.1845647
6332266031,106.6758957,-6.1901835
6332266032,106.6755094,-6.1900073
6332266036,106.675787,-6.1901773
6332266042,106.6655731,-6.188382
6332266047,106.6658638,-6.1878107
6332266051,106.6658605,-6.1876101
318682708,106.6360797,-6.1681939
9110730328,106.6164209,-6.1857565
9110730330,106.6221938,-6.1848695
8552494717,106.632299,-6.1390054
8536329731,106.6630778,-6.1526062
8536329732,106.6627702,-6.152598
4695570056,106.6340632,-6.1348777
4695570060,106.6337028,-6.1354086
4695570063,106.6339996,-6.1350631
8549873304,106.6551822,-6.1521433
8549873305,106.655437,-6.152094
8549873306,106.6538224,-6.1523767
8804152988,106.6021053,-6.1682557
4695570077,106.6344704,-6.1368732
4695570078,106.6342191,-6.1360942
4695570079,106.6346942,-6.1374559
8804152990,106.60164,-6.1681903
7226832670,106.6283869,-6.1886127
5460637486,106.6514493,-6.1507166
5460637487,106.6511978,-6.150747
5460637489,106.6509001,-6.1502939
5460637490,106.6517212,-6.1484288
5460637496,106.652943,-6.1512976
5460637497,106.6528898,-6.1506145
5460637498,106.6528405,-6.1498567
5460637500,106.6525342,-6.1496112
7238104895,106.6517799,-6.1698657
5460637503,106.652069,-6.1492311
5460637504,106.6518884,-6.1491694
7238104899,106.6523947,-6.1695117
5460637508,106.6515742,-6.1489227
5460637514,106.6532362,-6.1476592
5460637516,106.6510865,-6.1480112
9651009405,106.6841552,-6.1928328
6917240706,106.6606574,-6.1773406
4695570328,106.6347038,-6.1344678
8488138701,106.6498634,-6.1725903
8509241306,106.6464095,-6.1859301
8509241307,106.646115,-6.1859074
8509241308,106.6464168,-6.1863087
8509241309,106.6464141,-6.1854888
8535586780,106.6641181,-6.1708549
8535586779,106.6638337,-6.170965
8934438901,106.6262418,-6.1680397
8934438902,106.6261755,-6.168231
6917896225,106.6840586,-6.1861372
6917896226,106.6831299,-6.1807045
4956403760,106.5927515,-6.1706481
4956403765,106.5926669,-6.1714982
4956403766,106.5926845,-6.172075
11953289274,106.598644,-6.1835968
11953289275,106.5981005,-6.1836382
6310508610,106.6163921,-6.1576608
6310508614,106.6153523,-6.1706163
9201825868,106.6243516,-6.1915035
6310508621,106.6175508,-6.167237
6310508622,106.6027598,-6.1578861
13485389903,106.605489,-6.151762
13485389913,106.6069977,-6.151166
13485389914,106.6071138,-6.1505755
8484730980,106.6643081,-6.1462224
8484730983,106.663972,-6.1461644
6310508659,106.6103189,-6.1660963
6310508684,106.6032701,-6.1510386
5424199971,106.6414051,-6.1982829
5424199972,106.6408566,-6.1981669
8509241660,106.6088162,-6.1900766
6317324607,106.626828,-6.15393
8509503875,106.6052958,-6.1632823
5442288023,106.6461478,-6.1570947
5442288024,106.6459568,-6.1567894
5442288025,106.6545961,-6.1582105
5442288027,106.6566816,-6.1583208
5442288031,106.6550991,-6.1560781
5442288035,106.6547615,-6.1556194
5442288036,106.6547752,-6.1567085
5442288037,106.6538572,-6.1555661
5442288042,106.6569337,-6.1567221
5442288043,106.6533221,-6.1572322
5442288046,106.6537907,-6.1594719
5442288047,106.6525121,-6.152774
11961809328,106.6089436,-6.1481605
5442288050,106.6522908,-6.1533407
5442288054,106.6529567,-6.1542241
7129315767,106.6386196,-6.176181
5442288055,106.6540624,-6.1532447
5442288058,106.6542465,-6.153301
5442288060,106.6543125,-6.1540821
5442288061,106.6477418,-6.1546927
8503998911,106.6413032,-6.1933992
5442288064,106.6509309,-6.1637956
8503998913,106.6409063,-6.193213
8487877061,106.6489085,-6.1759623
8487877062,106.6493545,-6.1758555
5442288070,106.651057,-6.1648543
5442288074,106.6502336,-6.1603502
5442288076,106.6503288,-6.1622523
5442288078,106.6520186,-6.1631623
5442288082,106.6557156,-6.1622212
5442288083,106.6549512,-6.1622046
5442288084,106.6557019,-6.161724
5442288085,106.654978,-6.1616825
5442288086,106.6549624,-6.1619781
5442288087,106.6536204,-6.1619129
12662389215,106.6277258,-6.1942805
5442288096,106.6549386,-6.1625662
5442288097,106.6551259,-6.1641356
12662389218,106.6276909,-6.1935685
7131937258,106.6441611,-6.1785675
7221721580,106.6619622,-6.1968604
7131937261,106.6446722,-6.1765712
5442288110,106.6535364,-6.1592879
5442288109,106.6534992,-6.1593789
5442288111,106.6528722,-6.1641508
5442288113,106.6528327,-6.1637554
5442288114,106.6532997,-6.164579
5442288119,106.6536698,-6.1645076
5442288121,106.6529023,-6.1646494
5442288124,106.6520794,-6.1641595
5442288125,106.6516283,-6.1641362
5442288126,106.6521097,-6.1647982
5442288128,106.6520823,-6.1637658
5442288129,106.6520779,-6.1624655
5442288132,106.6519409,-6.1624683
5442288135,106.6476452,-6.1642943
5442288137,106.6484874,-6.1628723
5442288139,106.648529,-6.1641116
5442288140,106.648702,-6.165409
5442288141,106.6480951,-6.1637504
5442288142,106.6481354,-6.1627496
5442288143,106.6486483,-6.1613209
5442288144,106.6492532,-6.1613536
5442288147,106.6458341,-6.1644559
5442288150,106.6469858,-6.1642786
5442288151,106.646115,-6.1657543
5442288160,106.6457414,-6.1639586
5426166309,106.6118243,-6.1752623
5442288165,106.6458454,-6.1626309
5426166315,106.6122562,-6.175377
5426166316,106.6124091,-6.176481
5442288173,106.6450658,-6.1626178
8484862509,106.6685383,-6.1468791
5426166319,106.612337,-6.1773246
5620939313,106.5970239,-6.188686
8484862514,106.6682062,-6.1476108
5620939314,106.5964886,-6.1887153
5620939315,106.5972814,-6.1883235
5620939316,106.596989,-6.1868248
5442288177,106.6447088,-6.1625854
5442288184,106.6447671,-6.1608225
5442288185,106.6440564,-6.1607422
5442288187,106.6442442,-6.1607449
5442288188,106.6447641,-6.1607408
5442288191,106.644271,-6.1596642
5442288192,106.6442844,-6.1594569
9682074179,106.6131173,-6.193539
5442288197,106.6442838,-6.1586428
5442288203,106.6447573,-6.1582969
5442288211,106.6441356,-6.1586402
5442288218,106.6447579,-6.1586281
5442288219,106.6440591,-6.1580609
5442288220,106.643102,-6.157902
5442288221,106.6446968,-6.1579363
5442288222,106.6440632,-6.157929
5442288224,106.6473891,-6.1615158
5442288225,106.6457592,-6.1614638
5442288228,106.6462747,-6.161341
7180696168,106.6743294,-6.2045391
5442288237,106.6447598,-6.1618859
5442288240,106.6447565,-6.1589049
5442288245,106.6465847,-6.1596808
5442288250,106.6469767,-6.1577648
5442288251,106.6465976,-6.1577622
5442288255,106.6485832,-6.157704
5442288259,106.6449143,-6.1558249
5442288260,106.6452953,-6.1558248
5442288264,106.6469896,-6.1558408
5442288265,106.646613,-6.1558375
5442288266,106.6474281,-6.1558423
5442288267,106.6481897,-6.1558521
5442288268,106.6478023,-6.155846
5442288271,106.6477458,-6.1548127
5442288276,106.6449134,-6.1547827
5442288278,106.6465348,-6.153802
5442288282,106.6462585,-6.1540112
5442288285,106.6462049,-6.1546834
5442288291,106.6477645,-6.1531953
5442288292,106.6477461,-6.1529319
5442288293,106.6521966,-6.1517285
5442288297,106.6514768,-6.1533181
5442288299,106.6514334,-6.1530243
5442288303,106.6512503,-6.151865
5442288304,106.6516883,-6.1517951
5442288305,106.6513386,-6.1518513
5442288306,106.6510248,-6.15247
5442288307,106.6505467,-6.1525508
5442288308,106.6506936,-6.1545067
5442288310,106.6504686,-6.1520995
8552364730,106.6777479,-6.1808453
8552364731,106.6781026,-6.1809472
5442288316,106.6495302,-6.152494
9110862529,106.6105607,-6.1777441
6994180814,106.6415124,-6.1403294
8226388730,106.6647542,-6.1479062
8226388732,106.6639376,-6.1466371
8226388733,106.6639799,-6.1461164
8226388734,106.6639517,-6.1462871
8226388735,106.6655369,-6.145475
8789211904,106.6067717,-6.1895622
8226388736,106.6658328,-6.1452092
8226388737,106.6655556,-6.1451697
8226388739,106.665777,-6.1454844
8499542784,106.6423157,-6.1681076
8226388742,106.6657663,-6.1462217
8226388743,106.6655441,-6.1462111
8226388744,106.665502,-6.1467685
8226388746,106.6651788,-6.1461177
8226388747,106.6646035,-6.1461231
8499542795,106.6408861,-6.1634846
8499542799,106.6422661,-6.1625943
8226388752,106.6642903,-6.1466755
8499542803,106.6428548,-6.1631583
8484862751,106.6622284,-6.1515113
8484862752,106.6625338,-6.1515413
5442288428,106.6449865,-6.1529013
5442288429,106.6448262,-6.1522553
11740035898,106.5904216,-6.2040466
10056678207,106.6192305,-6.1468358
10056678209,106.6198157,-6.1465921
9651141471,106.6833111,-6.1762874
8902851454,106.6248679,-6.1907493
7801846670,106.6396643,-6.2103172
8498756521,106.6510527,-6.2057779
13457603498,106.6084047,-6.2050587
8495872947,106.6230773,-6.1702358
8495872948,106.6231379,-6.170605
7232207797,106.6642092,-6.1604956
12617563061,106.5936329,-6.1349664
7232207801,106.6612789,-6.1585728
7232207803,106.660603,-6.1590362
7232207804,106.6614183,-6.1590222
7320419270,106.6531386,-6.199229
7129578448,106.6410406,-6.2019028
8785542193,106.6481204,-6.1630249
8785542197,106.6476955,-6.1627746
8482372661,106.6265564,-6.1852181
8482372665,106.6260628,-6.1849555
7123156035,106.6614928,-6.1790684
7120403600,106.6568085,-6.1740192
7120403601,106.656791,-6.1739412
13361290631,106.6313819,-6.1814329
4310875319,106.5868033,-6.1266345
8485387452,106.6170754,-6.176709
8485387455,106.6174335,-6.1767476
8485387456,106.6167971,-6.1763836
8485387460,106.6174552,-6.1764291
6551944405,106.5991318,-6.1584294
6551944409,106.5976824,-6.1568721
10170449115,106.6658178,-6.1783325
8498887902,106.6451099,-6.1572788
6551944415,106.5993031,-6.1533584
6551944422,106.599574,-6.1569754
6551944423,106.5991936,-6.1569659
6551944424,106.6002104,-6.1555528
6551944427,106.6114622,-6.1494405
6551944428,106.6101061,-6.1503223
6551944429,106.6094345,-6.1488112
6551944430,106.6094996,-6.1485756
6551944431,106.6083106,-6.1486739
6551944438,106.6008219,-6.1500939
6551944439,106.6009742,-6.1493592
6551944440,106.6013959,-6.1503446
8496659705,106.6112718,-6.2003402
6551944445,106.6019815,-6.1501785
5620940123,106.5964419,-6.1879341
5620940124,106.5965174,-6.1891975
5620940126,106.5905061,-6.1863501
5620940130,106.5910081,-6.1869516
5620940131,106.5922603,-6.1885607
5620940132,106.5922737,-6.188922
5620940133,106.5882504,-6.1906993
5620940137,106.5874538,-6.1915553
5620940139,106.5882262,-6.1913886
5620940140,106.588844,-6.1918495
5620940143,106.5881761,-6.1924976
5620940144,106.5857935,-6.1968644
6537395570,106.6531967,-6.1474935
5620940153,106.5946797,-6.1809502
5620940154,106.5917427,-6.1856219
5620940155,106.5915891,-6.1860841
5620940156,106.5904123,-6.1856728
5620940158,106.5933787,-6.1793738
5620940159,106.5934258,-6.1791954
5620940160,106.5932711,-6.1797331
5620940162,106.5877864,-6.1956724
5620940165,106.587035,-6.195476
5620940166,106.5869039,-6.1954671
5620940167,106.5873223,-6.1946511
5620940168,106.5872043,-6.1945978
5620940172,106.5867608,-6.1940807
5620940173,106.5858257,-6.1948004
5620940175,106.5861346,-6.1945552
2038611344,106.6316303,-6.1778978
5620940178,106.5925899,-6.185663
2038611347,106.6325096,-6.1786136
5620940179,106.5925996,-6.1861234
2038611349,106.631639,-6.1786706
2038611350,106.6334838,-6.1786848
5620940183,106.5856857,-6.1914916
5620940181,106.5868181,-6.1918112
5620940185,106.585266,-6.1913683
5620940182,106.5854073,-6.1925392
5620940184,106.5848386,-6.1927552
2038611356,106.6316099,-6.1789972
6919470491,106.6536941,-6.190113
2038611365,106.6304057,-6.1791642
2038611370,106.633403,-6.1792892
2038611375,106.6319308,-6.1799126
2038611376,106.6326834,-6.1799171
5620940211,106.5853774,-6.1791013
2038611382,106.6309674,-6.1799962
2038611386,106.6305166,-6.1800776
2038611387,106.6319954,-6.1803351
2038611395,106.640357,-6.1815527
6919732678,106.6055211,-6.1920639
2038611403,106.6416265,-6.1816617
2038611405,106.6421746,-6.1817251
2038611423,106.6390423,-6.1832058
2038611429,106.6403597,-6.1832091
2038611433,106.6421785,-6.1832175
8552234474,106.6292153,-6.1458975
2038611437,106.6334688,-6.1835358
8496266734,106.6144569,-6.1814029
8496266735,106.6138709,-6.1814115
2038611441,106.6403644,-6.1838778
2038611442,106.6317034,-6.1839178
2038611446,106.6421782,-6.184934
2038611451,106.6403624,-6.1851685
2038611461,106.6390474,-6.1854853
2038611463,106.6403863,-6.1855408
2038611467,106.6390382,-6.1858698
5426167324,106.6071231,-6.1782253
5426167328,106.6069816,-6.1790296
5426167330,106.6047862,-6.1754775
5426167333,106.6052657,-6.175703
5426167334,106.6024031,-6.1670796
5426167337,106.6028979,-6.1672129
5426167339,106.6116205,-6.1789223
5426167341,106.6117667,-6.177317
5426167343,106.6125311,-6.1773916
5426167345,106.6125137,-6.1778483
5426167348,106.6106482,-6.1737863
5426167350,106.6106214,-6.1742237
5426167351,106.6105886,-6.1749638
5426167352,106.6109097,-6.1649863
5426167354,106.6073289,-6.1645183
5426167355,106.607007,-6.1644166
5426167356,106.6062386,-6.1636123
5426167359,106.6061722,-6.1638966
5426167362,106.6055509,-6.1638543
5426167364,106.6050735,-6.1636092
5426167365,106.6019458,-6.1667636
5426167366,106.6018908,-6.166577
5426167372,106.6017066,-6.1644194
5426167373,106.6009319,-6.1651663
5426167374,106.6004972,-6.1651273
5426167375,106.6005671,-6.164793
5426167377,106.6004828,-6.1652356
5426167380,106.600584,-6.1655246
5426167381,106.5954106,-6.1780252
5426167385,106.5954228,-6.1773179
5426167387,106.5957087,-6.1773373
5426167388,106.5956595,-6.1777534
5426167389,106.5953794,-6.1778646
5426167390,106.5956343,-6.1783113
5426167394,106.5951766,-6.1760764
5426167396,106.595172,-6.1763811
5426167397,106.5954535,-6.1763927
8488140389,106.6516208,-6.1740115
7229718119,106.6697205,-6.1805956
5426167400,106.5955308,-6.1764698
5426167401,106.5958693,-6.1764489
5426167402,106.5960053,-6.176455
5426167404,106.5960258,-6.176746
5426167405,106.5968969,-6.1776538
5426167408,106.6079028,-6.1713034
5426167410,106.6110941,-6.1645843
7229718132,106.6713352,-6.1798749
5426167414,106.6105744,-6.1654556
5426167416,106.6104805,-6.165661
5426167417,106.604699,-6.173641
5426167418,106.6052724,-6.173627
9994026645,106.6346638,-6.1778351
9994026646,106.6338724,-6.1778883
7847984806,106.6620956,-6.1981347
8498888377,106.6447901,-6.1571572
8498888378,106.6441074,-6.1571715
5460639422,106.6491795,-6.1484372
5460639425,106.6500646,-6.1481825
5460639426,106.6501215,-6.1484438
5460639427,106.6501768,-6.1487812
5460639429,106.6502764,-6.1503833
5460639431,106.6504496,-6.1519766
5460639434,106.6485733,-6.1515993
5460639447,106.6319865,-6.1365118
5460639450,106.6319241,-6.1373466
8979398395,106.6189463,-6.1562581
7131545340,106.6495812,-6.1830136
8979398396,106.618881,-6.1561872
7029178115,106.5978946,-6.1837388
5631688460,106.6029212,-6.2005304
5631688461,106.6028698,-6.2008895
5631688464,106.598137,-6.2009948
5631688465,106.6063144,-6.197953
5631688470,106.5987791,-6.2028937
5631688471,106.5988095,-6.2031061
5631688472,106.5961468,-6.2056079
5631688475,106.5986797,-6.2023429
5631688476,106.5990812,-6.2061785
5631688477,106.5990302,-6.2070104
5631688478,106.6077428,-6.2009621
5631688479,106.608261,-6.2011415
5638821601,106.6579114,-6.1828982
5638821602,106.6576407,-6.1825457
5638821603,106.6575667,-6.1829889
6520225586,106.656986,-6.1461297
6520225589,106.6500447,-6.1480176
6520225590,106.6500472,-6.1480445
6520225591,106.6500566,-6.1481445
11968233283,106.6315772,-6.1836337
5426167631,106.6062312,-6.1723484
5426167636,106.6051999,-6.1723017
5426167637,106.6028094,-6.1716623
5426167641,106.6057532,-6.167023
5426167646,106.6063875,-6.1671496
5426167647,106.6066973,-6.1679168
5426167651,106.6065018,-6.167491
5426167652,106.606409,-6.1674543
5426167655,106.6063687,-6.1668543
5426167656,106.6093168,-6.1698308
5426167657,106.6092306,-6.1692436
5426167668,106.6093147,-6.1712096
5426167669,106.6122736,-6.1737037
5426167672,106.6120537,-6.1732477
5426167673,106.612063,-6.173697
5426167675,106.6118977,-6.1737021
5426167676,106.6117559,-6.1728877
5426167677,106.6117327,-6.1736871
5426167678,106.6110223,-6.1736717
8775188347,106.6646022,-6.1994522
7231815552,106.5987459,-6.1439529
5426167683,106.6066772,-6.1722397
5426167684,106.6071331,-6.172269
5426167685,106.6108936,-6.176393
5426167686,106.6105878,-6.1763583
5426167687,106.6113791,-6.176993
5426167688,106.6113516,-6.1777663
5426167689,106.6105784,-6.1769009
7231815558,106.5968831,-6.1434024
5426167692,106.6112638,-6.1789199
8793931660,106.6772561,-6.1931847
8793931662,106.6769895,-6.1915952
8793931661,106.6769886,-6.1919192
5426167698,106.6112933,-6.1796783
12182929301,106.6768743,-6.1822142
5426167703,106.6083649,-6.178957
5426167704,106.608318,-6.1789343
5426167705,106.6089584,-6.1786369
5426167709,106.6089456,-6.1794599
5426167710,106.6087747,-6.1794463
5426167712,106.6094747,-6.1795209
5426167713,106.6099977,-6.1796676
5426167714,106.6099763,-6.1791996
5426167715,106.6099655,-6.1787733
5426167716,106.6094452,-6.1787689
5426167717,106.6103724,-6.1787797
5426167718,106.6103411,-6.1796676
5426167720,106.610449,-6.1777616
5426167721,106.6101365,-6.176009
5426167725,106.6095455,-6.1711853
5426167727,106.6097655,-6.1711671
5426167728,106.6126464,-6.171557
5426167729,106.6112798,-6.1715138
5426167730,106.6108058,-6.172063
5426167731,106.6113206,-6.1720193
11957616560,106.6351656,-6.191044
5426167733,106.6083589,-6.169953
5426167735,106.6079479,-6.1700124
5426167737,106.6079941,-6.170395
5426167740,106.6101795,-6.1692883
5426167744,106.6098321,-6.1711616
5426167745,106.610429,-6.1763297
5426167751,106.6111089,-6.1750009
5426167753,106.6104698,-6.1749583
5426167754,106.6104645,-6.175001
5426167755,106.6104122,-6.1757543
5426167756,106.6101359,-6.1757756
5426167757,106.6101466,-6.176301
8496005070,106.6372903,-6.1952431
5426167759,106.6099012,-6.176301
8496005073,106.6369848,-6.1944531
5426167764,106.6100568,-6.1774223
5426167768,106.6090006,-6.1761476
5426167769,106.6096563,-6.1761659
5426167770,106.6090536,-6.1763849
5426167772,106.6096545,-6.1763823
5426167773,106.6096544,-6.1760023
5426167774,106.6096558,-6.175885
5504548831,106.6747165,-6.2064202
5426167778,106.6063841,-6.1770776
5426167780,106.6063298,-6.1768543
5426167783,106.6058651,-6.1768516
5426167787,106.6066416,-6.1776276
5426167788,106.6068405,-6.178158
5426167789,106.6060113,-6.1781789
5426167790,106.6060401,-6.1786396
5426167791,106.6060469,-6.1784463
8482242542,106.622529,-6.1847901
5504548845,106.6712161,-6.2096733
5426167796,106.6058806,-6.1770683
5426167798,106.6059878,-6.1773423
5426167799,106.6061844,-6.1773669
5426167800,106.6062145,-6.1776435
5426167801,106.6062587,-6.1779163
5426167802,106.6068482,-6.1778926
5426167805,106.606773,-6.1784143
5426167806,106.6066141,-6.1790063
5426167810,106.5937476,-6.1763556
5426167815,106.5955965,-6.1767453
5426167817,106.5963561,-6.1767357
5426167818,106.5965666,-6.1767383
5426167820,106.596986,-6.1768626
5426167821,106.6014113,-6.172545
5426167829,106.6050786,-6.1747316
5426167835,106.6044992,-6.1760543
5426167836,106.6047181,-6.1761513
5504548892,106.6678177,-6.2135037
7137443870,106.6765372,-6.183584
5426167839,106.6041264,-6.1758356
7137443868,106.6763901,-6.1845624
7137443872,106.6774367,-6.1796095
7137443871,106.6765969,-6.1835913
7137443873,106.6775341,-6.1785453
5426167844,106.6032869,-6.175513
7137443874,106.6775937,-6.1785592
7137443875,106.6776145,-6.1785637
7137443876,106.6772351,-6.1784816
5426167864,106.603259,-6.1744577
5426167866,106.6036852,-6.174043
5426167872,106.6035819,-6.1714117
5426167874,106.6037334,-6.1716143
5426167876,106.6041183,-6.1716997
10000842821,106.6183431,-6.1896989
10000842822,106.6186774,-6.1897731
5426167879,106.6025949,-6.1712716
5426167882,106.6022636,-6.171761
5426167887,106.6017449,-6.1715107
5426167889,106.5999425,-6.1746811
5426167895,106.6004166,-6.173148
5426167896,106.5994459,-6.174161
5426167899,106.5974102,-6.1749716
5426167902,106.5974262,-6.1754036
5426167903,106.5974427,-6.1736215
5426167906,106.5980405,-6.173385
5426167910,106.5974983,-6.1733304
5426167912,106.5975683,-6.1728963
5426167913,106.5973679,-6.1739603
5426167914,106.5983601,-6.1732386
5426167916,106.5985876,-6.1732997
3728654446,106.6520563,-6.1978893
5426167920,106.5989947,-6.173893
5426167921,106.5983248,-6.1734543
3728654449,106.6510192,-6.1976627
3728654452,106.6515558,-6.1966747
3728654453,106.6519759,-6.1967053
3728654454,106.6513573,-6.1970151
5426167926,106.5988917,-6.172613
5426167928,106.5994882,-6.1727534
5426167929,106.5974209,-6.1716423
12951142518,106.5860393,-6.157978
3728654459,106.6511648,-6.1973937
5426167931,106.5973693,-6.172321
5426167933,106.5975369,-6.1723376
5426167934,106.5969663,-6.1727824
5426167935,106.5974712,-6.1728749
5426167936,106.5984099,-6.1729951
5426167938,106.5993297,-6.173194
5426167940,106.5986547,-6.174522
5426167943,106.5983902,-6.174975
5426167944,106.5994459,-6.17732
5426167945,106.5993792,-6.1778643
5426167949,106.598811,-6.1778536
8811495566,106.5929543,-6.1504926
5426167952,106.5986178,-6.1787203
8811495571,106.5934011,-6.152278
5426167955,106.5977981,-6.1780496
5426167956,106.5978082,-6.1772867
5426167958,106.5974987,-6.1780351
5426167959,106.5975063,-6.1776566
5426167957,106.5975196,-6.1772994
5426167960,106.5971097,-6.1776516
8811495575,106.5926345,-6.1522086
5426167964,106.596928,-6.1780228
5426167966,106.5980213,-6.1780366
5426167969,106.5980069,-6.177291
5426167973,106.596993,-6.1775403
5426167974,106.596635,-6.1772656
7889010855,106.6823048,-6.1619788
5426167975,106.5996324,-6.1723657
5455991709,106.6194056,-6.1885153
5426167996,106.6006724,-6.1726603
5426167998,106.6013261,-6.1720304
5426168000,106.6019284,-6.171315
5426168001,106.6018787,-6.170873
5426168002,106.602167,-6.1709437
5426168003,106.6025439,-6.171009
5426168005,106.6027,-6.1704814
5426168006,106.6004277,-6.1669183
5426168007,106.5998979,-6.1669703
5426168010,106.5981363,-6.1675676
5426168014,106.6020772,-6.168525
5426168019,106.6015864,-6.168717
5426168021,106.6021121,-6.1681156
5426168028,106.6000367,-6.169249
7229325532,106.5942337,-6.1852982
6919471329,106.6011733,-6.2079848
5426168034,106.5998939,-6.168805
5426168035,106.6002928,-6.168717
5426168036,106.600208,-6.1682887
6919471331,106.6009946,-6.2082415
6919471330,106.600431,-6.2079088
5504549095,106.6683294,-6.2100062
5504549096,106.6688722,-6.2097009
5504549097,106.6691661,-6.2098445
5426168041,106.6007334,-6.1693474
5504549100,106.6694394,-6.2105453
5426168045,106.6003261,-6.1686421
6563479790,106.6346831,-6.1781484
5426168047,106.6021985,-6.1702163
5426168049,106.6009409,-6.1706186
6563479795,106.6339657,-6.178206
6563479798,106.6337796,-6.177683
5504549111,106.670024,-6.209662
5504549110,106.669813,-6.2095342
5504549112,106.6696548,-6.2102264
5504549114,106.6692441,-6.2097216
5504549115,106.6690988,-6.2099347
5426168061,106.6012553,-6.1698263
5426168064,106.6012551,-6.1692957
5504549123,106.6732307,-6.2099948
10241884419,106.6586289,-6.1774995
10241884420,106.6586301,-6.1776556
5426168070,106.6027363,-6.1677663
10241884423,106.6584659,-6.1779483
5426168072,106.6021295,-6.1676596
5426168073,106.601125,-6.167541
5426168074,106.6011436,-6.1673558
5426168076,106.6008782,-6.167785
5426168077,106.6000307,-6.1673876
5426168078,106.6006073,-6.1673789
5426168081,106.6005966,-6.1677343
5426168082,106.6001089,-6.1677373
5426168084,106.6015347,-6.1698844
5426168085,106.6015581,-6.169337
5426168087,106.6016346,-6.1689664
5426168090,106.6015877,-6.168761
5504549148,106.6745697,-6.2098685
5426168094,106.6016333,-6.1675956
5426168095,106.6016406,-6.1674201
5426168096,106.6019109,-6.1674623
5426168110,106.5997897,-6.1666471
5426168111,106.5981644,-6.1694324
5426168112,106.5980953,-6.1694403
5426168113,106.5994459,-6.1668889
5426168114,106.5998341,-6.166779
5426168115,106.5993789,-6.1660436
5426168116,106.5995124,-6.1664859
5426168117,106.5990557,-6.1661383
8793932085,106.6711068,-6.1893792
8484733236,106.6649321,-6.1463977
5426168120,106.5997117,-6.1664156
5426168121,106.6010016,-6.1659689
5426168122,106.5995825,-6.1660294
5426168123,106.5982005,-6.1662559
8793932084,106.6711266,-6.1895073
5426168125,106.5980959,-6.1661115
5426168126,106.5977669,-6.1651757
8793932090,106.6708638,-6.1896747
5426168130,106.598125,-6.1651809
5426168131,106.5971621,-6.165141
5426168136,106.5968543,-6.166177
5426168137,106.5967899,-6.165761
8485781834,106.5976073,-6.1353171
5426168139,106.5971215,-6.1654133
5426168142,106.5981384,-6.165567
5426168145,106.5994469,-6.1649888
5426168146,106.6000793,-6.1650626
5426168150,106.6001353,-6.1648223
5426168152,106.5994873,-6.1646618
5426168153,106.6008058,-6.1655156
5426168157,106.6032252,-6.1667676
5426168158,106.6079144,-6.1674343
5426168159,106.6078976,-6.1671372
5504549240,106.6759995,-6.2097556
5504549244,106.6760418,-6.2099196
5504549250,106.6757992,-6.2098387
5504549251,106.6760519,-6.2101136
5504549262,106.6752116,-6.2106595
8488927635,106.6251428,-6.1685397
8488927636,106.6251779,-6.1681695
5504549270,106.6757789,-6.2098849
5504549271,106.6758875,-6.2096663
8785674650,106.6256619,-6.1669077
5504549281,106.6749769,-6.2086477
5504549286,106.6704888,-6.2087692
5504549288,106.6703031,-6.2091672
5504549291,106.6721445,-6.2093276
5504549294,106.6722062,-6.209085
5504549295,106.6729627,-6.2096648
5504549299,106.6730814,-6.2095115
5504549302,106.6710099,-6.2101155
6317543489,106.6779897,-6.1778923
5504549328,106.6728425,-6.2098242
5504549330,106.6746185,-6.2093739
12058280405,106.6700551,-6.1396787
5504549334,106.6744002,-6.2096701
6317543492,106.6780293,-6.1776796
5504549339,106.6732067,-6.2093491
5504549340,106.6725379,-6.2103762
5504549346,106.671413,-6.2098354
5504549364,106.6719192,-6.2089377
5504549373,106.6714915,-6.2087714
7132463617,106.6521481,-6.1916184
7132463618,106.6521475,-6.1920433
7132463619,106.6522627,-6.1917957
7132463621,106.6519712,-6.1917951
7132463622,106.6520636,-6.1917953
5504549383,106.6728171,-6.2086851
8523268615,106.6323379,-6.2089743
8523268613,106.6324599,-6.2087623
8523268616,106.6321571,-6.2089
5504549395,106.6715073,-6.2077761
5504549397,106.6719702,-6.2079737
5504549399,106.6722599,-6.2080264
5504549401,106.672455,-6.208629
5504549403,106.6725764,-6.208133
5504549407,106.674709,-6.2067096
5504549410,106.6738046,-6.2069003
5504549411,106.6723416,-6.2073584
5504549413,106.672337,-6.207797
5504549415,106.6729003,-6.207957
5504549420,106.6733955,-6.2076769
5504549421,106.6731662,-6.2076734
5504549426,106.6740811,-6.2075117
5504549429,106.6737604,-6.2073777
5504549434,106.6739918,-6.2077196
5504549437,106.6760715,-6.207364
5504549440,106.6761752,-6.2072565
5504549442,106.6759056,-6.2072684
5504549444,106.6759056,-6.2073844
5504549447,106.6762456,-6.2070904
5504549449,106.6758943,-6.2071105
12184633932,106.6588611,-6.1468048
12184633933,106.6610072,-6.1417121
5504549455,106.6745364,-6.2068571
5504549456,106.6745419,-6.207076
6991430224,106.5947749,-6.1862661
12184633937,106.6639328,-6.1369568
12184633935,106.6623518,-6.1407281
5504549460,106.6742737,-6.207129
5504549458,106.6737864,-6.2070492
5504549466,106.66905,-6.2071787
5504549469,106.6694811,-6.2070013
5504549470,106.6691624,-6.206996
9187148389,106.5959725,-6.1791356
5504549478,106.6690305,-6.2074144
5504549479,106.6688188,-6.2074174
5504549480,106.6692075,-6.2074077
5504549484,106.6683425,-6.2079784
9187148399,106.5939883,-6.1848441
5504549487,106.6682205,-6.2075411
5504549500,106.6665427,-6.2095156
5504549534,106.6662471,-6.2100876
5504549535,106.6663838,-6.2099303
5504549537,106.6664764,-6.2099989
7120536228,106.6637808,-6.1774014
7120536229,106.6607425,-6.1766876
7120536230,106.6598439,-6.176601
7120536231,106.6598924,-6.1762319
5504549550,106.6670622,-6.2098179
5504549560,106.666937,-6.2086919
5504549561,106.6667914,-6.2086898
5504549562,106.6669361,-6.2089126
5504549566,106.666375,-6.2089082
5504549570,106.6667857,-6.2089095
5504549572,106.6667969,-6.2095409
5504549574,106.6665884,-6.2095309
5504549579,106.6674279,-6.2098982
11989861069,106.5903149,-6.1887451
5504549586,106.6665579,-6.2102527
5504549589,106.6686939,-6.2102409
6317543543,106.6775346,-6.1792091
5504549593,106.6674803,-6.2096957
5504549596,106.6675571,-6.2089827
6317543545,106.677222,-6.1804382
5504549605,106.6687858,-6.2074663
5504549606,106.6689212,-6.207178
6317543546,106.6770316,-6.1812292
8785675027,106.6293003,-6.1645396
11138810669,106.6442402,-6.1582462
8536245039,106.6573817,-6.1629603
8536245040,106.6574136,-6.1631316
5618844481,106.6111337,-6.1658729
5618844485,106.6004015,-6.1757927
5618844487,106.6100472,-6.1717397
5618844491,106.6089249,-6.1722623
5618844492,106.6100353,-6.1733263
8789291201,106.6361842,-6.1936072
5618844496,106.6099549,-6.1711544
5618844498,106.5979842,-6.1764649
5618844499,106.5992394,-6.175633
5618844501,106.5983286,-6.1750628
5618844502,106.5980673,-6.1731423
5618844503,106.5985903,-6.1709003
5618844504,106.5985923,-6.1702757
5618844505,106.6029221,-6.1662516
8485258110,106.6681915,-6.1476053
12182930444,106.6487064,-6.1577968
12182930445,106.6489901,-6.1577984
12182930447,106.6491447,-6.1581307
12182930448,106.6491406,-6.1578372
12182930449,106.6491403,-6.1579822
7221724198,106.6118632,-6.1546394
7221724199,106.611827,-6.1539954
11987239974,106.5870525,-6.1806359
8937456688,106.6229612,-6.1500332
8804025452,106.606586,-6.1628409
8548041854,106.6253447,-6.151114
8548041862,106.62579,-6.1518965
8958821522,106.6271961,-6.173145
8548041877,106.6258865,-6.15147
8548041879,106.6258335,-6.1516726
8548041880,106.6257078,-6.1523139
13070419127,106.6263185,-6.1812088
13070419131,106.626489,-6.1818842
13070419132,106.6263076,-6.1816488
8552236228,106.677975,-6.1687617
7221593299,106.6141753,-6.1456164
6544868675,106.5863179,-6.1730771
6544868676,106.587283,-6.1729833
6544868677,106.5878698,-6.1730015
8484996448,106.6152851,-6.1754536
8484865383,106.6304481,-6.1557968
8484865384,106.6305141,-6.1561483
8484996459,106.61522,-6.174973
8484996462,106.6147282,-6.1749248
7790970227,106.6042364,-6.1612542
7790970228,106.6031112,-6.1614249
10736944501,106.6132208,-6.1664081
8498920440,106.5874954,-6.1455777
12902254013,106.6216135,-6.1509769
12902254016,106.620518,-6.1513505
5428528605,106.5854613,-6.1720574
8506230263,106.5921649,-6.2047265
7795557888,106.6449754,-6.1777772
7795557889,106.6449807,-6.1773156
7795557890,106.6490374,-6.1828435
7795557894,106.6350562,-6.1862177
3727026930,106.6602295,-6.1907445
5504161352,106.6560171,-6.2040927
5504161360,106.6570085,-6.2061628
3727026944,106.6623664,-6.1897211
5466146410,106.6846409,-6.1580662
5466146413,106.670847,-6.1550354
5466146417,106.6707659,-6.1548514
5466146418,106.6707887,-6.1546741
5466146419,106.6722129,-6.1550554
12082529926,106.5903781,-6.1435183
12082529934,106.5899073,-6.1434189
8488928912,106.6712252,-6.1793889
5458102193,106.5941376,-6.1457444
5458102194,106.5939566,-6.1459261
5458102195,106.5939783,-6.1456501
5458102197,106.592503,-6.1370466
5458102198,106.5925279,-6.1370619
5458102199,106.5970078,-6.1366052
5458102200,106.5965549,-6.1365946
8552236764,106.6784841,-6.1688432
5438752503,106.6079647,-6.194187
5438752507,106.6075583,-6.1947091
5438752508,106.6052256,-6.1954638
5438752511,106.6116205,-6.1783509
5438752512,106.6112355,-6.1782823
5438752513,106.6059013,-6.1916112
5438752515,106.6074215,-6.1924766
5438752516,106.6073857,-6.1921839
5438752518,106.6075958,-6.1918232
7132071687,106.6621348,-6.1925704
5438752519,106.6071251,-6.1919366
5438752520,106.6071818,-6.1922163
7132071688,106.6621855,-6.1924933
12087117584,106.6636205,-6.2098628
8937457473,106.6150825,-6.1696183
4307160989,106.6029194,-6.1863419
7229327179,106.6693404,-6.1740769
7244007270,106.6829424,-6.2017865
8499283858,106.5929932,-6.2045817
8499283862,106.5931019,-6.2051258
6520227766,106.6612501,-6.1403905
6520227774,106.6623183,-6.1403481
6520227775,106.661781,-6.1401465
8552236993,106.6305777,-6.1474415
8552236995,106.6306421,-6.1477151
8552236998,106.6302838,-6.1471176
8552237006,106.6302712,-6.1468298
8552237008,106.6298098,-6.1467958
8788035549,106.6578538,-6.1738824
8788035551,106.6579131,-6.1742617
7129057250,106.6382776,-6.1840505
7129057252,106.6384131,-6.1843041
8788035561,106.6054434,-6.173689
8788035565,106.6052475,-6.1734454
8488011758,106.6260851,-6.1751929
12194858993,106.6442097,-6.1617062
12194858994,106.6442077,-6.1618873
8488011763,106.6251066,-6.175262
8488011775,106.6251951,-6.1755033
8488011780,106.6255378,-6.175371
7061424181,106.6384191,-6.1840503
12201936964,106.6518375,-6.151974
12201936965,106.6518194,-6.1517751
12201936966,106.6553504,-6.1509299
12201936967,106.6553271,-6.1507553
12201936968,106.655354,-6.1509573
7249202553,106.618094,-6.168525
8519683687,106.6822444,-6.2065352
7249202554,106.6188008,-6.1685651
5438752921,106.6076468,-6.1921618
5438752924,106.6058666,-6.1923834
5438752925,106.6046749,-6.1927112
5438752927,106.6052506,-6.1951331
5438752928,106.6060546,-6.1951265
5438752929,106.608949,-6.190854
5438752931,106.608831,-6.1863247
5438752932,106.6088571,-6.1858941
5438752933,106.6053709,-6.1860768
5438752934,106.6046553,-6.1861554
5438752936,106.6050632,-6.1820129
5438752937,106.6049575,-6.1821152
5438752938,106.6055413,-6.1826809
5438752939,106.6051914,-6.1826131
5438752940,106.6056083,-6.1830329
5438752941,106.6052509,-6.1823339
5438752943,106.605564,-6.1824035
5438752945,106.604461,-6.1818309
5438752946,106.6039514,-6.1812642
5438752952,106.605417,-6.1800898
5438752953,106.6044825,-6.17957
5438752954,106.6046227,-6.1800018
5438752956,106.6044486,-6.1799013
5438752957,106.6042095,-6.1804258
5438752958,106.6040554,-6.1807256
5438752959,106.6042961,-6.1801562
5438752960,106.6048013,-6.1804331
5438752961,106.6048533,-6.1803729
5438752962,106.6044831,-6.1809942
5438752963,106.6046306,-6.1806982
5438752965,106.6039738,-6.1803385
5438752966,106.5991533,-6.1778607
5438752969,106.5985863,-6.1789703
5438752971,106.599025,-6.1787458
5438752974,106.6001447,-6.1798329
5438752975,106.6002238,-6.1795256
5438752976,106.6003324,-6.1795616
5438752978,106.6000534,-6.1790663
5438752979,106.5999452,-6.1794399
5438752983,106.596802,-6.1847228
5438752985,106.5978416,-6.1847408
5438752986,106.5986235,-6.1848874
5438752988,106.5990973,-6.1847995
5438752989,106.5984639,-6.1848451
5438752992,106.5987265,-6.1849208
5438752995,106.5978421,-6.1847008
5438752996,106.5982396,-6.1855355
5438752998,106.5974557,-6.1855348
5438752999,106.5967222,-6.1858222
5438753000,106.5973002,-6.1858581
6322702568,106.6667007,-6.1980496
6322702569,106.6666527,-6.198144
6322702572,106.6739912,-6.1943271
5438753006,106.5978648,-6.1837682
5438753007,106.6011384,-6.1890767
5438753011,106.6032104,-6.1908256
6322702579,106.6738518,-6.1936912
6322702581,106.6743158,-6.1940992
5438753014,106.6022214,-6.1912953
6322702582,106.6745411,-6.1935537
5438753016,106.6021155,-6.1907616
5438753017,106.604054,-6.190106
5438753020,106.6045408,-6.1901146
5438753021,106.6039494,-6.1899313
5438753025,106.6045676,-6.1896253
5438753027,106.607447,-6.1912326
5438753028,106.6069239,-6.1912406
5438753029,106.6068497,-6.1901942
5438753030,106.6073705,-6.1901953
5438753031,106.6064009,-6.1902403
5438753033,106.6063204,-6.1889126
5438753034,106.6083831,-6.1837822
5438753037,106.6085267,-6.1842138
5438753039,106.6101801,-6.1787751
5438753041,106.6100581,-6.1813302
5438753042,106.6102016,-6.1813342
5438753043,106.6102351,-6.1817955
5438753044,106.6095753,-6.1857555
5438753048,106.6093748,-6.1841337
5438753049,106.6091173,-6.1849981
5438753053,106.6089786,-6.1841935
5438753054,106.6095056,-6.1867168
12825839902,106.6281026,-6.1952884
12825839901,106.6284201,-6.1952998
12825839906,106.6294092,-6.1957562
5438753060,106.6095659,-6.1858314
5438753061,106.6124077,-6.1864994
5438753062,106.612348,-6.1854601
2455030054,106.6568344,-6.1964057
5438753064,106.6116839,-6.1855143
2455030057,106.6571295,-6.1963993
5438753066,106.6120431,-6.1854809
5438753067,106.6115642,-6.1855408
5438753068,106.6121228,-6.1865527
12989286701,106.6100646,-6.2095572
5438753065,106.6124761,-6.1854581
5438753069,106.6120148,-6.1852428
5438753072,106.6131161,-6.1951738
5438753073,106.6126976,-6.1963618
9702842174,106.5944208,-6.1463431
5438753077,106.613257,-6.1939656
5438753082,106.6130319,-6.1938991
5438753084,106.6130243,-6.1935236
5438753085,106.6130933,-6.1931073
5438753086,106.6130968,-6.1927607
5438753090,106.6105698,-6.1912099
11968105008,106.6248138,-6.2026394
5438753103,106.6097161,-6.1848475
5438753104,106.6098462,-6.1848488
5438753110,106.6075321,-6.1871627
5438753111,106.6074134,-6.1870081
5438753112,106.6067597,-6.1885034
5438753114,106.6068254,-6.1876214
5438753115,106.6028845,-6.1896327
5438753116,106.6028831,-6.1882638
5438753117,106.6000119,-6.1916566
5438753118,106.5985209,-6.1915102
5438753119,106.5975684,-6.1916273
5438753120,106.5984826,-6.1917724
5438753121,106.5989792,-6.1926699
5438753122,106.5984379,-6.1922218
5438753123,106.6001111,-6.1936445
5438753124,106.6005953,-6.1937065
7037307237,106.6658628,-6.1716717
5438753126,106.601567,-6.1883861
5438753127,106.6022971,-6.1875887
5438753125,106.6014442,-6.1899127
11968105015,106.6244626,-6.2026528
5438753130,106.6041036,-6.1836475
5438753131,106.6027793,-6.1841588
5438753133,106.6023202,-6.1840542
5438753134,106.6024946,-6.1842055
5438753135,106.6025227,-6.1845385
5438753139,106.6024124,-6.1845296
5438753140,106.6037589,-6.1881061
5438753141,106.6037241,-6.1875527
8802978166,106.6838698,-6.1491672
5438753147,106.6039192,-6.1818869
5438753148,106.6043242,-6.1820775
5438753149,106.6031009,-6.1831677
5438753151,106.6037469,-6.1833655
5438753152,106.6050735,-6.1832989
5438753153,106.6041673,-6.1831715
5438753154,106.6050326,-6.1835655
5438753155,106.6042236,-6.1834815
5438753156,106.605097,-6.183079
8555776386,106.6812265,-6.1740963
5438753158,106.6041425,-6.1832789
5438753159,106.6032104,-6.1852935
5438753160,106.6031507,-6.1849018
5438753161,106.6029646,-6.1836079
5438753164,106.6029603,-6.1845138
5438753165,106.6033744,-6.1848525
5438753166,106.6035195,-6.1852208
5438753167,106.6034351,-6.1852361
8555776397,106.6809239,-6.1743897
5438753170,106.6025561,-6.1855926
5438753171,106.6029725,-6.1855604
5438753172,106.6029804,-6.1855929
5438753173,106.6029563,-6.1853368
5438753176,106.6035712,-6.1848787
5438753177,106.6035358,-6.1848052
5438753178,106.6035128,-6.1845895
5438753180,106.6025955,-6.1845498
5438753186,106.6040764,-6.1846961
5438753187,106.5997521,-6.1866298
5438753188,106.5989583,-6.1878248
5438753190,106.5990651,-6.1864234
5438753191,106.5985635,-6.1863674
5438753192,106.5990535,-6.1873718
5438753193,106.5985065,-6.1873057
5438753194,106.5991509,-6.1869408
5438753195,106.5979823,-6.1873787
5438753196,106.5979512,-6.1888856
5438753197,106.599514,-6.1891981
5438753199,106.5995973,-6.188581
5438753200,106.6006093,-6.1916999
5438753201,106.6011411,-6.1917399
5438753202,106.6017228,-6.1923188
5438753203,106.6018143,-6.1919492
5438753205,106.6099334,-6.1869294
5438753211,106.611102,-6.1869725
5438753212,106.6114196,-6.1875802
5438753213,106.6111015,-6.1875481
5438753215,106.6095737,-6.1911053
5438753220,106.6126517,-6.188602
5438753221,106.6112215,-6.1880547
11786176972,106.6358983,-6.2098367
5438753231,106.6130608,-6.1876367
5438753234,106.6110921,-6.1868561
5438753235,106.6111954,-6.1881574
7128926678,106.6603616,-6.1800827
7128926679,106.6601721,-6.1801927
5438753246,106.6106632,-6.1856541
5438753247,106.6074966,-6.1846681
5438753250,106.6068911,-6.1835204
8775191014,106.6803247,-6.1566596
5438753256,106.6077239,-6.1834762
5438753257,106.6094083,-6.183894
5438753258,106.6094404,-6.1841234
5438753259,106.609161,-6.183457
5438753260,106.6095941,-6.1834275
5438753266,106.6107103,-6.1834544
5438753268,106.6107159,-6.1832569
5438753269,106.6107144,-6.1840715
5438753275,106.6077467,-6.1842438
5466147323,106.6722177,-6.1546614
5466147324,106.6725133,-6.1575622
5466147327,106.6719312,-6.1575195
5438753280,106.6099501,-6.1826195
5438753281,106.609865,-6.1811865
5438753282,106.61062,-6.1817593
5438753283,106.6099009,-6.1818519
5438753284,106.609894,-6.1817267
5438753285,106.6096759,-6.1817466
5438753286,106.6107346,-6.1801256
5438753287,106.6112972,-6.1801262
9128823303,106.6390753,-6.1761064
9128823305,106.6397119,-6.1760102
9128823302,106.6389919,-6.1762273
5438753291,106.6100044,-6.1807613
5438753292,106.6100149,-6.1802859
9128823304,106.6397028,-6.1761071
5438753294,106.6107361,-6.1802588
5438753295,106.6107255,-6.1796472
9128823312,106.6381039,-6.1751881
5466147345,106.6800892,-6.1629876
5466147346,106.6828532,-6.1568994
5466147347,106.6829242,-6.1572348
5466147348,106.6828096,-6.1572552
11968104986,106.6248048,-6.2023156
11968104987,106.6246309,-6.20232
5438753315,106.6115878,-6.1793552
5438753316,106.6113022,-6.179355
5438753317,106.6109101,-6.1789563
7218055717,106.6142816,-6.1638989
5438753319,106.6112902,-6.1790541
5438753324,106.6098203,-6.1796159
5438753325,106.6094769,-6.1797307
5438753326,106.6096119,-6.1795594
5438753327,106.6092645,-6.178774
5466147373,106.6630035,-6.1676655
5438753329,106.6090045,-6.1787538
11968105010,106.6248545,-6.2020588
5438753331,106.6080559,-6.1793096
5466147380,106.6641433,-6.1683211
5466147375,106.6636247,-6.1673528
5466147376,106.6626549,-6.1674356
5438753335,106.6071372,-6.1790163
5438753336,106.6069532,-6.1794341
5466147382,106.6645733,-6.1669796
5438753338,106.6063125,-6.1793706
5438753339,106.6067179,-6.1794328
5438753340,106.6066562,-6.1798529
5438753341,106.605961,-6.1789463
5466147387,106.6653287,-6.1672779
5466147391,106.6658065,-6.166661
5466147392,106.6653288,-6.1666609
5466147393,106.6653288,-6.1664063
7218055746,106.6102317,-6.1688433
5466147394,106.6638381,-6.1664061
5466147396,106.6638381,-6.1662223
5466147397,106.6645651,-6.1665916
5466147400,106.6645651,-6.1664062
6495586889,106.6848823,-6.175455
5466147403,106.6644151,-6.1664062
5466147413,106.6679536,-6.1625986
5466147414,106.6651118,-6.1543413
7131548248,106.6482316,-6.1808819
8776501849,106.6714805,-6.1879365
5466147417,106.6644466,-6.1543607
5466147418,106.6688984,-6.153338
7131548252,106.6485457,-6.1808956
8776501854,106.6712527,-6.1877494
5466147432,106.6683593,-6.152392
8776501866,106.6711459,-6.1870967
8776501867,106.6711602,-6.1870767
5466147436,106.6684981,-6.1525967
5466147439,106.6682956,-6.152498
5466147447,106.6680307,-6.152726
5466147451,106.6739215,-6.1570955
5466147455,106.6748744,-6.1572245
5466147456,106.6750693,-6.1572467
5466147459,106.675162,-6.1535334
5466147461,106.684303,-6.1545927
5466147462,106.684122,-6.1545927
5466147463,106.6841219,-6.1541021
5466147464,106.684122,-6.1547458
6708185750,106.5935944,-6.1794323
6532025026,106.587021,-6.1572285
5466147523,106.6839034,-6.1616072
5466147524,106.6835131,-6.1617769
5466147522,106.6847254,-6.1612023
5466147525,106.6842574,-6.1646903
6928911042,106.6349913,-6.1901556
6928911043,106.6346213,-6.1900361
5466147531,106.6841944,-6.1635903
11749477072,106.6636419,-6.197479
5466147543,106.6836733,-6.1624743
5466147546,106.6829908,-6.1627842
5466147549,106.6825649,-6.1622142
5466147550,106.6827661,-6.1625369
5466147551,106.6825918,-6.1625982
5466147552,106.6852444,-6.1621369
5466147553,106.6839244,-6.1627344
5466147554,106.6835836,-6.1619451
5466147556,106.6839716,-6.1617731
5466147557,106.6840014,-6.1618231
5466147560,106.6836163,-6.1620232
5466147584,106.6861062,-6.1639003
5466147587,106.6848879,-6.165085
5466147588,106.6849125,-6.1651774
5466147589,106.6846567,-6.1652442
8509246216,106.6040754,-6.1976963
5466147597,106.6881726,-6.1643263
5466147618,106.6818461,-6.1563444
5466147620,106.682609,-6.1563537
5458102421,106.5950877,-6.1494029
5458102422,106.5931669,-6.1492139
5458102423,106.5940118,-6.1499526
5458102424,106.5922666,-6.1461969
10019588931,106.5851256,-6.1889927
10019588932,106.5867068,-6.1894353
10019588933,106.5879379,-6.1894967
10019588934,106.5892616,-6.1898567
5458102426,106.5923931,-6.1459537
8776502090,106.6725697,-6.1733703
5458102431,106.5923394,-6.1452697
5458102433,106.5916001,-6.1458566
5458102434,106.5941201,-6.1459815
8506231672,106.5928417,-6.2048212
5458102436,106.5922764,-6.1468565
5466147715,106.6835305,-6.1560794
5466147718,106.6825381,-6.1561188
5466147719,106.68172,-6.1521313
5466147721,106.6822985,-6.1515815
5458102441,106.5913089,-6.1465132
5466147731,106.6816369,-6.151942
5466147733,106.681134,-6.1521173
5466147734,106.6816557,-6.1511873
5466147735,106.6808631,-6.1513886
5466147736,106.6824729,-6.1558861
5458102442,106.5929224,-6.1459036
5466147737,106.6820285,-6.1559128
11974921114,106.683961,-6.1902886
11974921107,106.6841125,-6.1908606
5458102443,106.5940579,-6.1463152
5466147741,106.6754088,-6.1535501
5466147745,106.6746806,-6.153542
5458102444,106.5930046,-6.1459471
5466147746,106.6802321,-6.1591362
5466147750,106.6801657,-6.1600689
5458102445,106.5940128,-6.1465815
5466147751,106.6802052,-6.1604315
5466147753,106.6803532,-6.1621616
5466147754,106.6736694,-6.1627663
5458102446,106.5937455,-6.1470765
5466147756,106.6735943,-6.1635789
5466147758,106.6713577,-6.1623728
5466147759,106.6725187,-6.1624809
5466147760,106.6712155,-6.1623653
5458102447,106.593301,-6.1475498
5466147762,106.6711912,-6.162917
5466147763,106.672571,-6.1626369
5466147761,106.6721311,-6.1629716
5466147765,106.6735366,-6.1565021
5458102448,106.5935558,-6.1476138
5466147767,106.6729022,-6.1567915
5466147766,106.6729129,-6.1565128
5466147768,106.6733153,-6.1557261
5466147764,106.67252,-6.1632943
5466147770,106.6748576,-6.1585108
5466147774,106.6748301,-6.1593175
5466147776,106.6744117,-6.1593722
5458102451,106.5945975,-6.1474524
5466147782,106.6743272,-6.1584102
5466147788,106.6751567,-6.1584995
5458102454,106.5941781,-6.1469138
5466147805,106.6753511,-6.1612316
5466147806,106.6786502,-6.1583915
8502823905,106.6644137,-6.1535234
7222119394,106.6048975,-6.1868621
5458102457,106.5940145,-6.1474298
5466147813,106.67918,-6.1588115
5466147815,106.6786194,-6.1588535
5466147820,106.6786669,-6.1594442
5466147821,106.6775241,-6.1587202
5466147824,106.6775292,-6.1586473
5458102460,106.5928772,-6.1472298
5466147827,106.6778255,-6.1586828
8484735996,106.6600773,-6.1462557
5466147842,106.6792926,-6.1593075
5466147856,106.6793188,-6.1605762
5466147864,106.6791906,-6.1625696
5466147865,106.6791384,-6.1619112
5466147866,106.6787615,-6.1618569
5466147867,106.6792993,-6.1618818
5466147870,106.6793456,-6.1624875
5466147871,106.678897,-6.162697
5466147872,106.6792685,-6.1625356
5466147873,106.6792982,-6.1626966
6537006111,106.5901025,-6.1486261
6537006110,106.5902486,-6.1489079
5466147876,106.6761504,-6.1576142
8487226405,106.6359012,-6.1630428
6537006116,106.5903997,-6.1486484
6537006112,106.590539,-6.1489485
5466147881,106.6750872,-6.1574896
5466147882,106.6768009,-6.1588142
5466147883,106.6768357,-6.1593942
5466147885,106.675566,-6.1585942
6537006128,106.5913194,-6.1578469
5466147889,106.675528,-6.15888
6537006130,106.5936378,-6.1701974
5466147890,106.6769832,-6.1588088
5466147892,106.6751821,-6.1589035
6537006132,106.5937819,-6.1700269
5466147894,106.6774965,-6.1581742
6537006129,106.5937811,-6.170201
6537006136,106.594038,-6.1653833
6537006131,106.5937804,-6.1703503
7190268986,106.6442629,-6.168129
5466147898,106.6777744,-6.1560274
12197874746,106.6732566,-6.2086803
6537006146,106.5925808,-6.1666543
5466147907,106.6761023,-6.1558257
5466147908,106.6756931,-6.1554928
5466147914,106.6760595,-6.1557213
5466147916,106.6821599,-6.1624849
5466147917,106.6816583,-6.162437
5466147919,106.6819001,-6.1628546
5458102480,106.5942907,-6.1450843
5458102487,106.59325,-6.1456857
5458102491,106.592617,-6.1462578
8524057755,106.5914127,-6.1572248
8524057756,106.5909541,-6.1572368
8524057757,106.5922683,-6.1567658
8524057758,106.5921396,-6.1562675
8502824096,106.6723859,-6.1568635
8502824098,106.6717301,-6.1566859
10241887401,106.6580918,-6.1761139
10241887402,106.6580373,-6.1764107
5466148026,106.6813187,-6.1633329
5466148027,106.6829895,-6.1634561
5466148035,106.6820412,-6.1633916
8547519687,106.6761759,-6.1616609
4355050696,106.6280758,-6.2071355
4355050697,106.6283797,-6.2095882
5466148040,106.6823543,-6.1544754
5466148044,106.6836861,-6.1545127
5466148048,106.6839194,-6.154748
5466148054,106.6634635,-6.1559727
5466148056,106.6756743,-6.1644383
5466148057,106.675618,-6.1640903
5466148058,106.6633627,-6.163019
5466148064,106.6626852,-6.1630144
5466148086,106.6573354,-6.1613849
5466148090,106.663589,-6.1623466
5458152708,106.6739901,-6.1932847
5466148105,106.6659302,-6.1555052
5458152714,106.6750732,-6.193816
5466148109,106.6844009,-6.1605066
8485915941,106.667008,-6.1454715
9314422066,106.6050861,-6.2043127
9314422067,106.604983,-6.205166
7808535859,106.6836284,-6.1926779
7808535858,106.6829753,-6.1924712
9994030406,106.6763392,-6.1883847
12606688644,106.6784301,-6.1691655
12606688652,106.6786261,-6.1688543
8523926936,106.6796727,-6.1744049
8523926938,106.6793798,-6.1744723
8499023293,106.6000674,-6.1988004
8499023299,106.6000163,-6.1996006
9120042467,106.6014261,-6.1707215
12184112642,106.6735056,-6.1780071
12184112645,106.6733737,-6.177993
12184505866,106.6802679,-6.1761476
12184505867,106.6810812,-6.1761412
8789347881,106.6413439,-6.1910008
8789347882,106.6417846,-6.1911273
2027867721,106.6776464,-6.1964654
2027867727,106.6799285,-6.1977708
2027867728,106.6805945,-6.1980138
8552238675,106.6778359,-6.1543244
3762736723,106.5978943,-6.1837692
9694269012,106.6004585,-6.1730669
8552238677,106.6778308,-6.1538594
9694269011,106.6006237,-6.1731222
3762736733,106.5983596,-6.1883127
5466148453,106.6837848,-6.1586485
3762736742,106.5990295,-6.1840482
5466148458,106.6842346,-6.1593849
3762736750,106.5989698,-6.1853961
5466148462,106.684014,-6.1581776
5466148464,106.6841429,-6.1585937
5466148466,106.684372,-6.1604022
5466148467,106.6831,-6.1600809
5466148470,106.6831543,-6.1604329
3762736759,106.5986151,-6.1856215
3762736761,106.599105,-6.1845835
3762736763,106.5985293,-6.1868581
5466148476,106.6832637,-6.1608796
9679589003,106.6168442,-6.2049051
9679589004,106.6165369,-6.2050626
11055058586,106.5930147,-6.1929852
11055058587,106.5930401,-6.1926255
7061032620,106.6399614,-6.1681916
5458102599,106.5897175,-6.1426171
11106963121,106.631367,-6.2078756
11106963122,106.6313177,-6.2078603
9682341584,106.6664561,-6.1872066
12173758172,106.657932,-6.19085
12173758173,106.657938,-6.1908093
12173758175,106.6578577,-6.1908232
12173758177,106.6570583,-6.1913669
8523927273,106.5890631,-6.139228
5458102626,106.5898456,-6.138028
6563221311,106.63754,-6.1653183
8935493454,106.6163881,-6.1691503
8935493455,106.6162359,-6.1691523
9682341733,106.6717394,-6.1895625
8495877991,106.617834,-6.1886054
8495877995,106.6177144,-6.1896847
8502431604,106.6793324,-6.1444364
8505839479,106.616572,-6.1464229
11036315526,106.6133474,-6.1779276
12086333323,106.6057534,-6.1638818
7229329293,106.6751994,-6.1612396
12739071891,106.6201982,-6.1484032
12739071894,106.6206756,-6.1485812
7229329304,106.6703051,-6.1621672
12739071898,106.6230097,-6.1478525
12739071899,106.620801,-6.1475678
5458102649,106.5897483,-6.1373413
8499679153,106.6773426,-6.1932085
5421584307,106.6315164,-6.1596075
5458102652,106.5895178,-6.1373439
5458102653,106.5909346,-6.1368098
6540021695,106.5909849,-6.1470044
5458102655,106.590943,-6.1369472
5458102656,106.5909641,-6.1371158
5458102664,106.5910024,-6.1372979
5458102666,106.5910762,-6.1376083
5458102670,106.590957,-6.1391863
5458102671,106.5909379,-6.1387909
5458102672,106.5907188,-6.1392124
5458102673,106.5906985,-6.1388
8552239141,106.6812345,-6.1653277
5458102674,106.5911905,-6.1391608
5458102676,106.5911512,-6.1387747
8552239154,106.6821628,-6.1648263
5458102678,106.5905034,-6.1387986
8775192640,106.6646147,-6.1915387
8775192641,106.6643936,-6.1915186
12514283584,106.6699498,-6.1355176
6542118979,106.5992912,-6.197061
12514283585,106.6697225,-6.1349891
5458102682,106.5904693,-6.137802
5458102683,106.5902507,-6.137812
5458102684,106.5901118,-6.1378266
5458102685,106.5895331,-6.1378366
5458102686,106.5877523,-6.137828
5458102688,106.5880639,-6.1378093
7119884403,106.6398852,-6.1681966
7119884405,106.6401245,-6.1692194
7119884406,106.6399785,-6.1692404
8547389573,106.6209009,-6.1525593
9985511561,106.6169777,-6.2078089
5458102696,106.5892374,-6.1378373
5458102698,106.5892428,-6.138048
5458102701,106.5881793,-6.1383386
5458102703,106.5884905,-6.1391533
5458102706,106.5884483,-6.1398112
5458102710,106.5891865,-6.1397681
12030628061,106.6390565,-6.1631316
5458102711,106.5891959,-6.1403748
8487751908,106.6494772,-6.1803716
8487751910,106.6488217,-6.1804981
12139286765,106.6610428,-6.1672832
12139286766,106.6610821,-6.1672479
5458102715,106.5893849,-6.1417478
5458102716,106.5886165,-6.1425842
7298666749,106.5907451,-6.1402121
5458102717,106.5882953,-6.1426409
5458102718,106.5898758,-6.1415455
8552108295,106.6765505,-6.1540674
7298666759,106.5912458,-6.1407708
7298666765,106.5926707,-6.1383133
7298666766,106.5921198,-6.1383307
7298666767,106.5938303,-6.1361783
5458102720,106.5899053,-6.1418749
5458102724,106.5891919,-6.1417842
8487883055,106.6496873,-6.1758159
8487883056,106.6497658,-6.1764205
5458102728,106.5892663,-6.1425896
5458102729,106.590093,-6.1426193
12658200905,106.6324468,-6.1827664
12658200911,106.6322326,-6.1827875
5458102737,106.5880418,-6.1430363
5458102738,106.5903113,-6.1433743
12084236650,106.6668713,-6.1733863
5458102739,106.5904773,-6.1433636
10279375230,106.6182968,-6.1788911
7238076785,106.6362804,-6.1627233
5458102744,106.5902687,-6.1427722
5458102745,106.5901115,-6.1427406
7238076789,106.6389019,-6.1655417
5458102749,106.5900729,-6.1424029
8775193003,106.6787495,-6.1546461
5458102752,106.5912994,-6.1422355
5458102753,106.5915334,-6.1422082
5458102755,106.5919143,-6.1421062
8508854732,106.594563,-6.1914899
5458102758,106.5921785,-6.1418609
8498762213,106.6209831,-6.1573929
8495878641,106.6263705,-6.1665096
5458102765,106.5908843,-6.143707
5458102766,106.5913095,-6.1437903
9882227198,106.6020897,-6.2100328
9882227199,106.6016471,-6.2095317
9882227200,106.602236,-6.2098343
5458102768,106.5915173,-6.1437283
5458102770,106.5919988,-6.1437149
5458102772,106.5920242,-6.1434776
13111317016,106.5868735,-6.1703787
13111317019,106.5867253,-6.1703722
5458102775,106.5935682,-6.1429315
5458102778,106.5933635,-6.1435746
7123161651,106.6421119,-6.1832172
7123161652,106.6421232,-6.1835623
7123161653,106.6421206,-6.1838783
7123161654,106.6421185,-6.184196
5458102779,106.5944705,-6.1430736
7123161655,106.6421163,-6.1849295
5458102780,106.5942947,-6.143063
6552474179,106.612173,-6.1612249
6552474183,106.6120219,-6.1609226
6552474184,106.6139942,-6.1624649
8793805394,106.5918526,-6.1542621
5458102785,106.5958504,-6.1435963
5458102786,106.5959886,-6.1440583
5458102787,106.5960885,-6.1436809
5458102789,106.5959838,-6.1436136
6734533236,106.6747754,-6.1910405
5458102794,106.5961977,-6.1431682
5458102797,106.5967503,-6.1435749
5458102799,106.5969682,-6.1438331
5458102802,106.5966746,-6.1444485
7229723309,106.6176856,-6.1899613
7229723311,106.6171147,-6.189854
7229723314,106.6177778,-6.1907096
6537401012,106.6128637,-6.1444297
5458102804,106.5964204,-6.1442437
6537401015,106.6128174,-6.144741
5458102805,106.5965653,-6.144407
7229723326,106.6182144,-6.1901636
6537401027,106.6127895,-6.1432222
5477421769,106.5957713,-6.1980163
5477421770,106.5958867,-6.1981382
6537401035,106.612796,-6.1447823
6537401036,106.6121985,-6.1462683
7229723359,106.6157709,-6.1888817
6537401057,106.6117153,-6.1470445
7229723362,106.6160844,-6.1889707
8506364654,106.5927351,-6.2055065
8506364655,106.5926952,-6.2051402
5504160500,106.6610871,-6.1986449
5504160501,106.6613867,-6.198705
5458102817,106.5968871,-6.1476218
5504160506,106.6616732,-6.1994829
5504160509,106.661869,-6.2002295
5504160512,106.662392,-6.2009035
8523404058,106.5923046,-6.1431896
8523404059,106.5923146,-6.143473
12214391589,106.6658554,-6.1638969
5474541380,106.6692525,-6.1909219
13092049779,106.6751343,-6.1938482
13092049780,106.6750762,-6.1940992
7324488591,106.6725824,-6.1933273
8487228309,106.6331398,-6.170985
8958825374,106.627591,-6.1731524
5463313183,106.6792228,-6.1498951
7226709019,106.6630793,-6.1842968
7226709020,106.662978,-6.1842881
9094353960,106.6594144,-6.1794409
8935494708,106.6076609,-6.2042426
8935494709,106.6074696,-6.2042054
8918273435,106.5845007,-6.1493845
5463313210,106.684462,-6.1361012
5463313211,106.684299,-6.1360772
5463313212,106.6837934,-6.1359665
8485000361,106.6148069,-6.175595
8506627249,106.5909702,-6.2059492
8485000377,106.6134732,-6.175923
8499549406,106.6425537,-6.1565302
5458102921,106.5973678,-6.146061
5458102922,106.5979533,-6.1461684
5458102923,106.5992313,-6.1450477
5458102926,106.598601,-6.1449804
5458102927,106.598489,-6.1449424
5458102928,106.5986722,-6.1416215
11078653226,106.6733349,-6.1802544
11078653227,106.6733658,-6.1804624
5458102930,106.5996834,-6.1419216
5458102938,106.5988847,-6.1434375
5458102941,106.5987633,-6.1439836
5455795569,106.6028195,-6.1398687
5455795570,106.6026981,-6.1397614
9800832394,106.6063559,-6.1797986
5458102957,106.5986453,-6.1444617
5458102958,106.6030696,-6.1404588
5458102960,106.6039293,-6.1408121
5458102962,106.6037892,-6.1413151
12157995602,106.6704676,-6.1471936
5458102969,106.6029617,-6.1408554
9060013558,106.6811739,-6.1521037
9060013559,106.6813398,-6.152466
5458102970,106.6028912,-6.1408241
9060013569,106.6841179,-6.1547014
9058702857,106.6793362,-6.1913746
5458102974,106.6025339,-6.1407132
5458102976,106.6024326,-6.1410735
5458102978,106.6024628,-6.1408168
5458102980,106.6022013,-6.1406699
5504161326,106.6605772,-6.2006568
5504161330,106.6609319,-6.2008688
5504161331,106.6600759,-6.2015001
5504161332,106.6603448,-6.2015061
5504161333,106.6607659,-6.2017064
5504161334,106.6603024,-6.2017075
5504161335,106.6607371,-6.2014348
5504161339,106.6600182,-6.2024861
5504161340,106.6602764,-6.2025274
5504161341,106.6600397,-6.202608
5504161342,106.6594975,-6.2028114
5504161343,106.6599227,-6.2029101
5504161344,106.6592431,-6.2029814
5458102984,106.6045555,-6.137916
5504161348,106.6589464,-6.2035064
5458102985,106.6049767,-6.1380453
5458155079,106.6538921,-6.1947258
5458155080,106.6534146,-6.1947009
5458155081,106.6538854,-6.1943871
5458155082,106.6534537,-6.1943408
5458155083,106.6539082,-6.1940445
5504161356,106.6582856,-6.2048959
5458155084,106.653469,-6.1940071
5504161358,106.6571081,-6.2059078
5458155087,106.6524753,-6.1934963
5504161353,106.6562959,-6.2040119
5504161361,106.6570906,-6.2061665
5458155089,106.6524214,-6.1939658
5504161362,106.657442,-6.2062005
5458102988,106.6044664,-6.13785
5458155093,106.6523787,-6.1943171
5504161366,106.6565448,-6.2036693
5458155094,106.6525161,-6.1930519
5458102989,106.6031206,-6.134161
5504161369,106.6579154,-6.2043173
5504161370,106.6573065,-6.2042239
8555910745,106.6642622,-6.1853202
5458155096,106.6541147,-6.1881254
5504161367,106.6582936,-6.2044746
5458155102,106.6547062,-6.1875161
8555910742,106.6648731,-6.1853462
8555910743,106.6648677,-6.1854782
5458155105,106.6542803,-6.1876741
5458155106,106.6534683,-6.1875261
8555910746,106.663595,-6.1852342
5458155099,106.6548309,-6.1869341
5504161384,106.6562873,-6.2054426
5504161387,106.6569847,-6.2063518
5504161388,106.657446,-6.2064611
5504161389,106.6577548,-6.2071234
5458155115,106.6524705,-6.189082
12175070834,106.6563721,-6.2012965
5504161394,106.6568462,-6.2069383
12175070839,106.656405,-6.2009701
12175070840,106.656377,-6.2008182
5504161411,106.6629848,-6.1993536
5504161412,106.6630585,-6.1990642
5504161413,106.6621613,-6.1991416
5504161414,106.6617697,-6.1990882
5504161416,106.6612949,-6.1992507
5504161420,106.6620762,-6.1982356
5504161421,106.6619857,-6.1963937
5504161422,106.6623957,-6.1965339
5504161423,106.6619226,-6.196035
5504161424,106.6622393,-6.1970112
5504161427,106.6623264,-6.1967384
5504161428,106.6625825,-6.1964998
5504161430,106.6626924,-6.196711
5504161431,106.663194,-6.1960137
5504161434,106.6662893,-6.1993935
5504161435,106.6658633,-6.1993459
5504161436,106.6654658,-6.2000642
5504161437,106.6655055,-6.1998428
5504161438,106.6656093,-6.1995516
5504161439,106.6658594,-6.1995565
5504161440,106.6652458,-6.1981629
5504161441,106.6651748,-6.1999696
5504161442,106.6633362,-6.1986243
5504161445,106.6634267,-6.198323
5504161447,106.664047,-6.1984903
5504161449,106.6642267,-6.1988556
8484738730,106.6646101,-6.1458578
8484738731,106.6642709,-6.1458444
5504161452,106.6639852,-6.1997602
8488933041,106.6724664,-6.1760136
5504161458,106.6619776,-6.1986536
7229462194,106.6470189,-6.2049113
5504161461,106.6618175,-6.1988304
5504161462,106.6618073,-6.198631
8488933047,106.6725596,-6.1755708
11066726075,106.6157471,-6.1683203
5504161468,106.6602677,-6.2000962
11066726076,106.6157416,-6.1684777
5504161473,106.6615967,-6.1996989
5504161475,106.6609376,-6.2007043
5504161478,106.6609518,-6.2003521
5504161479,106.659636,-6.2010401
5504161482,106.6591708,-6.2021395
5504161483,106.6583432,-6.2019908
5504161485,106.6587295,-6.2020601
5504161491,106.6595197,-6.2017014
5504161495,106.6594389,-6.2021761
5504161496,106.6588649,-6.2028587
5504161499,106.6580093,-6.2055519
5504161500,106.658655,-6.2058052
5504161502,106.6581756,-6.2069651
5504161505,106.6581427,-6.2064771
7866996449,106.604176,-6.163306
5504161508,106.6578323,-6.2061852
5504161511,106.6574474,-6.2063198
7238113001,106.6499278,-6.1804263
7238113005,106.6488697,-6.1794399
5504161518,106.6608068,-6.2069557
5504161522,106.6641033,-6.2073117
7238113012,106.6474464,-6.1792456
5458103020,106.605151,-6.1370612
5504161527,106.6640235,-6.2057279
5504161529,106.6603059,-6.2064272
5504161532,106.6601155,-6.2066845
5504161533,106.6602214,-6.2067638
5504161535,106.6623469,-6.2063022
5504161536,106.661122,-6.2061863
5458103023,106.5969247,-6.1368586
7134041859,106.6391799,-6.1976769
5504161542,106.6626415,-6.2062838
5504161543,106.6622767,-6.2060405
7238113032,106.6485444,-6.1840888
5504161545,106.6623009,-6.2056892
5504161547,106.6646719,-6.2022387
5504161548,106.6650448,-6.2023563
5504161550,106.6650863,-6.2022254
5504161553,106.6645458,-6.2023987
5504161555,106.6650272,-6.2025454
5504161558,106.6647868,-6.2036828
5458103027,106.5973672,-6.1363705
5504161568,106.6647034,-6.202786
5458103029,106.5965867,-6.1363346
5504161571,106.6658903,-6.2024261
5504161577,106.6649508,-6.202838
5504161578,106.6649153,-6.202956
5504161580,106.6647926,-6.2035213
5458103032,106.5966731,-6.1356736
5458103033,106.6015381,-6.1366812
5504161590,106.6643748,-6.2056278
5504161600,106.6625362,-6.2068971
5504161601,106.6624161,-6.2071171
10053146434,106.6348578,-6.1565448
10053146435,106.6346128,-6.1565554
5458103036,106.601188,-6.1369519
8523405153,106.6336419,-6.2074446
5458103042,106.6022395,-6.1379186
5458103047,106.6026539,-6.1381493
5458103049,106.6033053,-6.1390667
4393457572,106.6355832,-6.1729398
4393457573,106.6342104,-6.1749913
4393457575,106.6312469,-6.1744503
4393457576,106.6334949,-6.1749777
4393457579,106.6357015,-6.1721911
13038573485,106.5933341,-6.1581313
4393457582,106.6322112,-6.1745757
4393457583,106.6312274,-6.1746623
4393457584,106.6312911,-6.1740383
13038573486,106.593368,-6.1582907
10738784177,106.6717301,-6.1450764
8502958003,106.6695361,-6.1846594
8502958000,106.6691972,-6.1839696
4393457589,106.634768,-6.1748593
8502958004,106.6689489,-6.184092
5458103059,106.6019444,-6.1381973
4393457592,106.6352519,-6.1748445
4393457594,106.6342123,-6.1748647
5458103064,106.6010714,-6.1383026
8785418196,106.6222061,-6.1385832
5458103069,106.600948,-6.1396614
5458103070,106.6008487,-6.1392387
5458103071,106.6010311,-6.1393987
2027739130,106.6744684,-6.1519601
2027739138,106.6588619,-6.1535792
5458155523,106.652954,-6.1876744
5458103074,106.6016977,-6.1397307
5458155525,106.6533764,-6.1877654
5458155526,106.6557897,-6.1924179
2027739158,106.6596394,-6.1542214
5458103078,106.6016139,-6.1402521
2027739164,106.6703737,-6.154367
5458103079,106.601703,-6.1399254
5458103081,106.6023266,-6.1401921
2027739176,106.6748989,-6.1544411
5458103082,106.602053,-6.1400561
2027739182,106.6702296,-6.154465
12140075057,106.6760433,-6.1432353
12140075058,106.6760894,-6.1434411
5458155576,106.654222,-6.1916726
5458155578,106.6544782,-6.1917046
5458103085,106.6024882,-6.13944
5458155579,106.6548121,-6.1917739
2027739198,106.6748126,-6.1546443
5458103086,106.6024071,-6.1393387
5458155585,106.6538358,-6.1910499
2027739208,106.6748569,-6.1545194
5458155593,106.6532906,-6.1892487
5458155594,106.6532839,-6.1892193
5458155597,106.6535039,-6.1879994
2027739219,106.6718307,-6.1546781
2027739225,106.6748414,-6.1548306
8555649115,106.6774579,-6.1754644
8157452381,106.5957617,-6.1813382
2027739233,106.6610194,-6.1550421
5458103093,106.6019511,-6.1379799
5458103094,106.6017687,-6.1379951
2027739241,106.6623022,-6.1552621
2027739246,106.6633015,-6.1553752
2027739254,106.6749769,-6.1552101
5458103097,106.6024527,-6.1381293
5458103099,106.6024929,-6.1379466
5458103100,106.6026807,-6.137976
2027739272,106.6659111,-6.1555661
2027739275,106.6658775,-6.1556416
5458103103,106.6035175,-6.1381706
5458103105,106.5939756,-6.1385494
2027739298,106.667904,-6.1560801
2027739300,106.6679891,-6.1560788
8788433061,106.5918432,-6.2024734
5458103107,106.5934995,-6.1407548
5458103109,106.5936497,-6.1403835
2027739317,106.667904,-6.1561434
2027739318,106.6679898,-6.1561461
2027739320,106.6679998,-6.1564026
2027739325,106.6751406,-6.1582702
5458103111,106.593419,-6.1400534
2027739326,106.675229,-6.1596396
5458103112,106.5933573,-6.1402294
8555780292,106.6770201,-6.1752676
5458103113,106.5933037,-6.1402415
5458103115,106.5928237,-6.1390199
5458103116,106.5935024,-6.138783
5458103117,106.5929044,-6.13883
5458103118,106.5928597,-6.13884
11914238191,106.6113544,-6.1667412
5458103121,106.5928087,-6.139292
5458103123,106.5922827,-6.1367746
494721277,106.6232273,-6.1951824
5458103124,106.5928066,-6.137589
5458103125,106.5927662,-6.1370026
9682475268,106.6124221,-6.1834834
5458103127,106.5924011,-6.1367662
8503089423,106.6082707,-6.1468717
5458103128,106.5920639,-6.1367812
12170483996,106.6552989,-6.175801
5458103130,106.5923113,-6.1376176
12170483999,106.6562733,-6.1758656
4355053856,106.6279608,-6.2127465
5458103131,106.592609,-6.1381413
4355053859,106.62582,-6.2098765
4355053860,106.6278577,-6.2113082
5458103132,106.5920794,-6.1393169
4355053865,106.627893,-6.209653
4355053866,106.6277525,-6.2103481
5458103133,106.5912305,-6.1393737
5458103134,106.5904691,-6.1392537
5458103135,106.5920974,-6.1390389
5458103137,106.5912223,-6.1391574
6547757378,106.6445591,-6.1584287
5458103139,106.591766,-6.1396212
5458103140,106.5917238,-6.1404375
5458103143,106.5914959,-6.1404588
5458103144,106.5914988,-6.1396404
8484608356,106.6579637,-6.1496726
5458103145,106.5912402,-6.1401068
8484608365,106.6576048,-6.1500809
5458103146,106.5908146,-6.1404201
5458103148,106.5912411,-6.1403654
5458103149,106.5912437,-6.1396587
8555780479,106.6809851,-6.1752276
8555780485,106.6810422,-6.1746674
5458103151,106.5920417,-6.1395881
8776505752,106.6796547,-6.1886074
5458103155,106.5921181,-6.1376319
9720224157,106.5936141,-6.1570481
12205087135,106.6637293,-6.1705119
5458103156,106.5925714,-6.1376053
12205087136,106.663594,-6.1701642
12205087138,106.6628448,-6.1701162
12205087137,106.6630276,-6.1705012
5458103159,106.5935438,-6.1377452
5458103160,106.5932392,-6.1356465
6991698362,106.6004149,-6.198187
5458103162,106.5982718,-6.1350877
8488933839,106.6255206,-6.1692193
8488933844,106.6253668,-6.1691757
6305667544,106.5985259,-6.1449576
8488933852,106.6248659,-6.1690837
4322548217,106.6803086,-6.1338851
4322548220,106.6801953,-6.1351724
4322548221,106.6421527,-6.1491552
4322548223,106.6392741,-6.1497605
4322548225,106.6425607,-6.1497239
4322548226,106.6406459,-6.1502775
4322548228,106.6430126,-6.1503614
4322548229,106.6407526,-6.1504614
4322548230,106.6392845,-6.1505254
4322548234,106.6409787,-6.1507998
4322548239,106.6413798,-6.1513996
4322548240,106.6415276,-6.1514145
13070293527,106.6707633,-6.1598163
4322548247,106.6413331,-6.1515772
4322548252,106.6414445,-6.1516388
4322548254,106.6393052,-6.1516553
5458103181,106.5977948,-6.134878
5458103183,106.5968288,-6.1350577
8434670128,106.6467339,-6.208591
8488016446,106.6245595,-6.1749529
6540024387,106.5927834,-6.1356585
10277411397,106.6616205,-6.1906463
6540024416,106.5957338,-6.1433349
5458103201,106.5955782,-6.1340023
9673562755,106.6582923,-6.1726457
9753516700,106.6642022,-6.1969681
9753516701,106.6641996,-6.1972232
7011897452,106.6594009,-6.1945098
7863327393,106.6828546,-6.1572495
11076819630,106.6228935,-6.1824019
11076819631,106.6231632,-6.182373
7011897455,106.6579181,-6.1943525
12184640177,106.6821867,-6.1752809
12184640180,106.6823183,-6.1753546
12184640181,106.6824778,-6.1753522
12184640182,106.6833302,-6.1758405
12184640183,106.6835703,-6.1753302
12184640184,106.6832841,-6.1741651
12184640189,106.6830843,-6.1741218
12184640190,106.6823982,-6.1739795
5458103213,106.5972868,-6.1484739
5458103215,106.5974812,-6.1473578
9131711186,106.5915669,-6.1855488
5458103218,106.5989029,-6.1440684
5458103220,106.5999837,-6.1429109
8776506085,106.6797895,-6.1864801
8776506092,106.6803249,-6.1864306
9620103267,106.6401853,-6.1962924
5458103224,106.6021247,-6.1404087
5477161719,106.6692974,-6.1857101
5477161720,106.6662933,-6.1812649
8434670327,106.6388315,-6.1618009
5458103227,106.6042001,-6.1380453
5458103232,106.6033941,-6.137848
5458103235,106.6027571,-6.137572
6542121779,106.5974554,-6.1484951
5458103240,106.6018237,-6.1373319
5458103241,106.6017399,-6.1374826
5458103245,106.601117,-6.1372866
5458103248,106.6012101,-6.1367165
12182412150,106.6778105,-6.1876536
12182412152,106.6778621,-6.1874258
8548309911,106.6717624,-6.1888654
5648997284,106.6640416,-6.2053252
5648997285,106.6582222,-6.2052039
5458103259,106.5978098,-6.1357652
7120280487,106.6573451,-6.1755346
7120280489,106.6573495,-6.1756863
7120280490,106.6572257,-6.175669
5648997291,106.6650984,-6.203008
7120280492,106.6546474,-6.1761218
7120280491,106.657214,-6.175721
5648997294,106.658995,-6.2072031
5648997295,106.6589128,-6.2072044
5458103261,106.5975335,-6.1358105
5648997297,106.6624805,-6.1992722
5648997298,106.6627917,-6.1994589
5648997299,106.6638525,-6.1992536
5648997300,106.6630923,-6.1960151
5648997302,106.6587831,-6.2016587
5648997304,106.6586919,-6.2025614
5458103266,106.5960757,-6.1353118
5458103267,106.5959081,-6.1352078
5458103270,106.5957056,-6.1354051
6545267688,106.5937637,-6.1728277
6545267693,106.5915146,-6.1727597
6545267695,106.5971057,-6.1735397
6545267696,106.5974485,-6.1735981
6545267702,106.597437,-6.1759063
7229725694,106.6141948,-6.1927788
6545267713,106.5971687,-6.1718543
8496667652,106.6197882,-6.1812302
8496667653,106.6197409,-6.1818064
5458103278,106.5949546,-6.1353586
6545267727,106.594744,-6.173869
6545267730,106.597672,-6.1717343
6545267733,106.5974015,-6.1718458
7229725721,106.6170815,-6.1932512
6545267738,106.5947977,-6.1714254
7229725723,106.6161782,-6.1930965
6545267737,106.5951866,-6.171385
6545267745,106.5939579,-6.172534
7229725745,106.6170427,-6.1903339
8528125008,106.5901596,-6.1423681
8552373332,106.6822902,-6.1878968
12684942423,106.6848769,-6.1373759
5458103296,106.594914,-6.1313752
5477162122,106.6659996,-6.1811329
5458103305,106.5942505,-6.1524887
5477162127,106.6620406,-6.1829381
5477162134,106.6592661,-6.1886876
8523406490,106.5879668,-6.1383847
5477162139,106.6617165,-6.1892849
5458103308,106.5992289,-6.1542412
8502566049,106.6164652,-6.170453
5458103309,106.5963869,-6.1529313
8502566051,106.6164605,-6.1698743
5458103311,106.5971701,-6.153148
5458103313,106.5956613,-6.1530887
13249076408,106.5942691,-6.1707959
5458103315,106.5954173,-6.1535634
7229463794,106.606984,-6.2098425
5458103327,106.5878236,-6.1418562
7229463809,106.6093468,-6.2092087
5458103328,106.5866102,-6.1385627
5458103330,106.5858927,-6.1413868
9131056427,106.6485354,-6.1863509
9131056428,106.6485097,-6.1862715
7064837473,106.6192326,-6.2084463
11968109939,106.6325253,-6.1993968
8776506740,106.6766708,-6.188666
11968109944,106.6325016,-6.1995641
11968109945,106.6318668,-6.1994938
8776506747,106.6773466,-6.1887452
11978071420,106.6655868,-6.1998496
11968109950,106.6325289,-6.1993716
11968109956,106.6325603,-6.1997355
11968109957,106.6326301,-6.1997438
11968109960,106.6325967,-6.1999957
11968109963,106.6326605,-6.1990097
9115721133,106.6413087,-6.1643023
9115721134,106.6407658,-6.1643513
9115721135,106.6412927,-6.1640263
9115721136,106.6407569,-6.1640607
9115721137,106.641278,-6.163747
9115721138,106.6411771,-6.1634659
9115721139,106.6411578,-6.1629522
9115721140,106.6414333,-6.1634523
8794070453,106.6284245,-6.2075517
8794070454,106.6287671,-6.2075346
9115721141,106.6414017,-6.1629455
9115721143,106.6416589,-6.1629387
9115721142,106.6416947,-6.1634507
9115721148,106.6340048,-6.1615169
9115721150,106.6354989,-6.1632916
9115721151,106.6357947,-6.1621029
11578039745,106.607976,-6.1699243
11578039748,106.6076443,-6.1708833
6919478803,106.5993827,-6.2097909
13092075340,106.6767512,-6.1952604
8547393093,106.6776293,-6.1580788
11100413514,106.6116674,-6.1511033
6555360858,106.6587612,-6.1504945
6555360863,106.6594008,-6.1502557
6555360866,106.6594858,-6.1504553
6544766807,106.6387202,-6.1949778
8495881861,106.6268977,-6.1672977
8495881864,106.6264675,-6.16743
13092075359,106.6781688,-6.1925739
5620948633,106.6313636,-6.1591069
5620948636,106.6228361,-6.1552701
5620948637,106.6225498,-6.1549467
8496930464,106.638999,-6.1804091
8496930465,106.6389991,-6.1802032
8496930468,106.6387856,-6.1801836
13092075362,106.6821156,-6.1914899
6544766820,106.6251415,-6.1940197
13092075364,106.6824793,-6.1914202
13092075365,106.6822283,-6.1912846
13092075368,106.6844974,-6.1911366
13092075369,106.6843513,-6.1911006
6709370587,106.6441434,-6.1905968
13092075382,106.6833052,-6.189706
7120543503,106.6649246,-6.1778096
7120543505,106.6644171,-6.1775833
7120543506,106.6642213,-6.1773076
7120543507,106.6641301,-6.1775092
13092075385,106.6846812,-6.1899807
5636546332,106.6782589,-6.1705139
5636546333,106.6782326,-6.1704114
5636546337,106.6740302,-6.1754705
5636546338,106.6747571,-6.1782937
13092075387,106.6843138,-6.1902783
5474541349,106.6802448,-6.1802969
5474541350,106.6804714,-6.1870301
5636546343,106.6746174,-6.1777936
5636546344,106.6735593,-6.1775336
5636546341,106.6744436,-6.1781346
5636546346,106.6693553,-6.1737569
5474541355,106.6819587,-6.1822169
13092075388,106.6844091,-6.1899118
5636546351,106.6693122,-6.1740663
5474541360,106.6818499,-6.1937551
5474541361,106.6630684,-6.1881777
5636546354,106.6725091,-6.1778538
5636546352,106.6700879,-6.1750171
5474541364,106.6548584,-6.1854981
5636546355,106.6724455,-6.1777983
5474541366,106.6547826,-6.1860214
13092075390,106.6840576,-6.1902733
5474541368,106.6566738,-6.1863693
13092075391,106.6841514,-6.1899087
5474541370,106.671745,-6.1922283
5636546364,106.6752486,-6.1757511
5474541372,106.6731575,-6.1928093
5474541375,106.6711792,-6.1918526
5636546368,106.6752747,-6.17586
5636546369,106.6752561,-6.1758775
5474541377,106.6705921,-6.1915491
5636546371,106.6752832,-6.1757874
5636546372,106.6743359,-6.1762555
5636546373,106.6746554,-6.1763496
5636546374,106.6741436,-6.1769066
5636546375,106.6744688,-6.177022
8496930629,106.6464879,-6.1800469
5636546377,106.6745649,-6.1766853
5474541383,106.6689925,-6.190805
8496930632,106.6470955,-6.1792887
5474541388,106.6667674,-6.1898013
5636546376,106.674273,-6.1765889
5636546382,106.6749355,-6.1766295
5636546383,106.6750083,-6.1766546
5474541391,106.6656799,-6.1892932
5636546384,106.6735645,-6.1780155
5474541394,106.6647299,-6.1888477
5636546378,106.6746902,-6.1762208
8496930636,106.6471332,-6.1794687
13092075395,106.6839569,-6.190699
5636546390,106.6824085,-6.176842
5474541399,106.6631139,-6.1881059
5636546392,106.6824414,-6.1766783
5636546393,106.6801795,-6.1711424
5474541396,106.6641045,-6.1885425
5474541403,106.6619976,-6.1876468
5636546395,106.68012,-6.1713965
5474541405,106.6615944,-6.1874784
5474541406,106.6610526,-6.1872501
5636546399,106.6792663,-6.1720393
5636546401,106.6820821,-6.1698422
5474541409,106.6603326,-6.1869646
5636546405,106.6824774,-6.1700625
5636546409,106.6825172,-6.1704172
5474541419,106.6585034,-6.1865891
5636546412,106.6796906,-6.1700281
8535859090,106.6563061,-6.1681596
8535859091,106.6563308,-6.168707
12173762457,106.6598716,-6.1943496
12173762460,106.6582903,-6.1940137
5636415410,106.5907904,-6.1468804
5636415411,106.5904624,-6.1472007
5636415413,106.5963426,-6.1501512
5636415414,106.5950271,-6.1500257
5636415415,106.5949435,-6.1500211
5636415416,106.5950025,-6.1493926
9682083790,106.6127313,-6.1959895
9682083791,106.6128325,-6.1959943
8547524612,106.6634392,-6.1952024
4355055645,106.6252836,-6.2091257
4355055646,106.6279843,-6.2088592
10246217784,106.6510838,-6.1687023
5474541725,106.6574298,-6.186414
5474541732,106.6545338,-6.1859767
5474541734,106.6537338,-6.1858201
5474541735,106.6528789,-6.1856188
5474541740,106.6509693,-6.1852493
5474541741,106.6497971,-6.1850438
5474541742,106.6490502,-6.1849316
5474541746,106.6481042,-6.1847599
5474541748,106.674023,-6.1932165
5474541750,106.6693228,-6.1867714
8547524794,106.6766513,-6.1617256
5474541755,106.6836834,-6.1834595
5474541756,106.6838282,-6.1831502
8547524805,106.6766164,-6.1622963
11065024714,106.631847,-6.2044979
11065024715,106.6318251,-6.204612
5474541779,106.6823847,-6.1838654
5474541785,106.6822392,-6.1842591
5474541787,106.6825904,-6.1848594
5474541790,106.6818011,-6.1847224
5474541794,106.6774866,-6.1853287
5474541796,106.6753757,-6.1802158
5474541804,106.6766017,-6.1803109
5474541807,106.6771244,-6.1804078
5474541808,106.6736225,-6.1879412
5474541811,106.6688038,-6.1946398
5474541820,106.6675988,-6.194051
5474541921,106.6694623,-6.1932139
5474541923,106.6721184,-6.1889974
5474541930,106.6719166,-6.1879774
5474541932,106.6714123,-6.1875687
5474541935,106.6710448,-6.1884034
5474541940,106.6697118,-6.1831102
5474541943,106.6703127,-6.1831694
5474541944,106.6702321,-6.1833822
5474541945,106.6702777,-6.1832528
5474541949,106.6794643,-6.1808569
5474541952,106.6787414,-6.180765
5474541953,106.6776793,-6.1805182
5474541954,106.6781437,-6.1805104
5474541955,106.6756207,-6.1839235
5474541958,106.6730913,-6.1853341
5474541964,106.6726228,-6.186322
5474541965,106.6742387,-6.1867921
5474541967,106.6738584,-6.1868648
5474541984,106.6811876,-6.1868874
5474541985,106.6762375,-6.1873989
5474541986,106.6773821,-6.1858457
5474541990,106.6774582,-6.1855065
5474541991,106.6778094,-6.1858968
5474541992,106.6786231,-6.186087
5474541993,106.6782236,-6.1859938
5474541994,106.6776879,-6.1862035
5474541995,106.6773091,-6.1864715
5474541996,106.6773051,-6.1868168
5474541997,106.6774127,-6.1872436
5474541998,106.6787535,-6.1875901
5474541999,106.6778774,-6.1873585
5474542000,106.6785416,-6.1871234
5474542001,106.6779697,-6.1869826
5474542002,106.678665,-6.1868114
5474542003,106.6780502,-6.1866553
5474542004,106.6787079,-6.1864621
5474542005,106.6781381,-6.1863151
5474542006,106.6778818,-6.1857128
12188574127,106.6844004,-6.1722117
5474542011,106.6777843,-6.1877692
5474542015,106.6786804,-6.1878972
5474542019,106.6794005,-6.1863592
5474542027,106.6791398,-6.1874961
5474542029,106.6796269,-6.1875878
6316548561,106.6814065,-6.1449543
5474542035,106.680847,-6.1878101
5474542036,106.6797942,-6.1889407
5474542039,106.6797996,-6.1884567
5474542040,106.6799605,-6.1884514
6316548572,106.6813728,-6.1434137
5474542045,106.6812935,-6.1882807
5474542044,106.6806275,-6.1883748
6316548576,106.6837759,-6.1484585
5474542049,106.680689,-6.1881294
6316548578,106.6837987,-6.1483219
5474542050,106.6822155,-6.1898813
5474542056,106.6820759,-6.1890912
8785682922,106.626314,-6.1635089
5474542058,106.6819159,-6.1868927
5474542061,106.6823829,-6.186481
5474542062,106.6823698,-6.1876994
8484479470,106.6361931,-6.1571821
8484479469,106.6364148,-6.1571215
5474542067,106.6815178,-6.1876139
5474542068,106.6834983,-6.1886274
5474542071,106.6825609,-6.1884087
5474542074,106.6845368,-6.1885253
5474542075,106.6844852,-6.188606
8487887356,106.6505715,-6.175949
5474542078,106.6843158,-6.1889713
8487887361,106.6494139,-6.1762578
5474542101,106.6816808,-6.1881364
8548442647,106.6212094,-6.1421922
5474542107,106.681088,-6.1874064
5474542111,106.6834299,-6.1932992
5474542116,106.683214,-6.1907686
5474542122,106.6827868,-6.1918268
5474542123,106.6825642,-6.1927025
5474542137,106.6831577,-6.1940325
5474542144,106.6815464,-6.1965847
5474542147,106.6821559,-6.1955658
5474542152,106.6832309,-6.1947636
11553006153,106.6060901,-6.2063089
8499552840,106.6432357,-6.1637689
5474542155,106.6837156,-6.1945378
8499552843,106.6422848,-6.165613
5474542163,106.6836338,-6.1931525
5474542173,106.6834016,-6.1919269
5474542177,106.6827949,-6.1919072
5474542179,106.682632,-6.1930795
13095723623,106.6829988,-6.1850206
5474542184,106.6823262,-6.1932165
12212298345,106.657747,-6.1469312
13095723626,106.6827424,-6.1844188
12212298347,106.6572245,-6.1468251
5474542188,106.6822645,-6.1932672
12212298349,106.6568343,-6.1467799
8814256747,106.6587217,-6.1671959
13095723624,106.6831547,-6.1845767
12212298344,106.6578336,-6.1464564
12212298346,106.6576861,-6.1466791
13095723634,106.6819282,-6.1843411
5474542194,106.6820948,-6.1942005
5474542195,106.6813736,-6.1946423
5474542196,106.6802686,-6.1956566
13095723635,106.6824645,-6.184328
13095723633,106.6821595,-6.1844185
13095723631,106.6821987,-6.1844412
13095723637,106.682507,-6.1841955
13095723636,106.682595,-6.1842247
12197618301,106.6408493,-6.166236
5636416126,106.5977079,-6.1458404
5636416127,106.5976262,-6.1461091
5636416128,106.6021733,-6.1406482
5636416129,106.6020982,-6.1405775
5636416131,106.5939195,-6.1505943
5474542220,106.6816027,-6.1938945
8488149653,106.6494122,-6.1718333
8488149656,106.6498607,-6.1715423
5636416160,106.5945683,-6.1427949
5636416161,106.5942845,-6.1427022
5636416162,106.5956144,-6.1437376
5636416167,106.5912542,-6.1446177
5636416172,106.5859383,-6.1410561
5636416174,106.5877247,-6.1412348
6316548811,106.6720118,-6.1471458
6316548812,106.6716785,-6.1470231
6316548815,106.670727,-6.1472045
7128933073,106.6594488,-6.1867501
7128933074,106.659455,-6.1866741
6316548821,106.6658997,-6.1468364
6316548829,106.6713079,-6.1396438
8810455775,106.6176545,-6.1733537
6316548832,106.6730784,-6.1378144
8810455777,106.6173922,-6.173293
12991259372,106.6356377,-6.169071
8487232238,106.6373952,-6.1661016
5474542321,106.6810736,-6.1941538
5474542325,106.6816268,-6.1950438
5474542326,106.6810828,-6.1954521
5474542327,106.6808161,-6.1949497
5474542330,106.6811152,-6.1957884
8785683195,106.6156163,-6.169253
8785683194,106.6162292,-6.1692491
5474542334,106.6808965,-6.1981124
5474542337,106.6748931,-6.1943051
5474542339,106.6744003,-6.1948151
5474542342,106.6745076,-6.1943112
5474542345,106.6747161,-6.1936391
5474542351,106.6690002,-6.1938811
8976130832,106.6141518,-6.1955891
5474542353,106.6703633,-6.1915316
5474542354,106.6706693,-6.1925232
5474542355,106.6710744,-6.1918892
8976130831,106.6141491,-6.1955138
5474542352,106.6698647,-6.1924539
5474542367,106.6692286,-6.190984
5474542368,106.6727024,-6.1910366
5474542372,106.6725402,-6.1918892
5474542391,106.6707927,-6.1910833
5474542392,106.6713667,-6.1882187
5474542394,106.6719843,-6.1882084
5474542396,106.6723631,-6.1882394
5474542399,106.6720245,-6.188326
5474542405,106.6712463,-6.1886437
8804164422,106.6021416,-6.1673276
8804164423,106.6020644,-6.16765
5474542408,106.6712252,-6.1893613
5474542413,106.6696482,-6.1880919
5474542417,106.6696862,-6.1885567
5474542419,106.6684223,-6.1855261
8509252458,106.6079445,-6.1917979
8509252463,106.6082221,-6.1915646
8548311920,106.6582047,-6.1932986
6561391489,106.6378612,-6.15186
6561391490,106.6407104,-6.1529697
6561391491,106.6397889,-6.1525807
6561391492,106.6411942,-6.1585676
6561391493,106.6406965,-6.158514
6561391496,106.6346588,-6.1674146
7238247312,106.6507199,-6.1649173
6561391506,106.6314648,-6.1483278
6561391511,106.6314931,-6.1562365
8506237849,106.5885964,-6.1884874
8506237852,106.5896049,-6.1888141
6561391536,106.6234251,-6.1705761
6561391542,106.6461795,-6.1569749
5474542521,106.668773,-6.1853581
5474542522,106.669702,-6.1855179
8548311993,106.6226872,-6.1511219
5474542529,106.6695851,-6.1852706
5474542530,106.6697856,-6.1848648
6561391555,106.6347417,-6.1659703
5474542531,106.6694656,-6.1850176
5474542533,106.6693152,-6.1847728
5474542532,106.66976,-6.1856408
5474542534,106.6699551,-6.1849315
5474542536,106.6692694,-6.1859166
5474542537,106.670965,-6.1835645
5474542539,106.6707525,-6.1833768
5474542542,106.6710468,-6.1827715
5474542545,106.6707069,-6.1821045
5474542552,106.670684,-6.1826462
6561391586,106.6327722,-6.1704174
5474542564,106.6704775,-6.1819529
6561391591,106.6329088,-6.1700114
6561391595,106.6323307,-6.1509241
6561391621,106.6362028,-6.1692897
6561391629,106.6364712,-6.1687196
6561391636,106.6328962,-6.1618126
6561391657,106.6250309,-6.1542601
6561391662,106.6252408,-6.15426
6561391666,106.633332,-6.1566691
6561391669,106.6341063,-6.156741
6561391684,106.6328246,-6.1488985
11442250827,106.6514821,-6.1768796
2486101092,106.6189368,-6.1961757
12383872108,106.6330087,-6.1938637
12184249518,106.6719332,-6.1779774
12184249520,106.6713367,-6.1790953
9252824289,106.6626061,-6.1734343
4742243554,106.6404817,-6.2099636
4742243555,106.6405525,-6.2096435
4742243556,106.6405116,-6.2098134
4742243557,106.6402155,-6.2097589
4742243558,106.6401907,-6.2099216
4742243559,106.6401498,-6.2102182
4742243560,106.6402698,-6.2094563
4742243561,106.6402443,-6.2096149
9252824290,106.6625264,-6.173446
4742243571,106.6397025,-6.2098449
4742243583,106.6410456,-6.2094811
4742243584,106.6416197,-6.2096223
4742243588,106.6418446,-6.2093615
4742243601,106.6412408,-6.2091536
4742243603,106.6413357,-6.2088141
4742243604,106.6412781,-6.2087945
8804033818,106.6008554,-6.1555314
13092075692,106.6806181,-6.1924116
13092075693,106.6813018,-6.1924003
13092075694,106.6805943,-6.1921286
8775722285,106.677808,-6.1841058
8775722288,106.677517,-6.1839675
13092075695,106.6822007,-6.1920814
13092075696,106.6816963,-6.1929115
8495883586,106.6183775,-6.1894208
8495883587,106.6177523,-6.1893562
8775722308,106.6772424,-6.1853031
8775722309,106.6780655,-6.1844035
8775722316,106.6784907,-6.1845187
11115357540,106.6554156,-6.2030494
11115357544,106.6575671,-6.2055907
8503485803,106.6674909,-6.1411055
9301714300,106.6776673,-6.1458457
11115357565,106.6544138,-6.2001015
11978204542,106.6548728,-6.2080074
7064839585,106.6027053,-6.1998108
8548312491,106.6734617,-6.1921892
8925406660,106.6205047,-6.1845036
8482776576,106.6357519,-6.1580103
8482776580,106.6365912,-6.1578943
8482776581,106.636734,-6.1578995
8482776582,106.6360507,-6.1585022
8482776587,106.6366079,-6.1585181
10119079445,106.6827734,-6.199521
5594080820,106.633663,-6.1462943
13092075751,106.6789946,-6.1946755
13092075752,106.6787711,-6.194806
13092075753,106.6785592,-6.1949298
13092075754,106.6791134,-6.1958643
13092075755,106.6792809,-6.1956445
9182045798,106.6381807,-6.1839602
13092075758,106.6790449,-6.1942577
9065129614,106.6775297,-6.1958837
12688352925,106.6724074,-6.1462051
12688352935,106.684191,-6.1350318
8509253296,106.5935169,-6.143741
8509253301,106.5942416,-6.1440057
6552479446,106.6103827,-6.148738
8485791447,106.6751136,-6.1836648
8485791446,106.6754597,-6.1836942
2027742964,106.6719241,-6.1359017
2027742965,106.6720408,-6.1364728
2027742969,106.6721539,-6.138188
2027742975,106.6739791,-6.1387348
2027742976,106.674088,-6.1389088
2027742980,106.6746816,-6.140896
2027742982,106.6750863,-6.1421286
5430503181,106.6479188,-6.2099822
5430503184,106.6483252,-6.2102282
2027742997,106.6745424,-6.1470977
2027742998,106.6744372,-6.1470776
2027742999,106.6775506,-6.1543401
13039494954,106.6166094,-6.1900993
9116510018,106.5852772,-6.1839528
9164351329,106.5873945,-6.1682918
12015429491,106.6495739,-6.1689065
8788043637,106.6086506,-6.1767022
8488019846,106.6254208,-6.1759763
8488019848,106.6262392,-6.1756599
5430503309,106.6474019,-6.2103002
5430503315,106.6466761,-6.2108966
6317336480,106.6307775,-6.1577355
12054488993,106.6820504,-6.1548235
5456193443,106.5914843,-6.1548021
5456193444,106.5910523,-6.1556214
5456193446,106.5910258,-6.1552874
5456193447,106.590718,-6.1545657
5456193454,106.587924,-6.1529895
5456193459,106.5925739,-6.150417
5456193461,106.5927268,-6.1512642
5456193462,106.5920987,-6.1513593
5456193463,106.5918209,-6.1498873
5430503352,106.6444856,-6.2109275
8798267326,106.6476394,-6.1824835
5456193472,106.5912279,-6.149066
5456193475,106.5919021,-6.1488967
5456193476,106.5904714,-6.1513515
5456193478,106.5902084,-6.151416
5456193484,106.5870872,-6.150349
5456193485,106.5870305,-6.149816
5456193486,106.5855602,-6.1530657
8974690267,106.6281724,-6.1677396
8974690268,106.6279484,-6.1677316
5456193512,106.5902541,-6.1479464
5456193515,106.5909558,-6.1477882
5456193516,106.5888129,-6.1485299
5456193517,106.5892207,-6.1471743
8536254461,106.6563453,-6.1638704
9800312830,106.6476526,-6.1845625
9800312831,106.6479121,-6.1844149
9800312840,106.6479627,-6.1843129
5430503435,106.6419992,-6.2098696
7237986319,106.6506128,-6.172738
7237986322,106.6516543,-6.1737916
8508860449,106.5989564,-6.197539
8508860453,106.5988639,-6.1972883
5430503462,106.6434931,-6.2111908
9994037296,106.6808452,-6.1647029
9994037298,106.6805137,-6.1639596
7237986358,106.6582728,-6.175473
7229597759,106.6538814,-6.2078397
7229597763,106.6531565,-6.2078281
9128823295,106.6394844,-6.1726427
7229597778,106.6535383,-6.2068281
7229597789,106.6522309,-6.2078835
9128823299,106.6390041,-6.1728078
7229597796,106.6520765,-6.2079899
9128823306,106.6384017,-6.1755616
11103561874,106.6634569,-6.1615792
7132211351,106.6612771,-6.1993555
7132211352,106.6621888,-6.1979156
7237986458,106.6018224,-6.2080227
12681144476,106.6737686,-6.1465911
12681144478,106.6744963,-6.1467286
8767334579,106.6576378,-6.1612389
11043662018,106.6710272,-6.1861759
8487233737,106.6296009,-6.1671946
11043662029,106.670989,-6.1868641
11043662031,106.6709782,-6.1866693
11043662035,106.671011,-6.1863228
11043662036,106.6710157,-6.1862841
11043662037,106.671023,-6.1862141
8739023094,106.6605454,-6.1483462
8536254740,106.6802488,-6.1533123
8536254741,106.680441,-6.1533052
5621213474,106.6153598,-6.1709526
5621213475,106.6123004,-6.172947
5621213476,106.6134028,-6.171209
5621213478,106.6129597,-6.1708328
5621213479,106.6161937,-6.169985
5621213480,106.6161837,-6.1705575
5621213483,106.618717,-6.169156
5621213484,106.6182321,-6.1689877
5621213489,106.6127554,-6.1716855
5621213490,106.6189,-6.174105
5621213491,106.6195765,-6.1742412
5621213492,106.6187471,-6.1730197
5621213493,106.6187632,-6.1724697
5621213494,106.6196537,-6.169853
6547761490,106.6555022,-6.1524808
6547761491,106.6548195,-6.1525472
6547761495,106.6523535,-6.1516686
9620089181,106.6395973,-6.1961844
11366230368,106.5928846,-6.2051335
6547761506,106.6524114,-6.1492468
6547761532,106.6453211,-6.1520553
8498974366,106.6370304,-6.1840675
8810326423,106.6259327,-6.181904
7190276528,106.645298,-6.1666734
10241763764,106.6325441,-6.1855322
8487889356,106.6486819,-6.1758676
11045628366,106.5895975,-6.1694176
13251045839,106.5933281,-6.1706779
13251045845,106.5932155,-6.1714348
12154890739,106.6669143,-6.1874648
12154890740,106.6668578,-6.1876317
12154890741,106.6670912,-6.1878694
8499030525,106.6003675,-6.1994898
4355058239,106.6274883,-6.207154
10734856785,106.6712314,-6.1837285
8787913298,106.6113912,-6.1856475
8787913299,106.6113917,-6.1854311
9059494496,106.6742018,-6.1558354
9059494497,106.6753055,-6.1557774
9059494498,106.6703917,-6.1549101
7238249079,106.6808163,-6.164917
7238249080,106.6807413,-6.165206
5463403174,106.6205535,-6.1888565
5463403177,106.6173027,-6.1948911
5463403178,106.6168359,-6.1949141
5463403179,106.6161921,-6.1948448
8487889601,106.6495657,-6.1714356
11080231618,106.6389569,-6.1501005
11080231619,106.638814,-6.1501212
8288660171,106.6137553,-6.1957368
6570830541,106.6418349,-6.1606889
5463403215,106.627023,-6.1954146
5463403216,106.6370518,-6.1861954
5463403217,106.6375035,-6.1861987
8553163491,106.6608644,-6.1772098
8553163495,106.6612345,-6.1777301
5594082035,106.6527822,-6.1657428
5594082043,106.6493608,-6.1688465
5594082044,106.6494694,-6.168879
5594082050,106.6491703,-6.1701388
5594082053,106.6491929,-6.1709477
5594082057,106.6493946,-6.1723284
5594082058,106.6496163,-6.1722979
5594082061,106.6602753,-6.1485837
5594082066,106.6600747,-6.14882
5594082068,106.6601561,-6.149582
5594082071,106.6601374,-6.150263
5594082082,106.6540052,-6.1644354
8789224228,106.6632543,-6.1870278
8789224242,106.6634421,-6.1872851
11458636619,106.5929094,-6.1688656
11458636620,106.5926887,-6.1688554
6532164440,106.5968113,-6.165897
6532164441,106.5971238,-6.1658556
6532164443,106.5860693,-6.1694347
6532164444,106.5860831,-6.1692015
12703034218,106.6591681,-6.1492224
12703034219,106.6577118,-6.14805
9510382446,106.66009,-6.1659683
9510382447,106.6596666,-6.1656956
9510382448,106.6596039,-6.1654833
8487234417,106.6360017,-6.1652009
8487234418,106.635948,-6.1648895
12703034226,106.6576876,-6.1484385
12703034225,106.6580965,-6.1484625
12703034227,106.6584693,-6.1478645
7231695737,106.625922,-6.1849241
7968512244,106.6535435,-6.1811008
7968512247,106.653473,-6.1671573
7231695772,106.6245273,-6.1816203
7128804258,106.6584449,-6.1781066
7128804259,106.6583951,-6.1781851
7968512251,106.6528403,-6.1705342
7968512252,106.6535973,-6.1718875
7968512254,106.6532156,-6.1678341
9069325254,106.6799659,-6.1680903
9069325255,106.6798572,-6.1680716
7134047184,106.6523277,-6.1985936
10133105617,106.6529359,-6.166685
6309735445,106.6214041,-6.1473805
6309735447,106.6218606,-6.1472406
10039913495,106.5995425,-6.1602355
10039913499,106.6046548,-6.1712117
10039913500,106.6049284,-6.171449
10039913502,106.6054455,-6.1777767
6309735463,106.6318551,-6.1417468
6309735469,106.631731,-6.1414188
6309735471,106.6291635,-6.144139
6309735472,106.628623,-6.1439429
6309735473,106.6292573,-6.143783
6309735474,106.6287142,-6.1435869
8789224499,106.6058438,-6.1905063
8789224498,106.6060227,-6.190498
8487759010,106.6489099,-6.1790329
7795436744,106.6296428,-6.1711937
7795436750,106.6293633,-6.1710797
7795436751,106.6288856,-6.171171
5463403735,106.6390587,-6.1814242
12071136514,106.6518298,-6.1665125
5456194821,106.5889374,-6.1478136
5456194822,106.588852,-6.1483011
5456194823,106.5869381,-6.1457431
5456194825,106.5867901,-6.1470123
5456194830,106.5861247,-6.1453844
5456194831,106.5860236,-6.145426
5456194835,106.5873155,-6.1456458
5456194837,106.5873146,-6.1458096
5456194838,106.5874679,-6.1458234
7232220439,106.6535037,-6.1936574
5456194840,106.5886174,-6.1452562
5456194841,106.5888142,-6.145009
5456194842,106.5884885,-6.1454284
4317703449,106.6296056,-6.1383884
4317703450,106.6296362,-6.1397822
4317703451,106.6280433,-6.1391074
5456194846,106.5891484,-6.1454502
5456194847,106.586931,-6.1443448
5456194848,106.5881594,-6.1444961
4317703452,106.628294,-6.1391054
4317703453,106.6289414,-6.1391003
4317703454,106.6296238,-6.1390884
4317703455,106.6263635,-6.1374176
4317703456,106.6276284,-6.1373402
4317703457,106.6282593,-6.1373293
4317703458,106.6288897,-6.1373221
4317703459,106.62959,-6.1373171
4317703461,106.6269766,-6.1373514
4317703462,106.6270019,-6.1385193
4317703463,106.6296023,-6.1378024
5456194854,106.5872031,-6.1434422
5456194861,106.5872263,-6.1446458
5456194855,106.5863089,-6.1451789
5456194860,106.5870639,-6.1453083
5456194858,106.5877816,-6.1454041
5456194862,106.5871874,-6.1448118
5456194863,106.5853007,-6.1491653
5456194864,106.5851064,-6.1494125
5456194865,106.585199,-6.1493144
5456194866,106.5855212,-6.1494665
5456194867,106.5859792,-6.1498507
5456194868,106.5857139,-6.149794
5456194869,106.585847,-6.1492032
5456194870,106.5864103,-6.1491733
5456194871,106.5861271,-6.149122
5456194874,106.5855699,-6.1493047
5456194876,106.5854734,-6.1497396
5456194877,106.5862963,-6.1499126
5456194878,106.587803,-6.1484813
5456194886,106.5864427,-6.1490586
5456194889,106.5878853,-6.1473426
5456194892,106.5877635,-6.1470565
5456194893,106.587752,-6.1466936
5456194899,106.5860101,-6.1462834
5456194900,106.5862521,-6.1464014
5456194901,106.5863841,-6.147113
5456194904,106.5862046,-6.1468598
5456194905,106.5863187,-6.1464622
5456194909,106.586919,-6.1464304
8503618910,106.6655335,-6.138736
5456194911,106.5871276,-6.1464451
5456194912,106.5872064,-6.1464504
5456194914,106.5876429,-6.1465178
8434543970,106.6405984,-6.1942018
5456194916,106.587792,-6.1462897
5456194917,106.5879711,-6.1458654
6919613840,106.6062344,-6.2022468
6919613841,106.6060575,-6.2020667
6919613842,106.6070025,-6.2065248
8789093824,106.5889545,-6.1800529
11563101662,106.5932125,-6.1557794
11563101664,106.5931787,-6.1557368
7231958518,106.6054769,-6.1627916
8788700704,106.6532504,-6.1880441
8788700707,106.6528456,-6.1879634
8499293732,106.5964499,-6.2022427
5456195121,106.5886584,-6.1447771
5456195129,106.5867008,-6.1474158
5456195131,106.5865206,-6.1481408
5456195133,106.5879437,-6.1482513
5456195137,106.5856741,-6.1461717
5456195138,106.5855412,-6.1461241
5456195143,106.586183,-6.144677
5456195146,106.5865272,-6.1432795
5456195147,106.5870612,-6.1397178
5456195148,106.5870538,-6.1407433
5456195149,106.5872383,-6.1407345
5456195152,106.5871725,-6.1405265
12987985490,106.6046797,-6.1803665
5456195154,106.5872697,-6.1408572
5456195156,106.5876751,-6.1408595
5456195169,106.5859472,-6.1380992
5456195172,106.5864565,-6.1377138
5456195174,106.5854218,-6.1378443
5456195181,106.5858506,-6.1385089
5456195182,106.586323,-6.1386583
5456195183,106.5865754,-6.1387237
5456195185,106.5873858,-6.1388512
5456195186,106.5874833,-6.1399181
5456195190,106.5864955,-6.1404331
5456195191,106.5861237,-6.1403944
5456195192,106.5861291,-6.1401682
5456195194,106.5862626,-6.1397158
5456195203,106.5850849,-6.1410755
5479526141,106.5855949,-6.2026199
5479526144,106.5863816,-6.2021197
5479526146,106.585466,-6.2026195
12211908401,106.6354044,-6.157454
12211908402,106.6332042,-6.1590155
12211908404,106.6326403,-6.1592855
12211908409,106.63246,-6.1592235
5479526202,106.5929572,-6.2070374
5479526203,106.5929778,-6.2067151
5479526201,106.5927022,-6.2063544
12211908413,106.632667,-6.1569562
12211908412,106.6329025,-6.1569621
12211908410,106.6331439,-6.1571688
5479526208,106.5914449,-6.2097236
5479526210,106.5931239,-6.2098889
5479526211,106.5931904,-6.2091583
6288895812,106.6844975,-6.1885823
5479526213,106.5933016,-6.2091719
5479526214,106.5934246,-6.2096781
5479526212,106.5917145,-6.2089863
6288895811,106.6845269,-6.1885405
7226715988,106.6279437,-6.1948598
7226715996,106.6291982,-6.1873781
7226715997,106.6291687,-6.1873113
8548314979,106.6228482,-6.1508713
7120416626,106.6821726,-6.1860282
7120416627,106.682253,-6.1859926
7120416628,106.683045,-6.1874907
7120416629,106.682973,-6.1875453
8496672651,106.6158332,-6.2011065
8496672652,106.6162797,-6.20116
12739080103,106.6275382,-6.1425279
12739080105,106.6215259,-6.138272
10039783356,106.6039681,-6.1832689
8079994839,106.6521606,-6.1666104
10098241513,106.6745105,-6.1492271
10098241514,106.6745867,-6.1456607
10098241515,106.6761019,-6.1453991
10098241516,106.6797338,-6.14299
8496410617,106.6696534,-6.171337
8811376647,106.5916032,-6.2081397
8794337295,106.6137272,-6.1399098
8794337297,106.6125732,-6.1393534
8555655203,106.6562799,-6.1817649
2065231930,106.5996398,-6.1866085
2065231932,106.5996728,-6.1883753
2065231936,106.6006416,-6.188542
2065231938,106.5983911,-6.1887463
2065231940,106.5985368,-6.188808
2065231941,106.5987487,-6.188827
9702797382,106.5942712,-6.1421375
9702797386,106.5940024,-6.1421122
2065231947,106.5971851,-6.1893165
8556048470,106.6635641,-6.1835475
8556048477,106.6633633,-6.1826932
5638910081,106.6830397,-6.1370866
5638910084,106.6834205,-6.1369232
5638910085,106.6820964,-6.1358652
5638910087,106.6828991,-6.1356413
7811559563,106.6833082,-6.1822776
9119527052,106.6394843,-6.1978684
5638910096,106.6849789,-6.1369592
5638910098,106.6862624,-6.1370053
8804036759,106.6124265,-6.1597822
5638910106,106.6761947,-6.150774
5638910107,106.6763114,-6.1497819
5638910109,106.6749154,-6.1345836
5638910110,106.6752756,-6.135795
5638910111,106.6778133,-6.1366878
5638910112,106.6767406,-6.1367474
5638910113,106.6774138,-6.1353131
5638910114,106.6766838,-6.1353635
5638910116,106.6777932,-6.1363561
8788570276,106.6466495,-6.2091223
8788570279,106.6462421,-6.2090924
12785813941,106.6785443,-6.1493659
12785813946,106.6784196,-6.1498392
8434544881,106.6509355,-6.2063794
14053470450,106.6048465,-6.1778419
8434544882,106.6509135,-6.2060992
14053470451,106.6049354,-6.1778233
12785813948,106.6742192,-6.1496699
8434675994,106.6381837,-6.1619342
8434675998,106.6382239,-6.1624642
9192545908,106.6384288,-6.2086414
8523936158,106.6228771,-6.1958069
8523936159,106.6229552,-6.1974263
7805006260,106.6362271,-6.1598329
7805006262,106.6361506,-6.1600018
8523936182,106.6230665,-6.1965407
8523936189,106.6229045,-6.1965684
8523936194,106.6225243,-6.1964857
8789094853,106.5870742,-6.1779223
8789094861,106.5866679,-6.1770295
6317339089,106.6352861,-6.1573289
9651286497,106.6611609,-6.1627736
8484876799,106.6303711,-6.1555834
8484876800,106.6302154,-6.1556118
8536388117,106.6642159,-6.1529834
4355060252,106.6276558,-6.2088912
4355060253,106.6277418,-6.2096705
8485794346,106.653475,-6.1665583
5479526974,106.5903596,-6.2037971
5479526976,106.5898862,-6.2037137
5479526977,106.5896637,-6.2040048
5479526980,106.5905303,-6.2040787
5479526981,106.5925929,-6.1978363
5479526982,106.5868317,-6.1964425
5479526984,106.5865478,-6.1965742
5479526985,106.5864895,-6.1967924
5479526987,106.5870159,-6.1964611
5479526991,106.5847387,-6.1982726
8484614754,106.6583017,-6.15191
8484614759,106.6581783,-6.1515686
5479527017,106.589527,-6.2088208
5479527018,106.5890255,-6.2087893
7820735083,106.6762845,-6.1926246
5479527020,106.5851712,-6.1988483
7820735081,106.6766774,-6.1926632
5479527022,106.5857201,-6.2011426
5479527063,106.5842365,-6.2018374
5479527064,106.5855466,-6.2020765
8484614824,106.6579784,-6.1504033
8484614825,106.6576445,-6.1504273
7139947185,106.651628,-6.1747349
7139947186,106.6512783,-6.175075
7139947189,106.6513102,-6.1747797
7067333332,106.603033,-6.2067298
8553165530,106.6612088,-6.1773397
10738791171,106.6713982,-6.1448784
3726963471,106.6791709,-6.2051159
3726963472,106.6800903,-6.2053398
13095723625,106.6828038,-6.1843091
8485167518,106.6733837,-6.138984
8509518638,106.6094657,-6.1685553
8509649714,106.599851,-6.1943485
10286854963,106.6797048,-6.1801386
13095723629,106.6821057,-6.1845929
9144169296,106.6654378,-6.1582305
5479527260,106.5841439,-6.2045946
5479527267,106.5850559,-6.2028
5479527269,106.5852966,-6.2039076
7229600639,106.588129,-6.1529245
10617228654,106.6164282,-6.1826982
4317705129,106.6230171,-6.1391706
4317705130,106.6223559,-6.1392053
4317705131,106.6236783,-6.1391172
4317705132,106.6252943,-6.1398627
4317705136,106.6235603,-6.1374745
4317705137,106.6228861,-6.1374907
4317705139,106.6238634,-6.1375358
4317705140,106.6239576,-6.1383516
4317705141,106.6221548,-6.1368611
4317705142,106.6228507,-6.1368294
4317705143,106.6233658,-6.1367891
4317705144,106.6225076,-6.1368406
4317705145,106.6226856,-6.1391888
4317705146,106.6223855,-6.1395279
4317705147,106.6237019,-6.1394428
4317705148,106.6229841,-6.1388359
4317705149,106.6236545,-6.138786
4317705151,106.6229107,-6.1378285
4317705152,106.6235824,-6.137783
4317705153,106.6222299,-6.1381999
4317705154,106.6226174,-6.1381846
4317705155,106.6229347,-6.1381578
4317705156,106.6236065,-6.1381177
4317705157,106.6239446,-6.1380953
4317705158,106.6221977,-6.1378798
4317705159,106.6225792,-6.1378601
4317705160,106.622191,-6.1375544
12738950088,106.6288539,-6.1440267
12738950090,106.6287091,-6.1439742
4317705161,106.6225526,-6.1375354
4317705164,106.622128,-6.1372185
4317705163,106.6229028,-6.1377208
4317705165,106.6225312,-6.1371921
4317705167,106.6233672,-6.1371385
4317705166,106.6228762,-6.1371783
4317705162,106.6225684,-6.1377461
4317705169,106.6226367,-6.1385295
4317705171,106.6226629,-6.1388652
4317705172,106.6229596,-6.1384997
4317705173,106.6236304,-6.1384505
4317705174,106.6240244,-6.1398554
4317705175,106.6240109,-6.14012
7249202556,106.6229811,-6.163574
4317705177,106.6252539,-6.1401525
4317705178,106.6249933,-6.1401354
4317705179,106.6248928,-6.1405194
4317705181,106.6242476,-6.1404701
4317705182,106.6228247,-6.1364999
4317705183,106.6232223,-6.1364664
2624648166,106.5992632,-6.1553141
2624648168,106.6072666,-6.1555708
2624648171,106.5992198,-6.1558586
2624648172,106.5875176,-6.1558976
2624648174,106.6029143,-6.1561487
7229469678,106.6044267,-6.1880246
2624648187,106.5864322,-6.1569243
8788702207,106.6650658,-6.1807156
8556049409,106.6620353,-6.1810476
8788702213,106.6654611,-6.1807466
8556049413,106.6620412,-6.1815845
2624648199,106.5868206,-6.1571178
2624648203,106.5869305,-6.1573006
2624648208,106.6088827,-6.1572357
8482518032,106.6430308,-6.2090311
2624648216,106.5863772,-6.1577227
2624648220,106.6027134,-6.1576839
7249202570,106.6184762,-6.1674663
2624648230,106.6130803,-6.1582002
7249202573,106.6186345,-6.1678123
8552248367,106.666135,-6.1802609
8552248375,106.6655642,-6.180254
2624648248,106.6085862,-6.1592356
2624648252,106.5885708,-6.1593625
2624648254,106.590542,-6.1594658
2624648262,106.6136362,-6.1596915
8535602320,106.6660734,-6.1700557
12182549661,106.6531738,-6.1508428
12182549662,106.652902,-6.15087
12182549663,106.6520572,-6.1489431
8535602336,106.6659285,-6.1697397
8502703265,106.6692853,-6.1810742
12182549664,106.6515464,-6.1491431
8502703271,106.668667,-6.1812023
2624648360,106.6270235,-6.1606378
8804168890,106.602969,-6.1669716
2624648383,106.627417,-6.1610852
8407413965,106.6785233,-6.1523315
8407413970,106.6779496,-6.1518051
2624648435,106.5885897,-6.1615629
8499164407,106.6075248,-6.2032134
2624648444,106.6220832,-6.1617942
2624648451,106.6073648,-6.1618196
2624648462,106.5919955,-6.1619714
8524330260,106.587073,-6.1412971
8524330261,106.5870488,-6.1407988
8524330262,106.586567,-6.1411957
8524330263,106.5866518,-6.1407535
6322451752,106.5900515,-6.1895433
6322451755,106.5898288,-6.1900583
2624648509,106.593359,-6.1622586
2624648512,106.6156555,-6.162404
2624648517,106.6171857,-6.1625065
7061697866,106.5983764,-6.2095579
7061697867,106.5983761,-6.2095803
9660069196,106.6715808,-6.1928742
9660069197,106.6712126,-6.1927727
5649003856,106.6588233,-6.2015734
2624648529,106.6091314,-6.1627324
5649003859,106.6583298,-6.2014868
2624648531,106.6057635,-6.1628173
5649003861,106.658279,-6.2010671
2624648534,106.6100373,-6.1627676
2624648537,106.6099823,-6.1628149
2624648538,106.6102499,-6.1629069
2624648540,106.6095264,-6.1630237
2624648544,106.6096782,-6.1631266
2624648546,106.6098918,-6.1633157
3010819365,106.5952454,-6.1649959
2624648548,106.6155772,-6.1633583
2624648549,106.6186596,-6.1633748
2624648552,106.6193556,-6.1633778
2624648558,106.6220815,-6.1635332
2624648561,106.6292527,-6.163692
2624648563,106.6047865,-6.1637117
2624648564,106.6047661,-6.1637339
2624648565,106.6093297,-6.1637883
2624648566,106.6093992,-6.1638538
2624648568,106.6110347,-6.1639068
2624648570,106.6282937,-6.1639124
2624648572,106.5995738,-6.1639609
2624648574,106.6110914,-6.1640056
8788047232,106.6074738,-6.1717177
8788047233,106.6074683,-6.1713309
2624648577,106.5948468,-6.1641
2624648581,106.6273989,-6.1641187
2624648587,106.6113327,-6.1642924
2624648589,106.6099466,-6.1643439
2624648594,106.6266039,-6.1644019
2624648595,106.6016546,-6.1644166
2624648596,106.6099002,-6.1643967
8484484501,106.6345426,-6.1568635
2624648598,106.6028442,-6.1644378
8484484502,106.6341105,-6.1568705
2624648600,106.6021582,-6.1644449
2624648601,106.6030329,-6.1644653
2624648602,106.6042107,-6.1644751
2624648603,106.6047091,-6.1644796
2624648608,106.5899792,-6.1645537
2624648614,106.6102649,-6.16465
2624648616,106.6271773,-6.164707
2624648621,106.6121663,-6.165015
2624648622,106.6272283,-6.165067
8509257137,106.646539,-6.1831333
8509257138,106.6463665,-6.1837182
2624648627,106.6270732,-6.1651152
2624648629,106.587318,-6.1650273
2624648632,106.5845816,-6.1650847
2624648640,106.5899348,-6.1652666
2624648646,106.5917355,-6.1653632
2624648653,106.6170976,-6.165578
2624648657,106.5995389,-6.1659026
2624648660,106.5987742,-6.1659701
2624648663,106.6136867,-6.1660907
2624648664,106.5959135,-6.1661643
2624648668,106.6146581,-6.1663163
2624648672,106.6145263,-6.166413
2624648674,106.6142661,-6.1664014
9242342882,106.6789867,-6.1726536
2624648680,106.596451,-6.1664554
2624648687,106.614123,-6.166653
2624648693,106.5963494,-6.1667049
2624648696,106.61602,-6.1667713
2624648701,106.6166784,-6.16695
2624648703,106.6140332,-6.1670143
2624648707,106.5959041,-6.1671503
2624648708,106.6140187,-6.1671274
2624648713,106.6140033,-6.167338
2624648725,106.6175435,-6.1675353
7637759510,106.6845377,-6.1374719
8958834199,106.6203038,-6.1833335
8958834197,106.6202746,-6.1835288
2624648739,106.5854199,-6.1676814
11066734129,106.6720179,-6.1378089
11066734130,106.672165,-6.137819
2624648788,106.5958225,-6.1677566
2624648807,106.6177195,-6.1683296
12786529901,106.6826159,-6.1425976
2624648814,106.6137659,-6.1687721
12786529902,106.6835703,-6.1380719
2624648823,106.6176492,-6.1694192
7805007480,106.6381285,-6.1554323
7805007481,106.6381606,-6.1555219
2624648839,106.5854891,-6.170253
2624648852,106.5896514,-6.1704623
2624648854,106.6177457,-6.1705293
2624648862,106.5961762,-6.1705825
2624648867,106.613669,-6.1707483
2624648873,106.5850952,-6.1709331
5479528114,106.5846026,-6.1982496
5479528115,106.5859184,-6.1984714
5479528116,106.5858736,-6.1987494
2624648885,106.6052131,-6.171387
5479528118,106.5862624,-6.1980299
12186482358,106.6812044,-6.1814134
5479528120,106.5866415,-6.1978581
12186482361,106.6780687,-6.1809374
12186482360,106.6785055,-6.1797803
12186482359,106.6787355,-6.1798713
10684659388,106.6720213,-6.1768188
12186482357,106.6821759,-6.1813146
2624648911,106.5847185,-6.1718367
8785557216,106.6447589,-6.1579375
2624648945,106.6176145,-6.1731597
2624648952,106.6253482,-6.1734882
2624648971,106.6053605,-6.1740403
2624648972,106.5918126,-6.1739915
8957785873,106.5926023,-6.1932912
8957785877,106.5925889,-6.1935556
2624648988,106.5918591,-6.1741844
5479528221,106.5891455,-6.1987721
5479528222,106.5870166,-6.1975977
2624648991,106.6232069,-6.1745929
5479528224,106.5863996,-6.1977378
5479528225,106.5910536,-6.2000114
6568081185,106.640869,-6.2004133
5479528227,106.58944,-6.2001855
2624648996,106.6231699,-6.1746434
2624648997,106.6176555,-6.174677
5479528229,106.5877421,-6.1984923
5479528231,106.5892576,-6.1996749
6568081186,106.640957,-6.2004651
2624649002,106.6055934,-6.1747432
5479528234,106.5903318,-6.1996829
8509257516,106.6450314,-6.1849079
8509257515,106.6449831,-6.1853275
5479528239,106.5877793,-6.1987312
5479528242,106.5870803,-6.1986703
5479528243,106.586665,-6.199157
5479528245,106.5870997,-6.1984682
2624649014,106.6176213,-6.1751896
5479528246,106.5863589,-6.1982782
5479528249,106.5862696,-6.1988083
5479528250,106.5867184,-6.1988844
5479528251,106.5866273,-6.1993495
5479528252,106.5868112,-6.198389
5479528254,106.5882782,-6.1996599
5479528255,106.5886674,-6.2009454
5479528256,106.5888392,-6.1997837
5479528258,106.5883965,-6.1991642
5479528262,106.5862163,-6.1982457
2624649032,106.6187679,-6.1754796
5479528264,106.5893143,-6.1987712
5479528267,106.5889961,-6.1974217
5479528268,106.5891619,-6.1967577
8495888203,106.6073331,-6.1409016
2624649038,106.6184534,-6.1755423
5479528271,106.5885213,-6.198267
5479528272,106.590879,-6.1982536
8495888206,106.6072724,-6.1397766
5479528274,106.589818,-6.1991305
5479528275,106.5912364,-6.1978209
5479528276,106.5916003,-6.1981493
2624649044,106.6190851,-6.175763
3848468308,106.6664012,-6.173361
5479528278,106.5919083,-6.1984836
2624649047,106.62804,-6.1758853
3848468312,106.6666267,-6.1745953
3848468310,106.6663306,-6.1741916
3848468309,106.6663409,-6.173952
5479528279,106.5923569,-6.1987243
5479528277,106.5915623,-6.19791
2624649054,106.619244,-6.1759803
5479528283,106.592318,-6.2016214
2624649056,106.6192697,-6.1760121
5479528291,106.5869804,-6.2022014
3848468323,106.6661563,-6.1764027
5479528293,106.5865959,-6.202489
5479528294,106.5872503,-6.2016598
3848468327,106.6659664,-6.1777639
5479528296,106.5867123,-6.201803
5479528297,106.5866344,-6.2015648
2624649064,106.6271738,-6.1761845
5479528299,106.5866577,-6.2020435
5479528300,106.5856889,-6.2013423
2624649068,106.627546,-6.1762071
5479528302,106.5864379,-6.2020499
5479528303,106.5875879,-6.203288
7120287600,106.6562426,-6.174212
3848468336,106.6660526,-6.1791303
5479528306,106.5874387,-6.2031666
3848468338,106.6658802,-6.1793856
5479528308,106.5870937,-6.2033732
5479528309,106.5896492,-6.2041466
5479528310,106.5896811,-6.2035838
5479528311,106.5896763,-6.2039034
2624649077,106.6280611,-6.1761783
2624649081,106.6052429,-6.1762323
3848468343,106.6654853,-6.1806449
5479528315,106.584036,-6.2081424
3848468348,106.6654692,-6.1816442
3848468345,106.6653706,-6.1811022
3848468351,106.6655754,-6.1821456
3848468352,106.6655202,-6.1822905
3848468354,106.6654196,-6.1827381
3848468355,106.6646129,-6.1828256
5479528324,106.5840742,-6.2066158
5479528327,106.5851082,-6.2056665
5479528328,106.5865177,-6.2085383
3848468361,106.6643178,-6.1847921
3848468362,106.6642696,-6.1852662
3848468360,106.6643507,-6.1843322
5479528336,106.5860832,-6.2094396
3848468369,106.6637546,-6.1866267
5479528339,106.5850821,-6.2091967
5479528340,106.5851136,-6.2098516
5479528341,106.5851708,-6.2096055
5479528342,106.5855038,-6.2096569
5479528343,106.5849533,-6.209572
6320617373,106.6844491,-6.2040546
2624649119,106.5837279,-6.1770286
2624649120,106.5859527,-6.17703
8484485030,106.6177357,-6.1926587
8484485031,106.6171096,-6.1925646
5479528361,106.585188,-6.208291
5479528362,106.5862017,-6.2074997
5479528363,106.5861844,-6.2071787
5479528364,106.5862137,-6.2068531
5479528365,106.5868798,-6.2071038
5479528366,106.5853761,-6.2072563
5479528367,106.58692,-6.2074184
5479528368,106.5854188,-6.207585
5479528369,106.5854287,-6.2076611
5479528371,106.5868449,-6.2067918
5479528385,106.5888794,-6.2055692
5479528386,106.5893021,-6.205618
5479528387,106.5874699,-6.2047413
5479528391,106.5855867,-6.2031888
5479528394,106.5855065,-6.2039773
5479528395,106.5856126,-6.2029335
5476906957,106.6085158,-6.1954575
5476906958,106.6085158,-6.1955604
5476906959,106.609413,-6.1957018
5476906960,106.609409,-6.1958164
5479528400,106.5863644,-6.2032789
5479528402,106.5854308,-6.2029257
5479528405,106.5872241,-6.2020923
5479528406,106.5870059,-6.2023654
5479528407,106.5864265,-6.2025327
10001250266,106.631619,-6.1851821
10001250267,106.631644,-6.1854703
5479528412,106.5876248,-6.2027454
5479528413,106.5876637,-6.2028908
5479528415,106.5874363,-6.2020927
5479528420,106.5902165,-6.2013468
8498771945,106.6218585,-6.1567955
12184647699,106.6552349,-6.1603893
12184647700,106.6554447,-6.1605204
2624649242,106.6211801,-6.1773499
2624649260,106.6054283,-6.1776277
5479528521,106.5905048,-6.2010928
5479528523,106.5907616,-6.2012811
5479528524,106.5901266,-6.2021987
5479528526,106.5906979,-6.2008042
5479528528,106.5911503,-6.2000905
5479528529,106.5934029,-6.2014575
5479528530,106.5933882,-6.2019894
12170360913,106.6568124,-6.1797778
5479528532,106.5920229,-6.203932
2624649301,106.6114046,-6.1777683
5479528534,106.5921737,-6.2041932
5479528537,106.593181,-6.204218
5479528540,106.5933171,-6.2036987
5479528545,106.5929124,-6.2045916
5479528548,106.5934057,-6.2046679
2624649317,106.6101392,-6.1778636
5479528553,106.5914295,-6.2052213
2624649324,106.6130747,-6.1778923
5479528558,106.5917253,-6.2053433
5479528559,106.592673,-6.205134
5479528561,106.5933667,-6.2050905
5479528562,106.5929738,-6.2056065
5479528563,106.5933125,-6.205518
2624649332,106.6139108,-6.1780004
5243861109,106.6333342,-6.1361824
5479528566,106.5929929,-6.2063274
5479528568,106.5928219,-6.2063446
3726964857,106.6504991,-6.1984213
5479528569,106.5935442,-6.2070791
9131718779,106.6012102,-6.202818
2624649340,106.6145155,-6.1781185
9131718782,106.6012062,-6.2024996
5479528575,106.5925842,-6.2069285
5479528574,106.5923146,-6.2069151
9131718785,106.6006925,-6.2033293
7238252673,106.6344618,-6.1931573
5479528579,106.5887064,-6.2072091
5479528578,106.5938046,-6.2071023
5479528581,106.5882933,-6.2067225
5479528580,106.5891597,-6.2072278
5479528583,106.58865,-6.2077197
5479528584,106.5883798,-6.2104463
3726964873,106.6506811,-6.199002
3726964874,106.650807,-6.198585
5479528587,106.5889826,-6.2050985
5479528586,106.5893447,-6.2051386
5479528589,106.5892027,-6.2068384
5479528590,106.5896749,-6.2068737
5479528588,106.5888626,-6.2106175
5479528592,106.5907751,-6.208076
5479528591,106.591449,-6.208137
9131718802,106.598301,-6.2009655
5479528593,106.5911579,-6.2106621
5479528596,106.5898409,-6.2087316
5479528597,106.589727,-6.2096649
5479528598,106.5895389,-6.2096487
5479528599,106.5899992,-6.207965
2624649368,106.5955148,-6.178414
5479528601,106.5896633,-6.2083624
5479528602,106.5906242,-6.2098636
5479528603,106.5908717,-6.2069319
5479528604,106.5915468,-6.2069998
5479528605,106.5897729,-6.2068461
2624649374,106.6085044,-6.1786166
5479528609,106.5898938,-6.2055932
5476907172,106.5995076,-6.198755
5476907175,106.6003259,-6.1988215
5479528616,106.5915612,-6.2045024
5479528618,106.5921643,-6.2047546
2624649394,106.6056439,-6.1789129
2624649395,106.6230621,-6.1788796
2624649398,106.6067335,-6.1790129
5479528632,106.5898919,-6.2036027
5479528636,106.5905953,-6.2041659
5479528637,106.5909701,-6.2045279
5479528638,106.5910471,-6.204358
5479528641,106.5921697,-6.2044879
5479528642,106.5928571,-6.203676
5479528643,106.5925831,-6.2036654
5479528644,106.5921431,-6.2037203
5479528647,106.5925282,-6.2038388
5479528648,106.5924719,-6.2034247
5479528649,106.5924665,-6.2035837
5479528652,106.5926023,-6.2034367
5479528653,106.5922871,-6.2020314
8785688780,106.6205039,-6.1691187
5479528657,106.5925251,-6.2025638
5479528658,106.5925808,-6.2010066
5479528660,106.5923505,-6.2009985
5479528661,106.5923304,-6.2011931
5479528665,106.5920491,-6.200948
5479528666,106.5925032,-6.2004777
5479528668,106.5921626,-6.2004133
5479528669,106.5924311,-6.2007118
2624649439,106.6047362,-6.1814068
2624649441,106.6046886,-6.1814729
7211120866,106.6069984,-6.202638
5479528675,106.5928651,-6.2007682
5479528676,106.5928152,-6.2016346
5479528678,106.5925844,-6.2021671
5479528682,106.5926848,-6.2014235
5479528683,106.5927438,-6.2012688
12180453614,106.662012,-6.1905048
12180453615,106.6616768,-6.1906125
5479528688,106.592033,-6.2011505
5479528695,106.5918837,-6.2005761
5479528696,106.5866789,-6.1972908
5479528702,106.5918845,-6.2019721
5479528703,106.5926036,-6.2020388
2624649474,106.6020288,-6.1883241
5479528709,106.5921074,-6.2052992
5479528710,106.5932426,-6.2052252
5479528711,106.591104,-6.199825
5479528712,106.5907869,-6.1993764
5479528713,106.5905713,-6.1996513
5479528715,106.591402,-6.1985776
5479528716,106.5918289,-6.1988704
5479528717,106.5925634,-6.1967977
2624649484,106.6019932,-6.1889504
2624649486,106.6023949,-6.1889556
2624649487,106.6026353,-6.1889588
5479528719,106.5922241,-6.197073
2624649490,106.6018727,-6.1901977
11041962258,106.6808717,-6.1695934
2624649492,106.6023199,-6.1902255
5479528720,106.5929282,-6.196575
2624649489,106.6006308,-6.1900766
11041962257,106.6808825,-6.1691849
11072239897,106.681736,-6.1828266
2624649498,106.6014705,-6.1907284
2624649499,106.6018376,-6.1907418
11072239898,106.6815192,-6.1826659
12486244641,106.606522,-6.2037352
8254060842,106.6543829,-6.1997469
8488155444,106.6520937,-6.1622466
8488155456,106.6520078,-6.1615676
8488155457,106.6518568,-6.1601222
2624649537,106.6009767,-6.1931127
8488155459,106.6511992,-6.1601622
4355062090,106.6262475,-6.2072645
4355062091,106.626425,-6.2090171
2624649550,106.5987429,-6.1934788
4355062094,106.6235158,-6.2067219
4355062095,106.6277825,-6.2061706
9059498320,106.6620319,-6.1684797
5476907346,106.6105838,-6.2010308
4355062099,106.6254718,-6.2064999
4355062100,106.6255458,-6.2073329
4355062101,106.6256257,-6.2058639
4355062102,106.6279762,-6.2056512
4355062103,106.6269047,-6.205739
9059498323,106.6611139,-6.1671876
5476907352,106.6099887,-6.2013439
9059498321,106.6627412,-6.1693828
5476907349,106.610333,-6.2011995
2624649568,106.6022215,-6.1958771
5476907362,106.6078837,-6.2021878
5476907364,106.6072632,-6.2019661
5476907368,106.6075918,-6.1971377
5476907369,106.6080747,-6.1970892
5476907371,106.5995546,-6.2013181
5476907372,106.6001841,-6.2012757
5476907378,106.6090771,-6.1985963
5476907379,106.6067644,-6.1995476
5476907380,106.6070651,-6.1995673
5479528825,106.5923622,-6.1964097
5476907385,106.6041599,-6.197209
5479528826,106.5914302,-6.1980803
8487893371,106.6262855,-6.1742536
5476907389,106.6045066,-6.196959
7221606781,106.6128408,-6.1417631
5476907391,106.6047452,-6.1969258
5479528832,106.5912062,-6.1969084
5479528831,106.5919632,-6.198195
8487893370,106.6258098,-6.17442
5479528840,106.5911264,-6.198183
2624649638,106.602338,-6.1978857
2624649642,106.5956325,-6.198363
2624649649,106.6022885,-6.1992906
2624649652,106.5941831,-6.1996762
2624649668,106.5957929,-6.2018181
2624649673,106.6004009,-6.2034421
4355062235,106.6269538,-6.2062501
4355062236,106.6270583,-6.2071851
7129463269,106.6675687,-6.1856701
8789359113,106.6389864,-6.1937685
2624649738,106.5999468,-6.2053919
8789359115,106.6392842,-6.1938964
8488024590,106.627357,-6.17524
8488024591,106.6278264,-6.1751136
8510831119,106.6839476,-6.208497
2624649753,106.5938167,-6.2057082
2624649758,106.5994506,-6.2059587
11366234669,106.5928826,-6.2049966
12140214830,106.6764677,-6.1436748
12140214832,106.6763022,-6.1434462
12140214833,106.6768261,-6.1417766
12140214834,106.67618,-6.1421623
12140214835,106.6762171,-6.1428022
12140214836,106.6764794,-6.1427443
2624649789,106.6059147,-6.2067174
8548186687,106.6700001,-6.1938059
8548186688,106.6698737,-6.1941787
8502311492,106.6533094,-6.1849433
7237859916,106.6356088,-6.1815449
2624649805,106.5993775,-6.2073849
7237859917,106.6356075,-6.1815156
2624649807,106.5999522,-6.2074051
2624649815,106.5964748,-6.2085234
8502311512,106.65333,-6.1857246
6734150235,106.6817345,-6.1808779
2624649820,106.6090007,-6.2089744
6734150236,106.6814548,-6.1807984
7067466334,106.6121345,-6.1972054
7067466333,106.6116647,-6.1973683
2624649831,106.5980401,-6.2114151
12140021871,106.6813024,-6.1438073
5636427877,106.659266,-6.1528979
5636427879,106.6589936,-6.153593
2624649873,106.6018577,-6.2152211
6554319513,106.6830383,-6.1703324
6554319522,106.682813,-6.1703661
6554319549,106.6732208,-6.167092
6554319553,106.6720674,-6.1642336
6554319557,106.6683465,-6.1680663
8530623219,106.6647801,-6.1745972
9660201717,106.648926,-6.1764383
9660201718,106.6490064,-6.1766766
8508865275,106.5986118,-6.1973263
7223835443,106.5903094,-6.1689798
6317734708,106.6809824,-6.1774836
7223835444,106.5902574,-6.1689748
6317734736,106.6846651,-6.1726757
6317734752,106.6796232,-6.1730217
6317734761,106.6802394,-6.1774943
13249084272,106.6036088,-6.170909
9164356494,106.5970924,-6.1667011
7867267992,106.5922504,-6.1390346
6696795049,106.635187,-6.1617774
6696795050,106.6335069,-6.1619492
8482782165,106.6674641,-6.1495192
8482782170,106.6676464,-6.1497366
8482782176,106.6678126,-6.1494001
2472213507,106.6104946,-6.2099409
2472213521,106.6133396,-6.210652
6320618514,106.6846906,-6.1949851
11055594518,106.6157753,-6.17034
11055594519,106.6157862,-6.1705841
6320618561,106.6813177,-6.1963304
6320618570,106.6820109,-6.1934292
6320618575,106.679876,-6.1956538
6320618576,106.6796631,-6.1962777
6320618581,106.6810911,-6.1954661
6320618582,106.6805324,-6.1957604
8503430143,106.6843848,-6.1917779
11072240757,106.6786911,-6.181891
11072240758,106.6789586,-6.181966
8503430151,106.6842779,-6.1913952
8503430152,106.6844284,-6.1914306
8503430153,106.6845008,-6.1914533
10277420187,106.6616026,-6.1902158
8482782396,106.6665883,-6.1475845
8482782397,106.6663122,-6.1475193
8482782398,106.6667144,-6.1474351
8482782403,106.6669336,-6.1475864
8553036996,106.6589789,-6.1726317
8482782405,106.6670706,-6.1471333
8553036997,106.6589976,-6.1728385
8482782413,106.6670647,-6.1477897
7249203013,106.6794733,-6.1592398
11043929316,106.6424538,-6.1584395
11043929318,106.6421591,-6.1584648
8802991341,106.6697507,-6.138072
6451297562,106.6712521,-6.1618402
6320618790,106.6800567,-6.196974
7134182733,106.6636772,-6.1960547
7134182736,106.6636254,-6.1960917
5625806196,106.6363555,-6.205118
7067336137,106.6178665,-6.1967081
4321377746,106.6713431,-6.1338199
4321377752,106.6766259,-6.1344581
4321377755,106.674897,-6.1346806
4321377757,106.6752232,-6.1348322
9651289567,106.6724937,-6.18267
4321377759,106.6760295,-6.135098
4321377761,106.6749535,-6.1352245
4321377760,106.6752437,-6.1351514
4321377763,106.6760454,-6.1354039
4321377764,106.6752604,-6.1354541
8850570722,106.6824161,-6.1355091
4321377766,106.6767062,-6.135714
4321377767,106.676397,-6.1357345
4321377768,106.6762577,-6.1357445
4321377769,106.6760645,-6.1357553
8850570729,106.6820234,-6.1359637
4321377771,106.6762751,-6.1360938
4321377772,106.6754994,-6.1361394
4321377770,106.6749883,-6.1358094
4321377774,106.6762909,-6.13644
4321377775,106.675146,-6.1364978
4321377779,106.6763549,-6.1381028
7229603315,106.6328454,-6.202816
7229603318,106.6326879,-6.2029534
7229603322,106.6305535,-6.2025767
7229603324,106.6296302,-6.2042306
7218069004,106.6094339,-6.1681607
9125690895,106.6094014,-6.167829
9125690896,106.6137507,-6.1684678
7229603347,106.6238387,-6.2011439
8850570773,106.6811877,-6.1349054
8850570774,106.6813521,-6.1347283
5400624706,106.6005832,-6.1806742
5400624707,106.6006106,-6.1804649
5400624708,106.5992729,-6.1854475
5400624709,106.5993903,-6.1854715
5400624710,106.5999287,-6.1820489
5400624718,106.6080498,-6.178941
12959678064,106.6497623,-6.1459155
12959678065,106.6504362,-6.1458779
12959678066,106.6503176,-6.1438916
12959678067,106.6512175,-6.1458342
12959678068,106.6511189,-6.1438467
12959678069,106.6496974,-6.1445556
12959678070,106.650355,-6.1445176
12959678071,106.6511487,-6.1444718
12959678072,106.651088,-6.1432002
12959678073,106.6502838,-6.1433264
12959678074,106.650552,-6.1478158
12959678075,106.6490736,-6.145954
12959678076,106.6498585,-6.1479336
12959678077,106.6489755,-6.1445973
12959678078,106.653138,-6.1457269
12959678079,106.6515508,-6.1476745
12959678080,106.6518978,-6.1457962
12959678081,106.6540567,-6.146083
12959678082,106.6539839,-6.1444914
12959678083,106.6530953,-6.1449914
12959678084,106.6511783,-6.1450895
12959678085,106.6496675,-6.143928
12959678086,106.6523877,-6.1437756
12959678087,106.6512959,-6.1473224
12959678088,106.6514261,-6.1477934
12959678094,106.6265024,-6.1482002
12959678096,106.6256391,-6.1477995
12959678097,106.6275721,-6.1443972
12959678098,106.6263077,-6.1441159
12959678099,106.6275904,-6.1442785
12959678100,106.6263432,-6.1440007
7129071303,106.6575798,-6.1811337
9644736206,106.6377713,-6.1780556
8788705004,106.612267,-6.2055959
8788705005,106.6123098,-6.2059478
8547663610,106.6678141,-6.1544054
9182052124,106.6429603,-6.185824
7128809246,106.6592307,-6.1868101
7128809247,106.6592311,-6.1868955
7128809248,106.6592313,-6.1867903
7128809249,106.6594178,-6.1868742
7128809250,106.6594162,-6.1870321
7128809251,106.6594195,-6.186823
7128809252,106.6596263,-6.1869173
7128809253,106.6595985,-6.187056
7128809254,106.6596372,-6.186864
7128809255,106.6599821,-6.1874021
7128809256,106.6601398,-6.1873942
8502443826,106.6774863,-6.1516713
6320226193,106.6034062,-6.1708143
6320226194,106.6063002,-6.187771
6320226195,106.6107112,-6.1829489
6320226203,106.6113389,-6.1827875
4554424223,106.6704608,-6.1774503
4554424224,106.6704823,-6.1777662
6320226209,106.6117568,-6.1854993
6320226210,106.6117023,-6.1853201
11082596295,106.6807357,-6.1475546
9094102986,106.6578582,-6.1823904
9094102987,106.6582153,-6.1865032
9094102988,106.6575903,-6.1866522
9094102989,106.6566693,-6.1864303
9094102990,106.6561522,-6.1863546
7137722320,106.6686597,-6.1909092
12698976221,106.6191233,-6.1462077
12698976222,106.6195928,-6.1460963
12698976225,106.6197555,-6.1466183
12698976229,106.6199153,-6.1468043
12698976232,106.6196664,-6.1472101
12698976233,106.6200385,-6.147054
8487239698,106.6296551,-6.1661768
8487239701,106.6300634,-6.166049
12202344527,106.6343255,-6.1537753
6542524505,106.6067865,-6.2031905
6950027353,106.6457851,-6.1620502
12202344539,106.6339988,-6.154922
12202344538,106.6343549,-6.1549234
6950027357,106.6456751,-6.1618336
12202344541,106.6335931,-6.1541778
12202344542,106.6339016,-6.1541767
12202344543,106.6328707,-6.1539374
6542524515,106.6046808,-6.1990796
12202344553,106.6332885,-6.1512069
6542524522,106.6024843,-6.1996821
6542524533,106.598953,-6.2046116
6542524535,106.5983771,-6.2045791
3726966908,106.6816222,-6.2091911
6542524544,106.5989213,-6.203805
6542524547,106.5999131,-6.2015643
2967079341,106.5875489,-6.1739063
11913724099,106.6266596,-6.1683619
5461573828,106.6779564,-6.1473151
5461573836,106.6777389,-6.1473839
5461573840,106.6776384,-6.1469719
11913724114,106.624305,-6.1692208
11913724115,106.6220333,-6.168541
11913724116,106.6226759,-6.1683543
5461573845,106.6852873,-6.1438158
5461573846,106.6839247,-6.1466738
5461573847,106.6831862,-6.1466546
5461573848,106.6839427,-6.1459854
5461573849,106.6832193,-6.1459667
5461573851,106.6790231,-6.1441433
5461573871,106.6855523,-6.1453906
5461573872,106.6855685,-6.1452644
5461573876,106.6850561,-6.1448768
5461573878,106.6831684,-6.1444243
5461573879,106.6832701,-6.145092
5461573880,106.6831899,-6.1445897
5461573882,106.6854795,-6.144245
5461573883,106.6843323,-6.1444027
5461573884,106.6843995,-6.144915
5461573886,106.6855018,-6.1463189
11103961346,106.6713063,-6.138088
5461573891,106.6843534,-6.1462563
5461573890,106.6847321,-6.146277
7221477641,106.6305341,-6.1427795
5461573899,106.6864889,-6.1463728
7221477644,106.6303973,-6.1431203
5461573901,106.683906,-6.1470951
5461573904,106.6831706,-6.147079
5461573906,106.6832062,-6.1462127
5461573907,106.6832408,-6.145531
5461573909,106.6839509,-6.145453
5461573911,106.6839357,-6.1462531
5461573913,106.6785792,-6.1445616
5461573914,106.678638,-6.1449859
7226589467,106.65764,-6.1532446
5461573916,106.6783764,-6.1450307
5461573915,106.6783002,-6.1446004
7221477662,106.6298505,-6.145886
5461573918,106.6768391,-6.144807
5461573919,106.6800157,-6.1421917
7226589479,106.6591747,-6.15191
8407417127,106.6819641,-6.165509
8407417131,106.6818072,-6.1664476
8407417132,106.6819775,-6.1651996
11103961390,106.6674584,-6.1381523
12212437307,106.654978,-6.1654531
7067337033,106.623048,-6.1951068
7067337034,106.6233156,-6.1949671
9734127971,106.6817003,-6.1505506
9734127972,106.6816582,-6.1504225
7122780522,106.655197,-6.2011455
7120552343,106.6650403,-6.1779307
5504172470,106.6626542,-6.2057118
5504172471,106.6599842,-6.206925
5504172473,106.6604864,-6.2064237
5504172474,106.6603397,-6.2068053
5504172475,106.6610013,-6.2054338
5504172478,106.6632496,-6.2053806
5504172481,106.6634153,-6.2059078
5504172482,106.6658769,-6.2059831
5504172485,106.6646491,-6.2056592
5504172486,106.6611113,-6.2050983
5504172488,106.661407,-6.2054764
5504172489,106.6634797,-6.2006282
5504172492,106.6636366,-6.2001015
5504172499,106.6662413,-6.2057059
5504172501,106.6659379,-6.2054813
5504172503,106.6650682,-6.2070617
5504172505,106.665262,-6.2065598
5504172513,106.6657481,-6.2059445
5504172517,106.6644575,-6.2055045
8810463728,106.6176179,-6.1729663
8810463729,106.618092,-6.172985
5436408306,106.6306812,-6.2093898
5436408307,106.6297911,-6.2103875
5436408308,106.6295014,-6.2101062
8810463730,106.6181275,-6.1731677
8535998976,106.6584894,-6.1718197
8535998978,106.6584571,-6.1714826
7067337232,106.609107,-6.1966844
7067337233,106.608865,-6.196683
13018530340,106.6190819,-6.1775571
13018530341,106.6193385,-6.1775316
13018530342,106.6189362,-6.1775716
13018530343,106.6189257,-6.1774934
5461574224,106.679791,-6.1428976
5461574225,106.6786732,-6.1418445
5461574226,106.6773158,-6.1426069
5461574228,106.677057,-6.1426562
5461574229,106.6773789,-6.1428416
5461574231,106.6768051,-6.1430141
5461574233,106.6766479,-6.1424537
7137198682,106.6310115,-6.2045489
5461574234,106.6764191,-6.1425146
5461574236,106.6779234,-6.1430923
5461574242,106.6785479,-6.1442185
5461574243,106.6784557,-6.1435998
5461574248,106.6789337,-6.1435362
5461574249,106.6779409,-6.1436723
5461574250,106.6780696,-6.1442903
5461574251,106.6778541,-6.1432481
5461574252,106.6766516,-6.1434145
8776516205,106.6752512,-6.1846595
8776516206,106.6754611,-6.1846521
5461574256,106.6788742,-6.1430803
5461574257,106.6791125,-6.1449073
5461574258,106.6780411,-6.1450824
5461574259,106.677892,-6.144317
5461574260,106.6795272,-6.1440712
5461574261,106.6793771,-6.1430216
8776516209,106.6752331,-6.1850998
5461574269,106.680803,-6.1428584
5461574270,106.681247,-6.1434131
5461574271,106.6801078,-6.1435799
5461574272,106.6809244,-6.1443488
5461574273,106.6802226,-6.1444403
5461574274,106.6802986,-6.1449562
5461574277,106.6812604,-6.1443118
5461574278,106.6813538,-6.1441728
5461574279,106.6812063,-6.1431235
5461574282,106.6800758,-6.1432856
5461574283,106.6801664,-6.1440472
5461574284,106.681311,-6.1438685
5461574289,106.6787966,-6.1452426
5461574290,106.6776595,-6.1454172
5461574291,106.6758902,-6.1462591
5461574292,106.6764967,-6.1462752
5461574293,106.6759451,-6.1457573
5461574294,106.6758379,-6.1466324
5461574295,106.6764806,-6.1466515
5461574296,106.6764545,-6.1470513
5461574297,106.6757534,-6.1470178
5461574298,106.6776589,-6.1464177
5461574304,106.6822952,-6.1475115
5461574308,106.6830444,-6.1475463
7769227946,106.6342248,-6.1366752
11056120493,106.6657924,-6.1739002
11056120494,106.6655816,-6.1738742
11056120495,106.6655932,-6.1737336
6552486585,106.6142718,-6.1620189
6552486586,106.5990114,-6.1628969
6552486589,106.5994316,-6.1629586
11055989463,106.6534281,-6.1945298
11055989465,106.6532988,-6.1940425
6734152410,106.6781326,-6.1816753
11055989466,106.6533337,-6.1935672
7120421627,106.6591035,-6.1784937
7120421629,106.6577922,-6.1778295
7120421631,106.6570088,-6.1774416
12070880008,106.679813,-6.1713983
12070880010,106.6797352,-6.1716757
9125561099,106.6490386,-6.1556828
12070880011,106.6797249,-6.1718097
9125561100,106.645708,-6.1532014
7223837476,106.5926325,-6.1615938
7223837477,106.5926956,-6.1609902
8502444838,106.6559629,-6.1820203
7223837479,106.5943432,-6.1675168
7223837478,106.5943685,-6.167243
7223837481,106.5941077,-6.1674988
7223837480,106.5941204,-6.167217
8502444839,106.6555323,-6.1819382
12188582721,106.6802827,-6.1811263
3761308493,106.5967859,-6.1812573
3761308501,106.5969016,-6.1805586
3761308505,106.5981964,-6.1814543
3761308507,106.5993289,-6.1819598
3761308508,106.6003715,-6.1821041
3761308509,106.5994807,-6.1809182
3761308511,106.5983006,-6.1807706
3761308512,106.5984152,-6.1818333
3761308513,106.5984629,-6.1814922
3761308518,106.59299,-6.182425
3761308523,106.5957028,-6.1803866
3761308525,106.5993786,-6.1816188
3761308528,106.5957404,-6.1811168
3761308529,106.5956854,-6.1806209
6552748954,106.6382895,-6.1961895
9753527204,106.6402999,-6.1600055
9753527207,106.6407144,-6.1600695
6545015752,106.6107319,-6.1968242
5461574602,106.6842158,-6.1552968
5461574603,106.6850071,-6.1552621
6545015755,106.5984242,-6.2054032
6545015757,106.597908,-6.2061007
5461574606,106.679408,-6.1519473
7231833035,106.6291216,-6.1831459
5461574608,106.6809837,-6.151958
5461574612,106.6827795,-6.151566
5461574613,106.6828693,-6.1506446
6545015770,106.5999929,-6.1945538
5461574619,106.6838229,-6.1502912
5461574632,106.6817761,-6.1492873
5461574633,106.6820847,-6.1493005
12214404085,106.6662929,-6.1638849
5461574648,106.6798478,-6.1492366
5461574649,106.6776216,-6.1554701
5461574650,106.6776109,-6.15513
5461574651,106.6758808,-6.1552781
5461574654,106.6764379,-6.1474992
5461574655,106.6756813,-6.1474523
5461574656,106.6750896,-6.1474285
5461574657,106.678087,-6.1487565
5461574658,106.6783029,-6.1489486
5461574659,106.6782935,-6.1487552
5461574677,106.6850406,-6.1492752
5461574678,106.6849423,-6.148805
5461574679,106.6847483,-6.1493365
5461574685,106.6811112,-6.1565048
5461574686,106.6811778,-6.1547229
5461574687,106.6804004,-6.1568461
5461574690,106.6797701,-6.1562335
5461574691,106.6796292,-6.1562008
5461574693,106.6789252,-6.1550487
5461574695,106.6789493,-6.1546647
5461574696,106.679078,-6.1546567
5461574698,106.6796494,-6.1546754
5461574701,106.6821578,-6.1548402
7229867054,106.6656683,-6.1376719
7229867056,106.6637341,-6.1389642
5461574708,106.6804621,-6.1533874
5461574710,106.6805191,-6.1538055
6544884795,106.5867286,-6.1713441
12240880700,106.6035068,-6.1528807
5461574719,106.6781634,-6.1556888
6544884801,106.5871883,-6.1724646
5619254338,106.6157163,-6.1604538
9754182729,106.6853915,-6.1882397
9754182734,106.6847496,-6.18829
8775205978,106.6834685,-6.1602242
5619254374,106.6419134,-6.1656276
5619254375,106.6420478,-6.1665309
5619254384,106.6312569,-6.1596355
5619254388,106.6363491,-6.1533701
5619254394,106.6371015,-6.1519086
5619254395,106.6371204,-6.151801
5619254396,106.6364094,-6.1520099
5619254399,106.6364095,-6.1521824
5619254402,106.6377948,-6.1520407
5619254404,106.6378527,-6.1519159
11953177735,106.6090228,-6.1789329
5461574828,106.6768257,-6.1513326
5461574830,106.6769497,-6.1509859
5461574836,106.6797697,-6.1504991
5461574839,106.679696,-6.1499457
5461574842,106.6791637,-6.1502175
5461574846,106.6773044,-6.1512313
5461574847,106.6775385,-6.151238
8548189376,106.6653022,-6.1851701
8548189377,106.6654336,-6.1845502
5461574850,106.6770655,-6.150494
5461574853,106.6776726,-6.1504033
5461574855,106.6779442,-6.1502099
5461574857,106.6770932,-6.1498046
5461574859,106.6766158,-6.1508779
5461574861,106.6781161,-6.1492949
5461574866,106.6792076,-6.1493832
5461574867,106.6795816,-6.1493795
5461574868,106.6794985,-6.1499195
5461574869,106.6824737,-6.1492965
5461574870,106.6824915,-6.1488441
5461574871,106.6817795,-6.1491793
5461574872,106.6817575,-6.1495206
5461574873,106.6817173,-6.1499392
5461574875,106.6815242,-6.1499859
5461574877,106.6812721,-6.1495019
5461574878,106.6808913,-6.1494485
5461574879,106.6809079,-6.1487748
5461574880,106.6805479,-6.1493618
5461574881,106.6805615,-6.1487596
5461574882,106.6801791,-6.1493232
11957765347,106.6353242,-6.1885534
5461574883,106.6802097,-6.1487475
5461574885,106.6798701,-6.1487351
5461574886,106.6787468,-6.1491566
5461574887,106.6791639,-6.1490672
5461574888,106.6791704,-6.1487028
5461574889,106.6794817,-6.1491952
5461574890,106.6806874,-6.1507953
5461574893,106.6800718,-6.1500419
5461574894,106.679994,-6.1500026
5461574895,106.6791458,-6.1498886
5461574896,106.6779917,-6.1498299
5461574897,106.6767176,-6.1485845
5461574898,106.6767339,-6.1481793
5461574899,106.6764327,-6.1477657
7129203956,106.6532998,-6.1965446
5461574900,106.6770556,-6.1478111
5461574902,106.6770663,-6.1485872
5461574903,106.6770717,-6.1481952
7129203954,106.6532463,-6.1977756
5461574905,106.6764253,-6.1481232
5461574906,106.6761032,-6.1487932
5461574909,106.6753565,-6.1478604
5461574911,106.6757065,-6.1478911
5461574912,106.6756724,-6.1487605
5461574913,106.6762791,-6.1488192
5461574914,106.6752921,-6.1487192
8484619543,106.6577692,-6.1509833
9301722434,106.6787991,-6.1475989
9119794499,106.5974681,-6.1764072
9119794500,106.6002969,-6.1697017
9119794501,106.6003153,-6.1702018
2958755144,106.5861177,-6.1734693
2958755145,106.5890516,-6.1735231
2958755147,106.5864582,-6.1734788
2958755148,106.5864604,-6.1730812
2958755149,106.5867749,-6.1730877
2958755150,106.5867757,-6.1734903
2958755152,106.589081,-6.1724813
2958755153,106.5880853,-6.1725857
2958755154,106.5880884,-6.1735095
2958755155,106.5871138,-6.1726833
2958755156,106.5871097,-6.1734919
2958755157,106.5874331,-6.1735014
2958755158,106.5874319,-6.1729814
2958755159,106.5877543,-6.1729864
2958755160,106.5877609,-6.1735102
2958755161,106.5883976,-6.1735117
2958755164,106.5887306,-6.1735141
2958755165,106.5890797,-6.1725928
2958755166,106.5875628,-6.1726677
2958755167,106.5880869,-6.1726943
2958755169,106.5893553,-6.1723519
2958755170,106.5893316,-6.1736765
2958755172,106.5893419,-6.1735336
2958755173,106.5893566,-6.1727257
2958755174,106.590974,-6.1727543
2958755175,106.5909806,-6.1735804
2958755176,106.5896753,-6.1735444
2958755177,106.5896823,-6.1730391
2958755178,106.5900107,-6.1730351
2958755179,106.5900113,-6.1735537
8814265701,106.6621104,-6.1623103
2958755181,106.5949066,-6.1685294
2958755182,106.595544,-6.168911
2958755183,106.595434,-6.1677485
2958755184,106.5948553,-6.1677843
2958755185,106.5951237,-6.1677532
2958755186,106.5952302,-6.1687257
2958755190,106.5951354,-6.1674463
2958755191,106.5951944,-6.1672072
2958755193,106.5869168,-6.173088
2958755199,106.597608,-6.1699573
2958755204,106.59853,-6.17474
2958755205,106.598181,-6.1746044
2958755206,106.5954535,-6.1742763
3728672144,106.6533312,-6.1956409
3728672145,106.6521818,-6.1959295
3728672150,106.6521258,-6.1963051
3728672155,106.6520999,-6.1967278
3728672158,106.6521135,-6.1971007
3728672160,106.6521464,-6.197483
3728672162,106.6531563,-6.1979076
12738823638,106.6712332,-6.2084752
12738823644,106.6707226,-6.2088354
10988357104,106.6661458,-6.1938363
10923738698,106.5954219,-6.1548887
10923738701,106.5945379,-6.1545427
8495629902,106.6159678,-6.1813958
9065399925,106.6801938,-6.1610202
9065399926,106.6799893,-6.1610309
9065399928,106.6802522,-6.1610182
7243761277,106.6779179,-6.1706131
12142184096,106.6832322,-6.1425245
12462488927,106.5929967,-6.1752267
8487241417,106.6348152,-6.1653635
8763934453,106.5994256,-6.2059449
7210731257,106.605548,-6.1797256
6322456323,106.65653,-6.2051292
6322456324,106.6645271,-6.2067011
6322456325,106.6645032,-6.2071802
11957634943,106.6307339,-6.1906599
8502445952,106.6562733,-6.1805584
8502445967,106.6555249,-6.1804882
8502314922,106.6800986,-6.1499992
8502314925,106.6801107,-6.1499139
8482523101,106.6439703,-6.2090206
7231965195,106.6218913,-6.1969677
8788707341,106.6576686,-6.1755503
8555923504,106.6642374,-6.1864201
8485406797,106.6195938,-6.1778688
8485406798,106.6195322,-6.1773159
8523286608,106.6095391,-6.1606476
7784171603,106.6333128,-6.1432056
7912884319,106.650298,-6.2063274
7231965279,106.6406008,-6.1673107
7912884322,106.6503013,-6.2065963
9694546023,106.6005136,-6.1942598
9694546024,106.6002434,-6.1942031
10267199690,106.6066787,-6.1797183
9093974289,106.6583645,-6.1835516
9093974290,106.6584845,-6.1835571
9093974297,106.6518379,-6.1832375
9093974302,106.6538431,-6.1844896
9093974303,106.6535431,-6.1859079
9093974304,106.6535525,-6.1858601
9093974305,106.6534868,-6.186223
9093974307,106.6513209,-6.1853819
9093974308,106.6512203,-6.1861875
3728673063,106.6522373,-6.1955797
3728673071,106.6521842,-6.1978669
3728673074,106.6531241,-6.197915
11363879230,106.6365087,-6.1550701
11363879232,106.6365154,-6.1552141
12158437701,106.6639153,-6.150907
5621090631,106.6493243,-6.1530634
5621090634,106.6505679,-6.1528445
5621090643,106.6439404,-6.1603843
5621090645,106.6436769,-6.1604396
5621090646,106.64364,-6.1604522
5621090647,106.6541013,-6.1586622
5621090649,106.6540738,-6.1596942
8534952319,106.6675634,-6.170935
8534952320,106.66755,-6.1705102
8503364005,106.5936752,-6.1535054
8503364006,106.5936402,-6.1538577
9069726117,106.6748462,-6.1358138
8549763514,106.6509698,-6.1422469
12145854922,106.6388791,-6.1801822
7221479888,106.6023694,-6.2000379
7221479920,106.601923,-6.2020694
6320359931,106.6672736,-6.1569208
6320359932,106.6659647,-6.1576942
6320359938,106.6670175,-6.1634545
6320359939,106.6659479,-6.1572328
6320359944,106.6666836,-6.1569341
6320359945,106.6666836,-6.1567928
12158437901,106.6638995,-6.1510528
8814266896,106.6673554,-6.1547107
8814266897,106.6680367,-6.1548821
7217547868,106.6289578,-6.1365466
7217547869,106.6288798,-6.1365466
8534952559,106.6683666,-6.1709863
5472455279,106.6789386,-6.1687943
5472455282,106.679011,-6.1691343
8534952573,106.6688848,-6.1706747
8523811485,106.6775066,-6.178838
8523811486,106.6773869,-6.1787316
8523811488,106.6774486,-6.1788196
8523811489,106.6775407,-6.1788498
9994439344,106.6318386,-6.178688
7229737657,106.6712164,-6.1814609
7278496461,106.585136,-6.2041556
8785562321,106.6409196,-6.1580688
8785562322,106.6407739,-6.1580151
14108920556,106.6395497,-6.206782
14108920559,106.6384492,-6.2080021
8556710667,106.6554344,-6.1875727
8556710668,106.6555124,-6.1872479
8487897888,106.6494938,-6.1768727
8487897889,106.6492633,-6.1769456
8487897891,106.6493352,-6.1771784
1734937451,106.6819225,-6.15357
8523156370,106.5925607,-6.1355238
6917262285,106.6639123,-6.1763812
3636923342,106.6559963,-6.2085843
3636923347,106.6548845,-6.2121261
3636923354,106.6522291,-6.2110421
7129205727,106.6609776,-6.1809164
7129205728,106.6608631,-6.1809338
3636923361,106.6494549,-6.2097853
3636923362,106.6483701,-6.2097416
7129205731,106.6609792,-6.1816177
7129205730,106.6610897,-6.1815994
8788839421,106.6091677,-6.1931878
8788839422,106.6091529,-6.1930805
4298055025,106.6584844,-6.1894428
8503364651,106.5944812,-6.1550601
8503364654,106.5950227,-6.1551241
8503364656,106.5944021,-6.1555255
4298055033,106.6583967,-6.1894111
12140088429,106.6751866,-6.1438071
12140088430,106.6751052,-6.14403
12140088431,106.6750957,-6.1438168
12140088432,106.6758911,-6.1439013
12140088436,106.6750576,-6.1440214
9763359868,106.5864182,-6.1702918
9763359869,106.5863874,-6.1698891
9865596084,106.6355917,-6.1528183
9865596086,106.6356846,-6.1528139
9865596088,106.6357932,-6.1527581
9865596089,106.6357899,-6.152706
9865596091,106.6356738,-6.1526596
9865596092,106.6355836,-6.1526645
9865596095,106.6355863,-6.1527158
9865596096,106.6356775,-6.1527115
9865596097,106.6356814,-6.1527633
4298055057,106.6581464,-6.1900606
9865596099,106.635762,-6.1528098
9865596098,106.635589,-6.1527674
9865596101,106.6357947,-6.1527788
9865596100,106.635764,-6.152842
4298055058,106.6582219,-6.1900623
9865596104,106.636319,-6.1527017
9865596103,106.6357912,-6.1527288
9865596102,106.6358715,-6.1527757
4298055059,106.6581998,-6.1902208
8552254671,106.6688611,-6.1780758
7067471056,106.6105813,-6.1962263
8552254672,106.668731,-6.1786659
8552254674,106.6685743,-6.1786364
8552254673,106.6690868,-6.1787329
8487898324,106.6491809,-6.1766173
7128812847,106.6600897,-6.1893191
7226723640,106.6627685,-6.1952184
7226723645,106.6632036,-6.1950879
8547405120,106.6778798,-6.1580248
8547405126,106.678087,-6.1582568
8547405129,106.6780984,-6.1584668
12606442866,106.6516015,-6.1766743
5572726147,106.5962984,-6.1754183
5572726148,106.5967731,-6.1754116
7477962766,106.5904216,-6.1996322
7477962768,106.5903616,-6.1997102
9570160020,106.6763771,-6.166181
9570160023,106.6766225,-6.1660642
6560484785,106.6063983,-6.2060508
1838681969,106.633351,-6.1360239
8434945518,106.6437374,-6.1627693
7133531635,106.6397751,-6.2005694
8488947189,106.6692471,-6.1735423
8488947190,106.6690521,-6.1739584
8775208448,106.6839735,-6.1586169
8775208454,106.6838235,-6.1582387
8775208455,106.6835523,-6.1582879
8775208463,106.6837669,-6.1587782
8548191847,106.62638,-6.152027
4321382001,106.6425183,-6.1585194
12142186101,106.6835036,-6.1424864
12142186102,106.6841671,-6.1422826
8814399147,106.6168273,-6.1869854
8814399148,106.617166,-6.1870221
8484884145,106.6804976,-6.1589069
7131696822,106.6665253,-6.1954498
8484884152,106.6800888,-6.1586633
7131696826,106.6658391,-6.193823
7131696827,106.6658816,-6.1937352
8484884156,106.6776613,-6.1602895
8810467036,106.6176316,-6.1716869
8810467037,106.6178841,-6.1716923
9073266439,106.6631249,-6.1554894
9073266440,106.6610885,-6.1548007
8798277389,106.647421,-6.180564
7122915087,106.6556624,-6.1791783
7120162578,106.6596169,-6.1747321
7122915091,106.6559152,-6.1790389
7120162579,106.6595604,-6.1743832
7122915092,106.6561566,-6.1791336
7122915090,106.6560473,-6.178963
7122915095,106.6564375,-6.1800462
7122915096,106.6566029,-6.1799769
7122915097,106.6567178,-6.1809796
7122915101,106.6570872,-6.1808441
7122915102,106.656758,-6.1811009
7122915106,106.6571625,-6.1809769
7122915107,106.6573454,-6.1816036
7122915108,106.6574728,-6.1815396
7122915109,106.6574192,-6.1817795
7122915110,106.6575652,-6.181705
7122915111,106.6576231,-6.1823275
7122915112,106.6578462,-6.1822238
12182818618,106.6738996,-6.1834025
12182818620,106.6740641,-6.1828205
12182818621,106.6743156,-6.1821036
9510391625,106.6581891,-6.1631978
1734938475,106.6794649,-6.1605852
9694547845,106.6058993,-6.1930208
9694547847,106.6059959,-6.1925272
7231836043,106.5963027,-6.1773383
7037325215,106.6606942,-6.1722783
12197629863,106.6437018,-6.1637392
12197629864,106.6437464,-6.1642488
1734938547,106.6823265,-6.1620256
1734938555,106.6794434,-6.1615844
5472456644,106.6850057,-6.1693477
5472456647,106.6848662,-6.1695397
9144176600,106.6615049,-6.1606002
9144176603,106.6616847,-6.1606496
7217811455,106.6157618,-6.1855181
5472456740,106.6836573,-6.1706231
5472456741,106.6837183,-6.1709241
5472456742,106.6845511,-6.1719396
5472456743,106.6847419,-6.1710768
5472456744,106.6843531,-6.1708132
5472456746,106.684828,-6.1706813
12168925227,106.6611169,-6.1795464
5472456748,106.6848072,-6.1704327
5472456749,106.6849896,-6.170401
5472456750,106.684296,-6.1705119
5472456751,106.6836405,-6.170545
5472456752,106.6837757,-6.1712462
5472456755,106.6839758,-6.1715003
5472456757,106.6840346,-6.1712002
5472456758,106.6842607,-6.171803
5472456759,106.6842681,-6.170381
5472456760,106.6844087,-6.1711324
5472456761,106.6848864,-6.1710544
5472456763,106.6841917,-6.1738756
8485933129,106.6718148,-6.1457729
5472456785,106.6853457,-6.1770857
7011897431,106.6578621,-6.1960205
7011897432,106.6578505,-6.1964004
7011897433,106.6597232,-6.1964376
7011897434,106.6578433,-6.196635
5472456796,106.6844089,-6.1751009
5472456797,106.6847848,-6.1749852
5472456798,106.6842055,-6.1755646
7011897442,106.6577384,-6.1960191
7011897443,106.6585949,-6.1960286
8487899236,106.6488036,-6.1767455
7011897445,106.6586128,-6.1946218
7011897444,106.6586126,-6.1948051
7011897447,106.6582425,-6.1947998
5636427880,106.6589518,-6.1536426
7011897446,106.6582587,-6.1944111
7011897448,106.6579047,-6.1951606
8487899243,106.6483805,-6.1761505
5636427884,106.6658998,-6.1633699
5636427883,106.6662871,-6.1633727
5636427886,106.6621426,-6.1626729
5636427887,106.6647595,-6.1517656
5636427888,106.6647989,-6.1516923
5636427889,106.6656559,-6.1523928
5636427890,106.6656969,-6.1523253
7011897459,106.6612616,-6.1943364
7011897453,106.6594022,-6.1948165
5636427893,106.6663501,-6.1527465
5636427894,106.6663156,-6.1528104
7011897454,106.6579108,-6.194795
7011897456,106.657902,-6.1953231
5636427899,106.6637269,-6.1585121
5636427900,106.6629445,-6.1585397
5636427901,106.6620457,-6.1585688
5636427903,106.6627229,-6.162097
5636427905,106.6590708,-6.1577139
5636427909,106.6579241,-6.156587
5636427912,106.6556833,-6.1553824
5636427913,106.6568008,-6.1553301
5636427917,106.6549092,-6.1569835
5636427918,106.6631063,-6.1605013
5636427919,106.6641314,-6.1605009
5636427920,106.6615271,-6.1631408
8495894690,106.6035645,-6.1394774
1734938792,106.6844341,-6.1635824
7229346007,106.648454,-6.2086257
4298055265,106.6582212,-6.1981462
8804438234,106.5990168,-6.1654503
7229346013,106.6471249,-6.209163
8488030441,106.6249363,-6.1786993
11072246022,106.6784019,-6.1818006
11072246023,106.678413,-6.1817625
9660338447,106.6495733,-6.1774967
1734938943,106.6848471,-6.1645053
4469494087,106.678718,-6.1636348
4469494088,106.6787944,-6.1636067
1734938970,106.6830997,-6.1645688
1734939015,106.680889,-6.1649294
4298055305,106.6581977,-6.1999196
8548585907,106.6830008,-6.1944952
5636428222,106.6616424,-6.1624083
5636428223,106.6622942,-6.1620356
5636428224,106.6623249,-6.1622983
5636428225,106.6630412,-6.1614377
5636428227,106.6623561,-6.1610783
5636428228,106.6632391,-6.1609562
5636428229,106.662968,-6.161003
5636428230,106.6537298,-6.154146
8487244231,106.6339211,-6.164269
9107083723,106.6258241,-6.1545654
4298055315,106.652292,-6.2003063
4298055317,106.6583151,-6.2003396
8775209441,106.6835023,-6.1580528
8775209449,106.6631927,-6.2006088
2027885038,106.6855407,-6.1705985
2027885044,106.6855364,-6.1718577
2027885052,106.6847867,-6.1724123
2027885056,106.6847572,-6.172653
861082140,106.5874816,-6.1362445
861082142,106.5873864,-6.1386568
861082144,106.5874025,-6.139168
861082145,106.5874585,-6.1397348
6970741281,106.6518567,-6.1942444
3874296369,106.5871537,-6.1747528
6322601588,106.6369249,-6.1813017
6322601589,106.6369166,-6.181227
9119011454,106.6037562,-6.1880641
9119011455,106.6031494,-6.1881227
9119011456,106.6034096,-6.1880981
8488293009,106.6479993,-6.1730397
7129207448,106.6612072,-6.181691
8785433273,106.6171619,-6.1478348
12139958980,106.6811715,-6.1429748
12139958981,106.6811486,-6.1428115
12139958990,106.6817936,-6.1428238
12139958991,106.6817829,-6.1427281
2624787210,106.6582724,-6.1474339
9243398923,106.6294102,-6.1773023
2624787214,106.6578562,-6.1474831
7129207567,106.6578366,-6.1777515
2624787216,106.6577157,-6.1480202
2624787219,106.6576859,-6.1482964
2624787226,106.6576778,-6.1491524
2624787230,106.6564448,-6.1492784
2624787238,106.6567339,-6.1511029
2624787242,106.6568645,-6.1522954
10536555307,106.635508,-6.200511
6539252524,106.6023843,-6.1373287
2624787245,106.6523147,-6.1527667
6539252525,106.6024111,-6.1370626
8785433388,106.6309659,-6.1429069
2624787250,106.6502161,-6.1546847
2624787252,106.6466184,-6.1548014
2624787254,106.6489944,-6.1548194
2624787269,106.6569349,-6.1564668
9694417737,106.6794183,-6.1733556
2624787274,106.6448129,-6.1567755
2624787276,106.6466117,-6.1567974
8789234509,106.6623729,-6.1815469
2624787278,106.6489944,-6.1568265
8488031055,106.6215663,-6.179838
2624787280,106.6501886,-6.1568241
8488031057,106.6213429,-6.1795263
8926860117,106.6358278,-6.2009401
8926860118,106.6356713,-6.2009972
2624787286,106.641979,-6.1575721
2624787290,106.6365873,-6.1575734
2624787292,106.6425081,-6.1576142
2624787294,106.6447601,-6.1576424
2624787295,106.635672,-6.1576852
2624787303,106.6352513,-6.1577712
5631578984,106.5901682,-6.2054185
5631578985,106.5900904,-6.2056212
5631578986,106.5882117,-6.1990089
5631578987,106.5880412,-6.1995869
5631578988,106.591451,-6.197107
2624787309,106.6512021,-6.1581134
5631578990,106.5876818,-6.2048852
8547930989,106.6240532,-6.1492379
5631578993,106.5855629,-6.2061759
5631578994,106.5864211,-6.2061172
8521323379,106.6096544,-6.1766276
2624787316,106.6365959,-6.1582751
8521323380,106.6089494,-6.1766274
2624787318,106.6354175,-6.1582554
8547930993,106.6241813,-6.1496979
2624787320,106.6357745,-6.1582662
5631579001,106.5853053,-6.2061438
2624787315,106.6368214,-6.1582685
2624787324,106.6489749,-6.1583848
2624787325,106.6519757,-6.1584449
2624787336,106.6355848,-6.1586318
8496026504,106.6134844,-6.1831903
2624787338,106.6355674,-6.1586907
8496026509,106.6129905,-6.1827303
2624787343,106.6366146,-6.1588537
2624787345,106.6405591,-6.1590162
10019566428,106.5883282,-6.1921766
8496026529,106.6124158,-6.1825262
2624787364,106.6367715,-6.1606433
2624787365,106.6400696,-6.1606559
2624787377,106.6587943,-6.1613135
2624787378,106.6397236,-6.1613126
2624787391,106.6584697,-6.1615509
2624787395,106.6588348,-6.1615116
2624787410,106.6585197,-6.1616369
2624787429,106.6590141,-6.1618761
2624787432,106.6575595,-6.1618007
2624787436,106.658441,-6.162073
2624787438,106.6582971,-6.162118
7060721026,106.6438807,-6.1777712
2624787448,106.651287,-6.1624704
2624787453,106.6492258,-6.1627484
5472226081,106.6804862,-6.1665793
2624787456,106.6504852,-6.1627536
2624787467,106.6359428,-6.1630396
7131436044,106.6846923,-6.1725026
2624787469,106.6340334,-6.1631967
7226594320,106.6256108,-6.1912453
2624787475,106.658291,-6.1633525
2624787479,106.6584176,-6.1633596
5472226087,106.680123,-6.1681089
2624787489,106.6577962,-6.1634438
2624787491,106.6586436,-6.1634256
8979107112,106.6159174,-6.1740143
5472226094,106.6799684,-6.1684623
2958758977,106.5981653,-6.1740511
2958758978,106.5951376,-6.1736826
2624787536,106.6298437,-6.1651005
2624787550,106.6279318,-6.1653061
2624787556,106.6479014,-6.1655423
2624787559,106.6470538,-6.1656417
861082734,106.5900325,-6.1466464
5411378293,106.5990171,-6.1878385
2624787573,106.6388596,-6.1669572
2958759032,106.5981982,-6.1743312
2624787582,106.660194,-6.1870069
6545020032,106.5912836,-6.1728132
2624787590,106.6635763,-6.1886707
2624787592,106.6636165,-6.1888755
6545020044,106.5938301,-6.171521
6545020046,106.5922274,-6.1727528
2624787603,106.6676356,-6.19026
6545020057,106.5910023,-6.1719441
6545020061,106.5922493,-6.172588
2624787614,106.6639272,-6.1911782
6919885988,106.6119478,-6.1972574
2624787621,106.6599217,-6.1914527
6919885989,106.611634,-6.1968847
6545020071,106.5924065,-6.1742162
2624787628,106.6637048,-6.1925608
2624787635,106.666524,-6.1931846
2624787638,106.6661591,-6.1938394
2624787644,106.6637633,-6.1946511
2624787648,106.6642593,-6.1946926
2624787652,106.6658685,-6.1951853
2624787665,106.6632047,-6.1973509
2624787669,106.6632053,-6.1974688
2624787673,106.6663715,-6.1984194
8775734489,106.6760921,-6.1826132
2624787676,106.6651101,-6.1985862
2624787677,106.6614489,-6.1985665
2624787678,106.6651845,-6.1986273
2624787679,106.6648334,-6.1985474
2624787682,106.6653881,-6.1987266
2624787684,106.6662712,-6.1987146
2624787686,106.6613534,-6.1987807
2624787689,106.6659799,-6.1989482
2624787690,106.6625644,-6.1989341
2624787692,106.6628735,-6.1990109
2624787693,106.6643963,-6.1990829
7229347055,106.5882949,-6.1814217
2624787696,106.6659123,-6.1991319
7229347056,106.5878056,-6.1864947
2624787699,106.6641931,-6.1993242
2624787702,106.6612556,-6.1994695
2624787703,106.661234,-6.1995107
2624787705,106.6652021,-6.1998129
2624787706,106.665838,-6.1998792
2624787714,106.6534381,-6.2063258
7139824999,106.6510141,-6.1849812
9944266023,106.6758794,-6.1928616
7139825023,106.6510628,-6.1855001
7139825024,106.6520127,-6.1855773
7229609364,106.6269622,-6.1765927
7298684313,106.5927305,-6.1406716
7298684316,106.5927517,-6.1410177
10882979230,106.6324635,-6.2098031
7298684320,106.5911694,-6.1387441
7298684323,106.5911545,-6.1384873
7298684326,106.59049,-6.1385041
7298684327,106.5921211,-6.138756
7298684340,106.5921204,-6.138588
7298684341,106.5945209,-6.1411052
7298684352,106.5969501,-6.1417155
7225415114,106.6668599,-6.1863561
8499041745,106.5997725,-6.2005438
8499041756,106.5998393,-6.2005408
2958759392,106.5952683,-6.1739701
2958759393,106.5954046,-6.1732201
2958759394,106.5965892,-6.173368
2958759395,106.5965091,-6.1741247
2958759396,106.5955815,-6.1740068
2958759397,106.5956866,-6.1732609
12212442622,106.6629781,-6.1394127
8509134358,106.6432082,-6.1833282
8509134363,106.6444102,-6.1833467
3500873276,106.6365379,-6.1476818
3500873278,106.6340099,-6.1483861
3500873279,106.6332051,-6.148593
3500873283,106.6331695,-6.1485553
9129367132,106.6440739,-6.1841662
7237867121,106.6706733,-6.1473218
7237867123,106.6711105,-6.1464685
7237867128,106.6720211,-6.1486619
7237867143,106.6739081,-6.1475031
7237867150,106.6742868,-6.1486522
9694287592,106.6025379,-6.2074747
9694287593,106.6022855,-6.2073067
7221483242,106.6015924,-6.1968544
12199991068,106.6748602,-6.1775594
12199991070,106.6781866,-6.1770743
12199991071,106.6765866,-6.1866852
12199991072,106.6768387,-6.1827873
12199991073,106.6770583,-6.1828595
861083429,106.5921452,-6.1491172
861083431,106.5924226,-6.1493196
8789104471,106.6074724,-6.1958237
8502843267,106.6673474,-6.1536754
8502843268,106.667464,-6.1533283
10024196030,106.6267529,-6.1798992
5442181055,106.6376734,-6.1615574
5442181054,106.6376782,-6.1618182
5442181056,106.6332404,-6.1597222
5442181059,106.6301469,-6.161396
5442181061,106.6304653,-6.1610589
5442181062,106.6328248,-6.1648113
5442181065,106.6326208,-6.1641169
5442181069,106.633046,-6.1640686
5442181070,106.6322581,-6.1624603
5442181072,106.6321394,-6.1625383
5442181079,106.631007,-6.1606107
5442181084,106.6329354,-6.1634576
12317824988,106.6813606,-6.1971477
5442181088,106.6339221,-6.1628722
2027755558,106.6618981,-6.1631546
7244027961,106.6795018,-6.2014015
7244027972,106.6850026,-6.199517
7244027973,106.6849826,-6.1994279
8555927622,106.6790153,-6.1779587
2027755603,106.671586,-6.1633176
2027755606,106.6667912,-6.1633459
7070095494,106.6134111,-6.1988316
7070095497,106.6123782,-6.1985883
2027755698,106.6752458,-6.1642016
2027755711,106.655704,-6.164777
12170500301,106.6631982,-6.1805001
9200277718,106.6069672,-6.177087
2027755738,106.6520033,-6.1653653
2027755743,106.6513695,-6.1654956
2027755746,106.6508864,-6.165614
7134058725,106.6412444,-6.2015695
7863474412,106.6651574,-6.1811262
2027755756,106.6476271,-6.166275
8785565936,106.6427964,-6.1640918
8785565937,106.6424498,-6.1641463
5472226334,106.6798733,-6.1692558
7222139130,106.5985349,-6.1867773
2027755775,106.6452829,-6.1665803
2027755779,106.6448242,-6.166661
7795448087,106.62841,-6.1837338
8547932442,106.6797258,-6.1533034
7122655536,106.662207,-6.1973362
6926965080,106.6631005,-6.1774526
5240461676,106.6744968,-6.1523502
5240461682,106.6730813,-6.1521178
5240461683,106.6726776,-6.152094
5240461684,106.6743503,-6.1500956
5240461685,106.6739115,-6.1501087
5240461687,106.6727077,-6.1503874
5240461688,106.6744123,-6.1511273
5240461689,106.6728644,-6.1511399
5240461690,106.6745572,-6.1516153
5240461691,106.6744442,-6.1516276
5240461692,106.6743695,-6.1477216
5240461696,106.672001,-6.1485185
5240461699,106.6724363,-6.1496479
5240461702,106.6726825,-6.1510783
5240461703,106.6726957,-6.1515393
5240461705,106.6720353,-6.1526747
5240461706,106.671835,-6.1528964
5240461710,106.6722983,-6.153047
5240461711,106.6717502,-6.1528527
11055995278,106.6510643,-6.1853781
5240461715,106.6711514,-6.152538
5240461716,106.6708007,-6.152194
12170500501,106.6630802,-6.1795
6536894882,106.5919942,-6.1679711
6536894883,106.5919226,-6.1679697
7232231872,106.6565361,-6.1937768
5022419838,106.6469349,-6.143242
8434555356,106.5950786,-6.1348448
8434555358,106.5951852,-6.1353667
9110493662,106.6319563,-6.1857948
8499042788,106.6298461,-6.1890127
8499042793,106.6298962,-6.1886301
7061314068,106.6387483,-6.1820022
12173908501,106.6618046,-6.175617
7061314073,106.638555,-6.1816508
7790860835,106.6009493,-6.1495046
3010796084,106.5945375,-6.1664823
3010796085,106.5944197,-6.1662775
3010796086,106.5943144,-6.1660835
3010796087,106.5942009,-6.1658754
8484493881,106.6351509,-6.1568228
8491309627,106.6845229,-6.1495112
8491309630,106.6845471,-6.149822
8484493888,106.6346173,-6.156656
8509135452,106.6238849,-6.1502025
8979159663,106.6168615,-6.1657143
8979159664,106.61708,-6.1657891
6539516528,106.6575151,-6.1476271
6539516530,106.6611294,-6.1430676
6539516531,106.6607163,-6.142881
10001128051,106.601321,-6.1955008
10001128053,106.6011634,-6.1959229
6539516532,106.6587684,-6.1467853
6539516535,106.6590003,-6.145653
6539516536,106.6593283,-6.145822
6539516540,106.6622309,-6.1400975
6539516541,106.6618588,-6.1399516
8789236418,106.6624159,-6.1816987
7129602759,106.6431632,-6.1845608
8548063991,106.6170623,-6.1501709
8548063992,106.6170751,-6.149691
8485149451,106.67643,-6.1389634
8485149453,106.6762507,-6.1389537
7147166491,106.6699505,-6.1911489
7147166492,106.6703344,-6.1915851
8485542704,106.6148369,-6.1946453
8316328756,106.6596701,-6.1973148
8485542715,106.6144891,-6.1951891
8555666309,106.66147,-6.1840894
8488164247,106.6509055,-6.174249
8488164249,106.6509735,-6.1737628
7808031651,106.6540029,-6.1468973
8788319141,106.6168709,-6.2078144
8788319142,106.6165771,-6.2077691
7808031655,106.6595563,-6.1465597
9549192112,106.6792852,-6.1626223
11054816206,106.6153994,-6.1717293
11054816207,106.6154634,-6.1717269
8502451157,106.6560929,-6.1853661
10000928532,106.6089376,-6.2057752
10000928533,106.609068,-6.2055872
8789105639,106.6105298,-6.2024801
8789105640,106.6104256,-6.2024161
5438776258,106.6034123,-6.1881374
8789105648,106.606834,-6.1895534
8789105649,106.606768,-6.1888607
4298054666,106.6598684,-6.1874696
4298054668,106.6566332,-6.1877615
4298054669,106.6565277,-6.1878103
4298054671,106.6593915,-6.1878605
4298054672,106.6598657,-6.1878763
4298054676,106.6542343,-6.1882357
4298054678,106.6563886,-6.1883011
4298054680,106.6595525,-6.1883589
4298054681,106.6598636,-6.1883623
4298054682,106.6587437,-6.1883655
5438776268,106.6016629,-6.1882731
4298054684,106.6594062,-6.1883529
4298054685,106.6587726,-6.188377
4298054688,106.659271,-6.1883955
5438776269,106.6019748,-6.1882406
8789367861,106.6368656,-6.2065242
5621488715,106.6217632,-6.2108115
5438776280,106.6081188,-6.1861117
5438776285,106.6099748,-6.1856982
10000997490,106.6679958,-6.1527951
7064460479,106.6534636,-6.1739123
8499367751,106.6108375,-6.2009522
6552100087,106.6118945,-6.149303
6552100088,106.610561,-6.1487392
6552100089,106.6105601,-6.1484649
8785566967,106.6441034,-6.1625409
10008206591,106.6240207,-6.1719132
2958761217,106.5947768,-6.1734051
2958761218,106.5948393,-6.1729429
2958761219,106.594792,-6.1727837
10008206595,106.6243671,-6.1727422
2958761221,106.5949076,-6.1719957
2958761222,106.5947575,-6.1719095
2958761223,106.5948455,-6.1708704
6552100099,106.6082425,-6.1496382
6552100103,106.6148902,-6.1568326
6552100102,106.6151181,-6.1565341
6552100105,106.6149706,-6.1554648
861084939,106.594738,-6.1518846
861084943,106.5951182,-6.1521127
6552100111,106.6153362,-6.1570856
6552100112,106.6191749,-6.1573935
861084946,106.5958277,-6.1523073
6552100115,106.6193315,-6.1543849
6552100113,106.6197127,-6.1560714
861084951,106.59734,-6.1524659
6552100119,106.6200836,-6.1491513
6552100120,106.6195934,-6.1484506
6552100128,106.619879,-6.1488022
861084961,106.5981528,-6.152932
6696803618,106.6440484,-6.1518353
6552100131,106.6170294,-6.1489646
861084964,106.5986891,-6.1534144
6552100137,106.6170825,-6.1496802
6552100142,106.6170274,-6.1490558
6552100144,106.6167167,-6.1490285
6552100149,106.615519,-6.1488992
6552100153,106.6137007,-6.1513056
6552100158,106.5990168,-6.1612729
6552100161,106.5991334,-6.1610871
6552100165,106.5986104,-6.1583808
6552100166,106.5984208,-6.1529997
6552100170,106.5982419,-6.1530045
6552100171,106.6117668,-6.1501125
6552100172,106.6115346,-6.1501019
4298054989,106.6568623,-6.188418
4298054990,106.657319,-6.1884307
4298054991,106.6586623,-6.1884269
6552100175,106.6120859,-6.154286
4298054994,106.6587899,-6.1884761
4298054996,106.6587755,-6.1884908
6552100181,106.6123355,-6.1546045
4298054997,106.6586936,-6.1884936
6552100182,106.6112604,-6.1537707
4298055000,106.6592721,-6.1885246
6552100185,106.6128643,-6.1567441
4298055003,106.6541928,-6.1886194
4298055004,106.6543524,-6.1886549
6552100189,106.6130958,-6.1565194
4298055006,106.6572042,-6.1888827
4298055005,106.6548078,-6.1887721
4298055008,106.6579815,-6.1888937
4298055009,106.6581906,-6.1888966
4298055010,106.6591221,-6.1889743
4298055011,106.6592663,-6.1889812
4298055012,106.6595679,-6.1889909
6552100193,106.6144221,-6.1583582
4298055014,106.6554854,-6.1890141
6552100198,106.6147693,-6.160292
4298055015,106.6571631,-6.1890409
4298055016,106.657911,-6.1890523
4298055017,106.6590462,-6.1891469
4298055019,106.6584167,-6.1893617
4298055020,106.6546757,-6.1891862
6552100205,106.6165616,-6.1617386
6552100203,106.6177049,-6.1625282
6552100199,106.6174724,-6.1623663
4298055024,106.6584991,-6.1893968
6552100204,106.6165772,-6.1615769
4298055026,106.6570584,-6.1894441
4298055027,106.6577368,-6.1894447
6552100207,106.6108178,-6.1603402
4298055029,106.6554044,-6.1894929
4298055030,106.6565826,-6.189495
6552100206,106.6110773,-6.1598249
4298055032,106.653993,-6.1894492
6552100212,106.6124051,-6.1608484
4298055034,106.6540989,-6.1894704
4298055035,106.6545536,-6.1895689
6552100214,106.6123035,-6.1610591
4298055037,106.6576655,-6.1896052
4298055038,106.6570158,-6.1896078
4298055039,106.6565575,-6.1896096
6552100222,106.6111752,-6.1603742
6552100223,106.6111089,-6.1604876
4298055042,106.6554069,-6.1899462
4298055043,106.6564683,-6.1899481
6552100224,106.6098375,-6.1586435
4298055045,106.6597269,-6.1899637
4298055046,106.6592859,-6.1899662
6552100230,106.6095203,-6.1595115
4298055048,106.6540027,-6.1900771
4298055049,106.6540928,-6.1900762
4298055050,106.6545429,-6.1900412
4298055051,106.6554011,-6.1900444
6552100232,106.6094512,-6.1596415
4298055053,106.6558873,-6.1900496
4298055054,106.6564425,-6.1900509
4298055055,106.6569727,-6.1900523
4298055056,106.6574664,-6.1900536
6552100240,106.6090228,-6.1573777
5621489042,106.6164081,-6.2104666
6552100241,106.6083938,-6.1570461
4298055060,106.6587386,-6.1902372
4298055061,106.6540976,-6.1905142
4298055062,106.6543176,-6.1905148
4298055063,106.6547762,-6.1905161
4298055064,106.6553168,-6.1905176
4298055065,106.6547801,-6.1907022
4298055066,106.6586977,-6.1907141
4298055067,106.6592825,-6.1907225
4298055068,106.6597235,-6.1907302
6552100244,106.6086745,-6.1570065
4298055070,106.6551856,-6.1909017
4298055071,106.6543175,-6.1908742
4298055072,106.6547735,-6.1909329
4298055073,106.6556134,-6.1910954
4298055074,106.658678,-6.1911365
4298055075,106.6593323,-6.1911411
4298055076,106.6596482,-6.1911434
4298055077,106.6580196,-6.1911797
4298055079,106.6581076,-6.1911999
4298055085,106.6560984,-6.1912715
4298055086,106.6564765,-6.1913038
4298055087,106.6566173,-6.191306
4298055088,106.6570602,-6.1913151
4298055089,106.6579089,-6.1912998
4298055090,106.658675,-6.1913055
4298055091,106.6593344,-6.1913104
8775212461,106.6839925,-6.1580655
4298055094,106.6579437,-6.1913931
4298055096,106.6580765,-6.1914267
4298055097,106.6580015,-6.1914281
4298055099,106.6586772,-6.1916393
4298055100,106.6566208,-6.1916616
4298055101,106.6570938,-6.1917312
4298055102,106.6574293,-6.1917486
4298055103,106.6586835,-6.1917566
4298055104,106.6593399,-6.1917488
4298055105,106.6571527,-6.1918632
4298055106,106.6574634,-6.1918782
4298055108,106.658527,-6.1920618
4298055110,106.6588503,-6.1921781
4298055111,106.6573094,-6.192229
8960155078,106.616887,-6.1899606
4298055113,106.6569163,-6.1923835
4298055114,106.6573786,-6.1923916
4298055116,106.6580503,-6.1925485
4298055117,106.6585247,-6.1925369
4298055120,106.659146,-6.1927821
4298055121,106.658535,-6.1927791
4298055123,106.6572541,-6.1928257
4298055124,106.657968,-6.1928371
4298055125,106.6550401,-6.1928905
4298055126,106.655652,-6.1929565
4298055128,106.6550383,-6.1930498
4298055129,106.6551858,-6.1930427
4298055130,106.6556515,-6.1930508
4298055132,106.6550243,-6.1933866
4298055136,106.6577738,-6.1934927
4298055137,106.6578367,-6.1935391
8536268258,106.6566588,-6.1614314
4298055142,106.6550172,-6.1937274
4298055143,106.6551799,-6.1937312
4298055146,106.6559255,-6.1937488
4298055150,106.6550304,-6.1941678
4298055151,106.6551661,-6.1940767
4298055152,106.6559184,-6.1940905
4298055153,106.6569172,-6.1941337
4298055154,106.6570146,-6.1941107
12142714354,106.6743942,-6.1519523
12142714353,106.6742443,-6.1475267
4298055160,106.6572637,-6.194616
8498912762,106.6530103,-6.1986749
4298055164,106.654895,-6.1949186
4298055168,106.6548951,-6.1953103
4298055169,106.6569379,-6.1953348
4298055170,106.657232,-6.1953382
4298055171,106.654893,-6.1956653
9113509379,106.6345453,-6.1623634
9113509380,106.6408923,-6.1637459
4298055176,106.6554459,-6.1957406
4298055178,106.6659164,-6.1961748
9113509387,106.6366042,-6.168778
4298055180,106.6572213,-6.1961915
4298055181,106.657365,-6.196204
8434687500,106.590199,-6.1370639
4918287887,106.6873652,-6.1541049
4298055184,106.6571309,-6.1962797
9113509386,106.6366314,-6.1691283
4298055188,106.6554496,-6.1962569
7209688598,106.6146286,-6.173731
4298055200,106.6574258,-6.1964122
8547933731,106.6725308,-6.1598049
4298055205,106.6573613,-6.1964807
4298055206,106.6572275,-6.1964934
8547933736,106.6723033,-6.1602407
4298055211,106.6565414,-6.1968851
7209688629,106.6182724,-6.1753336
4298055221,106.6581478,-6.1972916
4298055222,106.6584455,-6.1972972
4298055225,106.6621543,-6.1973354
8775212601,106.6832985,-6.1572301
4298055227,106.6630811,-6.1973482
4298055230,106.6584445,-6.1974162
4298055232,106.658158,-6.1974388
4298055235,106.6584099,-6.1974681
4298055236,106.6621526,-6.1974545
4298055238,106.6630736,-6.1974656
4298055239,106.658358,-6.197503
4298055240,106.6582337,-6.1975033
6322200140,106.6411765,-6.2019241
4298055245,106.6589008,-6.1977391
4298055244,106.6582288,-6.1976503
4298055247,106.6597374,-6.1977115
4298055248,106.6597387,-6.1978866
4298055249,106.6607731,-6.1978945
4298055253,106.66319,-6.1979183
4298055254,106.6589043,-6.1979436
4300676694,106.6700962,-6.1577985
4298055256,106.6592916,-6.1979532
4298055257,106.6594998,-6.1979548
4298055258,106.6617438,-6.1979753
4300676699,106.6701039,-6.1579199
4300676696,106.6690427,-6.1578406
4298055261,106.6621329,-6.1980518
4300676702,106.6690438,-6.1579637
4300676700,106.6698855,-6.1579289
4298055264,106.6571888,-6.1981352
4300676704,106.6653908,-6.1580033
4298055266,106.6627901,-6.198179
4298055267,106.6616093,-6.1981661
4298055268,106.6597207,-6.198259
4300676708,106.6653979,-6.1581351
4300676710,106.6683358,-6.1582782
4298055271,106.6606894,-6.1982846
4298055272,106.6618596,-6.1982856
6322200168,106.6379389,-6.1944801
4298055273,106.6613701,-6.1982958
4300676715,106.670048,-6.1583433
4300676709,106.6686764,-6.1582382
4298055277,106.6586223,-6.1983661
4298055278,106.6588628,-6.1983678
9116130927,106.6397726,-6.1981853
4300676720,106.6683426,-6.1584085
4298055281,106.6597142,-6.1986076
4298055282,106.660699,-6.1986157
4298055283,106.6510131,-6.1989459
4298055284,106.659291,-6.1989492
4298055285,106.6597071,-6.1989583
4300676726,106.666254,-6.1585076
4298055286,106.6606916,-6.1989675
4298055288,106.6503263,-6.1990609
4298055289,106.6597051,-6.1993002
4298055290,106.6606767,-6.1993163
9116130939,106.639383,-6.1981342
4300676728,106.6654479,-6.158554
4300676732,106.671334,-6.1586358
4298055292,106.6507317,-6.1993507
4298055294,106.6510946,-6.19943
4298055293,106.6537529,-6.1994037
9116130944,106.6339923,-6.2054949
4298055295,106.653182,-6.1994742
4298055298,106.6601599,-6.199644
4298055299,106.6597086,-6.1996355
4298055300,106.6594543,-6.1996699
4298055297,106.6521927,-6.1995672
4298055302,106.6592767,-6.1997703
4298055303,106.6532255,-6.1998215
4298055304,106.6598312,-6.1998349
9116130954,106.6362379,-6.2006582
4298055301,106.6539224,-6.1997551
4298055306,106.6588418,-6.1998892
4300676746,106.6662741,-6.1588659
4298055308,106.6522201,-6.19992
4300676743,106.6675398,-6.1588169
4300676748,106.6655869,-6.1588924
4300676749,106.6654284,-6.1588986
4298055312,106.6540587,-6.2001331
4300676750,106.6652867,-6.1589041
4298055314,106.6532618,-6.2002015
4300676752,106.6645669,-6.158932
4300676757,106.6683787,-6.1591062
4300676758,106.6680737,-6.1591233
4298055319,106.6578549,-6.2005632
4298055320,106.6532953,-6.2006002
9116130970,106.6367923,-6.2004868
4298055322,106.6551926,-6.2009444
4298055321,106.6523582,-6.200703
4300676761,106.6672188,-6.1591711
4300676759,106.6678273,-6.159137
4300676764,106.6662939,-6.1592178
4300676762,106.6669738,-6.1591848
4298055326,106.651296,-6.2007911
4300676766,106.6645799,-6.1593038
4300676765,106.6654473,-6.1592623
4300676763,106.6666393,-6.1592035
8552259237,106.6781843,-6.1705631
12158312102,106.6628076,-6.1485533
4298055334,106.6581544,-6.2009973
4298055339,106.6533345,-6.2010728
4300676779,106.6663138,-6.1595716
8552259245,106.6781191,-6.1717933
4298055342,106.6524424,-6.2011626
4298055343,106.6514462,-6.2011544
4298055344,106.6513564,-6.2011697
4298055345,106.6510163,-6.2012287
4298055346,106.6506756,-6.201278
4298055347,106.6529144,-6.2013775
4300676785,106.6696443,-6.1596581
4298055349,106.6529225,-6.2015188
4298055350,106.6524323,-6.2015576
4298055351,106.6529573,-6.2018988
4298055352,106.6526646,-6.2019052
4298055348,106.6578634,-6.2013939
4298055354,106.6534684,-6.2025236
4298055355,106.6530016,-6.2025601
4298055359,106.653476,-6.2025965
4298055361,106.6530043,-6.2026307
4298055363,106.653242,-6.203297
4298055364,106.6530794,-6.2032973
4298055365,106.6529235,-6.2033109
4298055366,106.653569,-6.2036373
4298055367,106.6531982,-6.2036605
4298055368,106.6536034,-6.2039732
4298055369,106.6532577,-6.203998
4298055370,106.6536338,-6.2043698
4298055371,106.6530084,-6.2044138
4298055373,106.6536304,-6.2044764
4298055375,106.6533778,-6.204718
4298055376,106.6530368,-6.2047341
12182435692,106.6791597,-6.1874323
7123050203,106.6610767,-6.1792586
7123050204,106.6610466,-6.17926
7123050205,106.6610917,-6.1793917
8496029405,106.6135346,-6.1821179
8496029407,106.6128422,-6.1821222
8775474916,106.6740583,-6.1761723
11442921193,106.6356979,-6.1692307
7123836709,106.6398681,-6.1524437
7137206065,106.6635838,-6.1898759
7137206072,106.6626729,-6.1881154
8704696137,106.6280749,-6.1980031
10635386723,106.6552765,-6.1745618
4469497723,106.6779842,-6.1643253
4469497724,106.678884,-6.1640227
4469497725,106.6789583,-6.1639914
4469497726,106.6802771,-6.1634037
8487903110,106.6230625,-6.1778038
8487903111,106.6226101,-6.1781331
4469497743,106.6784603,-6.1641631
4469497744,106.6790164,-6.1642725
9059508131,106.6810934,-6.137444
9059508132,106.6811231,-6.1372237
9059508133,106.6801685,-6.141093
9059508134,106.6801826,-6.1414372
9059508135,106.681914,-6.1413135
9059508136,106.6818539,-6.1417075
9059508137,106.6846033,-6.1397631
9059508138,106.6845751,-6.1395166
6552231856,106.5865096,-6.2015245
9059508148,106.6842992,-6.1421025
9059508152,106.6815974,-6.1427506
9059508153,106.6813272,-6.1430445
9059508163,106.6827027,-6.1428046
9059508165,106.6826761,-6.1425918
9059508168,106.6825155,-6.1429358
12158312402,106.6633044,-6.1486078
8502714327,106.6661672,-6.1807796
5623980026,106.6357175,-6.1911473
5623980028,106.6417082,-6.1923446
5623980030,106.6419294,-6.1915873
5623980032,106.6422372,-6.1914233
861085697,106.5914067,-6.1520787
861085698,106.5917335,-6.1520874
5623980036,106.6412598,-6.1911292
861085701,106.5923208,-6.1520524
5623980038,106.6419522,-6.1893487
7226990599,106.6659272,-6.1910206
5623980037,106.6424096,-6.1894567
5623980039,106.6396643,-6.1941445
861085707,106.593179,-6.1519267
861085710,106.593416,-6.151932
12699377683,106.6318162,-6.1383293
12699377685,106.6320958,-6.1382826
861085718,106.5946937,-6.151923
12699377689,106.6319898,-6.1385553
12699377693,106.6319489,-6.138306
8788058144,106.6069635,-6.1717156
8788058145,106.606948,-6.1713588
12699377696,106.6318839,-6.1382053
6537551920,106.6148617,-6.1438008
7237738550,106.6260997,-6.1676543
6537551926,106.6151771,-6.143787
7237738554,106.6261152,-6.1682197
7237738556,106.6236009,-6.1684685
4300677189,106.6645928,-6.1596515
4300677196,106.6669774,-6.1597274
4300677197,106.6666701,-6.1597329
4300677198,106.6687183,-6.1597303
4300677199,106.6681172,-6.1597315
4300677200,106.6672409,-6.1597693
4300677201,106.6678529,-6.1597628
4300677202,106.667588,-6.1597848
4300677203,106.6669104,-6.1598623
4300677205,106.6645966,-6.159796
4300677207,106.6666755,-6.1598542
4300677210,106.6687185,-6.1599376
4300677212,106.6665996,-6.159973
4300677214,106.6690345,-6.1599462
4300677215,106.6654766,-6.1599578
4300677216,106.669626,-6.1599819
4300677218,106.6669068,-6.1600392
4300677219,106.6676271,-6.1600537
4300677220,106.670824,-6.1600548
4300677221,106.6659956,-6.1602009
4300677222,106.6665946,-6.1602131
4300677223,106.666903,-6.1602194
6537551976,106.6201483,-6.144641
6537551971,106.6190789,-6.1448682
4300677226,106.6687187,-6.1602849
4300677227,106.6722291,-6.1603077
4300677228,106.669605,-6.1603479
4300677229,106.6668994,-6.1603953
4300677230,106.6676282,-6.16041
4300677231,106.6708015,-6.1604207
6537551979,106.6186505,-6.1477025
8793825393,106.682035,-6.1986153
4300677234,106.6664008,-6.1605459
4300677235,106.6668961,-6.160556
4300677236,106.668719,-6.1606403
4300677237,106.6695849,-6.1606924
4300677238,106.666892,-6.1607543
8793825402,106.6818152,-6.1993069
4300677243,106.6676254,-6.1607693
4300677244,106.6707803,-6.1607651
4300677248,106.6663764,-6.1608884
8555667585,106.6800172,-6.171829
4300677250,106.666889,-6.1608989
4300677251,106.6716176,-6.1608929
8555667586,106.6796131,-6.1718023
4300677254,106.6687193,-6.160988
4300677255,106.6688751,-6.1609928
4300677256,106.6685382,-6.1610005
4300677258,106.6692374,-6.1610169
4300677259,106.6695653,-6.1610314
4300677260,106.6681962,-6.1610409
4300677263,106.6668854,-6.16107
4300677264,106.6672334,-6.1610866
4300677266,106.6676136,-6.1611048
4300677268,106.6707595,-6.1611039
4300677270,106.6681905,-6.1611249
8509268119,106.6453868,-6.1858341
4300677272,106.6713708,-6.1612062
4300677273,106.6663268,-6.1612166
4300677274,106.6665099,-6.1612199
4300677275,106.6668822,-6.1612266
4300677277,106.6658454,-6.1613264
4300677279,106.6695462,-6.1613614
4300677282,106.6707392,-6.1614339
4300677283,106.6675948,-6.1614383
4300677285,106.6720219,-6.1614729
4300677286,106.6681668,-6.1614794
4300677289,106.6732874,-6.1615943
4300677290,106.6681577,-6.1616147
4300677291,106.6684992,-6.1616355
4300677292,106.6688344,-6.1616558
4300677293,106.6691968,-6.1616779
4300677294,106.6695267,-6.1616979
4300677296,106.669932,-6.1617225
4300677298,106.6672022,-6.1617316
4300677299,106.6703275,-6.1617466
4300677300,106.667573,-6.1617494
4300677301,106.6732875,-6.1617056
4300677302,106.6665116,-6.1617568
4300677303,106.6707185,-6.1617703
4300677304,106.6681455,-6.1617971
4300677311,106.6691764,-6.1620103
4300677312,106.6695842,-6.162035
4300677313,106.6699116,-6.1620549
4300677314,106.6667057,-6.1620846
4300677315,106.6673642,-6.1621274
4300677316,106.6675478,-6.1621394
4300677317,106.6675996,-6.1621427
4300677318,106.6681201,-6.1621766
4300677319,106.6684645,-6.162199
4300677322,106.6706892,-6.1622855
4300677323,106.668796,-6.1622806
4300677324,106.6691584,-6.1623026
4300677327,106.6695662,-6.1623274
4300677328,106.6667338,-6.1625245
4300677329,106.6673295,-6.1625607
4300677330,106.6674028,-6.1625652
4300677331,106.6675748,-6.1625756
4300677332,106.6684382,-6.1626281
4300677333,106.6687734,-6.1626484
4300677334,106.6695436,-6.1626952
4300677335,106.669871,-6.1627151
4300677336,106.6700365,-6.1627252
4300677337,106.6706359,-6.1632243
4300677338,106.6711669,-6.1632262
4300677341,106.6604045,-6.164109
4300677344,106.6625826,-6.1642663
8485806310,106.614866,-6.171771
4300677351,106.6569317,-6.1646511
8485806311,106.6147681,-6.1725317
4300677356,106.6609437,-6.1649097
4300677361,106.662722,-6.1649891
4300677363,106.6611421,-6.165009
4300677368,106.6623446,-6.165122
4300677369,106.6626496,-6.1651637
4300677376,106.6608713,-6.165405
4300677378,106.6515346,-6.1654605
4300677379,106.6596247,-6.1654563
4300677381,106.6595569,-6.1655477
4300677382,106.6597125,-6.1656523
8814403845,106.6593077,-6.1658589
8814403848,106.6595006,-6.165849
4300677387,106.6597762,-6.1657063
8788058390,106.5993159,-6.1781949
8785568025,106.642077,-6.1623823
7814062369,106.6813272,-6.1625654
7814062370,106.6809689,-6.1625593
4300677489,106.6609034,-6.1657133
4300677494,106.6599814,-6.1659696
4300677495,106.6605118,-6.1659699
4300677496,106.6609302,-6.1659715
4300677502,106.6847801,-6.1660374
4300677503,106.6516679,-6.1660444
4300677505,106.6475429,-6.1662873
4300677508,106.6863903,-6.1664133
4300677510,106.6456543,-6.166521
8503370123,106.5945282,-6.1554375
4300677516,106.6849825,-6.1667885
12197896588,106.6697223,-6.2095894
4300677518,106.6561899,-6.1668515
8503370128,106.5945173,-6.1547874
4300677522,106.6559226,-6.1669603
4300677524,106.6476117,-6.1670796
4300677526,106.6850723,-6.1671216
4300677529,106.6517858,-6.1671817
4300677530,106.6522814,-6.1672823
4300677531,106.65203,-6.1672799
4300677532,106.6531028,-6.1672906
4300677535,106.6564272,-6.167372
4300677542,106.6522947,-6.1674659
4300677550,106.658696,-6.1677491
4300677552,106.6526413,-6.1677763
4300677557,106.6586984,-6.1679399
4300677558,106.6458138,-6.1679504
4300677563,106.6448337,-6.1680633
4300677565,106.6446683,-6.1680823
4300677572,106.6583352,-6.1682184
4300677573,106.6523996,-6.1685345
4300677574,106.6586867,-6.1682321
4300677575,106.6519884,-6.1682574
4300677576,106.6595113,-6.1682521
4300677579,106.6555793,-6.1683318
4300677583,106.6458668,-6.1684189
4300677586,106.6448798,-6.1684904
4300677587,106.6433535,-6.1685213
4300677588,106.6428682,-6.1685364
4300677590,106.6513091,-6.1686479
4300677592,106.6476506,-6.1685523
4300677595,106.6476533,-6.1686023
4300677596,106.6469471,-6.16867
10923745756,106.5956063,-6.1540154
4300677598,106.6466338,-6.1687022
4300677599,106.6598034,-6.1687102
4300677600,106.6463357,-6.1687328
4300677601,106.652647,-6.168799
4300677603,106.6459045,-6.1687771
4300677604,106.6433625,-6.1688063
4300677605,106.6428655,-6.1688217
4300677606,106.6459126,-6.1688224
4300677610,106.6509138,-6.168888
4300677611,106.6449225,-6.1689301
4300677613,106.6546606,-6.1689517
4300677616,106.6433716,-6.1690934
4300677618,106.6501914,-6.1691664
4300677619,106.6428732,-6.1691089
4300677623,106.6463793,-6.1691557
4300677628,106.6526062,-6.1692538
4300677632,106.662812,-6.1693219
4300677634,106.6513724,-6.1693167
4300677637,106.6583107,-6.169325
4300677639,106.6528783,-6.1692591
4300677640,106.6523779,-6.1693115
4300677642,106.6437757,-6.1693789
4300677643,106.6433809,-6.1693912
4300677644,106.6428778,-6.1694068
4300677646,106.6502891,-6.1694607
4300677647,106.6457692,-6.1694963
4300677648,106.646732,-6.1694984
4300677650,106.6501283,-6.1695291
4300677651,106.644959,-6.169561
4300677652,106.6470833,-6.1695517
4300677654,106.6499685,-6.1695967
4300677657,106.660178,-6.1695867
4300677660,106.6589568,-6.1696766
4300677667,106.6523601,-6.1698416
4300677668,106.6461674,-6.1698277
4300677669,106.6503911,-6.1698227
4300677672,106.6510823,-6.1698664
4300677674,106.6456158,-6.1698903
12699378220,106.6298299,-6.1463971
4300677677,106.6510522,-6.169927
4300677678,106.6451924,-6.1699354
4300677679,106.6501089,-6.1699341
4300677680,106.6449845,-6.1699584
8496947759,106.6425987,-6.176293
8496947756,106.6425584,-6.1760223
4300677683,106.6434005,-6.1700133
4300677684,106.6506824,-6.1700089
4300677685,106.6449881,-6.1700088
4300677686,106.6506395,-6.1700135
4300677688,106.6504965,-6.1700391
8793825879,106.587539,-6.1616549
8485413464,106.6708269,-6.1485608
8485413465,106.6705464,-6.1485032
8485413466,106.6710949,-6.1494064
7131701851,106.6612107,-6.1995299
8485413483,106.6709265,-6.1490214
8485413493,106.6713879,-6.1487064
8485413499,106.6711964,-6.1487034
8485413500,106.6713439,-6.1489872
8485413505,106.6716143,-6.1487576
8485413506,106.6717207,-6.1490432
8485413513,106.6718897,-6.1487992
7122920117,106.6511308,-6.1754656
8484627160,106.658401,-6.1506842
8484627165,106.6582192,-6.1509057
8484758260,106.6607692,-6.1463564
8502846197,106.6637355,-6.1554253
8502846196,106.6637278,-6.1550999
4300677889,106.650458,-6.1700487
4300677891,106.6503307,-6.1700755
4300677893,106.6521902,-6.1701026
4300677894,106.6523645,-6.1700919
4300677896,106.6501662,-6.1701102
4300677897,106.6516599,-6.1701305
4300677899,106.6500094,-6.1701376
4300677900,106.6510825,-6.170153
4300677901,106.6456466,-6.1701423
4300677904,106.6496853,-6.170177
4300677905,106.6452252,-6.1701944
4300677906,106.6434075,-6.170234
4300677907,106.6429241,-6.170249
4300677909,106.6483566,-6.1703173
4300677912,106.653873,-6.1703558
8434688793,106.6385378,-6.1620729
8434688792,106.6385443,-6.1618236
4300677915,106.6479129,-6.1703799
4300677916,106.6472617,-6.1704103
8434688794,106.6383634,-6.1618289
4300677919,106.6450197,-6.1704559
4300677920,106.6637944,-6.1704869
4300677922,106.6434164,-6.1705192
4300677925,106.6463122,-6.1704956
4300677926,106.6521833,-6.1705408
4300677929,106.6429338,-6.1705342
4300677931,106.661338,-6.1705746
9602671404,106.6842804,-6.1476604
4300677934,106.6511522,-6.170609
8547935024,106.6241075,-6.1498366
4300677937,106.6507263,-6.1707138
4300677938,106.650462,-6.1707802
4300677939,106.6504192,-6.1707872
4300677940,106.6472956,-6.1708311
4300677941,106.6502644,-6.1708211
4300677942,106.650068,-6.1708234
4300677943,106.6497166,-6.1708536
4300677946,106.6450504,-6.1708905
4300677947,106.64973,-6.1709357
4300677948,106.6463639,-6.1709195
4300677950,106.6512005,-6.1709423
4300677951,106.6429166,-6.1709401
4300677952,106.6516828,-6.1709377
4300677953,106.6434299,-6.1709469
4300677955,106.6440578,-6.1709584
4300677956,106.6441687,-6.1709581
4300677958,106.652142,-6.1709677
4300677959,106.6457439,-6.1709852
4300677960,106.6623577,-6.1710126
4300677962,106.6453122,-6.1710424
4300677963,106.645065,-6.1710704
4300677964,106.65213,-6.1711317
4300677966,106.6487423,-6.1710784
4300677970,106.6512072,-6.1711157
4300677972,106.650277,-6.1711396
4300677973,106.6512119,-6.1711583
4300677974,106.6498229,-6.1711757
4300677976,106.6497361,-6.1711817
4300677977,106.6610697,-6.1712157
4300677981,106.6505195,-6.1713497
4300677982,106.6502862,-6.1713725
4300677983,106.651226,-6.1713691
4300677984,106.6556257,-6.1713862
4300677985,106.6450792,-6.1715
4300677988,106.6487647,-6.1715553
4300677990,106.6485623,-6.1715731
4300677991,106.6483627,-6.1715933
7231972200,106.6464644,-6.1615045
4300677992,106.6520058,-6.1715937
4300677994,106.6621265,-6.1716264
7231972204,106.6476399,-6.1678276
7231972208,106.6494389,-6.1682918
4300678003,106.6465402,-6.1718748
4300678004,106.6483875,-6.1718878
4300678007,106.6538022,-6.1719116
4300678009,106.6450932,-6.1719491
4300678010,106.6542261,-6.1719717
7231972218,106.6427127,-6.1656596
4300678016,106.6474589,-6.1720024
7231972225,106.6488334,-6.1628397
7231972226,106.6484405,-6.1630263
4300678020,106.6558408,-6.1720757
4300678024,106.6519797,-6.1720811
7231972238,106.6428756,-6.1634149
4300678030,106.6663978,-6.1721737
4300678038,106.6488577,-6.1723344
4300678039,106.6501786,-6.1723517
4300678040,106.645112,-6.1723551
7231972246,106.6413474,-6.1623976
4300678044,106.6537781,-6.1724157
4300678046,106.6507192,-6.1724678
4300678047,106.6512413,-6.1724936
4300678049,106.6471129,-6.1725801
4300678053,106.646681,-6.1726308
4300678057,106.6451294,-6.1728091
4300678064,106.6511952,-6.1730024
4300678066,106.6517008,-6.1730731
4300678068,106.6453064,-6.1731214
4300678069,106.6448067,-6.1731739
4300678071,106.6445114,-6.1732017
4300678073,106.6463734,-6.1732153
5620966330,106.6059085,-6.1932007
12180595642,106.66571,-6.1945043
4300678076,106.6453317,-6.1733595
5620966329,106.6066477,-6.1931819
5620966331,106.605957,-6.1917939
4300678079,106.649374,-6.1733891
4300678080,106.6503656,-6.1733761
4300678081,106.6563584,-6.1733435
4300678082,106.6468943,-6.1734571
5620966333,106.6083026,-6.1911766
4300678084,106.6580065,-6.1735073
5620966335,106.6070446,-6.190158
4300678086,106.6469223,-6.1735676
4300678087,106.6464096,-6.1735857
4300678088,106.6466958,-6.1736037
5620966336,106.6107836,-6.1850235
4300678090,106.6477086,-6.1736429
5620966338,106.6109868,-6.1844355
5620966339,106.6107863,-6.1844435
4300678093,106.645357,-6.1737133
5620966343,106.610368,-6.1856367
4300678095,106.6537675,-6.1738597
5620966344,106.6052135,-6.1952534
5620966345,106.6059329,-6.1936585
4300678098,106.6461385,-6.1739477
4300678099,106.6460312,-6.1739577
5620966348,106.6045098,-6.1943
4300678101,106.6453748,-6.1740587
4300678102,106.6467227,-6.1740591
5438776279,106.6075198,-6.1867575
4300678104,106.6448829,-6.1740983
4300678105,106.6445877,-6.174123
4300678106,106.6477682,-6.1741261
5620966354,106.5999562,-6.188178
5620966355,106.5996847,-6.188174
4300678109,106.6475993,-6.174147
4300678110,106.6453743,-6.1742007
4300678111,106.6470967,-6.1742021
5438776288,106.6131495,-6.1854085
5620966368,106.6078557,-6.1789224
5620966370,106.6063821,-6.1789849
4300678115,106.6477965,-6.1744296
4300678113,106.6467293,-6.1742384
4300678117,106.6471171,-6.1745119
4300678118,106.6467628,-6.1745557
4300678114,106.6444218,-6.1742959
5620966372,106.6076692,-6.1798089
4300678121,106.6492523,-6.1748986
4300678122,106.6463203,-6.174948
5620966376,106.6046638,-6.1798834
4300678124,106.6479916,-6.175099
5620966381,106.6046541,-6.1858915
3726975982,106.6547903,-6.202445
5620966378,106.6044068,-6.180564
5620966384,106.6046884,-6.1868981
5620966377,106.6041961,-6.1809182
5620966380,106.6041371,-6.1858755
5620966382,106.6048881,-6.1865434
5620966388,106.6047283,-6.1871962
5620966385,106.6051999,-6.1874222
5620966387,106.6049579,-6.1872351
5620966386,106.6050021,-6.1874594
7134061560,106.6824125,-6.1711471
5620966392,106.6051805,-6.1872047
5620966394,106.6048275,-6.1879744
5620966391,106.6051577,-6.1871081
5620966390,106.6048462,-6.1871504
5620966395,106.6036865,-6.1870061
5620966398,106.6027383,-6.1874208
5620966399,106.6027723,-6.1881829
6543057920,106.6168019,-6.2059131
5620966400,106.600846,-6.1877287
10636567551,106.6107999,-6.2019881
5620966403,106.6025171,-6.1875314
5620966402,106.6013076,-6.1883149
5620966405,106.6026384,-6.1881931
6543057926,106.6186835,-6.2050878
5620966408,106.6010602,-6.1884409
5620966411,106.597563,-6.1879367
5620966414,106.5972798,-6.1890617
5620966416,106.5990624,-6.1895473
7229350958,106.671956,-6.177804
9099879496,106.6480782,-6.1841177
10170737740,106.627239,-6.169023
9099879501,106.6479198,-6.1842675
6322201688,106.6337272,-6.2019874
6322201700,106.6273624,-6.2022267
12336571494,106.6479713,-6.2074511
6322201705,106.627762,-6.2021054
6322201708,106.6360273,-6.1938545
6322201709,106.6351317,-6.194315
5620966521,106.5990326,-6.1887407
6322201725,106.6318939,-6.1941685
6322201732,106.6204827,-6.1967639
6552233095,106.5958872,-6.2055507
6552233096,106.5931914,-6.2082901
6322201743,106.6269572,-6.1982273
6322201751,106.6209234,-6.2003731
6322201752,106.6208605,-6.2007314
12195538073,106.684708,-6.1656956
6552233112,106.5922291,-6.2036035
12195538082,106.6854849,-6.1658496
6552233140,106.5972537,-6.205628
6552233159,106.5928068,-6.2061223
7232103643,106.66067,-6.176858
7232103658,106.6624395,-6.1776213
6552233196,106.5971344,-6.2113081
8548459771,106.6702053,-6.1874767
6552233240,106.5928256,-6.2046156
6552233241,106.5926103,-6.2046672
6552233297,106.5911143,-6.2000602
6552233311,106.596512,-6.1975694
6552233312,106.5958563,-6.198113
6552233313,106.5953265,-6.1985989
6552233326,106.5940037,-6.1939725
8547542389,106.6649857,-6.1546394
6552233334,106.5913894,-6.1946283
8547542390,106.6650499,-6.154861
6552233338,106.5914595,-6.194167
10030491045,106.5981665,-6.170373
6552233382,106.5920782,-6.2006987
8488166823,106.6488858,-6.168123
6552233384,106.5920921,-6.2006739
8487249318,106.6288443,-6.1658703
10030491049,106.5982242,-6.1751396
10030491052,106.596557,-6.1773636
8776525230,106.6827752,-6.1890261
8776525236,106.6830024,-6.1885306
8776525237,106.6691512,-6.1731437
6552233428,106.5922306,-6.2038039
6552233433,106.5922239,-6.2039866
11911505397,106.6613352,-6.1793574
9971377678,106.6822645,-6.1630199
9971377679,106.6817153,-6.1630894
12158314002,106.6655715,-6.1488111
7223846456,106.5941181,-6.1656703
3010799164,106.5965887,-6.164486
3010799165,106.596523,-6.1652051
8498914917,106.6412146,-6.1563115
12158314101,106.6639375,-6.1485689
12158314102,106.6655727,-6.1490586
8553178748,106.6569243,-6.1722197
12138391178,106.6760316,-6.1457798
12138391180,106.676199,-6.1458095
13070575249,106.6843216,-6.1771187
13070575252,106.6843216,-6.1771668
13070575253,106.6847221,-6.177079
13070575259,106.6850555,-6.1769788
7120037532,106.6345658,-6.1663963
7120037535,106.6351722,-6.1663232
8487249568,106.6314742,-6.1662956
8487249569,106.6310927,-6.1665378
7139960536,106.6476322,-6.1760762
861087468,106.5990486,-6.1602229
861087486,106.5993973,-6.165351
861087490,106.5994415,-6.1655936
861087493,106.6000221,-6.1673518
6532310800,106.5887287,-6.1569276
861087510,106.6034206,-6.1708216
861087512,106.6035387,-6.1708764
8505730841,106.5987734,-6.1445877
861087514,106.6044362,-6.1712783
861087519,106.6049359,-6.1713789
8505730847,106.5987948,-6.1445696
861087523,106.6083402,-6.1712904
8505730860,106.5987492,-6.1446224
8555931458,106.6771461,-6.1769623
8775739256,106.6773574,-6.1823515
8775739257,106.6776192,-6.1824294
8775739258,106.6770436,-6.1822649
8775739259,106.6768289,-6.1822006
9119410055,106.6225525,-6.1669795
6322333601,106.6441101,-6.1617076
6322333610,106.6441036,-6.1614525
7217817555,106.621247,-6.1870813
8979163093,106.6172545,-6.166049
7231973351,106.5994795,-6.1683597
13316073458,106.6583704,-6.1635292
7050438643,106.6121596,-6.2093309
7050438644,106.6121167,-6.2096529
7050438645,106.6120389,-6.2099502
9136711771,106.653414,-6.2085783
8776525993,106.6765487,-6.1792956
8776526002,106.6698522,-6.1746041
4469500109,106.6774656,-6.1647101
4469500110,106.6789866,-6.1649544
4469500111,106.6790635,-6.1649664
4469500112,106.6796254,-6.1650468
4469500113,106.67929,-6.1638487
4469500115,106.679431,-6.165019
9130944724,106.6350967,-6.1720263
7183608071,106.633549,-6.1847326
7183608072,106.6328178,-6.183866
7209691401,106.6164954,-6.170563
7209691407,106.6235456,-6.1734477
7209691408,106.622128,-6.1736104
6078933270,106.590075,-6.1419789
3726977329,106.6540811,-6.2041754
3726977331,106.6548361,-6.2031702
3726977332,106.653991,-6.2032637
3726977333,106.6539555,-6.2029052
3726977334,106.6548259,-6.2028278
3726977335,106.6540301,-6.2036444
3726977336,106.6548243,-6.2035707
3726977337,106.6538121,-6.2012766
3726977338,106.6546721,-6.2013677
3726977340,106.6538335,-6.2014403
3726977341,106.6538617,-6.2017755
3726977342,106.6547211,-6.2016986
3726977343,106.6538923,-6.2021322
3726977344,106.6547541,-6.2020542
3726977356,106.6563478,-6.2009691
3726977358,106.6563669,-6.2020684
7950044818,106.657453,-6.1766986
7134325110,106.6560356,-6.1912487
7134325111,106.65588,-6.1901176
7134325112,106.6553214,-6.1904271
9651169655,106.6848311,-6.1798086
7134325114,106.6552627,-6.1900439
7134325117,106.6539721,-6.1900954
7134325118,106.6550172,-6.1884447
7134325119,106.6552254,-6.1885261
6317353388,106.6745156,-6.1862194
5474429366,106.6789932,-6.1796623
6317353405,106.6757655,-6.1868034
6317353406,106.6762749,-6.1867037
6317353407,106.6761457,-6.1866891
6317353408,106.6763205,-6.1867089
2027760066,106.683232,-6.1610041
6317353411,106.6758373,-6.1865908
2027760068,106.6832879,-6.1611224
2027760070,106.6824027,-6.1612916
8487905736,106.6265912,-6.1741843
2027760073,106.6821516,-6.1616484
2027760074,106.6822945,-6.1619567
2027760075,106.6813533,-6.1620371
6317353419,106.6762136,-6.1853444
6317353421,106.6761323,-6.1881863
6317353420,106.6762429,-6.1881787
6317353423,106.6754436,-6.1904486
2027760079,106.6813323,-6.162472
6317353425,106.6752283,-6.1907743
8487905746,106.6269158,-6.174229
8487905745,106.6268669,-6.1738772
2027760084,106.6629734,-6.1629018
2027760083,106.6787836,-6.1629544
2027760094,106.6618918,-6.1630713
9849743843,106.6185954,-6.1960882
6317353449,106.6680662,-6.1838018
6317353453,106.6683492,-6.1873394
6317353454,106.6684632,-6.1870434
2027760116,106.6667875,-6.163251
8499177972,106.6093017,-6.1993156
6317353461,106.6700087,-6.1873233
8496687611,106.6172672,-6.1824419
8496687612,106.6173168,-6.1822269
6829320705,106.6679079,-6.1564074
2027760132,106.6679228,-6.1633636
6317353476,106.6739014,-6.1910939
12100119046,106.5983171,-6.2038065
12100119047,106.5983232,-6.2039291
2027760136,106.6732724,-6.1634556
2027760135,106.6583948,-6.1634494
6317353484,106.6685396,-6.1915339
12100119053,106.5990864,-6.2030854
8484891151,106.6687811,-6.148745
2027760148,106.6751721,-6.1641189
7231711765,106.6332351,-6.1465571
8484891158,106.6688159,-6.1491659
8941021720,106.6362922,-6.181378
7229614622,106.5982939,-6.1721034
8484891167,106.6684605,-6.1486539
2027760167,106.6456463,-6.1664543
8484891176,106.6688364,-6.1483506
8484891177,106.668997,-6.1484432
8484891180,106.6694566,-6.1486765
8484891181,106.6687354,-6.1487339
12212709933,106.6574783,-6.1863138
12212709932,106.6576782,-6.1863456
8484891184,106.6689354,-6.1478867
8793827894,106.5950431,-6.1635983
12212709943,106.6537298,-6.1854155
12212709945,106.6536463,-6.1857994
12212709946,106.6523462,-6.1854362
12142586442,106.6648306,-6.1516175
8488954476,106.6287116,-6.1664261
6317353586,106.6688717,-6.190815
6317353587,106.66733,-6.19047
6317353588,106.6672482,-6.1900777
6317353589,106.6669947,-6.1904006
6317353594,106.6715484,-6.1895067
6317353598,106.6732664,-6.1913479
12143110783,106.6689249,-6.1578466
12143110784,106.6682233,-6.1577917
12143110786,106.6683949,-6.1577847
12143110787,106.6684002,-6.1578731
12738950087,106.6287933,-6.1442536
12143110789,106.6680202,-6.1571102
12143110790,106.6679274,-6.1571141
6317353607,106.673613,-6.1930965
12143110791,106.667919,-6.1566935
6317353612,106.6672066,-6.190826
12738950089,106.6286284,-6.1442243
6317353616,106.6674989,-6.1839502
8536271517,106.656117,-6.1622396
8536271526,106.6566543,-6.1613733
6555118281,106.6792048,-6.2064503
7223847634,106.6450529,-6.1547861
7223847635,106.645054,-6.1546681
8789240590,106.6549654,-6.1772967
8789240597,106.6548845,-6.1774663
12184922922,106.6703706,-6.1820075
12184922923,106.6702318,-6.1821868
6537292588,106.6016836,-6.1396821
12184922925,106.6703353,-6.1819914
12184922926,106.6701627,-6.1819124
12184922927,106.6704091,-6.1820251
12184922928,106.6704586,-6.1819009
12184922929,106.6708496,-6.1813254
6917401396,106.6474491,-6.1765383
12184922933,106.6704247,-6.1819283
6537292606,106.6019511,-6.1391534
6997748616,106.5985206,-6.1994802
7221619599,106.6104403,-6.1424216
7221619600,106.6112819,-6.1460963
7221619602,106.6103142,-6.146067
7221619610,106.6079123,-6.1470084
7221619614,106.6080632,-6.1454943
6320237480,106.588726,-6.1728975
6320237482,106.5884097,-6.1728993
6320237484,106.5885132,-6.1725689
7221619629,106.6090576,-6.1489272
7221619628,106.607687,-6.1476005
13470215097,106.668081,-6.1882687
13470215098,106.6678677,-6.188194
13470215099,106.6676491,-6.1881234
8498916292,106.6447606,-6.159473
10001263557,106.620411,-6.1767128
6317353926,106.6329668,-6.1602673
6317353927,106.6324937,-6.16051
5504244680,106.6669115,-6.2046346
10001263558,106.620839,-6.1764851
5504244681,106.6668847,-6.2047226
5458107337,106.6322622,-6.198963
6317353935,106.6323992,-6.157485
6317353936,106.6326269,-6.1574858
8810474448,106.6198589,-6.1716743
5458107341,106.6326211,-6.1994062
8788061154,106.5970511,-6.177493
5504244688,106.6665977,-6.2019388
7231843361,106.6681796,-6.1470544
8803546749,106.6824643,-6.1366385
7231843366,106.6670123,-6.1462419
9979505709,106.6127441,-6.1922417
9979505711,106.6121177,-6.1918413
12087139707,106.6616486,-6.2094125
7122660485,106.6778033,-6.1910946
7122922632,106.659789,-6.195671
7122922639,106.659901,-6.1955478
7217556634,106.6262492,-6.1368839
7217556635,106.6258311,-6.1368916
7217556636,106.6262479,-6.1374453
7217556637,106.6252884,-6.1372685
8498785451,106.62758,-6.1561584
4469501148,106.6795593,-6.1658214
4469501149,106.6789376,-6.1657195
4469501150,106.6788623,-6.1657091
4469501151,106.6773384,-6.1654519
4469501162,106.6772622,-6.1662293
4469501163,106.6787361,-6.1664749
4469501164,106.6788095,-6.1664866
4469501166,106.6770879,-6.1670027
4469501167,106.6786081,-6.1672519
4469501168,106.6786799,-6.167262
4469501169,106.6793812,-6.1673813
861089025,106.611195,-6.1710451
8487251202,106.6299225,-6.1656836
861089029,106.6127788,-6.1708537
8487251205,106.6295591,-6.165801
12186365190,106.6796859,-6.1813347
8788061451,106.6060401,-6.1716077
8788061452,106.6060483,-6.1713912
8496033057,106.6117962,-6.1821875
8496033062,106.6112661,-6.1824869
8547937583,106.6790508,-6.1682744
7788375383,106.6126759,-6.1812436
7788375384,106.6130514,-6.1817715
9685511518,106.6068858,-6.1875702
9685511519,106.606955,-6.1876863
8509271402,106.63903,-6.1886648
8509271403,106.6390112,-6.1884154
8772258870,106.6432095,-6.1982736
7229615489,106.6010298,-6.170303
8548199874,106.6736088,-6.1905187
8547413459,106.6215585,-6.1486755
7232237025,106.6556384,-6.1927264
8552263169,106.6695616,-6.179215
10757942788,106.5878387,-6.1682589
6320238096,106.5919143,-6.175473
6320238097,106.5918533,-6.175475
6320238098,106.596099,-6.184481
12142980629,106.6796856,-6.1500001
12142980630,106.6808307,-6.151396
12142980632,106.6809459,-6.1525183
6320238107,106.595381,-6.1844782
6320238108,106.5891687,-6.1739806
6320238109,106.5891667,-6.1740309
6320238110,106.586946,-6.1739373
6320238111,106.5869229,-6.1739923
8485809717,106.6148606,-6.172029
12170899001,106.6612119,-6.1784403
8485809722,106.6154109,-6.1722253
8485809723,106.6141431,-6.1728163
11098992206,106.5869458,-6.1695069
11481198163,106.5941493,-6.1519965
11481198164,106.594164,-6.1510242
5455687265,106.6582682,-6.1826649
6319976044,106.6076588,-6.1869167
5455687280,106.6504669,-6.177437
5455687282,106.6502303,-6.1775645
6319976051,106.6153244,-6.1884249
6319976056,106.6075711,-6.1868216
6319976057,106.6077701,-6.1875701
5455687289,106.6505688,-6.1771916
6319976058,106.6075271,-6.1872387
5455687290,106.650483,-6.1782969
5455687293,106.6502925,-6.1778329
5455687292,106.6503261,-6.1780316
6319976071,106.6008326,-6.1905493
5455687303,106.644197,-6.1851035
6319976074,106.5984343,-6.1917671
5455687312,106.6443831,-6.1836243
5455687315,106.6449308,-6.1836983
5455687317,106.6447994,-6.1849284
8484630165,106.6637009,-6.1500939
7137603226,106.6836088,-6.1998153
7137603227,106.6836128,-6.1997659
12170899101,106.6599812,-6.1775192
5455687325,106.6451155,-6.1823766
12170899102,106.6596835,-6.1773874
5455687331,106.6452457,-6.1813042
3010801319,106.5953256,-6.1649501
5455687335,106.6454082,-6.1802735
3010801321,106.5961438,-6.1645335
5455687342,106.643402,-6.1804329
5455687350,106.6437319,-6.1787063
5022420901,106.6469578,-6.1433047
5455687354,106.6437614,-6.1785503
5455687356,106.6438647,-6.1779251
12345224923,106.6307467,-6.1997541
8555933444,106.6775606,-6.1719783
7238135582,106.6421903,-6.1801442
12702265127,106.6222977,-6.1421382
12702265128,106.6219708,-6.1421839
5455425337,106.6222092,-6.1795883
5455425338,106.6221576,-6.1797602
5455425340,106.6222433,-6.1794383
5455425343,106.6226794,-6.1794095
5455425344,106.6228026,-6.1812822
8434691909,106.640813,-6.208533
5455425352,106.6252474,-6.180729
5455425354,106.6264612,-6.1802276
5455425356,106.6257758,-6.1792663
5455425358,106.6248977,-6.1795069
8510451540,106.683825,-6.1351039
8814276457,106.6529158,-6.1682276
8814276459,106.6528612,-6.1677149
5623459703,106.6246386,-6.1775756
5623459705,106.6228486,-6.1790626
5623459706,106.6257076,-6.1779396
5623459707,106.6264364,-6.1773052
5623459708,106.6263401,-6.1775175
5623459709,106.6248947,-6.1781903
5623459711,106.623972,-6.1785863
7912843481,106.6499012,-6.2072665
12154646405,106.6725583,-6.193322
3024564119,106.5866602,-6.172769
3024564120,106.5871118,-6.1727916
861089687,106.6123286,-6.1743283
7136817051,106.5982292,-6.2095505
861089692,106.6122862,-6.172998
7136817052,106.5982507,-6.2100257
861089696,106.612309,-6.1729106
9069735856,106.6774697,-6.1356617
7134064587,106.6517487,-6.1987756
7134064588,106.6516846,-6.1986056
7134064589,106.6516274,-6.1984844
7134064590,106.6514889,-6.1985402
8488955856,106.6697292,-6.172161
8488955857,106.6697419,-6.1723877
7134064595,106.6510347,-6.1975073
7134064596,106.6486996,-6.1927534
7134064597,106.6486317,-6.1927471
12999012312,106.5909588,-6.1789029
12999012314,106.5911405,-6.1793216
8495509481,106.6160328,-6.1894833
6703886385,106.6365355,-6.1720567
6703886386,106.6534818,-6.1592486
6703886387,106.6534536,-6.1580308
10299923524,106.6339879,-6.1618926
7232106572,106.6001713,-6.1680579
7232106573,106.6001519,-6.1679367
7232106574,106.6000258,-6.1679535
12240892001,106.6027219,-6.152917
12240892002,106.6031238,-6.1533122
12240892003,106.6028014,-6.1536247
12240892004,106.6032761,-6.153462
12240892005,106.6022824,-6.1524847
9133830247,106.6467011,-6.1583848
12240892007,106.6032769,-6.151494
8555933817,106.678954,-6.1798556
8555933822,106.6790304,-6.1799029
8555933826,106.6789314,-6.1801985
8555671726,106.6783069,-6.175501
8555671727,106.678374,-6.1755123
8555671728,106.6783966,-6.1755181
5623460028,106.6239747,-6.1808289
5623460032,106.6228415,-6.1807116
5623460033,106.6218934,-6.1782296
5623460035,106.6223814,-6.1779373
5623460036,106.6234075,-6.1770596
8555671747,106.6837531,-6.1809356
13070184652,106.6089463,-6.138296
13070184653,106.6089473,-6.1380182
7122923730,106.6391841,-6.169397
7122923735,106.638465,-6.16951
7232237787,106.6549703,-6.189294
7232237788,106.6549911,-6.1895747
7232237799,106.653718,-6.1893534
7232237801,106.6533378,-6.1879361
9803608306,106.6395798,-6.1728535
12393328887,106.6709625,-6.1772257
8488038664,106.6271512,-6.1738362
8482721822,106.6702214,-6.1503019
5623853344,106.6503509,-6.2099722
5623853346,106.6503891,-6.2099849
6320894278,106.6724838,-6.2018441
8974053743,106.6082466,-6.1677014
8974053744,106.6082154,-6.1674076
9682367017,106.6730816,-6.1908372
6555382314,106.6760046,-6.1933899
9682367018,106.6731135,-6.1906685
9131718786,106.6014103,-6.2036366
7217558097,106.6326624,-6.1399704
10593841763,106.6381718,-6.1750325
10593841767,106.6396408,-6.1728643
9131718791,106.6012631,-6.2039053
10593841770,106.6397545,-6.1739025
10593841771,106.6396371,-6.173912
10593841774,106.6395873,-6.1732069
10593841779,106.6381784,-6.1734849
7867413112,106.5875545,-6.1736124
10593841786,106.6395517,-6.1730397
10593841787,106.6395724,-6.173101
10593841788,106.6396911,-6.1746783
10593841792,106.6380941,-6.1750376
10593841793,106.6396865,-6.1747345
9131718796,106.5998094,-6.2024034
9131718799,106.599243,-6.2024314
8775742103,106.6781232,-6.1841482
6554202776,106.6031132,-6.1614542
3726979737,106.6552687,-6.2013897
3726979738,106.6563731,-6.2013625
6554202779,106.6042277,-6.1612027
3726979740,106.6574277,-6.2013847
3726979741,106.6573998,-6.2017359
6554202777,106.6042548,-6.1613507
6554202778,106.6043275,-6.1619103
3726979744,106.6553159,-6.2020564
3726979750,106.6552834,-6.2017046
3726979751,106.65637,-6.2017161
8811393766,106.5912181,-6.2102021
8811393767,106.5894942,-6.2099955
8804446953,106.5988686,-6.1638683
8804446954,106.5995676,-6.1640114
8485679849,106.6558422,-6.1708705
8485679854,106.655609,-6.170807
8498787080,106.5871856,-6.1470018
7222145806,106.6032299,-6.1829009
7222145807,106.6022978,-6.1867528
4340790126,106.5955571,-6.1916813
8548725677,106.6297575,-6.1429229
7088452526,106.6845873,-6.1421962
861090743,106.6220405,-6.1702843
861090748,106.6252583,-6.1701506
861090750,106.6253359,-6.1701298
11303690992,106.6038448,-6.1588248
12170638301,106.6642705,-6.1789876
7120172003,106.6805573,-6.171009
7120172004,106.6804972,-6.1711834
7229223909,106.6491231,-6.2083576
7229223912,106.6492774,-6.2076374
7120172027,106.6670249,-6.1716528
8979166232,106.6277526,-6.165869
8979166233,106.6279391,-6.1658715
8785572909,106.6348113,-6.1697731
8785572911,106.6346443,-6.169527
7149401137,106.6566708,-6.1864175
6537294911,106.5945831,-6.1585908
6542275653,106.6083367,-6.1940628
6542275657,106.6104391,-6.1959917
6542275672,106.6044719,-6.1976277
6542275674,106.6070295,-6.197272
6542275684,106.6047073,-6.1960442
8509164345,106.5974236,-6.1355131
8793830520,106.5893057,-6.1565466
9549198456,106.6776376,-6.1614882
9549198458,106.6753712,-6.1586622
9549198459,106.6753883,-6.1588883
12188988565,106.6826806,-6.1735198
12188988566,106.6829498,-6.173579
12188988567,106.6823361,-6.1742286
12188988569,106.6822845,-6.1744757
12188988573,106.6822456,-6.1747245
12188988574,106.6821686,-6.175016
7226602707,106.6674208,-6.1857517
2134586602,106.6606101,-6.1259961
861091066,106.6252185,-6.1715369
6537164027,106.5977494,-6.1357331
8552264987,106.6777711,-6.1618729
8547824921,106.679169,-6.16158
7828092201,106.642944,-6.2101622
7716025667,106.6302685,-6.1735869
8788456788,106.5901429,-6.1865495
6552761691,106.6212717,-6.1474998
6552761692,106.6214631,-6.1480335
8502719959,106.6681326,-6.1824729
9131865600,106.6026632,-6.1992082
9131865601,106.6031132,-6.2004502
9131865602,106.6028741,-6.2004157
7298430471,106.5926987,-6.1369353
861091388,106.6277175,-6.1722199
861091389,106.6275938,-6.1712143
861091392,106.6275085,-6.1703118
12182304321,106.6714253,-6.1941386
10056578685,106.6296755,-6.161006
13070841475,106.6095335,-6.1493317
10056578691,106.6275106,-6.1610429
13070841480,106.608944,-6.1493233
13070841481,106.6089026,-6.1494726
8485811849,106.6770221,-6.1863914
13070841485,106.6082516,-6.1499532
13249099419,106.606299,-6.1684463
13249099420,106.6062053,-6.1685442
4590876340,106.5839581,-6.1695263
4590876341,106.5851526,-6.1696826
4590876342,106.5850846,-6.1713347
4590876343,106.5851428,-6.1701932
4590876344,106.5852377,-6.1689219
4590876345,106.5852046,-6.1691854
4590876347,106.5843198,-6.1690617
4590876349,106.5841368,-6.1705672
4590876350,106.5850722,-6.1706931
4590876351,106.5841427,-6.1703098
4590876352,106.5850818,-6.1704386
4590876354,106.5841753,-6.1700847
4590876355,106.5842144,-6.1698237
4590876356,106.5851708,-6.1699403
4590876357,106.5842863,-6.169309
4590876358,106.5851773,-6.1694302
4590876360,106.5899126,-6.170509
4590876361,106.5898553,-6.1715004
4590876362,106.5895911,-6.1714892
4590876363,106.5902875,-6.1715408
4590876364,106.5902338,-6.1722064
4590876365,106.5897699,-6.1722079
4590876366,106.5898017,-6.1717227
4590876367,106.590018,-6.171735
4590876368,106.589995,-6.172232
4590876369,106.5883553,-6.1723441
4590876370,106.5885746,-6.1723567
6919370449,106.6710714,-6.1937355
6919370448,106.6713939,-6.1937825
13249099471,106.6055141,-6.1689118
4590876375,106.588106,-6.1723655
4590876376,106.5886963,-6.1704721
4590876378,106.5887448,-6.1693697
4590876380,106.5888116,-6.1679921
4590876381,106.5888561,-6.1672063
13249099486,106.6054617,-6.1688685
4590876383,106.5894871,-6.164629
4590876384,106.5894642,-6.165241
13249099488,106.605998,-6.1693227
4590876386,106.5873279,-6.165589
4590876387,106.5874741,-6.1651526
4590876388,106.5874458,-6.1655944
4590876389,106.5883821,-6.1656399
4590876390,106.5883603,-6.1661081
4590876391,106.5885564,-6.1656528
4590876392,106.5885269,-6.166114
4590876393,106.5871079,-6.1649204
4590876394,106.5870034,-6.1665162
4590876395,106.5867506,-6.1664984
4590876396,106.5876611,-6.166578
4590876397,106.5876005,-6.1679307
4590876398,106.5898091,-6.1680385
7478261485,106.5914154,-6.1985611
4590876400,106.5919213,-6.1681263
4590876401,106.592223,-6.1681423
4590876402,106.5936405,-6.1685011
4590876403,106.5924577,-6.1684218
4590876404,106.5897912,-6.1682868
4590876405,106.5888026,-6.1682466
7478261486,106.5905958,-6.1996201
4590876407,106.5924436,-6.1685251
4590876408,106.5897825,-6.1684013
4590876409,106.5887972,-6.1683666
4590876406,106.5875894,-6.1681862
4590876411,106.5924992,-6.1673884
4590876412,106.5923386,-6.1706254
4590876413,106.5876397,-6.1667975
4590876414,106.5867258,-6.1667503
4590876415,106.587629,-6.1670448
4590876416,106.5867088,-6.1669857
4590876417,106.5876186,-6.1672852
4590876419,106.5876161,-6.1675292
4590876420,106.5861274,-6.1674277
4590876421,106.5875989,-6.1677706
4590876422,106.5860778,-6.1676816
4590876423,106.5879367,-6.166084
4590876424,106.5878576,-6.167935
4590876425,106.5878423,-6.1681992
4590876426,106.588105,-6.1679511
4590876427,106.5881789,-6.1663856
4590876428,106.5879237,-6.1663651
4590876429,106.5889122,-6.1664239
4590876430,106.5898889,-6.1664726
6552368910,106.6019965,-6.1554047
6552368907,106.6018666,-6.1556794
6552368911,106.6022086,-6.1580982
4590876434,106.5919515,-6.1673577
4590876435,106.5884199,-6.1663995
4590876436,106.5883343,-6.1679622
4590876437,106.5886587,-6.1664179
4590876438,106.5885739,-6.167974
4590876439,106.5891447,-6.1664325
4590876440,106.5890888,-6.167215
4590876441,106.5893697,-6.1664449
4590876442,106.5893329,-6.1672203
4590876443,106.5895946,-6.1664577
4590876444,106.5895156,-6.168018
4590876445,106.5878872,-6.1671573
4590876446,106.5881396,-6.1671682
4590876447,106.5883758,-6.1671789
6552368928,106.5995807,-6.1702063
4590876448,106.5886159,-6.1671916
4590876450,106.5898539,-6.1672543
6552368930,106.5981679,-6.170305
4590876452,106.5938385,-6.1674737
4590876449,106.5895574,-6.1672398
4590876451,106.5935131,-6.167453
4590876454,106.5888294,-6.167437
4590876455,106.5895402,-6.1674799
4590876456,106.5901872,-6.1664814
4590876457,106.5901385,-6.1672772
6552368938,106.5991309,-6.1586304
4590876458,106.5904602,-6.1664949
4590876460,106.5901009,-6.1672767
4590876461,106.5900704,-6.1680444
4590876462,106.590381,-6.167284
4590876463,106.5903438,-6.1680536
4590876464,106.5906888,-6.1665011
4590876459,106.5904117,-6.1672853
4590876466,106.5909248,-6.1665105
4590876465,106.5906573,-6.1672907
4590876468,106.5908666,-6.1680697
4590876469,106.5911606,-6.166549
4590876467,106.5909125,-6.1673085
4590876472,106.5910903,-6.168347
4590876471,106.5911096,-6.1680862
4590876470,106.5911341,-6.1673275
4590876473,106.5910873,-6.1684621
4590876474,106.5909869,-6.1705569
4590876475,106.5914074,-6.1665683
4590876476,106.5913971,-6.1673392
4590876477,106.5913537,-6.1680968
4590876478,106.5914748,-6.1665727
4590876481,106.5917189,-6.1665888
4590876480,106.5914372,-6.1681014
4590876479,106.5914636,-6.167343
4590876482,106.5917135,-6.1673421
4590876483,106.5916784,-6.1681148
6552368966,106.6063942,-6.1570415
4590876487,106.5922097,-6.1684141
4590876485,106.5919916,-6.1681279
4590876484,106.5920257,-6.1673605
4590876490,106.592482,-6.1681536
4590876491,106.5936298,-6.1682064
4590876486,106.5922559,-6.1673712
6552368972,106.6036572,-6.1563305
4590876488,106.5927408,-6.1674074
4590876492,106.5929872,-6.1674243
4590876494,106.5932799,-6.1674397
6552368976,106.604575,-6.1565602
4590876489,106.5927032,-6.1681524
4590876498,106.5906178,-6.1672923
4590876499,106.590576,-6.1680607
4590876493,106.5929548,-6.1681739
4590876501,106.5911307,-6.166246
4590876495,106.5932451,-6.1681907
4590876496,106.5934751,-6.1682033
4590876504,106.5904307,-6.1649353
4590876502,106.5911504,-6.1657691
4590876505,106.5917554,-6.1649875
4590876507,106.5923505,-6.1703165
4590876506,106.5922847,-6.1662996
4590876509,106.5933384,-6.1706784
4590876510,106.5926183,-6.1703328
4590876508,106.5932982,-6.170349
4590876511,106.5927038,-6.1685383
4590876512,106.5931692,-6.1685581
6544766812,106.6297153,-6.1942898
4590876516,106.59299,-6.1693624
4590876517,106.5926652,-6.1693528
4590876518,106.592396,-6.1693412
4590876519,106.5921991,-6.168518
4590876520,106.5920992,-6.1706127
4590876521,106.5900707,-6.168412
4590876522,106.5899422,-6.1705095
4590876523,106.5900562,-6.1686874
4590876524,106.5910648,-6.1687419
4590876525,106.5921849,-6.1687917
4590876526,106.5902695,-6.168698
4590876527,106.5901966,-6.1702137
4590876528,106.5899539,-6.1702098
4590876529,106.5910039,-6.1702578
4590876530,106.5921061,-6.1703153
4590876531,106.5923823,-6.1695644
4590876532,106.592139,-6.1695515
4590876533,106.5910272,-6.1694923
4590876534,106.5902364,-6.1694548
4590876535,106.5900216,-6.169447
4590876536,106.5897066,-6.1694237
4590876537,106.5875626,-6.1693024
4590876538,106.591052,-6.169004
4590876539,106.5921727,-6.16906
4590876540,106.591035,-6.1692601
4590876541,106.5921552,-6.1693201
4590876542,106.5910189,-6.1697333
4590876543,106.5921266,-6.1697905
4590876544,106.5910144,-6.1700114
4590876545,106.5921206,-6.170068
4590876546,106.5907045,-6.1702366
4590876547,106.5907495,-6.1694768
4590876548,106.5907835,-6.1687244
4590876549,106.5905387,-6.1687099
4590876550,106.5905086,-6.1694661
4590876551,106.5904667,-6.1702242
4590876552,106.5897581,-6.168647
4590876553,106.5887851,-6.1686023
5444155274,106.6144744,-6.168233
4590876554,106.587623,-6.168529
4590876556,106.5878371,-6.1685447
4590876555,106.5878355,-6.1683124
4590876558,106.5880832,-6.1685621
4590876557,106.5877812,-6.1693246
4590876560,106.5883235,-6.1685765
4590876559,106.5880347,-6.1693395
4590876562,106.5885497,-6.1685873
4590876561,106.58828,-6.1693516
4590876564,106.5889911,-6.168614
4590876563,106.5885024,-6.1693566
4590876566,106.5887615,-6.1690289
4590876567,106.5897191,-6.1690433
4590876568,106.589235,-6.1686206
4590876569,106.5892151,-6.1690353
4590876570,106.5894924,-6.1686359
4590876565,106.5889732,-6.169033
4590876572,106.5897004,-6.1696558
4590876573,106.588735,-6.1695997
4590876571,106.5894725,-6.1690451
4590876575,106.5896889,-6.1699102
5444155296,106.6140555,-6.1668603
4590876576,106.5887248,-6.1698502
4590876578,106.5896735,-6.1701588
4590876579,106.5887285,-6.1701185
4590876577,106.5877973,-6.1697904
5444155297,106.6168823,-6.1675477
5444155304,106.6147674,-6.1659403
5444155305,106.6142035,-6.1656877
5444155306,106.6149397,-6.165295
13092075435,106.6810874,-6.1929918
5444155308,106.6139596,-6.1649038
5444155312,106.6138434,-6.1655922
5444155313,106.6132037,-6.1637889
5444155319,106.6120919,-6.1649383
6919763923,106.6058813,-6.1926698
6919763924,106.6055175,-6.1926876
5444155421,106.6151593,-6.1684697
13092075549,106.6782917,-6.1926165
13092075551,106.6790656,-6.1926176
13092075552,106.6784155,-6.1923753
13092075554,106.6794358,-6.1924723
5444155427,106.6145159,-6.1668609
5444155428,106.6144278,-6.1671229
13092075555,106.679341,-6.1927202
5444155431,106.6176836,-6.174601
13092075561,106.6795653,-6.1928038
5444155434,106.6169085,-6.174505
5444155436,106.6168072,-6.1660689
5444155437,106.6194766,-6.1688624
5444155438,106.6194673,-6.1690877
5444155440,106.6187672,-6.1690088
13092075569,106.6829438,-6.1900616
5444155442,106.6196074,-6.1725203
13092075573,106.6833131,-6.190002
5444155449,106.6163278,-6.1740303
5444155454,106.6177125,-6.1736717
5444155456,106.6174141,-6.1745236
5444155457,106.6174281,-6.1738043
5444155459,106.6183817,-6.1712023
5444155463,106.6187672,-6.1713603
5444155465,106.6187686,-6.1712089
5444155470,106.6187604,-6.1710913
5444155473,106.6188731,-6.1704825
5444155474,106.6195398,-6.1702157
5444155478,106.6195379,-6.1704248
5444155479,106.6130514,-6.1741383
5444155482,106.6123025,-6.1741243
5444155486,106.6149823,-6.1714037
5444155492,106.614632,-6.1717203
5444155497,106.6145461,-6.172795
5444155499,106.6147305,-6.172833
5444155508,106.6167301,-6.169869
5444155509,106.616816,-6.170563
5444155522,106.6162084,-6.168379
5444155523,106.6163465,-6.168365
8555804807,106.678196,-6.1748677
5444155528,106.6162386,-6.1694886
9717495947,106.6591017,-6.1793915
5444155532,106.6173779,-6.167913
5444155536,106.6177292,-6.1680537
5444155537,106.6172157,-6.1701438
6322337938,106.662337,-6.1810636
6322337939,106.6624564,-6.1776409
5444155541,106.6169192,-6.1690764
9635313814,106.6175804,-6.1780303
5444155544,106.6169138,-6.169475
5444155546,106.6156247,-6.1693863
5444155547,106.6157417,-6.1688476
5444155548,106.6156076,-6.1688623
6322337947,106.6551568,-6.1852021
5444155551,106.6151191,-6.1688623
5444155552,106.6147959,-6.1679753
5444155553,106.6147907,-6.168032
6322337954,106.6534506,-6.1845026
12182829219,106.6490003,-6.1558472
5444155556,106.6138104,-6.1679713
12182829220,106.649046,-6.1563753
5444155557,106.6152928,-6.170619
6322337959,106.6530479,-6.1843572
12182829218,106.6486189,-6.1558417
5444155561,106.6152415,-6.169583
6322337962,106.6517422,-6.1757413
6322337963,106.6516911,-6.1758073
12182829227,106.6521272,-6.1521648
5444155565,106.6152086,-6.168081
12182829230,106.6522274,-6.1522026
12182829228,106.6518658,-6.152193
12182829232,106.6526435,-6.1527687
5444155569,106.6157662,-6.1666526
5444155570,106.617995,-6.166195
5444155571,106.6175682,-6.1661737
5444155572,106.6175374,-6.1665016
5444155573,106.6176501,-6.1654716
5444155574,106.6176086,-6.1657503
5444155575,106.6180097,-6.1657669
5444155576,106.6169661,-6.1661833
13092075700,106.6814994,-6.192102
13092075702,106.6811445,-6.1926933
5444155579,106.6179773,-6.1665323
5444155580,106.616422,-6.1655333
13092075708,106.681889,-6.1930587
13092075710,106.6807227,-6.1934577
13092075709,106.6803212,-6.1931508
13092075711,106.681256,-6.1935211
13092075716,106.6806006,-6.1929989
13092075717,106.6805936,-6.1927037
13092075718,106.6808963,-6.1932359
13092075719,106.6804735,-6.1929482
13092075720,106.6812034,-6.1928435
13092075721,106.6805503,-6.193678
13092075722,106.6801533,-6.1933743
13092075727,106.6799779,-6.1936077
13092075728,106.6804214,-6.1942824
13092075729,106.679686,-6.1940919
7232220437,106.6538317,-6.1933392
8434825426,106.6462706,-6.1626009
8434825428,106.6464744,-6.1625809
13092075730,106.6794684,-6.1944096
13092075732,106.6802924,-6.1945402
7232220438,106.6538505,-6.1937018
13092075731,106.6795393,-6.1939844
13092075734,106.6799578,-6.1949088
13092075733,106.6796293,-6.1946818
13092075735,106.6792966,-6.1941185
8434825436,106.6471024,-6.1626383
3726981341,106.6553407,-6.2024168
3726981342,106.6562308,-6.2024212
3726981343,106.6553576,-6.2027661
3726981344,106.6559576,-6.2027774
5436553441,106.6192754,-6.2102518
5436553440,106.6175083,-6.2099012
8434825437,106.6471182,-6.1615189
8434825444,106.6471332,-6.1622673
13092075745,106.6788275,-6.1953823
13092075742,106.678347,-6.1950536
13092075747,106.6782573,-6.1953986
13092075746,106.678128,-6.1951815
13092075749,106.6778282,-6.1951565
13092075750,106.6779206,-6.1953026
7232220442,106.6525215,-6.1929725
13092075748,106.6779795,-6.1953956
5428164845,106.5930004,-6.1681773
5428164846,106.585903,-6.172072
8434825453,106.6473194,-6.1627876
5428164848,106.5896948,-6.177341
5428164849,106.5896459,-6.1778864
13092075757,106.6788423,-6.1944173
5428164851,106.5937623,-6.1769983
5428164852,106.5974115,-6.173744
13092075764,106.6818673,-6.1907399
5428164854,106.5970347,-6.1655883
5428164855,106.5967433,-6.1656313
5428164856,106.5960717,-6.1651383
13092075760,106.6798219,-6.1938153
13092075763,106.6805826,-6.1919888
5428164865,106.5851118,-6.1714801
5428164866,106.5851135,-6.171772
13092075778,106.6788282,-6.1943608
13092075780,106.6776969,-6.1950786
13092075781,106.6775182,-6.1952155
13092075782,106.6774715,-6.1951253
5428164871,106.5845984,-6.170892
13092075783,106.677778,-6.1948803
13092075784,106.6774425,-6.1950714
5428164874,106.5843642,-6.1688113
5428164875,106.5852618,-6.1686729
13092075786,106.6770756,-6.1955053
5428164877,106.5853417,-6.1681842
7134198030,106.6408004,-6.2050162
5428164878,106.5852988,-6.168438
5428164881,106.5844293,-6.168294
5428164882,106.5844738,-6.1678143
5428164883,106.5853896,-6.1678742
5428164886,106.5854552,-6.1674307
5428164887,106.5845291,-6.1673055
5428164888,106.5844935,-6.1675604
5428164889,106.5855407,-6.1669008
5428164891,106.5846224,-6.166806
5428164892,106.584563,-6.1670576
5428164894,106.5854924,-6.1671658
5428164896,106.5855655,-6.1666743
5428164897,106.585603,-6.1664263
5428164898,106.5846816,-6.1662916
6722107698,106.6389931,-6.1631249
6722107699,106.6391108,-6.1631376
5428164920,106.5841007,-6.1685181
6542801236,106.6153138,-6.2004629
6542801238,106.6163387,-6.1995317
8941287766,106.6175368,-6.1903453
6542801242,106.616304,-6.198467
8941287774,106.6177009,-6.1900842
6542801252,106.6070886,-6.1993263
6542801253,106.6073839,-6.1993479
6542801261,106.6122356,-6.200302
6542801265,106.6166569,-6.2024839
6542801273,106.6108634,-6.2035033
10928994682,106.6000439,-6.1729973
8499575163,106.6409744,-6.1682488
8499575164,106.6410319,-6.1686386
10928994685,106.6001591,-6.1725367
10570119550,106.6842306,-6.1874807
9131211131,106.6446304,-6.1810089
9131211136,106.6437146,-6.1809422
6542801278,106.6079687,-6.2043846
6542801282,106.6103129,-6.2036747
6542801289,106.6110093,-6.2018081
8499575183,106.640773,-6.1646306
8499575184,106.6410109,-6.1646149
6542801297,106.6116932,-6.2005992
8499575185,106.6413286,-6.164591
8499575190,106.6412587,-6.1634631
8499575191,106.6406564,-6.1705687
8499575192,106.6405025,-6.1706317
8499575193,106.6402826,-6.170657
8499575194,106.6401103,-6.1706693
6542801309,106.6092397,-6.1990849
6542801311,106.609014,-6.1996689
8496691640,106.6124399,-6.1997895
8776530365,106.6803356,-6.1790546
8523168221,106.5855977,-6.1354918
8523168224,106.5853913,-6.1359738
8482273760,106.6224124,-6.1839515
10047142426,106.6474307,-6.153178
10047142427,106.6477629,-6.1531728
10736581168,106.5855469,-6.1382253
8482273859,106.6654061,-6.1425948
8485812804,106.6738866,-6.1505459
8482273862,106.6661261,-6.1436496
8482273863,106.6652238,-6.1435935
8788458064,106.5911525,-6.1878147
8788458065,106.5906404,-6.1876345
12244040281,106.6511866,-6.1477081
8499182200,106.5979061,-6.2031741
8499182202,106.5978553,-6.2026287
11104107152,106.6443446,-6.183848
7129217681,106.6385981,-6.1844041
7238269585,106.6804118,-6.1665643
7238269587,106.680049,-6.1680922
7238269586,106.6803279,-6.1669892
7238269590,106.6796953,-6.1697741
7217691303,106.6231976,-6.1791046
11919768238,106.6154715,-6.2017428
11919768239,106.6154412,-6.201482
7217691326,106.6221368,-6.1852001
7217691336,106.620936,-6.1850313
9702161109,106.5853583,-6.1427903
9702161110,106.5854609,-6.1424695
8548072154,106.6129243,-6.1464972
5428165358,106.5826473,-6.1662713
5428165369,106.5857832,-6.1696652
5428165370,106.5869046,-6.169729
5428165373,106.58687,-6.1694899
5428165374,106.5861388,-6.1699417
12197378816,106.6633093,-6.1553112
5428165377,106.5858009,-6.169423
5428165378,106.5858277,-6.1691877
5428165379,106.5868724,-6.168997
5428165380,106.5858664,-6.1689402
5428165381,106.5868883,-6.168767
5428165382,106.5859066,-6.1686979
5428165383,106.5868372,-6.1692438
12197378817,106.6633394,-6.1550638
5428165385,106.5869428,-6.168259
5428165386,106.5869147,-6.168513
12197378818,106.6651573,-6.155245
5428165388,106.5859553,-6.1684752
5428165389,106.5861675,-6.1671924
5428165390,106.5874605,-6.1680023
5428165392,106.5860403,-6.1679113
5428165393,106.5861796,-6.1671054
5428165394,106.5866705,-6.1672316
5428165395,106.58704,-6.1656674
5428165399,106.5868808,-6.1648256
5428165401,106.5868208,-6.1656597
5428165403,106.58668,-6.1671537
5428165407,106.5857123,-6.1681896
5428165409,106.5855454,-6.169175
5428165412,106.5873464,-6.1692876
5428165413,106.5873926,-6.1685214
5428165415,106.5870833,-6.1692625
5428165417,106.5871524,-6.1685323
5428165418,106.587435,-6.1692943
5428165420,106.5878045,-6.1695544
7131708206,106.6816148,-6.171245
7131708212,106.6815235,-6.1712736
7131708213,106.6813593,-6.1711657
7131708215,106.6813109,-6.1713061
6309886818,106.6326423,-6.1401434
6309886829,106.6328556,-6.1394508
6309886830,106.6326926,-6.1433691
7122926448,106.6638426,-6.1760293
7122926449,106.6637834,-6.1759009
7122926451,106.6639201,-6.1765855
9131473780,106.5979185,-6.1970433
8499575717,106.6419467,-6.1566995
8482667430,106.6373793,-6.1620446
8482667431,106.6371727,-6.1626545
8482667432,106.6371399,-6.1622286
7136951243,106.6846718,-6.180053
7136951244,106.6846624,-6.1804154
7136951245,106.6846384,-6.1810731
8434564043,106.6475031,-6.207753
8937487309,106.6134893,-6.1804969
8937487312,106.6134859,-6.1802856
8488041429,106.6550795,-6.1721111
7120174041,106.6567931,-6.1908892
7120174042,106.6568359,-6.190901
7120174043,106.6567396,-6.1908744
7120174044,106.6566177,-6.1913473
7120174045,106.6570541,-6.1912848
8488041434,106.6544567,-6.1735337
8525528037,106.6351931,-6.151874
8488041447,106.6539243,-6.1732341
8488041452,106.6546796,-6.1727458
5428165621,106.5877777,-6.170073
4834540533,106.6093425,-6.1576945
4834540535,106.5967364,-6.1484066
4834540536,106.6117717,-6.1499071
5428165625,106.5873995,-6.170047
5428165626,106.5890175,-6.1736543
4834540538,106.6088491,-6.1496806
4834540537,106.6102092,-6.1499232
4834540540,106.6076078,-6.1495724
5428165622,106.5877663,-6.1703691
5428165631,106.5909289,-6.1716913
5428165632,106.5904681,-6.1721274
4834540542,106.6074053,-6.1496896
4834540543,106.6072866,-6.149696
5428165641,106.5917453,-6.171233
4834540554,106.5924696,-6.1480764
5428165643,106.591691,-6.1705933
5428165644,106.592989,-6.1724707
4834540555,106.5916373,-6.1480805
5428165645,106.5941848,-6.1725804
4834540556,106.5914532,-6.1472467
5428165642,106.5916783,-6.1709236
5428165646,106.5923,-6.172345
4834540561,106.588837,-6.1440907
5428165649,106.5916862,-6.1715866
4834540563,106.588364,-6.1429363
5428165651,106.591705,-6.1719885
4834540565,106.5878361,-6.1398658
4834540567,106.5876999,-6.1372826
4834540568,106.5874317,-6.1372746
5428165657,106.5923063,-6.1721764
4834540571,106.5878402,-6.1359673
5428165663,106.5917441,-6.1725426
4834540576,106.5884648,-6.1442865
4834540577,106.5905948,-6.1473539
4834540578,106.591008,-6.1469758
4834540579,106.5911655,-6.1467999
5428165668,106.5909819,-6.1718637
5428165667,106.5910147,-6.1720731
5428165665,106.5910598,-6.1725509
5428165670,106.5901276,-6.1713491
5428165669,106.5901506,-6.1708251
5428165673,106.5909097,-6.1705526
5428165671,106.5908933,-6.1708693
5428165675,106.5908816,-6.1713837
4834540580,106.5915428,-6.1460034
5428165677,106.5898642,-6.1713359
4834540583,106.5918811,-6.1456865
4834540584,106.5926574,-6.1448818
4834540588,106.5928924,-6.1434726
5428165681,106.587767,-6.1704179
4834540593,106.593128,-6.1410295
5428165683,106.5859127,-6.1721397
4834540596,106.5929396,-6.1405328
4834540597,106.5930321,-6.1401561
5428165686,106.5858856,-6.1719334
4834540598,106.5932654,-6.1393301
4834540600,106.5935297,-6.138594
5428165689,106.5861496,-6.172782
5428165685,106.5865381,-6.1720287
4834540603,106.5935276,-6.1377986
5428165687,106.5860805,-6.173633
5428165684,106.5867041,-6.171985
5428165695,106.5878754,-6.1723508
12180339775,106.6623622,-6.1965225
5428165697,106.5876489,-6.1723855
5428165699,106.5874721,-6.1724065
4834540611,106.5940534,-6.1356531
4834540613,106.5944104,-6.1353613
5428165703,106.587224,-6.1715962
5428165709,106.5869696,-6.1721107
5428165710,106.5869949,-6.1715902
5428165711,106.5896417,-6.1705204
5428165712,106.5897591,-6.170497
5428165714,106.5926848,-6.1687809
5428165715,106.5928356,-6.1700743
5428165716,106.5926317,-6.1700706
5428165717,106.5928115,-6.1698437
5428165718,106.5926412,-6.1698356
5428165719,106.5932246,-6.1696237
5428165720,106.5926508,-6.1695996
11104238744,106.6278186,-6.1826556
8495905945,106.6256606,-6.1681982
5428165821,106.5939038,-6.1700303
5428165825,106.5943686,-6.1708217
9060170945,106.6537188,-6.2045552
6310673603,106.6133706,-6.165908
5428165827,106.594054,-6.1718263
5428165828,106.5932772,-6.1714451
5428165834,106.5953304,-6.1660831
5428165836,106.5951085,-6.1662044
7129087180,106.6607688,-6.1872919
6310673614,106.6089423,-6.1638549
5428165840,106.5952738,-6.1668879
5428165841,106.5966326,-6.169841
5428165844,106.5930393,-6.1674274
5428165846,106.5938297,-6.1672119
5428165848,106.5925714,-6.1670556
5428165851,106.59383,-6.1668302
5428165852,106.5932567,-6.1663036
5428165853,106.5938521,-6.1663281
5428165854,106.5938715,-6.1660762
5428165855,106.5938433,-6.1665708
6322601184,106.6359244,-6.1815093
9109847265,106.5951068,-6.1586442
5428165857,106.5923889,-6.1664793
5428165859,106.5923287,-6.1660183
5428165860,106.5922199,-6.1657767
5428165861,106.5938519,-6.1655951
5428165862,106.5927922,-6.1655421
5428165863,106.5920616,-6.1655077
5428165864,106.5937847,-6.1653504
5428165865,106.5928008,-6.1652977
5428165866,106.5920735,-6.1652635
5428165867,106.5927923,-6.1657865
5428165868,106.592803,-6.1650448
5428165869,106.5938802,-6.1658498
5428165870,106.5920538,-6.165737
5428165872,106.5921356,-6.1650276
5428165874,106.5936966,-6.1650963
10040720628,106.6261205,-6.1684196
10040720630,106.6265362,-6.1685144
5428165881,106.5937919,-6.168517
5428165882,106.5936484,-6.1700251
5428165883,106.592845,-6.1712263
5428165888,106.5931871,-6.1706706
5428165891,106.5934533,-6.1714671
5428165893,106.5936323,-6.1714898
5428165897,106.5935971,-6.1710294
5428165898,106.594065,-6.1711341
5428165903,106.5945764,-6.170577
5428165906,106.5947492,-6.1701269
5428165908,106.5952445,-6.170483
5428165909,106.5945469,-6.1701303
8935259413,106.6549958,-6.1792649
5428165911,106.5954136,-6.1700854
5428165912,106.5948084,-6.1696596
8935259416,106.6548143,-6.1793029
5428165918,106.5955373,-6.1704217
8962522407,106.6353785,-6.1778332
8962522410,106.6354137,-6.1779389
3010805052,106.596459,-6.1651129
3010805057,106.5955309,-6.1648485
3010805060,106.5950624,-6.1639678
8485666271,106.6737981,-6.1461044
6919634253,106.6023984,-6.1997983
9087434089,106.6581608,-6.1976515
9087434091,106.6584954,-6.2003404
9087434093,106.6584519,-6.199882
9774513529,106.6604575,-6.1947658
5428166021,106.5950203,-6.170539
5428166023,106.5951339,-6.1711506
5428166024,106.5948227,-6.1711642
5428166029,106.5902835,-6.1787093
5428166031,106.5903292,-6.1785127
5428166033,106.5857613,-6.1787269
5428166034,106.5858609,-6.1786866
5428166056,106.5870729,-6.176113
5428166058,106.5870964,-6.1768257
5428166059,106.5881914,-6.176137
5428166061,106.5881216,-6.1768196
5428166062,106.5878293,-6.1768276
5428166063,106.5878176,-6.1770333
5428166064,106.5882799,-6.1768303
5428166065,106.5897766,-6.1761876
5428166067,106.5897471,-6.1768143
5428166068,106.5886527,-6.176833
5428166069,106.5888539,-6.1774676
5428166072,106.5886591,-6.1770256
5428166079,106.5855446,-6.1734769
5428166082,106.5925553,-6.174266
5428166088,106.5920652,-6.1740999
5428166091,106.5935937,-6.1745689
5428166094,106.5935308,-6.1737427
5428166095,106.5929869,-6.1734043
5428166096,106.5929871,-6.1730506
5428166097,106.5929742,-6.173704
5428166098,106.592967,-6.173952
5428166099,106.5930215,-6.1740129
5428166100,106.5934954,-6.174121
5428166103,106.5935695,-6.1734732
5428166104,106.593426,-6.1734083
8556068313,106.6616891,-6.1838994
5428166108,106.5942988,-6.1737886
8556068316,106.6616824,-6.1841274
5428166110,106.5941821,-6.1744157
5428166112,106.59393,-6.174365
5428166114,106.5940198,-6.1737583
5428166117,106.5945851,-6.173793
5428166119,106.5958438,-6.1759223
5428166120,106.595841,-6.1754228
8485944890,106.6657875,-6.1507338
8485944895,106.6654244,-6.1507124
8485944896,106.6657814,-6.1508211
8485944898,106.6653571,-6.1507882
5428166221,106.5954414,-6.1745396
5428166222,106.5954493,-6.1754276
5428166223,106.5949211,-6.1741423
5428166224,106.5949479,-6.175377
5428166225,106.596639,-6.175785
5428166227,106.5966591,-6.176045
5428166230,106.5972734,-6.176077
5428166233,106.597589,-6.1761416
5428166234,106.59404,-6.1772463
5428166235,106.5939581,-6.1776362
5428166239,106.5962648,-6.176533
5428166242,106.5960602,-6.1771535
5428166245,106.5960744,-6.1773276
5428166250,106.5964063,-6.177553
5428166252,106.5958222,-6.1780076
5428166253,106.5955525,-6.1782121
5428166254,106.5900261,-6.1762649
5428166255,106.5914116,-6.1762876
5428166256,106.5899979,-6.1766241
5428166257,106.5914062,-6.1766288
5428166258,106.5896773,-6.1770191
5428166259,106.5899596,-6.1770676
6322601585,106.6359226,-6.1814833
6322601587,106.6362914,-6.1814056
6322601586,106.6362901,-6.1814462
6322601591,106.6381583,-6.1790556
5428166263,106.5904681,-6.1769535
6322601593,106.6378514,-6.1805278
5428166265,106.5914029,-6.1769685
5428166267,106.591413,-6.176097
5428166268,106.5918305,-6.1760917
5428166269,106.5917125,-6.1774033
6322601590,106.6382662,-6.1790502
6322601592,106.6378884,-6.1805279
5428166273,106.593014,-6.1780436
6322601601,106.6379916,-6.1744507
5428166275,106.5930343,-6.1777661
5428166276,106.5922085,-6.1775473
5428166277,106.5923461,-6.1777716
5428166278,106.5924747,-6.1771795
6322601602,106.6380414,-6.1744471
6322601604,106.6378128,-6.1744609
5428166281,106.5943426,-6.1782594
6322601607,106.6239394,-6.1785156
6322601606,106.6251924,-6.1780985
5428166284,106.5952829,-6.1786208
7147568785,106.6620581,-6.1895153
7147568786,106.6620566,-6.1894052
8789245618,106.6103176,-6.2063785
8789245619,106.6105848,-6.2065675
8434171600,106.6471276,-6.2079377
8943648510,106.617868,-6.1713643
8943648511,106.6177051,-6.1713483
7231979299,106.6031514,-6.1620609
7231979300,106.6031042,-6.1613883
8482012969,106.6247687,-6.1885767
8482012970,106.6251254,-6.1886527
2980003626,106.5942951,-6.171858
2980003628,106.5942561,-6.1721427
2980003629,106.5948867,-6.1722401
2980003630,106.5942155,-6.1723819
2980003631,106.5948512,-6.1724974
2980003627,106.5941703,-6.172674
2980003632,106.5938686,-6.1732647
7231979319,106.6009359,-6.166619
7231979340,106.5978013,-6.1660974
7231979349,106.5970269,-6.1648176
5463555945,106.6237816,-6.1354424
5463555949,106.6287316,-6.1457097
5463555950,106.6286352,-6.145957
8937619317,106.6272504,-6.1698497
7120043929,106.655044,-6.1944735
7120043935,106.6569193,-6.1945318
7120043936,106.6568838,-6.1945465
8550432674,106.6512367,-6.1483765
7120043939,106.6569367,-6.1949677
7120043940,106.6570598,-6.1953357
8550432675,106.6512807,-6.1489644
8927016543,106.6350858,-6.2015504
861093809,106.6266641,-6.1770486
861093816,106.625688,-6.1741353
861093819,106.6251225,-6.1730319
8814280637,106.6640604,-6.1543567
8509145029,106.6229904,-6.1505592
8509145030,106.6232276,-6.1502564
8509145037,106.6223275,-6.1494012
9988030458,106.635801,-6.1890212
9988030459,106.6354294,-6.1890096
3010805762,106.5966292,-6.1654277
3010805763,106.5958113,-6.1658846
8547942428,106.6242617,-6.1495726
9113124911,106.6103592,-6.1812409
9113124914,106.6094167,-6.1814212
8556724288,106.6557388,-6.1884594
8484765772,106.669851,-6.1480538
8484765775,106.670117,-6.1473514
8484765784,106.6702455,-6.1468084
8484765790,106.6696767,-6.1465742
8484765791,106.6700833,-6.1467218
8557117550,106.6061509,-6.1504537
5455560818,106.6502966,-6.173797
5455560823,106.6497011,-6.1733883
5455560843,106.651721,-6.1679604
5455560849,106.6520307,-6.1659931
5455560858,106.6436989,-6.1681763
5455560859,106.6433741,-6.168188
5455560872,106.6409452,-6.1682457
8555675824,106.6826353,-6.1795424
8555675825,106.6821371,-6.1795516
8810348722,106.6306012,-6.1807267
8810348725,106.630868,-6.1807209
8555675832,106.6817721,-6.1794405
5455560891,106.6303639,-6.1722093
6511214786,106.6188718,-6.170623
6511214788,106.6188376,-6.1710456
5455560919,106.6242363,-6.172761
5455560922,106.6249969,-6.1726644
10886004958,106.6094466,-6.1989816
5455560927,106.614975,-6.172884
5455560929,106.6193788,-6.1658797
5455560930,106.6193862,-6.1660096
5455560934,106.6189885,-6.1659889
5455560935,106.6186821,-6.1659867
5455560937,106.6199796,-6.1670689
5455560939,106.6200063,-6.1658839
5455560945,106.617695,-6.174525
5455560946,106.6176152,-6.1745156
861094131,106.6244968,-6.1782683
5455560949,106.6152046,-6.1737957
7809089783,106.6155674,-6.1782476
861094136,106.6256802,-6.1778496
861094140,106.6262643,-6.1774329
7134069056,106.6791526,-6.1720336
7134069057,106.6790997,-6.1720245
7134069058,106.6791653,-6.1716646
7134069059,106.6792344,-6.1716669
8509014354,106.6309014,-6.1777659
5458706772,106.641322,-6.1480339
6316048727,106.5876697,-6.152276
5458706775,106.6409773,-6.1475338
5458706780,106.6407084,-6.1480885
5458706783,106.6414091,-6.1484325
5458706786,106.6406017,-6.1486218
5458706793,106.6402377,-6.1492872
5458706796,106.6397716,-6.1495685
5458706805,106.6449168,-6.1546641
5458706811,106.6330594,-6.1520433
5458706812,106.6327721,-6.1520683
5458706813,106.6320643,-6.1502192
5458706815,106.6318149,-6.15057
6316048783,106.5888244,-6.1484565
8499052944,106.5994368,-6.2006364
6316048784,106.5888485,-6.1483332
8499052948,106.6000268,-6.2005259
8499052951,106.5997358,-6.2002391
8499052952,106.6004796,-6.200486
8555676115,106.674403,-6.174541
8788066779,106.5978138,-6.1751483
8788066788,106.5982602,-6.1751584
8488042983,106.6251577,-6.1742866
8488042996,106.6246949,-6.1742696
8506262011,106.587087,-6.2015561
8488043006,106.6244724,-6.1737794
6316048945,106.5904431,-6.1645773
6316048947,106.5903922,-6.1657307
6316048956,106.5925868,-6.1667663
8485814854,106.6515525,-6.1672376
8485814856,106.6516317,-6.1669813
8550695510,106.6512555,-6.1486965
6316048998,106.5898222,-6.1581625
6316049001,106.5921071,-6.1584242
6316049002,106.5920501,-6.1584255
8487780983,106.6540688,-6.178677
8487780986,106.6546726,-6.1785957
6316049020,106.5948464,-6.1542419
9179185815,106.6022838,-6.1958764
6316049067,106.5864634,-6.1573174
6316049070,106.5857741,-6.1569275
3965272758,106.6495032,-6.1864895
3965272760,106.6499356,-6.1865325
3965272761,106.6490985,-6.1866053
3965272762,106.6490252,-6.1866324
3965272764,106.6512198,-6.1866841
3965272765,106.6498837,-6.186965
3965272766,106.6512174,-6.1870644
3965272767,106.6498438,-6.1873455
3965272768,106.6498067,-6.1873719
3965272769,106.651182,-6.1874772
3965272771,106.6499494,-6.1877415
3965272773,106.6511581,-6.1878557
3965272774,106.6501041,-6.1881789
3965272775,106.6495594,-6.1881958
3965272777,106.6511248,-6.1883005
3965272779,106.650177,-6.1886517
3965272780,106.6510936,-6.1887146
8788329164,106.5893273,-6.1783691
3965272782,106.6502073,-6.1890547
3965272783,106.6510624,-6.18913
3965272784,106.650193,-6.1894401
3965272785,106.6510338,-6.1895117
8788329166,106.5893874,-6.177859
3965272788,106.6501578,-6.1898825
3965272790,106.6509868,-6.1899627
3965272791,106.650086,-6.1907117
3965272796,106.6495065,-6.1914583
3965272797,106.6495722,-6.1914642
8776532727,106.6725039,-6.1881327
8434696956,106.6413497,-6.1623464
8434696959,106.6408935,-6.1623696
7229227776,106.6464518,-6.2081304
7229227778,106.6465563,-6.208855
7134331704,106.6789134,-6.1726486
12082430810,106.6480529,-6.1821289
5458707321,106.6325384,-6.1491466
5458707323,106.6315828,-6.145855
5458707326,106.6314568,-6.145097
5458707335,106.6269534,-6.1352737
5458707336,106.6275786,-6.1352778
5458707337,106.6282307,-6.1352875
5458707338,106.6263444,-6.1353018
13070640048,106.6714438,-6.1882244
5458707355,106.6289751,-6.1373237
5458707359,106.6289348,-6.1374099
11064656800,106.6759432,-6.1408431
5458707362,106.6323077,-6.1458756
5458707363,106.6325975,-6.145881
5458707364,106.6305394,-6.1460897
5458707366,106.6310853,-6.1468165
5458707367,106.6339083,-6.1493218
5458707371,106.633058,-6.1493152
5458707374,106.6329913,-6.1507214
5458707375,106.6328061,-6.1507747
5458707376,106.629246,-6.1557818
5458707378,106.6293857,-6.1557874
5458707380,106.6295464,-6.1561148
5458707383,106.6297542,-6.1554231
5458707385,106.6300709,-6.1553336
5458707388,106.6316861,-6.1551288
5458707390,106.6304348,-6.144999
5458707395,106.6305016,-6.1447219
5458707398,106.6303074,-6.1455924
5458707401,106.6292181,-6.1464691
5458707402,106.6307406,-6.145563
5458707407,106.6298825,-6.1458514
5458707410,106.6297593,-6.1469318
6317753300,106.6839819,-6.1727417
6317753303,106.6839523,-6.1732157
5458707417,106.6325259,-6.1536643
5458707418,106.6315554,-6.1528887
5458707419,106.6317733,-6.1533667
5458707420,106.6313656,-6.152394
6317753311,106.6840729,-6.1737997
2980004833,106.5939383,-6.1726353
5458707522,106.6324766,-6.1519443
5458707528,106.6321273,-6.1429583
5458707545,106.6298059,-6.1415042
5458707546,106.6286028,-6.1411308
5458707547,106.6285217,-6.1411017
5458707548,106.6295376,-6.1403835
5458707553,106.6303959,-6.1416028
5458707554,106.6304864,-6.1412118
5458707555,106.6304415,-6.1406668
5458707556,106.630339,-6.141182
5458707557,106.6304007,-6.1417001
5458707559,106.6308553,-6.1418442
5458707562,106.6310256,-6.1405788
5458707563,106.6311463,-6.1423162
5458707564,106.6308372,-6.1422669
7134069871,106.6453566,-6.2043953
5458707570,106.6314152,-6.1437363
5458707575,106.6312918,-6.144495
5458707579,106.6300684,-6.1442743
5458707581,106.6302115,-6.1438303
5458707582,106.6326551,-6.1440006
5458707585,106.6312952,-6.1441189
5458707586,106.6318262,-6.1441116
5458707589,106.6326275,-6.1444376
5458707594,106.6320214,-6.1378766
5458707595,106.635909,-6.1385234
5458707597,106.6339631,-6.1399904
5458707599,106.6322849,-6.1373192
5458707601,106.6337433,-6.1394001
5458707603,106.6329565,-6.1373888
5458707605,106.634552,-6.1370746
5458707606,106.6323004,-6.1365805
5458707607,106.6324003,-6.1385367
5458707613,106.6323667,-6.1381755
6994216093,106.6109298,-6.1854035
5458707616,106.6324444,-6.1366525
5458707617,106.6353882,-6.1372499
5458707619,106.6324306,-6.1373035
5458707621,106.6342805,-6.1388834
13078578342,106.6062129,-6.1496668
13078578344,106.6007724,-6.1527279
5458707625,106.6344709,-6.139104
13078578345,106.5992411,-6.152462
5458707631,106.6320868,-6.1382021
5458707632,106.6360594,-6.139178
5458707633,106.6299186,-6.1390814
13078578359,106.5991508,-6.1529764
13078578360,106.6008835,-6.1520957
13078578361,106.5993522,-6.1518298
13078578362,106.6009932,-6.1514714
13078578363,106.5994619,-6.1512054
13078578364,106.6011057,-6.150831
13078578367,106.6006662,-6.1533324
13078578368,106.6011384,-6.1506449
13078578369,106.6058686,-6.1496596
13078578370,106.6062513,-6.1455301
7226606812,106.6626354,-6.1829049
7226606813,106.6625985,-6.1828009
7226606814,106.6626466,-6.1829348
7226606815,106.6625822,-6.1827615
7122797853,106.6563788,-6.2007282
13078578476,106.6264895,-6.1441563
13078578477,106.626514,-6.1440387
13078578487,106.6252719,-6.1452491
6520259902,106.6616182,-6.1373093
6520259903,106.6615351,-6.1373619
8495908197,106.6261889,-6.167902
8775746933,106.6794757,-6.1846388
8936310136,106.6092521,-6.2057479
8936310137,106.6091382,-6.2059149
861095308,106.6203196,-6.1817969
7237879196,106.5933862,-6.1435774
7237879209,106.5886165,-6.1454884
8484505002,106.6628171,-6.1477474
8484505006,106.6628076,-6.1486678
13095486921,106.6650144,-6.1430259
8775222819,106.6833562,-6.1533914
7231850020,106.6275394,-6.1820002
11070686793,106.6475688,-6.1701857
11070686794,106.6476005,-6.1703945
7225034320,106.6667262,-6.1821952
6919374456,106.5990397,-6.2067301
6919374458,106.5984592,-6.2065497
9651308161,106.6748508,-6.1835773
10847864476,106.6772274,-6.1903719
3726772956,106.6824576,-6.2041445
3726772957,106.6831047,-6.2049487
8547419816,106.6117747,-6.1449483
8484767407,106.6200215,-6.1777739
8484767409,106.6198871,-6.1774263
861095617,106.6238852,-6.1855873
6322472643,106.6387746,-6.1676879
4770711240,106.6504739,-6.206357
6322472661,106.6217847,-6.1573288
6322472666,106.6211329,-6.1576808
8488044371,106.6549368,-6.1727077
8488044372,106.6553113,-6.1727319
8488044373,106.6553056,-6.1726557
8488044374,106.6553858,-6.1735197
7229753179,106.602389,-6.1702117
7063553926,106.6129957,-6.2070598
7063553929,106.6128283,-6.2086669
9137375128,106.6807075,-6.1506166
9137375129,106.6792155,-6.1499461
9137375130,106.6794944,-6.1499595
8552269730,106.6702401,-6.1787169
8552269733,106.6701758,-6.1789396
11524065234,106.6432528,-6.1937356
6320113619,106.6006381,-6.208301
6320113629,106.6178076,-6.1969883
6320113631,106.6167726,-6.1951677
6320113638,106.616298,-6.1951346
6320113641,106.611713,-6.20365
6320113642,106.6090444,-6.1938436
6320113643,106.6089989,-6.1938448
6320113644,106.607219,-6.2077304
6320113645,106.6070688,-6.2010588
6320113647,106.607911,-6.1966644
6320113649,106.610156,-6.1985516
5638801421,106.6620139,-6.1488912
5638801422,106.6620232,-6.1485845
5638801431,106.6574179,-6.1510153
5638801435,106.6594711,-6.1551741
5638801440,106.6579952,-6.1536887
8555677730,106.6810887,-6.1798266
8555677731,106.6807202,-6.1797069
5638801444,106.6587077,-6.1477323
8555677734,106.6809925,-6.1797896
5638801449,106.6730391,-6.139556
5638801451,106.6696403,-6.1406116
5638801453,106.6704788,-6.1444537
5638801458,106.670613,-6.1434776
5638801460,106.6706726,-6.1431756
7061719139,106.5988062,-6.2056913
8788592740,106.6426684,-6.2095143
7061719141,106.5997556,-6.2055177
8495909018,106.6186433,-6.189152
8495909022,106.6186197,-6.1894247
8495909027,106.6185869,-6.18975
9682372778,106.6712084,-6.1879821
9682372779,106.6711985,-6.1881955
8552401122,106.624778,-6.139308
8552401123,106.6251295,-6.1392761
11206346982,106.6647239,-6.1755012
8503511318,106.6202688,-6.1818888
8505739542,106.5972197,-6.1463358
8505739545,106.5971293,-6.1469169
8505739546,106.596879,-6.1468591
8505739548,106.5976046,-6.1470147
7068141947,106.615094,-6.2040991
8488176025,106.6478202,-6.1711264
8488176027,106.6482353,-6.171525
8488176029,106.6474012,-6.1716052
8488176030,106.6478746,-6.1715663
7238142470,106.6549757,-6.1633556
7238142472,106.653274,-6.1641135
6320507500,106.6789513,-6.1934452
6320507503,106.678722,-6.1936438
6320507512,106.6773534,-6.1940122
11997629052,106.6276049,-6.1442173
11997629053,106.6271585,-6.1469364
11997629055,106.6271095,-6.1465477
11997629056,106.6255034,-6.1479653
6320507521,106.6680354,-6.1946231
11997629057,106.6249108,-6.1478378
11997629061,106.6261286,-6.1494672
6320507528,106.6679204,-6.1949931
6320507532,106.6670086,-6.1954789
6320507535,106.6675553,-6.1948911
6696553107,106.6279236,-6.2008845
6320507542,106.6678446,-6.1945565
7231851162,106.632111,-6.2090666
6320507548,106.6690925,-6.1941932
9659828900,106.650578,-6.1724724
9455749797,106.5921235,-6.2024521
9455749798,106.5921543,-6.2020276
6320507580,106.6658554,-6.1986083
6320507581,106.6666054,-6.1981752
6542150391,106.6031674,-6.1958446
6542150404,106.6015793,-6.196479
6542150405,106.6013554,-6.1966566
8523303716,106.5910466,-6.1431863
8434567977,106.6360402,-6.1970143
7231851337,106.6564515,-6.1813625
12184800088,106.6572131,-6.1514681
12184800089,106.6568275,-6.1515262
12184800090,106.6572145,-6.1519071
12184800092,106.6575353,-6.1524625
12184800093,106.6568987,-6.1525346
12184800094,106.657347,-6.152601
12184800095,106.6569874,-6.1526562
12184800096,106.6569046,-6.1526648
12184800097,106.6569865,-6.1528356
12184800098,106.6574558,-6.1527646
12184800099,106.6569156,-6.1528437
12184800100,106.6563266,-6.1527851
7067356113,106.6014991,-6.1926512
7067356116,106.6011342,-6.1925593
6537563093,106.6176475,-6.1462215
8788462555,106.5910349,-6.1868983
6537563108,106.6184209,-6.1461876
6537563111,106.6182858,-6.1453164
6537563127,106.6180776,-6.1480046
7137610761,106.6846688,-6.1867853
8498793503,106.5849667,-6.1497452
8498793506,106.5853723,-6.1497219
6537563184,106.6149598,-6.1388453
7224118325,106.6491861,-6.1506706
8776535094,106.6721315,-6.1754599
8776535095,106.6720171,-6.175725
8776535099,106.6733448,-6.175237
8811531399,106.59474,-6.1441163
8811531401,106.5946448,-6.1440789
8811531404,106.5947514,-6.1438477
8811531405,106.59447,-6.1458452
9549466805,106.6750006,-6.1598991
9549466806,106.674728,-6.1598811
9549466807,106.675001,-6.1599516
9549466809,106.6750013,-6.1600048
9549466811,106.6750015,-6.1600592
7229492467,106.6324141,-6.1574851
8488177016,106.6178372,-6.1552381
6734171548,106.6834577,-6.1803947
8499187108,106.6097381,-6.1988361
8488701348,106.6546538,-6.1765503
8552271274,106.6676612,-6.1778623
9660091889,106.6668968,-6.1951511
8488177141,106.6479081,-6.167789
8552271399,106.6674855,-6.1800608
8485162535,106.6762247,-6.1387279
8485162536,106.6764106,-6.1387333
8552271400,106.6670698,-6.1799462
6563122732,106.6268185,-6.1759323
6563122736,106.6263662,-6.1760449
12880399924,106.6189056,-6.1818592
6563122746,106.6245256,-6.1737604
7808306747,106.6650506,-6.1564485
6563122750,106.6242912,-6.1734477
6563122751,106.621243,-6.1752308
8536280656,106.6596897,-6.1627217
8536280664,106.6595525,-6.1620057
12172742299,106.6599686,-6.1830413
8498663068,106.6398199,-6.1573075
8498663069,106.6405427,-6.1576182
12172742300,106.6599499,-6.1831246
8498663077,106.6398695,-6.1579315
7437504186,106.6632932,-6.1484112
8788987625,106.610421,-6.1933541
3010809599,106.5973779,-6.1606662
3010809600,106.5972744,-6.1612174
5623860996,106.6546217,-6.1822535
5623861001,106.6544205,-6.1839342
5623861002,106.6549647,-6.183988
5623861003,106.6530459,-6.1859754
5623861004,106.6530987,-6.185746
5623861005,106.6510597,-6.1857661
5623861006,106.6510648,-6.185335
5623861007,106.6438593,-6.1856568
5623861008,106.6437046,-6.1860713
5623861009,106.6441403,-6.1853975
5623861010,106.6538311,-6.1801107
5623861012,106.6538458,-6.1821295
5623861015,106.6532473,-6.1818638
5623861017,106.646744,-6.1849688
5623861018,106.6467864,-6.1845617
5623861019,106.6486524,-6.1762163
5623861020,106.648404,-6.1762906
6320508725,106.6670912,-6.1942431
6320508731,106.6656058,-6.1937172
6320508736,106.6701801,-6.1962756
6320508746,106.6699773,-6.1942232
6320508747,106.6699662,-6.1942122
8788332410,106.5916957,-6.1925859
3761328020,106.5918981,-6.1862767
3761328023,106.5963304,-6.1879394
3761328038,106.5934605,-6.1839527
3761328041,106.5959644,-6.1859961
11059023796,106.6413013,-6.1484909
9754595262,106.6085279,-6.1789483
9754595264,106.6083409,-6.1789025
9754595265,106.6093913,-6.178246
9754595266,106.6093755,-6.1780609
11082747872,106.6169969,-6.1674722
11082747879,106.616978,-6.1670455
11082747880,106.616484,-6.1674671
11082747881,106.6165844,-6.1679095
11082747882,106.6167623,-6.168363
7232245745,106.6675944,-6.1773372
7232245747,106.6672214,-6.1768514
7232245751,106.6670148,-6.177042
8785448953,106.6231849,-6.147616
7232245754,106.666937,-6.177266
7232245756,106.6671194,-6.1770403
11082747903,106.6162909,-6.1675283
7232245763,106.6673139,-6.1769843
7232245771,106.6676009,-6.1772663
7232245773,106.6675653,-6.1776243
9694433295,106.6816092,-6.1714037
7232245779,106.6668773,-6.1773096
7232245781,106.6660421,-6.1771687
8789119007,106.6364191,-6.2093169
7048876065,106.6327303,-6.1444439
8785711159,106.6269674,-6.1660663
8776405098,106.6841389,-6.1741165
8495911069,106.6037294,-6.1388887
8495911071,106.6038635,-6.1390267
8495911075,106.6036399,-6.1388187
8495911076,106.6035736,-6.1387609
7237882021,106.585707,-6.1787349
7237882023,106.5858765,-6.1786723
5510353099,106.5995331,-6.2052759
10173239574,106.6257437,-6.1692137
8555680080,106.6837089,-6.1809876
8555680084,106.6837089,-6.1814921
8555680089,106.6603911,-6.1844328
8555680090,106.6603831,-6.1841471
7123849598,106.5978562,-6.1891593
7821676950,106.5982443,-6.198231
7821676951,106.598184,-6.1985129
7821676952,106.5994298,-6.1997189
3761328557,106.5964406,-6.1892027
3761328558,106.5943718,-6.1862573
3761328559,106.5966483,-6.1860728
3761328560,106.5958814,-6.1838906
3761328561,106.5947761,-6.1862967
3761328562,106.5963491,-6.1882536
3761328564,106.5939634,-6.1861821
3761328566,106.5958543,-6.1876007
9110639031,106.6232328,-6.1745513
9110639034,106.6179765,-6.1762519
3761328585,106.5949827,-6.1839127
3761328599,106.5959992,-6.186302
5623861721,106.654623,-6.1796116
5623861722,106.6519803,-6.1765936
8487784921,106.6473862,-6.1795292
8487784922,106.6473421,-6.1800649
5623861727,106.6519723,-6.1763603
3761328608,106.5943791,-6.1839514
5623861731,106.6494444,-6.1850497
5623861732,106.6490923,-6.1856835
5623861733,106.6490429,-6.1849864
3761328614,106.5928999,-6.1862353
5623861735,106.6490257,-6.1861776
5623861739,106.6471818,-6.1846155
5623861740,106.6456711,-6.1852021
5623861742,106.6461164,-6.1851955
5623861743,106.6450998,-6.1860034
5623861744,106.645356,-6.1860901
5623861745,106.6454469,-6.1861324
3761328630,106.5935142,-6.1861955
3761328631,106.595275,-6.1863113
12150863781,106.6696233,-6.169809
560812537,106.6821474,-6.1547543
560812539,106.6821374,-6.1546205
12150863782,106.6692638,-6.1695902
12150863783,106.6668498,-6.168513
3761328643,106.5959563,-6.1855373
3761328649,106.5940977,-6.1839805
12150863785,106.6668633,-6.1681476
12464247308,106.6491758,-6.168509
12464247309,106.6490686,-6.1685584
12150863786,106.6667211,-6.168505
3761328657,106.5924355,-6.1839711
3761328658,106.591423,-6.1861248
3761328660,106.5958853,-6.18729
8204014108,106.6581957,-6.198145
7131845189,106.6758262,-6.1736997
9702822492,106.5932993,-6.1437642
5769482855,106.6618957,-6.1629637
5447176808,106.6142651,-6.1866354
13247140471,106.6262537,-6.1513489
7131845260,106.6399698,-6.2053152
12195025553,106.650654,-6.1528371
12205207409,106.6365597,-6.1666543
8482673346,106.6721657,-6.1510283
8482673353,106.6721605,-6.1503094
5447176922,106.6179489,-6.1780439
5447176925,106.6179317,-6.177209
5447176927,106.6179241,-6.1770076
5447176928,106.6184051,-6.1783393
5447176929,106.618644,-6.1783502
5447176930,106.6186379,-6.1784902
5447176931,106.6186666,-6.177877
5447176932,106.6188719,-6.178517
5447176934,106.6189161,-6.1778763
5447176935,106.6196289,-6.1848281
5447176938,106.6196631,-6.1851322
5447176944,106.6183421,-6.1842981
5447176945,106.6115507,-6.1758463
5447176946,106.6134082,-6.178929
5447176947,106.6134176,-6.1787541
5447176948,106.613439,-6.1785716
5447176949,106.6134846,-6.1789243
5447176950,106.6134962,-6.1787588
5447176951,106.6135108,-6.1785723
5447176953,106.6135831,-6.1787623
5447176954,106.6135728,-6.1789326
5447176955,106.6136818,-6.1787703
5447176956,106.6132979,-6.178749
5447176959,106.6138481,-6.1803109
5447176960,106.6130682,-6.1798663
5447176963,106.6130689,-6.1803529
5447176965,106.6131232,-6.1811409
5447176976,106.6138729,-6.1810962
5447176978,106.6193316,-6.1774536
5447176980,106.6190737,-6.1774789
5447176983,106.6193136,-6.1773328
5447176984,106.6193011,-6.1772307
5447176985,106.6192899,-6.1771378
5447176986,106.6192792,-6.1770479
5447176987,106.6195192,-6.1772066
5447176988,106.6190507,-6.1772585
5447176989,106.6188492,-6.1772808
5447176990,106.6195054,-6.1771147
5447176991,106.6190409,-6.1771644
5447176992,106.6188721,-6.1771825
5447176993,106.6190315,-6.1770748
5447176994,106.6190615,-6.1773617
5447176996,106.6187096,-6.177423
5447176997,106.6186194,-6.1769363
5447177001,106.6187183,-6.1778736
5447177015,106.6162165,-6.1817402
5447177016,106.6157605,-6.1817595
8509412152,106.6000089,-6.2079137
5447177022,106.6184896,-6.1851821
5447177024,106.6193544,-6.1851549
5447177027,106.6193969,-6.1843288
5447177031,106.6189217,-6.184158
5447177034,106.6147331,-6.1857022
5447177035,106.6146909,-6.1859154
5447177036,106.6151987,-6.1859434
5447177053,106.6128971,-6.1835154
5447177054,106.6128976,-6.1833138
5447177057,106.6122816,-6.1823142
5447177058,106.6122428,-6.1824848
5447177059,106.6121885,-6.1828139
5447177060,106.612346,-6.1828262
12173792101,106.6552497,-6.1743609
5447177062,106.6178372,-6.1853868
5447177064,106.6183563,-6.1796343
5447177065,106.6188463,-6.1808856
5447177068,106.6154941,-6.1819462
5447177069,106.6149229,-6.1819089
5447177070,106.6159831,-6.1821142
5447177075,106.6143456,-6.1824115
5447177080,106.6148811,-6.1821976
5447177085,106.6125123,-6.1834835
5447177086,106.6134638,-6.1835011
5447177094,106.6176555,-6.1850875
5447177098,106.618216,-6.1844648
5447177101,106.6186016,-6.1844576
5447177103,106.6187022,-6.1845198
5447177104,106.6155808,-6.1781729
5447177106,106.6154889,-6.1786822
5447177110,106.6164827,-6.1842458
5447177117,106.6156122,-6.1857213
5447177118,106.6146286,-6.1814849
5447177121,106.613832,-6.1817629
5447177123,106.6144368,-6.1817875
5447177125,106.614911,-6.1818817
5447177128,106.6148204,-6.1827575
5447177135,106.6174093,-6.178827
5447177139,106.6162165,-6.1793369
5447177140,106.6165383,-6.1782889
5447177141,106.6195422,-6.1830452
5447177147,106.6162051,-6.1823122
5447177148,106.616435,-6.1815882
5447177149,106.6162446,-6.1815469
5447177155,106.6146742,-6.1808583
5447177159,106.6138779,-6.1807795
5447177160,106.620281,-6.1763605
12173792201,106.6564831,-6.174173
5447177169,106.6185993,-6.1762359
5447177170,106.6187019,-6.1769383
5447177179,106.6174137,-6.1770063
5447177182,106.618562,-6.1758316
5447177187,106.6187444,-6.1761567
5447177190,106.6163626,-6.1782756
5447177194,106.6163354,-6.1775069
5447177196,106.617071,-6.1775971
5447177198,106.6145387,-6.1774456
5447177200,106.6147922,-6.1773076
5447177203,106.6149987,-6.1774756
12158587901,106.6801576,-6.1439778
5447177219,106.6165571,-6.1755637
5447177220,106.6164458,-6.1756983
5447177221,106.6171172,-6.1757012
5447177222,106.6171116,-6.1759383
6408590340,106.6322647,-6.1442659
6408590341,106.6302226,-6.1438325
6408590342,106.6300689,-6.1437778
8485950473,106.6726542,-6.1487592
5447177231,106.6171794,-6.1755543
8485950480,106.6730497,-6.1481929
5447177233,106.6178513,-6.175313
5447177232,106.61776,-6.1755956
5447177245,106.6171217,-6.1772103
5447177246,106.6170285,-6.1783436
8788595743,106.6211859,-6.2097282
5447177248,106.6156646,-6.1781849
5447177247,106.6156559,-6.1774822
5447177249,106.6152837,-6.1782303
8804455459,106.5981947,-6.1647556
5447177250,106.6152723,-6.1775423
5447177252,106.6130447,-6.1796063
5447177254,106.6122884,-6.1801156
5447177255,106.6125324,-6.1801049
5447177256,106.6124278,-6.1801129
5447177257,106.6122424,-6.1796082
5447177258,106.612415,-6.1795988
5447177260,106.6126293,-6.1795972
5447177261,106.6126384,-6.1792596
5447177265,106.6148928,-6.1781876
5447177266,106.612673,-6.1785594
5447177267,106.6120767,-6.1785612
5447177268,106.6120792,-6.1789112
5447177269,106.6126833,-6.1788909
5447177270,106.6126551,-6.1783376
5447177276,106.6120617,-6.1781723
5447177283,106.6124466,-6.1788997
5447177284,106.6124419,-6.1792569
8785450068,106.6254365,-6.1504939
8785450069,106.6249557,-6.1503402
12158588001,106.6799089,-6.1439963
11499557989,106.6574309,-6.1739441
11499557990,106.6574165,-6.1738349
8649921644,106.6179197,-6.190133
8649921645,106.6172435,-6.1898831
8649921647,106.6177252,-6.1901126
8481887344,106.6212885,-6.1848075
8498926764,106.640872,-6.1597649
8499188917,106.6073076,-6.2031314
8498926776,106.6403995,-6.1596222
8498926783,106.6438712,-6.1608437
8498926784,106.6431901,-6.1608636
12158588102,106.6799899,-6.1439906
9682375894,106.6699609,-6.1879344
8498926810,106.6296946,-6.1832995
8523306217,106.5910737,-6.1437441
8785450219,106.6325489,-6.1476178
8785450220,106.632248,-6.147608
5474440469,106.6641918,-6.1869694
5474440470,106.6639203,-6.1867651
5474440474,106.6588472,-6.187254
5474440475,106.6587681,-6.1872683
5474440478,106.6630062,-6.1863661
5474440483,106.6627112,-6.1871661
5474440484,106.6627876,-6.1867121
5474440486,106.6625758,-6.1866641
5474440488,106.6636924,-6.1870369
5474440494,106.6608107,-6.1800459
12182829231,106.6526454,-6.1524309
5474440499,106.6611862,-6.1824097
5474440501,106.6621345,-6.1871661
5474440503,106.6606009,-6.1845948
5474440505,106.6602121,-6.1846128
5474440507,106.6598568,-6.1846577
5474440517,106.663316,-6.1843235
5474440519,106.6633013,-6.1847767
7238407516,106.6626456,-6.2065488
7238407517,106.6628701,-6.2064985
8776537438,106.6797823,-6.1813614
8776537440,106.6794891,-6.1812862
7238407529,106.6615844,-6.2090288
7229147808,106.6710971,-6.1527313
7238407546,106.664439,-6.2076313
7238407547,106.6634747,-6.2075026
7238407548,106.6633637,-6.207473
7238407559,106.6669571,-6.2097789
12105635211,106.669896,-6.1582143
7229147814,106.6690922,-6.1547487
7243912615,106.6838825,-6.1738137
11043820972,106.6239785,-6.1710227
11043820973,106.623729,-6.1710563
7131846075,106.6380785,-6.2074337
7229147834,106.6704008,-6.1543581
6317364793,106.6382197,-6.1555345
8785450617,106.6166697,-6.2007188
8785450618,106.6166295,-6.2012721
8536807043,106.67182,-6.1892473
7122671239,106.6403975,-6.1856385
7122671240,106.6413751,-6.1855184
8536807048,106.6716893,-6.1894693
8487261842,106.6299923,-6.1671116
8704579245,106.6467145,-6.208035
5461001256,106.6649659,-6.1541353
7137220346,106.6848079,-6.1834028
7137220347,106.6846852,-6.1835602
7137220348,106.6826662,-6.1813462
7137220349,106.6826453,-6.1810567
7137220350,106.6823635,-6.1811042
12922738468,106.6838173,-6.1847535
7788779314,106.5915619,-6.1564317
11869050717,106.6265289,-6.1554888
11869050718,106.6264514,-6.1557001
11869050719,106.626547,-6.1562528
11869050721,106.6266664,-6.1558271
11057977192,106.5897327,-6.168646
9157695359,106.5893353,-6.1966217
8495650703,106.6120242,-6.1885131
9134888857,106.5985233,-6.1593062
9134888858,106.5990933,-6.1593837
5623470059,106.6304562,-6.2096457
7224776687,106.6565019,-6.1458404
11100706810,106.5996293,-6.1723766
11149334523,106.6631236,-6.190724
10882996250,106.6322492,-6.2091371
10882996251,106.6324229,-6.2088266
12951142519,106.585559,-6.1578807
7120443486,106.6377305,-6.1731324
7120443487,106.6379589,-6.1731016
4469512294,106.67712,-6.164442
4469512295,106.6768079,-6.1651456
4469512297,106.6741525,-6.1699803
4469512303,106.676132,-6.1650582
4469512304,106.6766844,-6.1656899
4469512306,106.6753993,-6.1666577
4469512307,106.6764879,-6.166878
4469512309,106.6740769,-6.1704372
4469512311,106.6743353,-6.1689112
4469512312,106.676106,-6.1692175
4469512314,106.6776381,-6.1683334
4469512315,106.6762851,-6.1681042
4469512316,106.6744979,-6.1678304
5623601282,106.6419605,-6.1814419
5623601288,106.6420488,-6.1801462
5623601289,106.6338949,-6.1773983
5623601291,106.633854,-6.1776508
6917281932,106.6128938,-6.2085189
5623601293,106.6333819,-6.1801115
5623601294,106.6348705,-6.1809884
5623601302,106.6328622,-6.1803356
5623601305,106.6330285,-6.1801929
5623601307,106.6333835,-6.1800422
5623601310,106.6321228,-6.1858932
5623601311,106.6313468,-6.177677
5623601313,106.6315877,-6.1778906
5623601315,106.6418894,-6.1777491
5623601316,106.6317196,-6.1819395
5623601320,106.6375057,-6.1864422
11458664631,106.5929051,-6.168783
9645414586,106.681366,-6.1657617
8704055698,106.601412,-6.196617
8484903318,106.631965,-6.1548094
12168944027,106.6597589,-6.1772591
8484903324,106.6323883,-6.154773
12168944029,106.6618615,-6.1809841
8509151665,106.6417561,-6.1808409
8509151666,106.6411774,-6.1808691
2027772356,106.6821018,-6.161538
2027772363,106.6795631,-6.16255
10019494355,106.5868162,-6.1933742
2027772372,106.6813194,-6.1634669
10019494357,106.5867242,-6.1936285
2027772374,106.6762751,-6.1637783
10019494358,106.5868125,-6.1937475
10019494360,106.5860282,-6.1942165
10019494361,106.5863021,-6.1939989
10019494362,106.5863421,-6.1940056
10019494363,106.5866173,-6.193756
10019494364,106.5863243,-6.1939815
10019494365,106.5863978,-6.1940798
10019494366,106.5859441,-6.1934714
10019494359,106.5867189,-6.1936778
8499059181,106.5992476,-6.2025056
8925436449,106.6204691,-6.1850768
5769484854,106.6618929,-6.1630342
12736223833,106.6198863,-6.1939499
6919379595,106.5990963,-6.2057758
9109854881,106.6234249,-6.1932832
9109854885,106.623876,-6.1932253
9109854886,106.6236958,-6.1931645
9109854888,106.6238345,-6.1933703
9109854889,106.6232277,-6.1934019
13457644202,106.6092877,-6.204837
13457644208,106.6086702,-6.2045484
8509545141,106.6007602,-6.1966684
8509545154,106.6018224,-6.197399
8509545167,106.6009681,-6.1978423
8509545174,106.6013659,-6.1973854
8509545175,106.6013624,-6.197315
8509545180,106.6013632,-6.1969428
8509545181,106.6007696,-6.1969857
8509545182,106.601123,-6.1970091
12186507999,106.6800663,-6.1819562
8509545185,106.6006134,-6.1970044
8509545187,106.6012259,-6.1966378
8509545188,106.6010982,-6.1973996
8509545191,106.6011424,-6.196907
3459341060,106.6006147,-6.1802656
3459341062,106.6019126,-6.1783757
3459341063,106.601841,-6.1780131
3459341067,106.6020382,-6.1766294
3459341068,106.6014028,-6.1760998
3459341070,106.6008316,-6.1747732
3459341071,106.600742,-6.1745083
3459341072,106.6010036,-6.1738443
3459341073,106.600611,-6.1737707
3459341075,106.6004635,-6.174491
8776538903,106.6806907,-6.1798142
2038651699,106.6848793,-6.1664055
8488180578,106.6482568,-6.167717
7227005854,106.6682352,-6.1883047
7227005855,106.6681654,-6.188563
7227005856,106.6684605,-6.18836
7227005861,106.6679844,-6.1885327
7227005863,106.6677806,-6.1884727
7227005865,106.6675338,-6.1884393
7227005867,106.6671704,-6.1884927
6547659702,106.623268,-6.2065705
6547659704,106.6237186,-6.2085677
6547659706,106.6296957,-6.2085511
6547659707,106.6296176,-6.2086086
6547659708,106.6294508,-6.2083495
6547659709,106.6306273,-6.2094426
6547659719,106.6293836,-6.208415
8503122906,106.6033171,-6.1510919
6547659745,106.6345245,-6.2012708
6547659751,106.6352159,-6.2004935
9808075783,106.6351516,-6.1886926
11056143422,106.617288,-6.1877214
11056143423,106.617107,-6.1876864
7232248908,106.6154671,-6.2065378
9523780686,106.6819098,-6.1611859
9523780689,106.6822833,-6.1610436
9523780694,106.6819252,-6.1614089
9523780695,106.68193,-6.1615088
7232248920,106.6153997,-6.198851
7232248921,106.6185164,-6.1987256
7232248922,106.6202391,-6.1963931
9523780700,106.6824134,-6.1587622
9523780704,106.6825781,-6.1592914
8788466822,106.5896076,-6.1884327
7217831048,106.6169379,-6.1857702
8788466826,106.5900534,-6.1887763
7137746099,106.6615967,-6.1885866
7137746100,106.6618042,-6.1886237
7137746101,106.6615291,-6.1885491
8785583283,106.6500834,-6.168801
7137746108,106.6615965,-6.1886635
5623602422,106.6368623,-6.1864584
5623602423,106.6362309,-6.1864386
5623602428,106.6351274,-6.1865194
8958729469,106.6179033,-6.1915257
5623602429,106.6347437,-6.1866026
5623602431,106.6342912,-6.1867047
5623602432,106.6338503,-6.1868342
12184018199,106.6765048,-6.1762524
7207476523,106.6064961,-6.2040246
7207476526,106.6077038,-6.2000455
8487787828,106.6486672,-6.1800476
8487787829,106.6486404,-6.1804932
7207476534,106.610862,-6.2051726
7207476535,106.6045106,-6.2006815
8788729147,106.659178,-6.1786946
8788729148,106.6592631,-6.1787449
8788729149,106.6594334,-6.1788458
7207476543,106.6068287,-6.2003535
8547425620,106.6765636,-6.1543725
10001145178,106.6693756,-6.1728605
6709140907,106.649052,-6.1568272
9126501810,106.6096346,-6.1927979
8943525331,106.6161467,-6.1824319
8943525334,106.6162342,-6.1824015
7128964592,106.6390605,-6.1812262
7128964595,106.6416322,-6.1823415
9198722567,106.6326131,-6.2047794
11082751497,106.6506124,-6.1716203
11082751498,106.6502872,-6.1716253
3726990875,106.6581646,-6.1913109
8788729383,106.6026807,-6.1936725
9985285683,106.617678,-6.1714403
9985285684,106.6173716,-6.1714204
7223991866,106.6507952,-6.1487607
7223991880,106.6423854,-6.1475311
8506662479,106.5898155,-6.2065512
12140547985,106.6676304,-6.1452026
8484642405,106.63685,-6.1558134
6552378985,106.6004313,-6.1641732
6552378986,106.6014757,-6.1646683
8484642409,106.6369526,-6.1560154
8484642412,106.6369512,-6.1558926
11363901037,106.6367667,-6.1552082
6552378990,106.6013326,-6.1643635
8484642415,106.6371739,-6.1557154
6552378995,106.6122656,-6.1638236
6552379000,106.6118475,-6.1646987
6552379005,106.6114867,-6.1638508
6552379011,106.6127014,-6.165225
6552379012,106.6121742,-6.1648186
6552379022,106.6104779,-6.1609002
6552379028,106.6104598,-6.1601491
6552379029,106.6104323,-6.1613062
6552379035,106.6101935,-6.1603502
6552379037,106.6097758,-6.1601456
6552379039,106.609818,-6.1598269
6552379040,106.6089718,-6.1602655
6552379043,106.6093782,-6.1605609
6552379047,106.6092789,-6.1597869
6552379048,106.6093927,-6.1596146
6552379053,106.6086861,-6.1594342
6552379056,106.6091971,-6.1595242
6552379057,106.6155177,-6.1625103
6552379060,106.6138513,-6.1650307
6552379061,106.6132767,-6.1648103
6552379062,106.6139111,-6.164849
6552379065,106.6138729,-6.1654188
6552379066,106.6150806,-6.1641929
6552379067,106.6150132,-6.1646193
6552379068,106.6146205,-6.1645236
6552379073,106.6143429,-6.166089
6552379076,106.6141827,-6.1663466
6552379077,106.6136556,-6.1663856
6552379078,106.6121086,-6.1707903
6552379079,106.6118565,-6.1708063
6552379080,106.6119758,-6.1707996
6552379081,106.6120016,-6.1709525
6552379082,106.617681,-6.1638323
6552379083,106.6171181,-6.1637851
6552379084,106.61776,-6.1641009
6552379085,106.617118,-6.1640889
6552379086,106.6201445,-6.170001
8776408775,106.6848186,-6.172169
6552379088,106.6195752,-6.1694163
8552406760,106.6249544,-6.1392927
6734175982,106.6760634,-6.1898991
8794365708,106.6087733,-6.1486739
8794365712,106.6091531,-6.1488234
7229759251,106.6212812,-6.1958895
7229759274,106.6192225,-6.188656
8498929464,106.5865539,-6.1486925
8788729685,106.6603494,-6.1792607
5425946454,106.5986574,-6.1632996
8788729688,106.6602899,-6.1793201
5425946457,106.599503,-6.163399
5425946458,106.5997222,-6.1621676
5425946459,106.5993014,-6.1621895
5425946460,106.5994705,-6.1632011
7231856475,106.6225149,-6.2009868
5425946462,106.6001668,-6.1633143
5425946466,106.6080437,-6.162645
5425946473,106.6090576,-6.1633584
5425946476,106.6054018,-6.1642689
5425946478,106.6054031,-6.1639036
5425946481,106.6051482,-6.1634183
5425946486,106.6049619,-6.1636917
5425946487,106.6049056,-6.1637183
5425946490,106.6079257,-6.1619599
5425946491,106.6065592,-6.1629236
5425946492,106.6064197,-6.1628943
7052812159,106.6063768,-6.2074451
7052812160,106.606294,-6.2075593
7052812161,106.6062494,-6.2071104
7052812162,106.6060515,-6.2073932
5425946500,106.5992678,-6.1619371
5425946501,106.5996538,-6.1604402
6919380870,106.5998847,-6.2017535
6919380871,106.6002159,-6.2019671
6919380872,106.5998619,-6.2019402
6919380873,106.6002246,-6.201781
5425946506,106.599053,-6.1604482
5425946507,106.5996498,-6.1613942
5425946508,106.5991932,-6.1614732
5425946509,106.5994496,-6.1598942
5425946513,106.5990708,-6.1598344
5425946516,106.6001044,-6.1630429
5425946519,106.5994416,-6.1630089
7912950134,106.6483725,-6.208264
11054770398,106.6770127,-6.1542974
8488050594,106.6538211,-6.1719137
8488050602,106.6536885,-6.1536075
13086318572,106.6757369,-6.1925599
10001014796,106.6813997,-6.1892799
12165668915,106.6680554,-6.1373033
12165668917,106.6685111,-6.1372152
12165668919,106.6707966,-6.1375346
12165668920,106.6707696,-6.1379833
12165668921,106.6710219,-6.1380447
8548212832,106.6660572,-6.1832102
8527896697,106.6334514,-6.205966
8527896709,106.6332223,-6.2058865
9110118539,106.6160018,-6.1842577
6950051981,106.6349829,-6.1578898
9110118550,106.6143758,-6.1788589
8555815108,106.6775789,-6.1772231
5425946821,106.6026183,-6.1637352
5425946822,106.6043544,-6.1611742
10761756873,106.6098295,-6.1802848
10761756874,106.6097822,-6.1805328
10761756875,106.610009,-6.1805268
8555815116,106.6772501,-6.1770323
10761756876,106.6097855,-6.1807601
5425946830,106.6082684,-6.1595215
10761756880,106.6107364,-6.1804812
5425946835,106.6063419,-6.1583475
5425946837,106.6080719,-6.1588008
5425946839,106.6067094,-6.1600595
5425946840,106.6028463,-6.1583322
6563389660,106.6313894,-6.1824842
8498798815,106.6520615,-6.2027234
8498798816,106.6518442,-6.2026287
5425946852,106.5985917,-6.1577115
5425946855,106.5986051,-6.1583081
5425946856,106.598605,-6.1579861
5425946858,106.5989081,-6.1580122
5425946859,106.5991355,-6.1580162
5425946861,106.5986533,-6.1572368
5425946865,106.5991871,-6.1572748
5425946866,106.6002104,-6.1565816
5425946867,106.6002037,-6.1559561
5425946868,106.599564,-6.1565866
5425946869,106.5995888,-6.1559608
6563389684,106.6335524,-6.1847982
6563389681,106.6344355,-6.1847138
5425946875,106.5992102,-6.1565879
5425946876,106.5983972,-6.1521927
5474443528,106.66493,-6.1866921
5474443531,106.6652767,-6.1859915
5474443532,106.6653589,-6.1849195
5474443533,106.6653438,-6.1849195
5474443534,106.664865,-6.1848741
5474443535,106.6643192,-6.1848807
5474443538,106.6651588,-6.1833998
5474443542,106.6653401,-6.1834039
5474443545,106.6646082,-6.1834228
5474443546,106.6668284,-6.188926
12201976093,106.6852471,-6.2067185
12201976096,106.684141,-6.2058967
12201976098,106.6839161,-6.2063738
5474443556,106.6667211,-6.1873661
5474443558,106.6673534,-6.1876854
5474443559,106.6676706,-6.18726
9115885866,106.5864741,-6.1977743
5474443569,106.6672896,-6.1878046
5474443575,106.6670925,-6.1886408
5474443576,106.6670242,-6.189126
5474443577,106.6671242,-6.1886511
5474443578,106.667271,-6.1892247
5474443588,106.6661698,-6.1882513
5474443589,106.6612453,-6.1867647
5474443590,106.6682263,-6.1857735
5474443592,106.6664935,-6.1840649
5474443593,106.6663912,-6.1838741
5474443595,106.6662785,-6.1839715
5474443599,106.6665217,-6.1841173
5474443600,106.6633811,-6.1826872
5474443601,106.6728367,-6.1864506
5474443602,106.6727952,-6.1862824
5474443603,106.6744077,-6.1853923
5474443604,106.6743633,-6.1852322
8776540501,106.676377,-6.1808202
5474443614,106.6571684,-6.1938765
5474443620,106.6552868,-6.1883447
5474443621,106.6551084,-6.1888716
5474443622,106.6560003,-6.1880212
5474443624,106.6551742,-6.1878941
5474443627,106.6546512,-6.1877061
5474443628,106.6557455,-6.1825742
5474443629,106.6552386,-6.1827769
5474443630,106.6545486,-6.1826015
5474443631,106.654855,-6.1817529
5474443633,106.6553519,-6.1818855
5474443634,106.655944,-6.1815556
8960041331,106.6170698,-6.1901642
5474443641,106.6615445,-6.1817555
5474443645,106.6616571,-6.1823182
5474443646,106.6616169,-6.1821155
5474443648,106.6614827,-6.1812622
5474443649,106.6615337,-6.1817075
5474443650,106.6612163,-6.1817464
5474443651,106.6677189,-6.1809716
5474443652,106.6671795,-6.1808141
5474443653,106.6662013,-6.1815165
5474443654,106.6657984,-6.1817866
5474443660,106.6667787,-6.1815043
5474443661,106.6671466,-6.1815249
7222026638,106.5997195,-6.186542
5474443664,106.6623748,-6.1965964
5474443665,106.662429,-6.196446
5474443667,106.6624148,-6.1962497
7231988118,106.6309496,-6.1762457
5474443678,106.6674195,-6.1944541
7222026655,106.5990809,-6.186504
7222026656,106.5985578,-6.1864487
8485167521,106.6762966,-6.1396467
5474443682,106.6675761,-6.1949431
8485167522,106.6769241,-6.1395142
8485167524,106.6773534,-6.1390214
5474443685,106.6676269,-6.1953829
8485167526,106.6779387,-6.1396794
8485167525,106.6778295,-6.1389334
8485167523,106.6780427,-6.138892
5474443689,106.6665262,-6.1954372
5474443690,106.6625771,-6.1885047
5474443693,106.6626994,-6.1880226
5474443694,106.664004,-6.1875394
5474443700,106.6664046,-6.1873352
5474443710,106.6654363,-6.1873801
7787798464,106.5983842,-6.1887283
5474443716,106.6650413,-6.187844
6552117701,106.5915774,-6.2047146
5474443721,106.6664972,-6.1858298
8484905421,106.6596588,-6.1469391
5474443726,106.6660687,-6.1862315
5474443727,106.666768,-6.1865101
6552117710,106.5904831,-6.2057251
6552117711,106.5903932,-6.2057146
5474443735,106.6650957,-6.1859367
5474443737,106.6647638,-6.1859014
5474443738,106.6642213,-6.1858541
5474443739,106.6621661,-6.1830938
13057221083,106.5845128,-6.1622759
9550914014,106.6519497,-6.1625465
5474443746,106.6621094,-6.184051
5474443747,106.6621533,-6.1835715
5474443749,106.6620721,-6.1841941
5474443750,106.6620225,-6.1845117
5474443751,106.6623921,-6.1887934
5474443757,106.6634694,-6.1888688
9659834863,106.6468017,-6.1731703
9659834865,106.6468754,-6.1733517
5474443762,106.6643594,-6.1920092
5474443764,106.665489,-6.1919706
5474443767,106.6650233,-6.1921286
5474443768,106.6650536,-6.1919035
5474443769,106.6656321,-6.1919926
5474443770,106.6645827,-6.1918206
6552117757,106.5870465,-6.2018137
5474443777,106.6643531,-6.1908942
5474443778,106.6663882,-6.1905662
5474443784,106.6659721,-6.1910199
5474443788,106.6640304,-6.1906447
5474443794,106.6643578,-6.1906636
5474443806,106.6643886,-6.1887549
9551569440,106.6525368,-6.1637297
9551569441,106.6522019,-6.1662118
5474443812,106.6621647,-6.1924938
5474443816,106.6612387,-6.1925073
5474443820,106.6613138,-6.1930859
11103986232,106.6411569,-6.1812129
3761201721,106.592547,-6.1739964
3761201722,106.59229,-6.1730542
5474443834,106.6623008,-6.1935325
3761201726,106.5916803,-6.1733202
7238148670,106.6811346,-6.161647
3761201728,106.5922735,-6.1735838
5474443838,106.6622767,-6.1931912
3761201734,106.5925696,-6.1730615
3761201736,106.5922799,-6.1733325
3761201737,106.5916741,-6.1735886
3761201739,106.5917248,-6.1730406
5474443851,106.6625664,-6.1943278
5474443856,106.6634079,-6.1943576
5474443857,106.6598627,-6.193999
5474443861,106.6586042,-6.1936597
5474443863,106.6585405,-6.1938958
5474443864,106.6592726,-6.1926885
8488968793,106.6673407,-6.1729797
8788337241,106.6350214,-6.2089823
8488968796,106.6673434,-6.1731083
5474443871,106.6599184,-6.1922213
8548475487,106.6218316,-6.1402561
5474443879,106.6576926,-6.1901844
8523833960,106.6743072,-6.1771965
5474443881,106.6570611,-6.19017
8523833959,106.6741508,-6.1771463
8523833961,106.6744955,-6.1772183
5474443886,106.6570542,-6.1911993
5474443889,106.6571187,-6.1907926
5474443890,106.657628,-6.1905429
5474443896,106.6576702,-6.1900547
8485823097,106.675384,-6.1859055
5474443897,106.6575854,-6.1908062
5474443899,106.6620876,-6.1952324
5474443906,106.6612686,-6.1944928
5474443907,106.6611582,-6.1944895
5474443908,106.6616115,-6.1945028
8485823109,106.6751982,-6.1856175
5474443909,106.661598,-6.1952227
5474443910,106.6615968,-6.1948671
5474443911,106.6604943,-6.1948618
5474443913,106.6608819,-6.1948591
7133422218,106.680676,-6.1764756
5474443914,106.6608819,-6.1952137
5474443912,106.6608823,-6.1956302
8508891785,106.6326643,-6.1803279
5474443915,106.6604393,-6.1952111
7133422220,106.6802669,-6.1759352
5474443922,106.6586084,-6.1951724
7133422229,106.6802172,-6.1759544
5474443931,106.6574807,-6.1943974
5474443937,106.6603013,-6.1930205
5474443938,106.6608726,-6.1927112
5474443940,106.6608095,-6.1926072
5474443942,106.6602745,-6.1926417
5474443943,106.6599304,-6.1917246
5474443946,106.6601027,-6.1920565
5474443947,106.6601202,-6.1923196
8505746101,106.5958518,-6.1476005
5474443961,106.6603496,-6.1942345
5474443962,106.6607612,-6.1944525
8536285881,106.6668706,-6.1524673
5474443965,106.6605218,-6.1944671
8536285886,106.6665135,-6.1527916
5474443967,106.6603314,-6.1944278
5474443968,106.6600746,-6.1943498
5474443976,106.6579999,-6.1936845
8488968907,106.6672441,-6.1759483
5474443979,106.6575775,-6.1934538
5474443982,106.6565917,-6.1933392
8488968913,106.6675232,-6.1763706
5474443996,106.6558455,-6.1917993
7232119518,106.6276306,-6.1696876
5474443999,106.6579693,-6.1865892
11072266976,106.6792523,-6.1820231
5474444001,106.6578584,-6.1872114
5474444002,106.6582138,-6.1872421
5474443998,106.6559707,-6.1915299
11072266975,106.6792414,-6.182058
5474444008,106.6574675,-6.1871821
5474444009,106.657617,-6.1865291
5474444013,106.6560305,-6.1873281
5474444016,106.6559493,-6.188358
5474444018,106.6560575,-6.1876063
5474444019,106.6564295,-6.1873954
8934744836,106.6344565,-6.1869061
8934744837,106.6344184,-6.1867879
12989100226,106.6705211,-6.1934832
5474444125,106.6559925,-6.1876078
9113133918,106.6085033,-6.1784153
5474444129,106.6570278,-6.1875998
5474444131,106.6571227,-6.1864416
5474444133,106.6598701,-6.1848376
5474444139,106.659593,-6.183882
5474444140,106.6605322,-6.1861701
14143415150,106.5916893,-6.1716918
5474444144,106.6612426,-6.1865941
5474444145,106.6613459,-6.1862076
14143415153,106.5913188,-6.171721
5474444147,106.6603384,-6.1861658
5474444148,106.6603998,-6.1858353
4298502345,106.6413074,-6.2000871
14143415156,106.5913204,-6.1719357
5474444151,106.6596595,-6.1856608
5474444152,106.6596863,-6.1864554
5474444153,106.6598279,-6.1864688
5474444155,106.6597775,-6.1856695
5474444166,106.6599157,-6.1868487
5474444170,106.6604904,-6.1836152
5474444173,106.6595062,-6.1836504
5474444174,106.6595877,-6.1841043
5474444181,106.6570678,-6.1833882
5474444185,106.6562793,-6.1839022
5474444192,106.6553499,-6.1852688
5474444197,106.65563,-6.184345
5474444201,106.6558716,-6.1822302
5474444203,106.6552952,-6.1821125
5474444205,106.6560982,-6.1862168
5474444206,106.6560895,-6.1852261
5474444208,106.6567762,-6.1852111
5474444209,106.6566917,-6.1862921
5474444214,106.6568105,-6.1852429
5474444219,106.6569017,-6.1843765
8555684803,106.6758403,-6.1799163
9126110149,106.6478813,-6.1759156
9126110153,106.647621,-6.1758278
5474444234,106.6591145,-6.1838016
5474444236,106.6583456,-6.1837979
5474444237,106.6594746,-6.1830627
5474444239,106.657797,-6.1818438
8555684815,106.6756488,-6.1804142
5474444242,106.6583171,-6.1831289
5474444244,106.6583446,-6.1827109
5474444248,106.6556771,-6.1829995
5474444250,106.6559101,-6.1830139
5474444251,106.6566508,-6.1834382
5474444257,106.6571717,-6.1829722
11837072361,106.644912,-6.1559344
5474444267,106.6572013,-6.1827475
5474444269,106.6579218,-6.1823462
5474444270,106.6558539,-6.1837312
5474444273,106.6559577,-6.1832349
5474444288,106.6560796,-6.1821458
5474444290,106.6562578,-6.1821469
5474444295,106.6571892,-6.1820695
5474444298,106.6576824,-6.1819167
5474444299,106.6564898,-6.1804649
9168839707,106.6562779,-6.1661823
8499192906,106.6066457,-6.1989209
12816180359,106.6643289,-6.1821324
7249290443,106.6346496,-6.1992427
7137092830,106.5992239,-6.2041662
7137092831,106.5992233,-6.2043786
861103329,106.6293349,-6.1964428
7137092835,106.5993021,-6.203813
861103339,106.629471,-6.1967888
7129490692,106.684303,-6.1725603
7129490695,106.6847757,-6.172431
9953830185,106.6328509,-6.1507664
5428176196,106.6121011,-6.2061267
5428176198,106.6125123,-6.2070418
8784536903,106.6095899,-6.207449
5428176200,106.6155566,-6.2064638
6322087241,106.6412968,-6.2082593
5428176202,106.6164843,-6.2065333
5428176203,106.6172035,-6.2071691
5428176204,106.6204597,-6.2068238
8784536904,106.6087189,-6.2087301
5428176206,106.6203899,-6.2075421
5428176207,106.6234208,-6.2005815
5428176208,106.6242216,-6.200825
5428176212,106.6213542,-6.2004495
5428176214,106.6206602,-6.2007113
7229367640,106.6698794,-6.1679796
5428176220,106.6164461,-6.2000149
8553063784,106.6584934,-6.172553
8553063785,106.658677,-6.172513
8553063786,106.6587518,-6.1728822
9694569887,106.608374,-6.1958524
7007200679,106.5984172,-6.183605
7013098993,106.6511531,-6.1969586
7013098994,106.6512423,-6.197014
8555685362,106.6841219,-6.1823509
8488183372,106.6482179,-6.167973
8488183381,106.647643,-6.1680398
8814159586,106.6672307,-6.1690757
5621271381,106.6444138,-6.1967597
8940381999,106.6167395,-6.18993
8940382001,106.6167819,-6.1895408
8552277818,106.6687507,-6.180033
8552277820,106.6688179,-6.1800543
8553195362,106.6597166,-6.1803009
12184282999,106.6463306,-6.1606678
8548738948,106.6281744,-6.1475925
8499324893,106.6064817,-6.2066982
12180482066,106.6615827,-6.1893202
5461002145,106.6596662,-6.1485326
10736855176,106.6712012,-6.1881635
8788469920,106.5925849,-6.1862608
861104289,106.6278992,-6.1954204
9407129768,106.6147077,-6.1984704
7209707697,106.6194814,-6.170341
7209707698,106.6194678,-6.1704052
7237888180,106.5965847,-6.1449977
861104315,106.6304714,-6.1949671
6332311799,106.6844794,-6.1757017
7122807036,106.6570115,-6.1945714
6332311832,106.6835298,-6.1908898
6332311834,106.6833615,-6.191246
6332311840,106.6850717,-6.188611
6332311847,106.6849293,-6.1886973
8495917353,106.604235,-6.1416268
12205648212,106.6392647,-6.165149
12205648213,106.6390072,-6.165501
7808313688,106.6667164,-6.161911
5623343499,106.6452264,-6.1690771
5623343500,106.6452198,-6.1688932
5623343501,106.6451883,-6.1684732
5623343502,106.6451442,-6.1680275
8523311503,106.5863795,-6.1437096
8523311500,106.5860993,-6.1436743
10042567057,106.598876,-6.1801689
10042567058,106.5988179,-6.180601
8552278431,106.6713242,-6.1787876
11961985461,106.6793206,-6.1869367
8553064915,106.6589856,-6.172305
8704584148,106.6295899,-6.2057292
9060182519,106.6833609,-6.1363965
9060182523,106.684247,-6.1409928
9060182524,106.6843935,-6.1410697
8505748001,106.5990235,-6.1474445
8484645420,106.6371457,-6.1558421
8484645423,106.6372392,-6.1560852
8498670144,106.5856726,-6.1459296
2455071308,106.5937626,-6.2004458
2455071310,106.5936353,-6.2004562
2455071312,106.593773,-6.2009554
2455071314,106.5934365,-6.2009693
12197653096,106.6433027,-6.1616916
12197653097,106.6431945,-6.1616893
12197653098,106.6437778,-6.1608464
6295218899,106.6862757,-6.1358485
8548215520,106.6268923,-6.1516286
8496573170,106.617984,-6.2048626
7838591733,106.643862,-6.2030374
8246749955,106.6701557,-6.1885034
6919514904,106.6509837,-6.1974812
6919514906,106.6510899,-6.1975356
8788601644,106.6419918,-6.2090003
6691711792,106.6544128,-6.2077611
12138670900,106.6839806,-6.1470975
7231859520,106.6675855,-6.1492925
7231859549,106.6626549,-6.1496099
3726994285,106.6619162,-6.1892323
3726994293,106.6620125,-6.1908408
3726994297,106.6623512,-6.1905229
3726994301,106.6621235,-6.1892354
13659106175,106.6663349,-6.1743876
8788208533,106.6527166,-6.1737577
8548215702,106.6636863,-6.1944218
12199357336,106.6616183,-6.2090432
8548215705,106.6636067,-6.1942182
8788208538,106.6521238,-6.173544
8788208540,106.6521242,-6.173807
8788208541,106.6521219,-6.173925
6784248816,106.6708809,-6.2165344
2110090242,106.5997453,-6.1864753
7801891890,106.6488623,-6.2055105
7801891896,106.6484005,-6.2093417
5444155268,106.6134712,-6.172057
8498932837,106.6452154,-6.16006
8789388397,106.6381288,-6.1946045
8704715889,106.6471483,-6.1852048
5444155269,106.6132607,-6.173289
12957871253,106.6775995,-6.1802813
12957871254,106.6775469,-6.180516
10127371438,106.6443461,-6.1715384
10127371441,106.6442325,-6.1717092
5444155272,106.613907,-6.1731797
5444155278,106.6162465,-6.1689704
7132376424,106.6499306,-6.1865798
7132376425,106.6498417,-6.1864812
7132376426,106.6499791,-6.1865369
7132376427,106.6497991,-6.1865179
5444155279,106.6156092,-6.1689824
12202241401,106.6414144,-6.1540834
12202241405,106.6418945,-6.1581097
12202241406,106.6420005,-6.1598435
5444155280,106.6145173,-6.1706504
7067233695,106.601579,-6.2097856
7067233696,106.6010036,-6.2084737
5444155282,106.6145019,-6.1700243
6919777752,106.6089153,-6.1931999
8482680294,106.6363639,-6.1606582
8488185319,106.6178915,-6.1555968
8488185320,106.6177426,-6.1553981
11329039849,106.6564978,-6.1913566
11329039850,106.6563222,-6.1920566
11329039851,106.6560392,-6.1913913
8505880044,106.6578403,-6.1873247
11329039853,106.6558581,-6.1917183
8488185326,106.6188476,-6.1562166
11329039852,106.6558032,-6.1917073
11329039854,106.6558648,-6.1916953
7225215267,106.6421212,-6.1928885
12355071500,106.6360715,-6.165325
8499326541,106.6018989,-6.2014627
5444155288,106.6144231,-6.1687811
5444155289,106.6145541,-6.1687964
8548347512,106.6219242,-6.1507693
388066968,106.6855767,-6.1421657
9069096616,106.6745612,-6.1481391
5444155292,106.6127752,-6.166227
9113136843,106.6178767,-6.1966467
8785325789,106.6669322,-6.1443657
10682461951,106.5842324,-6.1851915
10682461952,106.5852182,-6.1853208
10156470031,106.6646379,-6.1755103
10041126685,106.5940729,-6.1757125
10041126687,106.5936282,-6.1763156
8976559906,106.6348974,-6.1605229
8976559907,106.6350697,-6.1605888
10041126691,106.5939715,-6.175665
9979522881,106.6299402,-6.1969301
8495656779,106.6115192,-6.1890174
11910475604,106.585732,-6.157738
11910475605,106.5859663,-6.1571883
11910475606,106.5856347,-6.1574172
11910475607,106.585511,-6.1571003
8499064671,106.6091276,-6.2019154
12182712219,106.653082,-6.1524113
8548216858,106.6640237,-6.1944257
7139896459,106.6519924,-6.1751096
8548216862,106.6643217,-6.194341
8547430481,106.6789924,-6.1695755
8547430483,106.6785382,-6.169549
8547430486,106.6784719,-6.169573
6555267162,106.6247935,-6.1408815
6555267171,106.6345515,-6.1365137
8547430501,106.6789721,-6.1699517
6555267174,106.6344474,-6.1368186
6555267175,106.6344897,-6.1375486
6555267178,106.6342543,-6.1369613
11041730672,106.6425014,-6.1576982
8793714808,106.5865485,-6.1626463
6321172612,106.66987,-6.2094573
8488972427,106.6693631,-6.1753303
8488972428,106.6695106,-6.1749476
6321172636,106.683406,-6.2035452
7207481502,106.6100715,-6.2044413
8488972447,106.669862,-6.1721157
7207481506,106.6102157,-6.2039453
7207481508,106.61004,-6.2039166
8488972455,106.6698569,-6.1718666
7207481512,106.6064599,-6.1986829
6563262646,106.6243422,-6.1566182
8704717037,106.637654,-6.1805289
8787947769,106.5944195,-6.196427
13917712645,106.6691623,-6.2071383
13917712653,106.670626,-6.2093069
9125720347,106.6418162,-6.1556953
9125720350,106.6415399,-6.1556528
13917712697,106.6710835,-6.2038738
7229632830,106.6702308,-6.1891607
10010325318,106.6829732,-6.1883434
10010325319,106.6829424,-6.1885176
9551704405,106.6473981,-6.1627849
8524886372,106.6215883,-6.1401681
7437381989,106.6522868,-6.1543053
7437381990,106.6682755,-6.1428894
8524886377,106.6216449,-6.1405274
12184023401,106.6764323,-6.1766078
8524886382,106.6215836,-6.1408639
5618889077,106.5850643,-6.1778775
8775102840,106.6799267,-6.1690063
5618889084,106.5857104,-6.1778945
5618889089,106.5936685,-6.174161
5618889090,106.5856313,-6.1661777
5618889091,106.5847017,-6.1660506
5618889102,106.5935485,-6.166979
5618889103,106.5935544,-6.1668127
5618889114,106.5832237,-6.1718671
5618889115,106.5935343,-6.1673956
5618889116,106.5935457,-6.1672075
5618889117,106.593291,-6.1673783
5618889118,106.593297,-6.1672026
5618889119,106.593044,-6.1673658
5618889120,106.5930502,-6.1671852
6320124319,106.6040526,-6.178481
6320124321,106.6031519,-6.1881556
6320124320,106.603134,-6.1876767
12205519260,106.6367623,-6.1713833
12205519267,106.637575,-6.1695628
12205519265,106.6376196,-6.1695556
12205519266,106.6377714,-6.169531
6320124328,106.6057882,-6.1713969
6320124329,106.6058148,-6.1718277
6320124330,106.6127665,-6.1735733
7207874988,106.6028872,-6.1837385
6320124333,106.6122638,-6.1736008
6320124334,106.6124237,-6.1722148
6320124337,106.6123085,-6.1718903
7229895090,106.6628393,-6.1393807
6320124338,106.6087462,-6.1751246
11913884084,106.617243,-6.1737897
7229895094,106.6641335,-6.1406368
6320124346,106.6084503,-6.1753848
8788472282,106.5871815,-6.1919912
8484647423,106.6637746,-6.1475257
11096650259,106.6749481,-6.1833695
11096650260,106.6751128,-6.1833829
11096650262,106.6748214,-6.1831429
7590998556,106.6476364,-6.2091788
11096650273,106.6751397,-6.1832604
11927253562,106.5862784,-6.2105832
7805825668,106.6286364,-6.1593809
7231861387,106.6314283,-6.1791013
7231861397,106.6321387,-6.1833532
13092075393,106.68437,-6.1906473
10267095722,106.598939,-6.1803849
7697822423,106.6413603,-6.1618836
7697822424,106.641367,-6.1613582
10770412254,106.6206159,-6.196821
13092075396,106.6839865,-6.1908353
8785982215,106.6172799,-6.1669216
8785982216,106.6163667,-6.166549
8499065639,106.5986466,-6.2019134
8499065675,106.6089584,-6.2036828
8434709331,106.638838,-6.1619966
6563394395,106.635747,-6.1866821
8434709341,106.639148,-6.1614211
9659839335,106.6504428,-6.172033
9659839336,106.6502304,-6.1720075
12199228299,106.6655845,-6.2066091
9694311308,106.6035427,-6.1719396
13721801676,106.6773575,-6.134976
6322353082,106.6358458,-6.2097853
6322353084,106.6355384,-6.2098782
5427995375,106.6109278,-6.1712177
4707021805,106.5832539,-6.1732284
9529029616,106.6624095,-6.1615133
5618889721,106.5928035,-6.1673463
5618889722,106.5928104,-6.1671748
5618889723,106.592566,-6.1673143
5618889724,106.5925667,-6.1671657
5618889727,106.5931857,-6.1715855
5618889730,106.5914395,-6.1721423
5618889732,106.5910157,-6.1722475
5618889733,106.5900339,-6.1727416
5618889734,106.5900207,-6.1724617
5618889737,106.5914369,-6.1775343
5618889740,106.5909627,-6.1769988
5618889741,106.5913981,-6.1771272
5618889745,106.5899786,-6.1769302
7145092115,106.6403046,-6.2078148
7120319509,106.6336196,-6.1745125
7120319510,106.6342103,-6.1745423
5618889751,106.5914121,-6.1756103
5618889752,106.5914092,-6.1759453
5618889753,106.5900625,-6.1759322
5618889754,106.5923547,-6.1775781
7120319512,106.6330089,-6.1750474
7120319511,106.6325203,-6.1749343
5618889759,106.5961495,-6.174577
5618889760,106.5961575,-6.1754197
5618889764,106.593017,-6.1719422
5618889765,106.5926808,-6.1718892
5618889766,106.5930261,-6.1718478
5618889767,106.5948142,-6.1730989
5618889768,106.593885,-6.1729582
5618889769,106.5926817,-6.1717915
5618889770,106.5930625,-6.17236
7231861798,106.6540825,-6.1817356
5618889773,106.5906188,-6.171376
5618889774,106.5906283,-6.1708454
7231861808,106.6538953,-6.1827989
7231861818,106.6546794,-6.1820341
7231861819,106.6547901,-6.1832236
7231861830,106.6554176,-6.1836248
7231861831,106.6549962,-6.1837101
7122941013,106.6599912,-6.1954476
7122941014,106.6599289,-6.1954851
8788341848,106.5943913,-6.1754563
7231861849,106.656293,-6.1830014
8609821837,106.6296002,-6.2038185
11929744549,106.5921485,-6.1923328
11929744550,106.5918247,-6.1922507
8788079792,106.6635507,-6.1793993
6322353387,106.6365061,-6.2091632
7134344428,106.6641323,-6.1821603
6917289205,106.6703126,-6.1857828
6917289207,106.6700501,-6.1856881
6917289208,106.6699626,-6.1817382
10666210552,106.635361,-6.1738349
10666210551,106.6353874,-6.1738376
4707022082,106.5886453,-6.1796167
4707022083,106.5890056,-6.1796836
4707022084,106.5891414,-6.1788582
4707022085,106.5888222,-6.1796557
6322353414,106.6387644,-6.2093756
4707022086,106.588938,-6.1788291
4707022087,106.5897026,-6.1789385
4707022088,106.5887848,-6.178284
4707022089,106.5901345,-6.1792994
4707022090,106.5902115,-6.1798566
4707022091,106.5904444,-6.179327
4707022093,106.5902026,-6.1793039
4707022092,106.5907096,-6.179329
4707022097,106.5904244,-6.1779874
4707022098,106.5888471,-6.1778106
4707022099,106.5898653,-6.1779148
4707022100,106.5897678,-6.178424
4707022101,106.5896675,-6.1792345
4707022102,106.5900305,-6.1792816
4707022105,106.5893747,-6.1801841
4707022106,106.5894466,-6.1805144
4707022107,106.5895117,-6.1808515
4707022108,106.5895717,-6.1811832
4707022109,106.5896358,-6.1815086
3010819358,106.5960124,-6.1634578
4707022111,106.5915612,-6.1834664
3010819360,106.5944307,-6.1643276
4707022110,106.5909154,-6.1835894
4707022114,106.5902914,-6.1833489
4707022115,106.5901907,-6.1830538
3010819364,106.5949109,-6.1651865
4707022113,106.5908529,-6.1832639
4707022117,106.5914808,-6.1828191
4707022119,106.5907297,-6.1826223
6322353447,106.6253816,-6.2099129
3010819368,106.5938817,-6.1634351
4707022122,106.5906697,-6.1823098
4707022123,106.5915035,-6.1821544
7243789610,106.6787654,-6.1771948
4707022116,106.5907919,-6.182946
4707022120,106.5900515,-6.1827497
7243789615,106.6776726,-6.1769679
3010819374,106.5933634,-6.1628336
4707022126,106.5919206,-6.1818478
3010819376,106.5931702,-6.1627556
4707022125,106.5915653,-6.1823559
4707022130,106.5906086,-6.1819918
4707022131,106.5898976,-6.1821244
4707022128,106.5914258,-6.1819038
4707022127,106.5916966,-6.1818798
4707022134,106.5912172,-6.181543
4707022133,106.5905466,-6.1816686
4707022136,106.5929504,-6.1812219
4707022135,106.5934055,-6.18124
4707022139,106.5919484,-6.1812038
11115787577,106.6418215,-6.208966
4707022143,106.5911397,-6.1812321
4707022144,106.5904858,-6.1813521
4707022145,106.5885751,-6.181704
4707022147,106.5886081,-6.1818851
4707022148,106.5883479,-6.1816559
4707022150,106.5882094,-6.181091
4707022151,106.5879875,-6.1814877
4707022152,106.5887645,-6.18133
4707022153,106.590424,-6.1810298
4707022155,106.588824,-6.1816536
4707022156,106.5887009,-6.1810021
4707022157,106.5886405,-6.1806688
4707022158,106.5885682,-6.180339
4707022159,106.5885194,-6.180063
4707022160,106.587631,-6.180186
4707022161,106.5881682,-6.1797598
4707022162,106.5875688,-6.1798661
4707022163,106.5902305,-6.1800217
4707022164,106.5876927,-6.1805032
4707022165,106.59036,-6.1806966
4707022166,106.5910804,-6.1805805
4707022168,106.5878519,-6.1811494
4707022169,106.5877806,-6.1809593
4707022170,106.5874895,-6.1792374
4707022171,106.5881452,-6.1791069
4707022172,106.5877564,-6.1808305
4707022173,106.5902941,-6.1803531
4707022176,106.5905272,-6.1797985
4707022177,106.5902208,-6.1799398
4707022184,106.5852059,-6.1852349
4707022185,106.5852835,-6.1847111
8523052394,106.5920458,-6.1410885
4707022187,106.5850162,-6.1846683
4707022186,106.5849385,-6.1851991
8523052393,106.5923756,-6.1410375
4707022190,106.5845713,-6.184597
4707022191,106.5855595,-6.1847553
4707022194,106.5842381,-6.1851105
4707022195,106.5863416,-6.1833277
4707022196,106.5863485,-6.1830181
4707022198,106.5869154,-6.1833213
4707022199,106.5850806,-6.1817105
4707022200,106.585073,-6.1819427
4707022201,106.5847417,-6.1819451
4707022202,106.5853096,-6.1826733
4707022203,106.5853076,-6.1828544
4707022204,106.5853133,-6.1824394
4707022205,106.5868441,-6.182786
4707022206,106.5860089,-6.1827662
4707022207,106.585769,-6.1829148
4707022208,106.5857743,-6.1824498
4707022209,106.585539,-6.1828517
4707022210,106.5855394,-6.182445
4707022211,106.5860175,-6.1824571
4707022212,106.5845575,-6.1824197
4707022213,106.5850523,-6.1824328
4707022215,106.5860239,-6.1822248
4707022216,106.5851212,-6.1820001
4707022217,106.5850978,-6.1815816
4707022218,106.5859475,-6.1815514
4707022219,106.5859562,-6.1817856
4707022220,106.5851216,-6.1818173
4707022221,106.5861986,-6.1817894
4707022222,106.5850694,-6.1809012
4707022223,106.585076,-6.180658
4707022224,106.5850773,-6.1804241
4707022225,106.5850824,-6.1801846
4707022226,106.585688,-6.1809019
4707022228,106.5845329,-6.1806456
4707022229,106.5856988,-6.1806682
4707022230,106.5857016,-6.18044
4707022231,106.5844948,-6.1804091
4707022232,106.5845203,-6.1801765
4707022233,106.5857031,-6.1802047
4707022234,106.5856792,-6.1809882
8548218265,106.6257363,-6.1521513
4707022236,106.5859309,-6.1811804
4707022237,106.5862048,-6.1811845
8548218262,106.6254513,-6.152054
4707022239,106.5860334,-6.1820267
4707022240,106.586017,-6.1829956
4707022241,106.5865879,-6.1830182
4707022242,106.5865881,-6.1827872
4707022243,106.5865881,-6.1832543
4707022244,106.5868448,-6.183244
7801763122,106.6404867,-6.190932
4707022246,106.5867924,-6.1825604
4707022247,106.5860156,-6.1825269
8959129000,106.5867698,-6.1503553
8959129003,106.5866892,-6.1499974
9548690862,106.6778491,-6.1643624
9548690863,106.6779561,-6.164333
4707022259,106.5844984,-6.1816804
4707022261,106.5845418,-6.1826557
4707022266,106.5842754,-6.1843288
4707022275,106.5900574,-6.1870823
4707022276,106.5892333,-6.1863663
4707022277,106.588538,-6.1862199
4707022278,106.5892327,-6.1861956
4707022279,106.5898894,-6.1861721
4707022281,106.5898751,-6.1864938
4707022282,106.5898696,-6.185922
4707022283,106.5892271,-6.1859422
7031584201,106.6845146,-6.1546975
4707022286,106.5867352,-6.1865033
4707022287,106.5868195,-6.1859438
4707022288,106.5869024,-6.1865561
7805302257,106.6114513,-6.2061241
8803939832,106.6101503,-6.1630206
9110517248,106.5916189,-6.1890444
9110517249,106.589417,-6.1910548
7229502997,106.6474712,-6.2082115
7229503017,106.6466719,-6.2099614
7229503019,106.6468781,-6.2099576
7229503021,106.6468178,-6.2091583
7229503024,106.6484139,-6.2091979
7229503027,106.6480697,-6.2092123
7229503028,106.6472256,-6.209155
4707022389,106.5864923,-6.1864383
7229503030,106.6472416,-6.2085803
4707022390,106.5868941,-6.1868386
4707022391,106.586888,-6.1859517
4707022392,106.5871379,-6.1857317
4707022393,106.587166,-6.1868993
4707022394,106.5874135,-6.1866738
4707022395,106.5879265,-6.1862199
4707022397,106.5879357,-6.186484
4707022396,106.5873967,-6.1862419
4707022398,106.5874069,-6.1865054
4707022399,106.5874246,-6.1869608
4707022401,106.5878813,-6.1870778
4707022400,106.5873865,-6.1859783
4707022403,106.5879161,-6.1859783
4707022404,106.587151,-6.1859677
4707022402,106.5879469,-6.1868036
4707022405,106.5865767,-6.1859145
4707022407,106.5860841,-6.1858256
4707022406,106.5859581,-6.1865812
4707022409,106.5857992,-6.1857903
4707022408,106.5863023,-6.1858567
4707022411,106.5858178,-6.1852854
4707022410,106.5863842,-6.1853828
4707022412,106.5863466,-6.1856106
4707022413,106.5861722,-6.1866399
4707022415,106.5864065,-6.1835799
4707022416,106.5864223,-6.1840876
4707022417,106.5864142,-6.1838277
4707022418,106.5871724,-6.1838049
7697823314,106.6396497,-6.1613878
4707022421,106.587189,-6.1843962
4707022422,106.5863789,-6.1844201
4707022423,106.587894,-6.1840446
4707022424,106.5871797,-6.1840637
4707022426,106.5863886,-6.1846844
4707022427,106.5879284,-6.1851518
4707022428,106.5872106,-6.1851665
4707022429,106.5866564,-6.1851867
4707022430,106.5872194,-6.1854831
4707022431,106.5879389,-6.1854387
8927016544,106.6350894,-6.2017203
4707022433,106.5866697,-6.1853881
4707022434,106.586655,-6.184946
4707022432,106.5879265,-6.1849197
4707022436,106.5895066,-6.1848477
4707022437,106.5899101,-6.1851141
4707022438,106.5892045,-6.1851414
4707022439,106.5885024,-6.1851634
4707022440,106.5899625,-6.1848863
4707022441,106.5898714,-6.185394
4707022435,106.5872033,-6.1849033
4707022443,106.5885105,-6.1854347
8481896044,106.6397582,-6.2089886
4707022442,106.5892128,-6.1854115
4707022444,106.5884966,-6.1848844
4707022445,106.5891937,-6.1848516
4707022448,106.5901222,-6.1856543
4707022447,106.5882311,-6.1857103
4707022446,106.5892212,-6.185686
4707022450,106.5858478,-6.1851021
7120488355,106.6577754,-6.177566
4707022453,106.5858586,-6.1847033
4707022454,106.5861188,-6.1846919
4707022455,106.5871963,-6.1846559
4707022456,106.5882067,-6.1846264
4707022457,106.5891893,-6.1845981
4707022460,106.5891672,-6.1840206
4707022461,106.5884781,-6.1840494
4707022462,106.5891786,-6.184345
4707022463,106.5885008,-6.1843571
4707022464,106.5884732,-6.1837904
4707022465,106.5891559,-6.1837575
4707022466,106.5900256,-6.1837344
4707022467,106.5896716,-6.1834909
4707022468,106.5896538,-6.182514
4707022469,106.5894064,-6.1834982
4707022470,106.5893846,-6.1825177
4707022471,106.5880761,-6.1817349
4707022472,106.5871603,-6.1827028
4707022473,106.5866966,-6.1822701
4707022474,106.5872267,-6.185741
4707022475,106.5869211,-6.1835659
4707022476,106.5869215,-6.182948
4707022477,106.5873433,-6.1825022
4707022478,106.5868886,-6.1820851
4707022479,106.587772,-6.1824324
4707022480,106.5871609,-6.183081
4707022481,106.5871655,-6.1835593
4707022482,106.5876195,-6.182954
4707022483,106.5876267,-6.1835467
4707022484,106.5873962,-6.183553
4707022485,106.5873901,-6.1832063
4707022486,106.587725,-6.1828618
4707022487,106.5878483,-6.1829738
4707022488,106.5878634,-6.1835388
4834540585,106.5927482,-6.1447033
4834540589,106.5929069,-6.1433868
4834540590,106.5930289,-6.1428086
4834540591,106.5931251,-6.1419684
4834540592,106.5931615,-6.1412027
8527902421,106.6334557,-6.2055099
8527902433,106.6334847,-6.2051339
7232255771,106.6323803,-6.1707419
7122810677,106.638,-6.1859488
7238022983,106.6517216,-6.173553
4707022689,106.5861268,-6.1853394
4707022690,106.5861151,-6.1838393
4707022691,106.5861267,-6.1835995
4707022692,106.588177,-6.1835232
4707022693,106.5891527,-6.1835068
4707022694,106.5900337,-6.1835154
7131199335,106.6430009,-6.1830645
4707022695,106.5899579,-6.1834846
4707022697,106.5897969,-6.1825126
4707022698,106.5891318,-6.182524
4707022699,106.5891434,-6.1829771
4707022700,106.5884492,-6.182986
4707022701,106.5891351,-6.1827205
4707022702,106.5878162,-6.1824741
4707022703,106.589129,-6.182463
4707022704,106.5891908,-6.1869151
4707022705,106.5891036,-6.1872708
4707022706,106.58924,-6.1866215
4707022707,106.5890991,-6.1822169
4707022708,106.5883541,-6.1822383
4707022709,106.5891511,-6.1832514
4707022710,106.5884617,-6.1832702
4707022711,106.5884459,-6.1827236
4707022712,106.5882618,-6.1824814
4707022713,106.5882564,-6.1820021
4707022714,106.5882613,-6.1822571
4707022715,106.5875863,-6.1822705
4707022716,106.588785,-6.1822247
4707022717,106.5887538,-6.1819951
4707022718,106.5873271,-6.1820194
4707022719,106.5882949,-6.1820006
4707022721,106.5861836,-6.1807355
4707022722,106.5869242,-6.1804639
4707022723,106.5870208,-6.180718
4707022724,106.5871346,-6.1809852
4707022725,106.5871516,-6.1812598
4707022726,106.5865724,-6.1812818
7207352194,106.6067912,-6.2016094
4707022728,106.5875832,-6.1815016
7207352201,106.6073062,-6.2018301
4707022729,106.5868456,-6.1815311
4707022731,106.586488,-6.182463
4707022732,106.5870862,-6.1817748
4707022733,106.5862665,-6.1809998
7231862670,106.6527281,-6.1991002
4707022735,106.5861941,-6.1804755
4707022736,106.5871271,-6.1818171
4707022737,106.5881577,-6.1828236
4707022739,106.5856868,-6.1865156
4707022740,106.5858384,-6.1855428
4707022741,106.5856684,-6.186629
4707022742,106.5881363,-6.1870917
4707022743,106.5897239,-6.1873785
4707022744,106.5897884,-6.1870304
4707022745,106.5882525,-6.1867338
4707022746,106.5925093,-6.1796757
4707022747,106.5911298,-6.1796488
4707022748,106.591139,-6.1793685
4707022749,106.5919713,-6.1793875
4707022750,106.5925103,-6.1793964
8495921049,106.609308,-6.1423528
4707022752,106.5919763,-6.1791278
7243790241,106.6778204,-6.170983
4707022754,106.5914879,-6.1782688
4707022753,106.5911481,-6.1790912
4707022756,106.5914332,-6.1788312
4707022757,106.5919767,-6.1788438
4707022758,106.5911539,-6.178821
4707022759,106.5920628,-6.1784781
12150863784,106.6668525,-6.1683812
4707022761,106.5923645,-6.1785638
4707022760,106.5912278,-6.1781698
12150863787,106.6667238,-6.1681423
4707022764,106.5922599,-6.1779425
4707022762,106.5924537,-6.178319
7231731630,106.639904,-6.1349406
4707022767,106.5911253,-6.1797851
4707022768,106.5919646,-6.17967
4707022765,106.5914257,-6.1776278
4707022770,106.5921655,-6.178216
4707022771,106.5914861,-6.1779638
12150863789,106.6692746,-6.1688863
12150863788,106.6692531,-6.1702943
12150863790,106.669465,-6.1688837
4707022775,106.5943104,-6.1790052
4707022776,106.594684,-6.1791791
7207352263,106.6071258,-6.1986996
8488712146,106.6545016,-6.176173
12739246037,106.6325492,-6.1478112
13457258454,106.6391123,-6.1767403
8488712151,106.6541999,-6.1762804
13457258453,106.639116,-6.1767858
12739246042,106.6327608,-6.1415042
12739246050,106.6327108,-6.1411111
12739246052,106.6228247,-6.1496732
12739246056,106.6225792,-6.1495389
12739246057,106.6226866,-6.1496836
6929086443,106.6810804,-6.176134
12739246062,106.6237904,-6.1394255
8485173258,106.682003,-6.1428787
8485173261,106.681989,-6.1426966
8508897371,106.6312737,-6.1804276
7780268143,106.587555,-6.1737157
7780268144,106.5875505,-6.1738016
8496707698,106.6183367,-6.202608
11946915974,106.595337,-6.1659369
6926596267,106.6607277,-6.1930085
8487270572,106.6318945,-6.1659181
8487270574,106.6317143,-6.165605
6926596272,106.6606137,-6.1934699
6926596273,106.6605218,-6.1937132
6926596274,106.6602407,-6.193703
12154272001,106.6814792,-6.1443701
8788343047,106.5912449,-6.1781141
4317703460,106.6263678,-6.1378869
8935143719,106.6139622,-6.1687563
8552282420,106.666019,-6.1786603
9914382679,106.6356905,-6.1923331
8488712553,106.6205314,-6.1571801
8488712554,106.6206802,-6.1568577
8788605289,106.6432333,-6.2093013
8788605294,106.6427744,-6.2091424
8787949945,106.6108802,-6.1852968
8962013651,106.6110398,-6.175421
8788343283,106.617182,-6.2076811
8789129726,106.6604213,-6.1769203
5428181523,106.6152924,-6.1999346
5428181525,106.616339,-6.1991233
5428181526,106.6140448,-6.2064265
5428181527,106.6131145,-6.2064465
5428181528,106.6131118,-6.2054372
5428181529,106.6170359,-6.2084469
11929745946,106.5894359,-6.1948038
5428181534,106.6165718,-6.2098876
5428181535,106.6170608,-6.2092856
5428181539,106.6187193,-6.2096936
5428181541,106.6182779,-6.2081592
5428181542,106.6191908,-6.208248
5428181543,106.6164475,-6.2072684
5428181549,106.6170785,-6.2055565
5428181551,106.6176467,-6.2053965
5428181555,106.6197984,-6.2053333
5428181556,106.6190148,-6.2001693
5428181557,106.6166563,-6.2009842
5428181558,106.6175188,-6.2010517
5428181561,106.6187326,-6.2022849
5428181562,106.6174463,-6.2017094
5428181567,106.6202266,-6.2032207
5428181573,106.620571,-6.2076644
12603980358,106.5903955,-6.1408175
8536422981,106.6330586,-6.1356138
5428181577,106.6206616,-6.2089676
5428181578,106.6203866,-6.2089636
8536422989,106.632429,-6.1356052
5428181582,106.6192082,-6.2087118
5428181583,106.6202049,-6.2090971
8523840079,106.67631,-6.1791529
5428181585,106.619216,-6.2090796
5428181588,106.6191881,-6.208044
5428181589,106.6203335,-6.2080403
10054105688,106.6333142,-6.1722077
5428181593,106.6203953,-6.2092568
10054105692,106.6335165,-6.1723936
5428181597,106.6211189,-6.2076037
5428181598,106.6214303,-6.2076277
5428181602,106.6193059,-6.2072003
5428181603,106.6223654,-6.2028133
5428181607,106.620329,-6.2025661
5428181608,106.6219926,-6.2005948
5428181609,106.6226038,-6.2011376
5428181610,106.6219189,-6.2007822
5428181611,106.6217523,-6.201071
5428181612,106.6229931,-6.2000936
9126378087,106.6010217,-6.1885147
8487795379,106.6528662,-6.1789276
12154403509,106.6752478,-6.1439299
5455837886,106.6454351,-6.1853822
5455837893,106.6531062,-6.1863768
5455837895,106.6537479,-6.1865373
5455837896,106.6547268,-6.1866958
12182190791,106.675989,-6.1901867
12182190794,106.6756818,-6.1908891
5455837899,106.6548402,-6.1861069
12182190793,106.6758215,-6.1907783
12182190797,106.6752571,-6.190728
12182190798,106.6750817,-6.1907791
12182190792,106.6757621,-6.190766
12182190796,106.6758494,-6.1907841
5455837906,106.6543964,-6.1848835
5455837909,106.6543561,-6.1855101
5455837910,106.6527522,-6.1755743
5455837917,106.6524841,-6.1762243
5455837918,106.6482993,-6.1829043
5455837919,106.6480671,-6.1826909
7129365216,106.6651518,-6.1819728
7129365218,106.6647548,-6.1819556
9787374313,106.6557238,-6.1923905
9787374314,106.6556957,-6.1926215
8785722167,106.6220927,-6.1629663
9470573398,106.6023024,-6.1405547
9470573399,106.6022592,-6.1405188
9470573400,106.6021979,-6.1404681
8505883491,106.6474548,-6.2072231
8505883492,106.6485273,-6.2080241
8505883493,106.6483821,-6.2080234
8487271298,106.6316324,-6.1703397
5504334736,106.6541603,-6.2071518
5504334738,106.654452,-6.2073984
5504334742,106.6551557,-6.2074585
5504334744,106.6551619,-6.2070579
5504334745,106.654568,-6.2076451
5504334747,106.6547431,-6.2078073
8788081564,106.6301595,-6.2099766
8788343708,106.5885029,-6.1852121
8788343709,106.5882201,-6.1852208
5504334751,106.6551786,-6.2076152
5504334754,106.6554183,-6.2083197
5504334755,106.6558104,-6.2080056
8788343716,106.5881922,-6.1840889
8788343715,106.5884801,-6.1840863
5504334757,106.6556757,-6.2077671
8555690918,106.6604914,-6.1841369
8555690921,106.6605091,-6.1846002
5504334762,106.6552806,-6.2080673
5504334763,106.6554739,-6.208117
5504334764,106.6557023,-6.2080817
5504334768,106.6553005,-6.2078611
9109994528,106.6129629,-6.1708677
9109994534,106.605792,-6.1714583
13022231598,106.6350546,-6.1941554
13022231599,106.6349917,-6.1941837
10003381300,106.6176256,-6.1726855
10003381301,106.6178966,-6.1727237
12174982212,106.6557069,-6.1925604
7238024295,106.5855246,-6.1738857
12140903530,106.6646459,-6.1487017
12140903531,106.6646346,-6.1489588
12140903532,106.6646569,-6.1485564
12140903533,106.6660625,-6.1509255
12140903534,106.6657768,-6.150898
12140903535,106.6652446,-6.1502746
12140903536,106.6658252,-6.1502506
12140903537,106.6690927,-6.1492109
8482159736,106.6211933,-6.1824995
8343878795,106.6419026,-6.1790421
8343878797,106.6420336,-6.1784785
12184157328,106.672458,-6.1777156
12184157329,106.6724205,-6.1779668
8499330194,106.6047721,-6.1995809
12184157331,106.6723364,-6.180262
12184157330,106.6720141,-6.180196
8499330197,106.6047782,-6.1998525
9060056249,106.6751962,-6.1580862
8785460416,106.6460073,-6.1574548
8487271649,106.6302267,-6.1676574
7134061557,106.6805089,-6.1711341
7134061559,106.6828261,-6.1712756
8775630105,106.669749,-6.1802745
8488975645,106.6716188,-6.1790803
8488975646,106.6717422,-6.1790764
7229373835,106.6739309,-6.166721
7229373857,106.6733904,-6.166418
7229373880,106.6726158,-6.1647361
12139331006,106.615952,-6.1997587
12184813001,106.6569105,-6.1527421
10281516506,106.6800255,-6.1789612
7231864293,106.6174958,-6.2044247
5504335352,106.6619066,-6.2092297
5504335356,106.6613248,-6.2091041
5504335364,106.6559454,-6.2077739
5504335365,106.6558179,-6.2075037
5504335366,106.6559941,-6.2075568
5504335367,106.6558313,-6.2072211
5504335368,106.6560649,-6.2072463
9128476181,106.6075955,-6.187977
5504335383,106.6577706,-6.2072304
5504335384,106.6580401,-6.2072864
5504335388,106.6582856,-6.2074851
5504335389,106.6579878,-6.2079824
5504335394,106.6580425,-6.2077694
5504335395,106.6582594,-6.207795
9128476199,106.6071881,-6.1888034
5504335400,106.6580877,-6.2071688
5504335401,106.6577324,-6.2075191
5504335403,106.6577967,-6.2071291
5504335404,106.6580361,-6.2069491
8485830188,106.6509625,-6.1690469
5504335405,106.6583211,-6.2069618
7231864367,106.6158295,-6.1999716
5504335407,106.6583003,-6.2071904
5504335406,106.6583392,-6.2068978
5504335408,106.6588904,-6.2068518
5504335411,106.6587949,-6.2071995
8485830191,106.6506179,-6.1691279
8485830192,106.650357,-6.1684837
7231864377,106.6172692,-6.2002262
8461057603,106.6828928,-6.1360605
8461057612,106.6808104,-6.1351351
7129235072,106.6383936,-6.1928124
7129235073,106.6384141,-6.1926192
7129235074,106.6412631,-6.1909114
7129235075,106.6411589,-6.1908382
7129235076,106.6410052,-6.1912522
7129235077,106.6408841,-6.191185
7129235078,106.6404846,-6.191783
7129235079,106.640387,-6.1916649
7129235080,106.6395125,-6.1922627
7129235081,106.6394408,-6.1921321
6322486922,106.6006655,-6.1958257
7129235083,106.6390494,-6.1923259
7249165963,106.6840174,-6.2087574
6322486924,106.6002059,-6.1972112
6322486921,106.600484,-6.1946731
7129235082,106.6391111,-6.1924526
7249165964,106.6832677,-6.208797
7249165967,106.6843618,-6.2062694
7249165966,106.6846825,-6.2062585
6322486931,106.6141372,-6.1995354
7249165969,106.6848495,-6.2079031
8547958425,106.6657005,-6.188046
5504335523,106.6638118,-6.2072401
5504335527,106.6634783,-6.2077677
5504335534,106.6629107,-6.2081667
5504335535,106.6629603,-6.208053
5504335541,106.6634843,-6.207353
5504335543,106.6641075,-6.2072454
5504335549,106.6630022,-6.2073098
5504335551,106.6628111,-6.2072644
5504335553,106.6621939,-6.2070046
5504335556,106.6624759,-6.207
5504335561,106.6599125,-6.2071938
5504335562,106.6598484,-6.2075354
9994338000,106.6473134,-6.1630569
9994338001,106.647051,-6.1630411
5504335571,106.66078,-6.2071385
8485568219,106.61453,-6.1954384
5504335584,106.6609108,-6.2078094
5504335586,106.6605688,-6.2075164
8488058598,106.6250352,-6.1735918
5504335590,106.660424,-6.207479
7229374188,106.6683707,-6.1641823
7229374189,106.6693832,-6.1641503
5504335604,106.659614,-6.2081944
8555691766,106.6748609,-6.1750033
5504335610,106.6596716,-6.209221
8555691770,106.6743238,-6.174873
5504335612,106.6598794,-6.2092503
8502345469,106.6330097,-6.1895242
5504335618,106.6603637,-6.2092949
7536475918,106.6643853,-6.207294
9109995290,106.6312529,-6.1899127
9109995291,106.6311463,-6.1898002
7051116331,106.6028487,-6.1836378
8982724400,106.6286167,-6.2001945
2386001741,106.6408168,-6.1982549
2386001746,106.6395704,-6.2067578
2386001749,106.6382396,-6.2082408
2386001761,106.64209,-6.2018549
2386001765,106.6453868,-6.2044126
5504335725,106.6600156,-6.2087543
5504335727,106.6599595,-6.2090196
2386001782,106.6411399,-6.2041699
2386001783,106.6427035,-6.2050258
2386001784,106.6439583,-6.2028904
5504335739,106.6614908,-6.2073024
2386001788,106.6427543,-6.2060009
5504335741,106.6613354,-6.2075867
5504335744,106.6614827,-6.2076884
7226621826,106.6523545,-6.1584535
5504335752,106.661629,-6.2082223
5504335754,106.6619233,-6.2083203
7226621835,106.6577786,-6.1574328
5504335757,106.6617885,-6.2082743
5504335760,106.6617299,-6.2079663
5504335761,106.6621734,-6.2077331
5504335762,106.6612387,-6.2079064
5504335763,106.6613641,-6.2079464
12173803414,106.657659,-6.1901839
12173803415,106.6576697,-6.1902264
5504335768,106.661818,-6.2077997
5504335769,106.6619226,-6.2076984
5504335770,106.6620715,-6.2076811
12173803416,106.6577086,-6.190055
5504335772,106.6622062,-6.2074944
7814086559,106.6822617,-6.1821997
7814086560,106.6839351,-6.1839821
5504335777,106.6622403,-6.2074936
7226621855,106.6540872,-6.1595708
7814086564,106.6769077,-6.1817845
5504335781,106.6630226,-6.2077044
5504335783,106.66308,-6.207457
5504335786,106.6635387,-6.2075197
5504335789,106.6641053,-6.208627
5504335790,106.6642716,-6.2085977
5504335791,106.6644057,-6.2088276
7814086576,106.6778394,-6.1817176
7814086577,106.6723153,-6.1815527
5504335794,106.6642446,-6.2089919
5504335793,106.6643842,-6.2090123
7226621877,106.6580189,-6.1532949
7814086582,106.6726763,-6.1817666
5504335801,106.6632051,-6.2087032
8523055040,106.5909313,-6.1414108
8523055041,106.5910372,-6.1422305
5504335811,106.6636768,-6.2096289
5504335819,106.6648878,-6.2100762
5504335820,106.6648878,-6.2099129
8547958767,106.6792358,-6.1593177
7129497589,106.6704762,-6.1825955
7129497590,106.671027,-6.1828107
7129497591,106.671532,-6.1830215
7129497592,106.6716031,-6.1831214
5504335921,106.664794,-6.2095807
5504335922,106.6645538,-6.2095436
5504335923,106.6651865,-6.2080255
5504335925,106.6657046,-6.2079872
5504335926,106.6654798,-6.2079938
5504335927,106.6653337,-6.2085143
5504335928,106.6658822,-6.2088196
5504335929,106.6658797,-6.2085849
5504335931,106.6661665,-6.2085655
5504335936,106.6665333,-6.208509
5504335940,106.6655414,-6.2084945
8552284235,106.6784967,-6.1540847
5504335949,106.6649505,-6.2069871
5504335955,106.665047,-6.2071413
5504335956,106.6645448,-6.2071835
5504335957,106.6648462,-6.2076291
8814428243,106.6594081,-6.1585635
5504335959,106.6645338,-6.2076204
5504335960,106.6643837,-6.2076344
5504335963,106.6645103,-6.2081337
6332711008,106.6775446,-6.1782356
5504335969,106.6650354,-6.2072151
6332711009,106.6777209,-6.1785356
6332711012,106.6656509,-6.1893433
6332711013,106.6698687,-6.1731443
5504335974,106.6641097,-6.2071644
5504335975,106.6643681,-6.2075343
5504335977,106.6640839,-6.2075591
6332711018,106.6677202,-6.1878061
5504335979,106.6640555,-6.20756
8499200113,106.5981278,-6.203147
8499200114,106.5980967,-6.2026248
5504335986,106.6642736,-6.2087643
6332711030,106.6834876,-6.1846234
6332711031,106.6834661,-6.1846681
6332711033,106.6711467,-6.1842715
6332711039,106.6701959,-6.190118
6332711042,106.6799089,-6.1743969
6332711045,106.6821291,-6.1931339
6332711051,106.6768947,-6.1890153
6332711056,106.6766413,-6.1895766
8793850074,106.6776243,-6.1957498
11083677967,106.6117284,-6.1838668
8484782352,106.6631466,-6.1519092
11083677971,106.6110205,-6.1840576
5472223511,106.6806489,-6.1698886
5472223512,106.6806297,-6.1699863
8484782361,106.6634575,-6.151574
5447319834,106.6262734,-6.1867341
5472223515,106.6699129,-6.173199
5472223516,106.6795073,-6.1772119
11083677980,106.6114455,-6.1840383
5472223517,106.6794521,-6.1771944
11083677979,106.6114421,-6.1838648
5447319842,106.6277472,-6.1856839
5447319843,106.6234602,-6.1787233
3010822443,106.5958692,-6.1635054
5447319854,106.6273393,-6.1856919
3010822446,106.5953083,-6.1634325
3010822449,106.5949445,-6.1633002
5447319861,106.6207789,-6.1839355
3010822455,106.5944373,-6.1630737
5447319864,106.6316338,-6.1781876
5447319863,106.6208917,-6.1834035
5447319870,106.6304888,-6.1798053
5447319873,106.6303201,-6.1812729
5447319875,106.6301404,-6.1798519
5447319876,106.6298337,-6.1808681
5447319878,106.6296262,-6.1792249
5447319879,106.6297013,-6.1799035
5447319880,106.6292684,-6.1799631
5447319881,106.6291822,-6.1778689
5447319886,106.6291809,-6.1782836
5447319888,106.6293126,-6.1803506
5447319889,106.6244575,-6.1829169
5447319890,106.6244511,-6.1826257
5447319893,106.6244575,-6.1831716
5447319894,106.6242205,-6.1860767
5504336214,106.6630774,-6.2095617
9065169240,106.6827739,-6.1981324
5447319897,106.6248043,-6.1865423
5447319898,106.6256164,-6.1866992
5447319899,106.624306,-6.1864495
5447319900,106.6243758,-6.1867726
5447319901,106.6241112,-6.185597
5504336218,106.6629457,-6.2095561
5504336219,106.6628649,-6.2095627
5504336220,106.662745,-6.2098655
9065169249,106.6834175,-6.1973552
9065169243,106.6839311,-6.2011597
9065169244,106.68401,-6.2013169
9065169250,106.6829787,-6.197456
5447319909,106.6268836,-6.1813017
7120453989,106.6796956,-6.1899247
7120453991,106.6798958,-6.1896095
7120453990,106.6797788,-6.189958
5447319913,106.6210203,-6.1854361
5447319912,106.6210176,-6.1851955
5447319916,106.6212691,-6.1852121
5447319917,106.6201352,-6.1858435
5447319918,106.6201254,-6.1854461
5447319919,106.6203773,-6.1857468
5447319920,106.6203712,-6.1854468
11518312820,106.6634554,-6.1796025
8523186593,106.5859201,-6.1382197
8523186594,106.5863684,-6.1383374
10757177789,106.5945401,-6.1451061
10757177790,106.5945167,-6.1451704
5504336324,106.6629768,-6.2098555
5504336329,106.6631223,-6.2103712
5504336331,106.663135,-6.209857
5504336333,106.6625841,-6.2104069
5504336336,106.6626281,-6.2098809
5504336344,106.6633141,-6.2103458
5504336353,106.6638669,-6.2098739
7231996388,106.6418387,-6.1671159
7231996392,106.6428803,-6.1696402
7231996393,106.6433883,-6.1696244
7231996400,106.645819,-6.1609366
5504336369,106.6646404,-6.2103509
7231996405,106.6422701,-6.1628489
5504336374,106.6639485,-6.210814
5504336378,106.664627,-6.2099296
5504336385,106.6631738,-6.2095769
5504336388,106.6626851,-6.2095876
5504336390,106.6619605,-6.2096035
5504336392,106.6622549,-6.2097443
5504336396,106.6615931,-6.2094111
5504336397,106.6612494,-6.2099722
5504336398,106.6613758,-6.2100172
6532465166,106.5948819,-6.1506628
6532465165,106.5949632,-6.1506722
6532465168,106.5948441,-6.1510766
5504336402,106.6617073,-6.2096668
6532465167,106.5949184,-6.1510846
5504336404,106.6616277,-6.2097094
5504336405,106.6614016,-6.2098209
5504336409,106.6617054,-6.2098982
5504336410,106.6612575,-6.2104182
6919389747,106.6369683,-6.2066975
5504336435,106.6617359,-6.2104322
8789131844,106.6081417,-6.1921286
7128842830,106.6588005,-6.1884158
7128842831,106.6587957,-6.1884021
9612526160,106.6551727,-6.1886818
7287571065,106.6677558,-6.1931603
5321491080,106.6079754,-6.1604222
9565078155,106.6806332,-6.1660778
10171941560,106.6369162,-6.1812515
10171941567,106.6422685,-6.1756471
8523317954,106.6374287,-6.2084423
8523317957,106.6376339,-6.2081437
8523317958,106.6377432,-6.207949
12887884546,106.6188818,-6.1773836
7788528387,106.5998577,-6.1955724
12887884547,106.6188054,-6.1773996
7788528398,106.5989924,-6.1956378
7788528401,106.5987224,-6.2023362
5624005412,106.6447726,-6.1946031
5624005414,106.644727,-6.1942868
5624005415,106.6532673,-6.1872169
5624005416,106.6535576,-6.1872297
12184421161,106.645084,-6.162144
12184421162,106.6450828,-6.1618959
5624005419,106.6536675,-6.1897907
5624005418,106.6533791,-6.189786
5624005420,106.6529144,-6.1888794
12184421163,106.6456689,-6.1615964
12184421168,106.6461144,-6.1614863
8482685744,106.6614682,-6.1409448
8482685745,106.6617939,-6.1410121
8482685749,106.6613869,-6.1411718
8482685754,106.6608109,-6.1410241
8482685755,106.6611622,-6.1386387
8482685762,106.660489,-6.1390321
8482685763,106.661625,-6.139432
8482685764,106.6625189,-6.1398758
8482685765,106.6606541,-6.1405133
8482685766,106.6603428,-6.1398907
11050551858,106.654397,-6.1911006
11050551859,106.6543782,-6.1912839
8506278754,106.5924789,-6.2065465
8804467580,106.5973069,-6.1637983
7210894205,106.6233042,-6.1510792
7238026117,106.6586074,-6.1764624
13447300083,106.6724423,-6.1734063
13447300084,106.6721259,-6.1733344
8523318364,106.653243,-6.1982676
8523318365,106.6535199,-6.1982336
8950219869,106.6177466,-6.172193
8523318366,106.65388,-6.1981003
8950219868,106.6175267,-6.172197
8789132394,106.6019364,-6.2031347
5438932099,106.6307394,-6.2092942
5438932105,106.6277542,-6.2043841
5618893963,106.5906425,-6.159398
5618893964,106.5905795,-6.1593779
7645791375,106.6643591,-6.1908088
5438932118,106.6402316,-6.2073125
7249167541,106.6201974,-6.1650161
7249167542,106.6205589,-6.1650196
13112411322,106.6292603,-6.196883
8816264391,106.6743694,-6.1654063
8816264398,106.674569,-6.1657707
5458155091,106.6531921,-6.1945118
10030515472,106.5988505,-6.174307
10030515473,106.5987883,-6.1742843
10030515475,106.599002,-6.1745736
10030515476,106.5990376,-6.1744583
10030515477,106.5988116,-6.1743823
10030515478,106.5987476,-6.1743571
5441553687,106.6180517,-6.1603126
5441553688,106.6180473,-6.1601727
5441553689,106.6173443,-6.1602222
10030515479,106.5983932,-6.1751063
10030515483,106.5971408,-6.1768746
10030515484,106.5966967,-6.1773183
10030515481,106.5972591,-6.1765492
10030515485,106.5954879,-6.1784378
5441553695,106.6170828,-6.1567315
5441553696,106.6188222,-6.152286
10030515480,106.5973236,-6.1766076
10030515490,106.5952884,-6.1786148
5441553699,106.6195303,-6.1541247
10030515492,106.5914589,-6.1860346
10030515493,106.5903282,-6.1885206
5441553702,106.617106,-6.1651849
10030515494,106.5904227,-6.1882571
5441553704,106.6162037,-6.1650276
5441553705,106.6157417,-6.1648663
5441553706,106.6151489,-6.1653223
5441553707,106.6153343,-6.1647089
5441553708,106.615444,-6.165417
5441553709,106.6156358,-6.1649116
5441553710,106.6151681,-6.1646616
5441553711,106.6180678,-6.1635655
7064618283,106.6024975,-6.1998024
9091122481,106.6777087,-6.1481967
7064618284,106.6026056,-6.1998068
9091122478,106.6824949,-6.1436686
5441553717,106.6186217,-6.1635769
5441553719,106.6161662,-6.1578835
8555824502,106.6773199,-6.1804622
8555824505,106.6775264,-6.1805129
7210894725,106.6167955,-6.1489373
11138860424,106.5895754,-6.1820702
7210894743,106.6227779,-6.1489558
7210894746,106.6232107,-6.1486299
10017539483,106.6828024,-6.1804299
5441553822,106.6143818,-6.1577235
12812256672,106.633511,-6.1356936
5441553826,106.6137904,-6.1574195
5441553827,106.6117528,-6.155229
5441553828,106.6125276,-6.1552984
5441553829,106.619368,-6.1562301
5441553830,106.6191422,-6.1559574
7210894759,106.6216278,-6.1511113
5441553831,106.6161206,-6.1561538
12812256676,106.6333784,-6.13566
12184552875,106.6814695,-6.1766298
12184552876,106.6800675,-6.1784504
12812256685,106.6470173,-6.1434413
5441553838,106.6184869,-6.1522913
12184552878,106.6795048,-6.1763263
12184552877,106.6802978,-6.1775055
12184552879,106.6813703,-6.177623
5441553845,106.6200534,-6.1554142
5441553846,106.6177145,-6.1549367
5441553856,106.6182965,-6.1553688
5441553859,106.6188611,-6.1547641
6919390660,106.5989281,-6.1944328
5441553866,106.6152281,-6.15347
5441553867,106.6136147,-6.1536247
5441553873,106.6140164,-6.1553081
5441553876,106.6129167,-6.1587515
5441553898,106.6188423,-6.1588409
5441553902,106.6201633,-6.1553208
5441553903,106.61521,-6.1548441
8508900846,106.6325085,-6.1792824
5441553905,106.615256,-6.1571457
5441553906,106.6201767,-6.1577895
5441553907,106.6141115,-6.1641136
5441553908,106.6142005,-6.1600333
5441553909,106.6168924,-6.1617596
5441553910,106.6145407,-6.1584345
5441553915,106.618912,-6.1555141
5441553916,106.6172727,-6.1594024
5441553918,106.6189295,-6.1571248
5441553920,106.6168575,-6.1582148
5441553926,106.6180848,-6.1593165
5441553928,106.6124694,-6.1584975
5441553929,106.6148633,-6.1553828
5441553930,106.6157329,-6.1616893
5441553936,106.6192136,-6.1559028
5441553942,106.6139728,-6.1633703
12702156312,106.6304564,-6.1464538
5441553945,106.6152207,-6.1571172
5441553947,106.6143765,-6.1559874
12702156316,106.6326034,-6.1410108
5441553949,106.6195867,-6.1600515
5441553950,106.6195665,-6.1555928
5441553952,106.6153816,-6.1634943
12702156321,106.6327843,-6.1409428
12702156322,106.6328238,-6.1401841
5441553955,106.6144771,-6.1587502
5441553958,106.6170231,-6.1584048
5441553965,106.6135036,-6.1536642
5441553967,106.616136,-6.1635129
5441553971,106.6155316,-6.1635289
5441553972,106.6185232,-6.1590475
8555824726,106.6819936,-6.1776623
8488060504,106.6483298,-6.1666937
8555824728,106.6814706,-6.1776396
8555824730,106.658073,-6.1857022
5463836380,106.6592614,-6.165466
10059220707,106.6436629,-6.1804884
10059220708,106.6438812,-6.1793101
10059220709,106.6437024,-6.1792719
10059220710,106.6440667,-6.17829
10059220711,106.6438198,-6.1782474
5463836405,106.6589052,-6.1616792
5463836406,106.6579396,-6.1598542
5463836413,106.6570196,-6.1602895
8935933695,106.6172491,-6.1883797
8935933696,106.617047,-6.188361
5463836419,106.6567929,-6.1594062
5504249325,106.6828633,-6.2050359
8502609682,106.6496824,-6.1484952
8485701395,106.67966,-6.1884252
5463836438,106.6557908,-6.1579395
5463836440,106.6557336,-6.1580423
5463836441,106.6557528,-6.1582789
5463836449,106.6651104,-6.1525147
5463836452,106.6651982,-6.1626275
5463836455,106.6649435,-6.1625765
12197922603,106.6683761,-6.2098249
5463836460,106.6642364,-6.1627456
5463836461,106.6635024,-6.1627503
5463836462,106.6641597,-6.162747
5463836464,106.6641565,-6.1623403
5463836465,106.6648509,-6.1619135
5463836472,106.6649579,-6.1623189
5463836474,106.6642191,-6.1623412
5463836475,106.6641512,-6.1619306
5463836477,106.6635667,-6.1615323
5463836478,106.6641368,-6.1615116
5463836479,106.6642111,-6.1619329
5463836485,106.6642218,-6.1615179
5463836486,106.6633938,-6.1610969
5463836487,106.6641388,-6.1610996
5463836488,106.6642214,-6.1611015
8484521810,106.6620674,-6.1480658
5463836504,106.6679208,-6.1567399
5463836505,106.6657682,-6.1568534
5463836508,106.6708182,-6.1577768
5463836515,106.6678241,-6.1610836
5463836518,106.6659154,-6.1632279
5463836519,106.6651802,-6.1649036
5463836520,106.6651759,-6.1645137
5463836521,106.6661085,-6.1665322
5463836526,106.6644493,-6.1642049
9106720622,106.6507747,-6.152706
5463836537,106.6655368,-6.1644751
5463836539,106.6659426,-6.1644729
5463836540,106.6653197,-6.1645119
5463836543,106.6658587,-6.1639369
5463836544,106.6658554,-6.1638456
5463836546,106.6659054,-6.1633192
5463836549,106.6639033,-6.1632149
5463836555,106.662096,-6.1592448
5463836556,106.6637613,-6.1591849
5463836557,106.6629784,-6.1592065
5463836558,106.6619783,-6.158211
3727001487,106.662104,-6.1892095
5463836559,106.6639036,-6.1581308
3727001490,106.6619278,-6.189216
5463836563,106.6657763,-6.1572361
3727001496,106.6619267,-6.189368
5463836570,106.6640894,-6.1573555
5463836571,106.6639993,-6.1573625
5463836572,106.6619414,-6.1574736
5463836575,106.6641958,-6.1598449
5463836576,106.6640939,-6.1598449
8555825055,106.6757199,-6.174237
5463836586,106.662929,-6.1581751
5463836587,106.6628984,-6.1574261
5463836588,106.6618623,-6.1567008
5463836589,106.6628722,-6.1566901
5463836590,106.6628601,-6.1626043
5463836592,106.6628659,-6.1627563
5463836595,106.6631605,-6.1626569
5463836600,106.6629785,-6.1627518
5463836601,106.663145,-6.1621316
5463836602,106.6633475,-6.1629237
5463836605,106.6633472,-6.1621426
8548091842,106.6160113,-6.1486659
8548091845,106.6162406,-6.1487979
5463836616,106.6602436,-6.1595515
5472225225,106.6780189,-6.1770428
8536819659,106.6732013,-6.1880514
7137363918,106.6771922,-6.1801599
7137363919,106.6773085,-6.1795943
7137363920,106.6777829,-6.1779312
7137363922,106.6776243,-6.1778943
5463836633,106.6612648,-6.1598135
5472225244,106.6583419,-6.172295
5463836644,106.6611126,-6.1590889
5463836647,106.6619477,-6.1587652
5472225259,106.6578627,-6.1730402
8505624558,106.6796983,-6.1353778
5463836654,106.6613949,-6.1591342
5472225264,106.6597528,-6.1727043
5472225262,106.6573804,-6.1731271
5472225268,106.6695213,-6.1763903
5472225272,106.6696852,-6.1756373
5472225273,106.6700162,-6.1755296
5463836666,106.6609846,-6.1612838
3010824188,106.5953618,-6.1638005
3010824189,106.5958349,-6.1646958
5463836673,106.6618294,-6.1567154
5472225283,106.6716376,-6.1788063
5463836688,106.6605708,-6.1617216
5472225296,106.654057,-6.1726306
7120324626,106.6558292,-6.177991
7120324627,106.6568693,-6.1773231
5472225306,106.6702723,-6.1659038
5472225307,106.6732221,-6.166395
5472225312,106.6734327,-6.1660963
8487798816,106.6542268,-6.1782742
5472225314,106.6797513,-6.166449
5472225317,106.6807866,-6.1665476
11363911720,106.6350818,-6.1555048
10019637289,106.5867618,-6.1891847
11363911721,106.6350908,-6.1556945
10019637291,106.5880224,-6.1893327
10019637290,106.5872204,-6.1892567
10019637295,106.588582,-6.1894469
8523974707,106.6242365,-6.1919323
8523974710,106.6250188,-6.1922532
5463836727,106.6607061,-6.1615428
5463836729,106.6627689,-6.1598476
12184684602,106.6534805,-6.1591907
12184684601,106.6559065,-6.1608326
12184684605,106.6518226,-6.1601271
5463836738,106.6596039,-6.1620009
5463836755,106.6586477,-6.1635043
8485832794,106.6172586,-6.1729352
6545049693,106.5915467,-6.1752367
6545049694,106.5915899,-6.1745464
5463836769,106.6580812,-6.165193
8485832801,106.6172195,-6.1732043
6545049699,106.589784,-6.1745023
5463836772,106.6576827,-6.1644676
8485832807,106.6176268,-6.1726771
6545049703,106.5892314,-6.1723473
5463836775,106.6564624,-6.1647021
7061735530,106.6206903,-6.194733
6545049708,106.5904405,-6.1724658
5463836783,106.6542635,-6.164971
6545049713,106.5901255,-6.1724627
6545049714,106.5888904,-6.1728982
6545049715,106.5882772,-6.1729001
6545049720,106.5895239,-6.173041
6545049721,106.5901271,-6.173035
6545049723,106.5905816,-6.1721016
5463836803,106.6552292,-6.1604089
5463836805,106.6559018,-6.1608715
6545049733,106.5904727,-6.1718977
10684827783,106.5873869,-6.1700493
5472225422,106.6806009,-6.1660696
5472225425,106.6828843,-6.171105
5472225426,106.682808,-6.1711177
5463836817,106.6537397,-6.1542644
5472225432,106.6831174,-6.1711943
5472225435,106.6832867,-6.1713717
5472225441,106.6831213,-6.1703196
5463836835,106.6563574,-6.1531466
5472225444,106.6834057,-6.1713353
5472225446,106.6817779,-6.1705779
8503396520,106.6705915,-6.1435283
5472225449,106.6822991,-6.1706945
5472225451,106.6822448,-6.1704747
5472225452,106.681095,-6.1705984
8503396523,106.6714632,-6.1431416
5472225457,106.6826869,-6.1703863
5463836851,106.6663618,-6.1527248
5472225465,106.6852438,-6.1786835
5472225474,106.6818005,-6.1779929
5472225477,106.6822401,-6.1780019
5472225485,106.6841555,-6.1765076
5472225496,106.6825837,-6.176641
12184553689,106.6802308,-6.1760527
12184553690,106.6802128,-6.1760327
5472225499,106.6822591,-6.176629
12184553692,106.6803208,-6.1759755
12184553691,106.6803055,-6.1760519
5472225511,106.6824342,-6.1782924
5472225512,106.6823021,-6.1783023
5472225516,106.6819768,-6.1788216
9164785946,106.6132352,-6.1783183
9164785953,106.6104437,-6.1852141
9659844918,106.6495841,-6.1711934
10019506516,106.5898919,-6.190502
5472225623,106.6817576,-6.1797449
5472225624,106.6818039,-6.18019
5472225634,106.6720412,-6.1721304
5472225636,106.672103,-6.1715265
5472225639,106.6715176,-6.1734333
5472225641,106.6713739,-6.1716406
5624007021,106.6533074,-6.1890467
5472225646,106.6717529,-6.1724537
5472225652,106.6726099,-6.1721756
5472225654,106.6724231,-6.17264
8522926455,106.6319381,-6.2087207
5472225659,106.6721703,-6.173111
8522926459,106.632265,-6.2087126
5472225666,106.6717167,-6.1735297
9107507588,106.5958398,-6.2031726
5472225677,106.6713362,-6.175211
6919391630,106.6576792,-6.2002363
6919391631,106.6660301,-6.1954861
8804469139,106.5977441,-6.1652663
8547436951,106.6833337,-6.175772
8547436952,106.6833119,-6.176197
5472225692,106.6739541,-6.1757501
5472225693,106.6748241,-6.1737636
5472225695,106.6747221,-6.1739383
5472225697,106.6744378,-6.1739237
5472225703,106.6741774,-6.1736698
5472225710,106.6748257,-6.1733457
9549482417,106.6748671,-6.1597768
9549482421,106.6748724,-6.1601142
9549482422,106.6748715,-6.1600609
9549482423,106.6748706,-6.1600043
5472225720,106.6741499,-6.1742318
9549482425,106.6748689,-6.1598904
9549482424,106.6748698,-6.1599509
9549482427,106.6750004,-6.1598409
9549482426,106.6747265,-6.159779
9549482428,106.6748681,-6.1598383
9549482429,106.6747274,-6.1598356
9549482431,106.6744581,-6.1601824
9549482430,106.6747328,-6.1601782
9549482433,106.6744482,-6.1600321
9549482432,106.6747305,-6.1600335
9549482442,106.6744378,-6.1598762
9110391265,106.5932058,-6.2084437
9110391266,106.5931262,-6.2091507
9110391267,106.5938113,-6.2054952
9110391268,106.5944081,-6.2054809
9110391269,106.594048,-6.2054932
9110391271,106.5940453,-6.2056478
4302047318,106.6096418,-6.1891381
7237896698,106.5908407,-6.144483
5472225827,106.6738556,-6.1761312
5472225844,106.674242,-6.1793929
5472225845,106.6744364,-6.178805
5472225847,106.6745397,-6.1793956
5472225851,106.6747035,-6.1795164
5472225852,106.6711427,-6.176741
5472225858,106.6707565,-6.1769076
5472225859,106.6709048,-6.1769182
5472225860,106.6702004,-6.1768727
5472225864,106.6715035,-6.1798409
5472225869,106.6712315,-6.1796099
5472225881,106.6689646,-6.1794871
5472225882,106.6689876,-6.1780943
5472225883,106.6687561,-6.1780605
5472225886,106.6682447,-6.1779643
5472225888,106.6700014,-6.1764863
5472225892,106.6703394,-6.1761256
5472225893,106.6696233,-6.175377
4302047342,106.6098832,-6.1893728
5472225899,106.6699854,-6.175041
5472225900,106.6699424,-6.1751336
5447322221,106.6212671,-6.1853975
4302047343,106.614356,-6.1893889
5472225904,106.6699626,-6.174687
5472225906,106.6697842,-6.175061
5447322226,106.620096,-6.1853281
4302047344,106.6130233,-6.1893965
5472225909,106.6691926,-6.1748034
5447322229,106.6199863,-6.1851622
5447322230,106.6200721,-6.1844295
5447322232,106.6209469,-6.1848158
5447322233,106.6214642,-6.1845795
5438933626,106.6362102,-6.2086878
5472225914,106.6691344,-6.1749017
5447322236,106.6209385,-6.1845402
5472225917,106.6694087,-6.1743503
5472225918,106.6695278,-6.1741627
5438933631,106.637053,-6.2103052
5447322239,106.6225425,-6.1836882
5447322242,106.622006,-6.1830609
5447322243,106.6219671,-6.1834102
5447322249,106.623868,-6.1855298
5447322250,106.6260847,-6.1843487
5447322251,106.625725,-6.184269
5447322252,106.6262513,-6.1837581
10096052873,106.6756287,-6.1641529
5438933643,106.6351623,-6.2000792
10096052878,106.6540074,-6.1643863
6309776016,106.6325858,-6.1373212
5438933649,106.6365154,-6.2038833
5447322257,106.6258873,-6.1836669
5438933650,106.6364269,-6.2018867
5447322258,106.6279618,-6.1804066
13006244501,106.6688441,-6.1948325
5438933653,106.6368585,-6.2014955
5438933654,106.6367407,-6.2016267
5447322264,106.6268664,-6.1806961
5447322265,106.6245198,-6.1820434
10096052881,106.6521031,-6.164737
13251087008,106.5844425,-6.1680521
5438933665,106.636722,-6.2008455
5447322276,106.6267636,-6.1821475
5438933668,106.6367488,-6.2013482
5438933669,106.636779,-6.2013994
5447322279,106.6228643,-6.1861208
5447322280,106.6239782,-6.1859824
5438933673,106.6392935,-6.198583
5447322281,106.624129,-6.1867348
5438933675,106.640012,-6.198014
5438933676,106.6403885,-6.1992143
13251087012,106.5898978,-6.1708041
5438933678,106.640602,-6.1981923
8977091247,106.6360528,-6.1542487
8977091246,106.6360943,-6.1546807
5447322286,106.6245078,-6.1817959
12143135410,106.665439,-6.1583398
5438933683,106.6377094,-6.1961899
12143135412,106.6653993,-6.158557
4302047357,106.6149199,-6.1895236
5438933684,106.6374435,-6.1962951
5447322293,106.6241638,-6.1821859
5438933687,106.6371632,-6.196411
5447322297,106.6240626,-6.1826289
12143135418,106.667542,-6.1584483
5447322298,106.624703,-6.1846642
5447322299,106.6248853,-6.1846555
5447322301,106.6253119,-6.1836236
12143135413,106.6653826,-6.1582316
12143135416,106.6674676,-6.1582421
5447322304,106.6249301,-6.1829146
5447322305,106.6263629,-6.1837898
5447322309,106.6245186,-6.183805
5447322312,106.6235306,-6.1839883
5447322313,106.6245488,-6.1844381
4302047361,106.6139943,-6.1895913
5438933709,106.6352031,-6.2003905
5438933710,106.6352414,-6.2008482
5447322319,106.6245046,-6.1836369
5447322320,106.6249094,-6.1836222
5438933714,106.6318359,-6.1987256
5438933716,106.6317108,-6.1998781
5447322325,106.6249085,-6.1826035
5447322335,106.6260105,-6.1820795
4302047366,106.6130334,-6.1897036
5447322339,106.6258671,-6.1824889
5472226023,106.6699558,-6.167109
5447322343,106.6250362,-6.1825928
5472226028,106.6692903,-6.1659877
5472226029,106.6687917,-6.1641876
5447322350,106.6236449,-6.1844936
5447322349,106.6230622,-6.1837819
5472226034,106.6701637,-6.1641689
5472226036,106.6694891,-6.1659663
5447322357,106.6232402,-6.1827372
5447322358,106.620632,-6.1826155
5472226045,106.6787401,-6.1679636
5472226046,106.6682714,-6.1796249
5447322367,106.627301,-6.1791136
5472226051,106.6686429,-6.1794177
5447322374,106.6265429,-6.178547
5472226058,106.6699424,-6.1806184
4302047374,106.6145857,-6.1897458
5447322380,106.6271659,-6.1785576
5472226063,106.6702616,-6.1798636
5472226064,106.6687006,-6.1788809
5472226066,106.6685289,-6.1749903
5472226070,106.6690894,-6.1704736
5447322392,106.6267032,-6.176997
5472226073,106.6697666,-6.1707464
5472226076,106.6712095,-6.1708191
5472226077,106.6801,-6.1667423
5472226079,106.6802247,-6.1665249
5447322399,106.6256095,-6.1799369
5447322400,106.6256639,-6.1801182
5472226082,106.6793489,-6.167865
5447322401,106.6257906,-6.1798889
4302047379,106.6148627,-6.189806
5472226084,106.6794053,-6.1679983
5447322402,106.6258343,-6.1800748
5447322403,106.6255854,-6.1801382
5472226088,106.6783217,-6.1681396
4302047380,106.6086448,-6.1898421
5447322406,106.6260752,-6.1799043
5447322407,106.6251214,-6.1800289
5447322412,106.6260307,-6.179717
8484653863,106.6706653,-6.1458337
5447322414,106.6263135,-6.1794965
5447322415,106.6229233,-6.1813122
5472226096,106.6805747,-6.1691677
5472226097,106.6805921,-6.168801
5463313201,106.6759004,-6.1390963
5463313203,106.6755495,-6.1391504
7067241268,106.6206651,-6.1949453
5472226101,106.6805723,-6.1696412
7067241270,106.6200567,-6.1950904
5472226095,106.6800427,-6.1684778
4302047383,106.613936,-6.1898727
5472226105,106.6812405,-6.1673251
5447322424,106.6245862,-6.1808437
5447322425,106.6244292,-6.1800326
5472226108,106.6811849,-6.167593
5447322426,106.6211993,-6.1820536
5447322427,106.6212396,-6.1818256
5447322428,106.6213038,-6.1814885
5472226112,106.6813164,-6.168337
5447322429,106.6218182,-6.1815316
5438933824,106.629401,-6.2065079
5447322433,106.6206944,-6.1811936
5447322434,106.6210136,-6.1820262
5472226117,106.6810082,-6.1666207
5472226118,106.6809961,-6.1671085
4302047386,106.6097491,-6.1899154
5472226119,106.6809348,-6.1670963
3761212236,106.5964791,-6.1744036
5447322444,106.6215118,-6.1835218
5447322451,106.6200487,-6.1771377
5447322455,106.6207587,-6.1770766
5447322456,106.6227141,-6.1774303
7808715609,106.6739363,-6.2069108
5447322459,106.622189,-6.1777962
5447322460,106.6220757,-6.177261
5447322463,106.6216721,-6.1775532
5447322464,106.6201486,-6.1799249
5447322465,106.620111,-6.1805441
5447322466,106.6205388,-6.1799796
5447322468,106.6205212,-6.1805919
5447322474,106.6255948,-6.1787842
5447322481,106.6266709,-6.179417
5447322485,106.6234034,-6.1800582
5447322490,106.624956,-6.179881
5447322499,106.6253671,-6.177277
6545050505,106.6349581,-6.2067068
6545050506,106.6351913,-6.2068552
5447322507,106.6249126,-6.1770889
5447322508,106.6247915,-6.1767796
8484916119,106.6591664,-6.1462193
5447322524,106.6241504,-6.1774273
5447322525,106.6242711,-6.1777343
5447322526,106.6232068,-6.1781805
6545050525,106.6387559,-6.2089533
5447322528,106.6235711,-6.1775703
5447322527,106.6237414,-6.1779596
5447322532,106.6234403,-6.1786826
5447322533,106.6268232,-6.1756623
6545050535,106.6295343,-6.2052679
5447322540,106.6230132,-6.1759863
5447322541,106.623028,-6.1756056
5447322542,106.6233873,-6.176085
5447322549,106.6206867,-6.17701
6545050550,106.6315296,-6.1998524
5447322550,106.6204095,-6.176267
8503397304,106.6859405,-6.189596
7238290361,106.6831443,-6.1616289
7238290363,106.6799424,-6.1684577
5447322556,106.6214213,-6.1764996
7238290364,106.6798807,-6.1684457
6545050558,106.63776,-6.1978963
7238290366,106.6802743,-6.1665336
6545050556,106.6352092,-6.2002428
6545050561,106.635749,-6.2052426
5447322561,106.6226085,-6.1755808
7238290365,106.6803789,-6.166555
6545050564,106.635533,-6.202985
6545050565,106.6340438,-6.2042413
5447322557,106.6220058,-6.1767665
5447322568,106.6221601,-6.1764215
6545050571,106.632356,-6.203821
5447322576,106.6204088,-6.1759796
5447322577,106.620508,-6.1761583
5447322578,106.6199273,-6.1751249
5447322579,106.6201888,-6.1756223
6545050580,106.6395148,-6.2056472
5447322581,106.6203477,-6.1752222
6545050582,106.642651,-6.2030267
5447322582,106.6205348,-6.1754638
6545050584,106.6420729,-6.2039273
5442079741,106.6418892,-6.1567035
5442079744,106.6410631,-6.1567395
5442079745,106.6408333,-6.1567656
5442079749,106.6408056,-6.1565155
5442079758,106.633802,-6.1648102
9808088081,106.6021798,-6.1948878
5442079762,106.6334607,-6.1642241
5442079763,106.63339,-6.1640896
5472226321,106.6804021,-6.1670052
5442079768,106.6342182,-6.1637001
5472226329,106.6789734,-6.1691343
5442079769,106.6338299,-6.165361
5472226332,106.6794957,-6.1691663
5472226333,106.6797991,-6.1692401
5442079774,106.6344803,-6.1644466
5472226335,106.6826051,-6.1693037
5472226336,106.6816597,-6.1694623
5472226337,106.6813928,-6.1695103
5442079776,106.6371438,-6.166699
5472226339,106.679761,-6.1697615
5442079775,106.6371648,-6.1669678
5442079781,106.6441584,-6.1519633
5442079782,106.6425222,-6.1541767
5442079783,106.6426013,-6.1541754
5472226344,106.6807955,-6.1653044
5442079786,106.644698,-6.153876
5442079788,106.6455707,-6.1538633
5442079789,106.6456309,-6.1538617
5472226351,106.6800987,-6.1701583
5442079791,106.6434422,-6.1528554
5472226353,106.6800409,-6.1703323
5442079792,106.6436981,-6.1529994
5442079793,106.6444286,-6.1531394
5472226357,106.6804312,-6.1706157
5442079797,106.6436973,-6.1531491
5472226359,106.6802648,-6.171144
5442079801,106.6434244,-6.1531568
5442079806,106.6431606,-6.1531634
5442079807,106.643322,-6.1531581
5442079810,106.6433235,-6.1535607
5472226372,106.6785736,-6.1716571
5442079813,106.6426966,-6.1538234
5472226374,106.6793983,-6.1711181
5472226375,106.6787937,-6.1710397
5472226376,106.6779384,-6.1710421
5442079817,106.6433227,-6.1542914
5442079819,106.6433257,-6.1541596
5472226382,106.6772082,-6.1717303
11059039315,106.6405218,-6.1489337
5472226392,106.6788993,-6.1732735
5472226394,106.6781755,-6.1731984
5472226395,106.6779696,-6.1731316
5472226398,106.677985,-6.1725543
5472226404,106.6781661,-6.171985
8776551526,106.6710207,-6.1761103
5472226409,106.67919,-6.172037
5472226410,106.6775445,-6.175259
8548617403,106.6251444,-6.1406405
8804469947,106.5970708,-6.1645663
8498678976,106.5862267,-6.1472485
5472226521,106.6782756,-6.1760764
8485571803,106.6527065,-6.1685159
5472226525,106.677266,-6.1747155
5472226526,106.6756448,-6.174113
5463313630,106.6798317,-6.1417749
12127669475,106.6712512,-6.1886719
5463313636,106.679247,-6.1413655
5472226534,106.6754296,-6.1731016
5472226535,106.6753933,-6.1731823
5472226540,106.6758728,-6.173747
5463313645,106.6816324,-6.1364371
5472226544,106.6763173,-6.1739256
5472226545,106.6764119,-6.1740056
5463313651,106.6802152,-6.1348592
5472226548,106.6766466,-6.1742343
5472226559,106.6778973,-6.1748309
5472226560,106.6785248,-6.1749022
5472226566,106.6765163,-6.177883
5472226568,106.6774312,-6.177521
5472226571,106.6765943,-6.177345
5463313676,106.6835453,-6.1405494
5472226573,106.6781293,-6.1786304
5463313679,106.6760328,-6.1411189
5472226578,106.6679267,-6.1719307
5463313683,106.6766952,-6.1410703
5463313684,106.6768009,-6.138944
5463313685,106.6771334,-6.1408361
5472226583,106.6682056,-6.1711794
5472226584,106.668085,-6.1714063
5463313687,106.6770315,-6.1397401
6563138839,106.643298,-6.1598616
5472226587,106.6669578,-6.1714337
6563138846,106.643528,-6.1596788
5463313696,106.680454,-6.1376159
5463313698,106.6804218,-6.1372666
5472226595,106.6689487,-6.1707056
5472226596,106.6704708,-6.1671783
5463313700,106.6800835,-6.1371977
5463313703,106.6811722,-6.1374555
5472226600,106.6697104,-6.1682637
5472226602,106.6698667,-6.168317
5463313709,106.6814665,-6.1369159
5472226607,106.6708953,-6.1683003
5463313711,106.6814424,-6.1371359
5463313715,106.6817066,-6.1372026
5472226626,106.6698795,-6.174297
5472226628,106.669415,-6.1741141
5472226629,106.6693597,-6.1740873
5472226637,106.6684169,-6.1733597
5472226638,106.6692944,-6.1751805
5472226640,106.6691128,-6.1756292
5472226646,106.6683921,-6.1753957
5472226650,106.669296,-6.1787116
5472226655,106.6704138,-6.1787122
5472226659,106.6703323,-6.1783745
5472226665,106.6706693,-6.1794783
5472226666,106.6707126,-6.1796962
5472226670,106.6701758,-6.1799896
5472226678,106.6773473,-6.1795856
5472226681,106.6765085,-6.179611
5472226682,106.6762323,-6.179609
5472226683,106.675913,-6.1796103
5472226684,106.6756817,-6.1795969
5472226686,106.6751512,-6.1795316
5472226688,106.6747516,-6.1795096
5472226701,106.6725388,-6.1686944
5472226713,106.6712262,-6.1705443
5472226717,106.6712213,-6.1714403
5472226723,106.6729479,-6.164609
5472226743,106.6723913,-6.1654516
5472226746,106.6742863,-6.1650143
8794377659,106.6038416,-6.1378817
8794377658,106.6038957,-6.1376786
5472226749,106.6754141,-6.165265
5472226752,106.6749284,-6.1651775
5472226753,106.6748381,-6.166005
5472226755,106.6748461,-6.165827
5472226763,106.674985,-6.1648857
5472226770,106.6743239,-6.1657663
5472226772,106.6739604,-6.1656516
5472226773,106.6738987,-6.1656396
5472226776,106.6732952,-6.1654743
5472226779,106.6727859,-6.1654383
6322490843,106.612492,-6.2073884
5472226781,106.6727598,-6.165288
5472226782,106.6737767,-6.1663476
5472226795,106.6742038,-6.166011
5472226796,106.6740918,-6.1662363
5472226800,106.6736861,-6.1661203
5472226811,106.6727856,-6.1657396
5472226813,106.6724899,-6.165755
5463313922,106.6830134,-6.1393825
5463313923,106.6837559,-6.1400842
5463313926,106.6841045,-6.1410748
5463313927,106.6840187,-6.1409469
5463313929,106.6843311,-6.1403681
12214308362,106.6615641,-6.1841203
12214308363,106.662557,-6.1832115
12214308364,106.6625621,-6.1829628
5463313934,106.6850232,-6.1407401
5463313935,106.6853651,-6.1407735
8976829969,106.614072,-6.1700143
5463313938,106.6832971,-6.1407768
5463313939,106.6829599,-6.1407598
5463313946,106.6863883,-6.139808
5463313948,106.6845954,-6.1357158
5463313952,106.6790446,-6.1375293
5463313953,106.6789887,-6.1374466
5463313955,106.6783619,-6.1375799
5463313957,106.6784732,-6.1382013
5463313958,106.6785208,-6.1383686
5463313959,106.6763397,-6.1373781
5463313962,106.6771817,-6.1370652
5463313968,106.6749635,-6.1355039
9248018000,106.6636136,-6.1938627
8548355667,106.6810481,-6.1541501
8499203680,106.599344,-6.203456
5472226923,106.6729328,-6.167062
5472226926,106.6728071,-6.1675623
5472226927,106.6689202,-6.173399
5472226928,106.6685691,-6.1730783
5472226929,106.6685447,-6.1733669
5472226930,106.6693684,-6.173025
5472226942,106.6702576,-6.1732863
5472226944,106.6694697,-6.173345
5472226947,106.6698573,-6.1731297
5472226951,106.6699632,-6.172375
12199235212,106.6688461,-6.2060385
5472226962,106.6678715,-6.1724796
5472226963,106.6703768,-6.1750358
5472226969,106.669872,-6.1755203
5472226976,106.6705479,-6.175579
5472226977,106.671702,-6.1764383
5472226981,106.671014,-6.1763197
5472226983,106.6703359,-6.1762943
5472226985,106.6708571,-6.175263
5472226986,106.6707551,-6.1753383
5472226995,106.6701892,-6.1767396
5472226999,106.6692035,-6.1767303
5472227009,106.6685647,-6.1786655
5472227010,106.6683636,-6.1793261
12205526723,106.6426832,-6.1593494
5472227018,106.6682838,-6.1784259
5472227020,106.6697292,-6.179651
5472227023,106.6694979,-6.1795489
5472227025,106.6685235,-6.1793796
5472227028,106.6654702,-6.1706873
5472227030,106.6654712,-6.1708997
5472227031,106.6656878,-6.1706784
5472227036,106.665953,-6.170454
13068111586,106.5970022,-6.1350707
8555826916,106.6589578,-6.1857502
13068111591,106.5969727,-6.1341613
7070125809,106.5852642,-6.2041715
7070125810,106.5851474,-6.2038982
8434585332,106.648873,-6.2052286
11363913490,106.6362767,-6.1551141
11363913491,106.6362786,-6.1555819
5442080621,106.6434293,-6.1541589
5442080622,106.6434288,-6.153864
5442080623,106.6433262,-6.153862
5442080628,106.6429098,-6.1541654
5442080629,106.6446975,-6.1540253
5442080631,106.6437801,-6.154454
5442080633,106.6437748,-6.1540461
5442080634,106.6434287,-6.1540494
5442080635,106.6433253,-6.1540507
8785727353,106.6201875,-6.165425
5442080640,106.6424719,-6.1546441
5442080649,106.6345846,-6.1631555
5442080655,106.6347522,-6.163627
5442080656,106.6355552,-6.1635289
5442080662,106.6354458,-6.1630839
5442080663,106.6369087,-6.1647353
5442080667,106.6347378,-6.1651516
5442080668,106.6370237,-6.1654023
5442080670,106.6368086,-6.1642664
5442080675,106.6345634,-6.1646896
5442080676,106.6405722,-6.1644423
5442080680,106.6402162,-6.1644543
5442080686,106.6390239,-6.1635969
5442080687,106.6440664,-6.1632696
5442080688,106.6439626,-6.1632682
5442080696,106.6311081,-6.1560914
5442080700,106.6297277,-6.1561628
5442080701,106.631442,-6.1560414
5442080704,106.63111,-6.1554361
5442080707,106.6304724,-6.1538794
5442080711,106.6318624,-6.1535707
5442080712,106.6319758,-6.1538253
5442080714,106.642832,-6.1643623
5442080715,106.6414279,-6.164497
5442080718,106.6432692,-6.1643089
5442080720,106.6440652,-6.164215
8972242903,106.6194659,-6.1758343
8523190236,106.5856674,-6.1377306
8523190237,106.5864274,-6.1379199
8502743012,106.6673373,-6.1828695
861114347,106.6237141,-6.2013821
861114353,106.6245148,-6.2018393
5636853747,106.6335309,-6.1492429
5636853748,106.6289221,-6.1455037
4302047624,106.6079091,-6.1930126
9825128438,106.6611117,-6.2091787
5636853751,106.6273369,-6.1425922
5636853752,106.6270767,-6.1436256
5636853753,106.6278076,-6.1420189
861114362,106.627236,-6.2024827
5636853754,106.6299413,-6.1409562
5636853756,106.6319168,-6.143761
5636853758,106.6319219,-6.1440039
4302047626,106.6079121,-6.1930429
861114396,106.6206194,-6.2009307
8523321389,106.637129,-6.2080097
8523321390,106.6369291,-6.2083043
4309618739,106.5842676,-6.1567558
4302047637,106.6091488,-6.1931912
5522034743,106.6770516,-6.1984645
4302047638,106.6089611,-6.1931989
8483082329,106.6807048,-6.1723863
4302047646,106.6085358,-6.1932212
4302047649,106.6113745,-6.1932499
8548356215,106.6225096,-6.1501737
8789266564,106.6573407,-6.1834535
4302047653,106.6022879,-6.1933621
7229378697,106.6227105,-6.1800663
7229378699,106.622713,-6.1798982
7229378700,106.622169,-6.1799029
7229378701,106.6227059,-6.1795933
7229378702,106.6227163,-6.179757
8505757841,106.5983593,-6.1457087
4302047656,106.6089128,-6.1934
4309618842,106.5852685,-6.1581148
4302047658,106.607042,-6.1934259
5442080929,106.6420327,-6.1635023
5442080930,106.6420023,-6.1628557
5442080931,106.6369942,-6.1586288
5442080932,106.636613,-6.1586222
5442080933,106.6324592,-6.1596921
5442080935,106.6330687,-6.1600495
5442080937,106.6330667,-6.1604197
5442080938,106.6346003,-6.1611516
5442080940,106.6338842,-6.1605729
5442080943,106.6325617,-6.1606639
5442080944,106.6389146,-6.1616809
5442080945,106.6388913,-6.1614403
5442080946,106.6413588,-6.1620956
5442080947,106.6440578,-6.162761
7012978865,106.6599616,-6.189961
5442080949,106.6407802,-6.1628516
4302047661,106.6016963,-6.1934112
5442080955,106.640927,-6.1620729
4309618876,106.5854142,-6.1584012
5442080959,106.6395656,-6.1617144
4309618881,106.5846148,-6.1584302
5442080966,106.6412978,-6.1628509
5442080970,106.6410445,-6.160722
4309618893,106.5851579,-6.1585289
5442080973,106.6413811,-6.1598749
5442080975,106.6413708,-6.1607116
5442080976,106.6408606,-6.1607069
5442080974,106.6413796,-6.1597569
5442080980,106.642187,-6.1606849
4309618901,106.5850733,-6.1585708
5442080981,106.6417558,-6.1606936
5442080986,106.6429226,-6.1613482
5442080987,106.6425356,-6.1606302
5442080988,106.6425545,-6.1610206
5442080989,106.6428897,-6.1606355
5442080990,106.642907,-6.1610147
5442080991,106.6421997,-6.1610323
5442080992,106.6422158,-6.1613636
5442080993,106.6432078,-6.1613479
5442080994,106.6432087,-6.1610924
5442080998,106.6422198,-6.1616602
5442080999,106.6418818,-6.1616636
4302047672,106.611331,-6.1933917
4309618919,106.5857079,-6.1587358
4302047673,106.602505,-6.1934992
4309618930,106.5851357,-6.1588262
4302047675,106.6118777,-6.1935285
5442081014,106.6357509,-6.1636756
4309618956,106.5856487,-6.1590158
4302047680,106.6021708,-6.193631
8496845085,106.6418463,-6.1715457
4302047683,106.6106757,-6.1936662
8496845094,106.6428267,-6.1712722
4302047685,106.6105326,-6.1936935
8496845096,106.6427836,-6.1716399
7238160684,106.6774856,-6.183758
8496845102,106.6427799,-6.1715104
8496845103,106.6428261,-6.1715047
6917296431,106.6763821,-6.186662
4302047687,106.6026256,-6.1937082
4302047688,106.6113302,-6.1937126
4309618999,106.5864429,-6.1593692
4309619001,106.5855442,-6.159343
6547280186,106.6313837,-6.198429
8496845111,106.642828,-6.171645
4302047689,106.6070326,-6.1937412
6547280190,106.632185,-6.1984536
4309619007,106.5846297,-6.1593678
6547280191,106.6306621,-6.1963934
4302047690,106.6101389,-6.1937314
4302047691,106.6108646,-6.1937367
6547280199,106.6322893,-6.1945436
6547280200,106.6223198,-6.1956911
6547280201,106.622831,-6.1958889
6547280202,106.6233998,-6.1947632
4302047692,106.6025427,-6.1937301
6547280205,106.624249,-6.1947332
4302047693,106.6097759,-6.1937646
6547280208,106.6244322,-6.1947785
4302047694,106.6067211,-6.1937524
4302047696,106.6125438,-6.1938111
4302047697,106.6023561,-6.1937905
8775766376,106.6831395,-6.1835395
4302047698,106.6092207,-6.1938245
4309619051,106.5863463,-6.1596385
4309619055,106.585436,-6.1596507
4309619058,106.5845772,-6.1596603
4302047700,106.6089626,-6.193848
4302047702,106.6119135,-6.1938666
4309619069,106.5847649,-6.1597245
4302047703,106.6021154,-6.1938665
4302047705,106.6079954,-6.1939017
11993190808,106.6663824,-6.1410964
8487932323,106.6222896,-6.1778688
8487932324,106.622702,-6.177603
4302047710,106.6113522,-6.1939731
4309619110,106.5861864,-6.1599209
11993190822,106.6625498,-6.1388261
4309619112,106.5853408,-6.1599216
4309619125,106.5862574,-6.1599824
6547280310,106.5925902,-6.1724494
7066980793,106.6045985,-6.2057012
4309619130,106.5846837,-6.1599891
4302047716,106.6107952,-6.1940172
5442081221,106.6357531,-6.1617277
5442081222,106.636838,-6.1619387
5442081223,106.6361897,-6.1619997
5442081224,106.6368755,-6.162254
5442081225,106.6368083,-6.1616387
5442081226,106.6373968,-6.162204
5442081227,106.6373294,-6.1615904
5442081229,106.6362227,-6.162306
5442081230,106.6379021,-6.1625715
4309619153,106.5858485,-6.1600969
5442081235,106.6361504,-6.1616922
5442081236,106.634063,-6.1624012
5442081238,106.635145,-6.1630999
5442081239,106.6350556,-6.1617869
5442081240,106.6341469,-6.1631857
5442081242,106.6340746,-6.1625716
5442081247,106.635302,-6.1617681
5442081248,106.634033,-6.1618853
5442081249,106.6339163,-6.1619023
5442081250,106.6334464,-6.1619833
5442081251,106.6387594,-6.1610804
5442081253,106.6394846,-6.1610182
5442081254,106.6398957,-6.1609912
5442081255,106.6387407,-6.1607062
5442081256,106.6393828,-6.1606716
5442081257,106.6393452,-6.1603121
5442081258,106.6393592,-6.1600002
5442081259,106.6393717,-6.1595879
4302047724,106.6095982,-6.1941006
5442081260,106.6387254,-6.1603474
5442081263,106.6402021,-6.1603089
5442081264,106.6403047,-6.1599905
5442081265,106.638693,-6.1600007
5442081266,106.6399192,-6.1595792
4309619187,106.584854,-6.1603546
7137366517,106.6641239,-6.1884996
5442081271,106.6398964,-6.1590136
5442081272,106.6402564,-6.1595689
5442081279,106.6394752,-6.1595889
4309619203,106.5857513,-6.1603783
4302047729,106.6094049,-6.1941461
5442081286,106.6387805,-6.1614515
5442081287,106.6394309,-6.162073
12144316937,106.6744614,-6.1499747
12144316938,106.6745449,-6.1499782
5442081291,106.6407231,-6.1584215
5442081292,106.6408083,-6.1576862
8498680333,106.6405186,-6.1580808
12144316940,106.6745383,-6.1498006
12144316939,106.6744542,-6.149797
12144316942,106.6745351,-6.1496194
12144316941,106.6745478,-6.1500556
12144316944,106.6744499,-6.1496105
12144316943,106.6748681,-6.1496545
8498680340,106.6402838,-6.1584059
5442081301,106.6382751,-6.1556146
5442081307,106.6414154,-6.1534654
5442081309,106.6388771,-6.1535167
5442081313,106.638668,-6.1528033
4302047735,106.6116624,-6.1942005
5442081319,106.6352528,-6.1612216
7207883303,106.6171016,-6.1761436
4302047737,106.6113911,-6.1942317
7207883312,106.6163197,-6.1771423
4302047738,106.6082872,-6.1942353
4302047739,106.6108515,-6.1942472
4309619256,106.5866001,-6.1607228
8524370488,106.5908307,-6.1428762
8552288824,106.6711414,-6.1807942
8552288829,106.6714647,-6.1802459
8524370495,106.5903873,-6.1430426
4309619267,106.586302,-6.1608128
7207883331,106.6152676,-6.177181
7207883339,106.6146863,-6.1774223
8499073612,106.6108151,-6.203222
4302047744,106.609835,-6.194302
8555827796,106.6777021,-6.1765996
4309619285,106.5860118,-6.1608986
4302047746,106.6104472,-6.1943009
8552288860,106.6657529,-6.1745343
7207883360,106.6145508,-6.175364
4302047749,106.6127149,-6.1943745
4302047750,106.6123712,-6.1944027
4302047751,106.6015214,-6.1943952
7120196215,106.6565971,-6.1896094
7120196216,106.6564751,-6.190051
4302047752,106.6119662,-6.1944335
7207883383,106.6151559,-6.169407
7207883384,106.6153226,-6.169769
5442081425,106.6352539,-6.1602292
5442081426,106.6332206,-6.1616555
8482689683,106.6709543,-6.1503258
8523977363,106.6255451,-6.1936565
5442081430,106.6341966,-6.1612962
8523977366,106.6250706,-6.1936967
7067243163,106.6008465,-6.2089019
7067243164,106.6009373,-6.2088564
5442081445,106.6382173,-6.1574128
5442081446,106.6384795,-6.1566175
5442081447,106.635484,-6.1577119
4302047762,106.6081329,-6.1944765
5442081453,106.6361414,-6.1569916
5442081459,106.6365975,-6.1570921
8547963571,106.6658212,-6.1919806
5442081464,106.6366523,-6.1575667
5442081465,106.6366234,-6.1573268
5442081467,106.6368499,-6.1573022
5442081468,106.6370234,-6.1572724
5442081469,106.6370485,-6.1575269
5442081473,106.6369862,-6.1567312
5442081474,106.6373943,-6.1574932
5442081475,106.6373388,-6.1567253
4302047767,106.6129272,-6.1946544
5442081476,106.6368718,-6.1575442
5442081481,106.6367535,-6.1570327
7136973517,106.6846832,-6.1801132
4309619406,106.5857222,-6.160995
5442081486,106.6371187,-6.1567302
5442081488,106.6379768,-6.1566731
4302047769,106.6114268,-6.194634
4302047770,106.6104491,-6.1946453
4302047771,106.6123922,-6.1946673
5442081497,106.6381965,-6.1555022
5442081499,106.6353218,-6.1574095
4302047772,106.6123729,-6.1946673
4309619421,106.5867441,-6.1610438
5442081504,106.6347442,-6.1576126
5442081505,106.6383284,-6.1554258
4302047773,106.6094214,-6.1946461
5442081507,106.6382064,-6.1541505
5442081506,106.63824,-6.1549127
4309619432,106.5867792,-6.1611429
4302047776,106.6018556,-6.1946895
4302047777,106.6119846,-6.1946881
7432278779,106.5917909,-6.1434909
4302047778,106.6016776,-6.194705
7432278780,106.5915227,-6.1435264
7432278784,106.5917166,-6.1421594
4309619460,106.5875412,-6.1612405
4302047780,106.6010628,-6.1947471
4309619463,106.5851162,-6.1612462
4309619476,106.5850682,-6.1613358
4309619480,106.587851,-6.1613993
4302047785,106.6117095,-6.1947728
4309619487,106.5860228,-6.1613442
4302047787,106.6104561,-6.1947915
4302047788,106.6105329,-6.1948122
4309619505,106.5876889,-6.1613142
4302047791,106.6120054,-6.1948293
4302047792,106.6021585,-6.1948617
4309619532,106.5880392,-6.1615046
4309619533,106.5848748,-6.1615569
5442081621,106.635345,-6.1542686
5442081622,106.6382589,-6.1553701
4302047796,106.6021612,-6.1948884
5442081625,106.6370049,-6.1555195
4309619547,106.5863792,-6.161604
5442081627,106.6344875,-6.1551525
5442081633,106.6354384,-6.1551759
5442081634,106.6350302,-6.1546841
5442081635,106.6344454,-6.1547336
9819231075,106.6534053,-6.1615335
5442081637,106.63443,-6.1545111
5442081646,106.6345748,-6.1557408
5442081647,106.6356532,-6.1570735
5442081649,106.6354828,-6.1556594
8789267317,106.6687777,-6.1855988
4309619574,106.586119,-6.1616786
4302047803,106.6104492,-6.194999
5442081659,106.6350133,-6.1538057
8789267324,106.6684888,-6.1854942
4302047804,106.6100984,-6.1950028
5442081663,106.6353328,-6.1540654
5442081665,106.6352391,-6.153797
4309619586,106.5851162,-6.1617137
4309619589,106.5851869,-6.1617256
5442081671,106.6349933,-6.1533564
5442081673,106.6341463,-6.1558794
5442081674,106.634135,-6.1561421
5442081675,106.6333248,-6.1560581
4302047807,106.6084387,-6.1950234
10076787598,106.6424378,-6.158517
5442081681,106.634131,-6.1555691
4302047808,106.6154483,-6.195058
5442081684,106.6339794,-6.1554035
5442081687,106.6343415,-6.1534007
861115288,106.6245202,-6.2004902
5442081689,106.6343416,-6.1537723
3009909658,106.637473,-6.133405
4309619613,106.5872211,-6.1618643
4309619614,106.586464,-6.1619005
5442081695,106.6340266,-6.1544488
5442081697,106.6333632,-6.1545899
5442081699,106.6333652,-6.1545081
5442081701,106.6333316,-6.1554861
5442081702,106.6339753,-6.1555368
5442081704,106.6335495,-6.154178
5442081705,106.6349979,-6.1537414
7046271914,106.6843325,-6.1602502
8488981418,106.6673592,-6.1763264
5442081710,106.6339989,-6.1539521
5442081712,106.6335528,-6.1540142
4302047814,106.6104555,-6.1951821
4302047815,106.6027203,-6.1951232
5442081719,106.6328712,-6.1537753
5442081720,106.6331291,-6.1537634
5442081721,106.6327355,-6.153769
4309619642,106.5865264,-6.1620616
5442081723,106.632999,-6.1532603
5442081722,106.6330184,-6.1535109
4302047816,106.6175325,-6.1952311
4309619646,106.586171,-6.1619736
4309619647,106.5852745,-6.1621089
5442081728,106.6331292,-6.1532439
5442081729,106.6336388,-6.1533634
5442081730,106.6334202,-6.152986
5442081731,106.6334364,-6.1532113
5442081732,106.6335891,-6.152966
5442081733,106.633624,-6.153182
4302047817,106.6007294,-6.1952272
3009909703,106.634145,-6.1361637
8499073991,106.6084765,-6.2035436
4302047818,106.6182689,-6.1952707
4302047821,106.6085171,-6.1953745
3009909718,106.6341918,-6.1365915
4309619674,106.5843366,-6.1622023
4302047824,106.6094139,-6.1953782
8555697123,106.6746933,-6.1747216
3009909737,106.6337326,-6.1365719
4302047826,106.611169,-6.1954411
4302047827,106.6153995,-6.1954387
4302047828,106.6017261,-6.1954491
4302047829,106.6015292,-6.1954638
4302047830,106.6013221,-6.1954747
3009909768,106.6343234,-6.1369326
3009909769,106.6340515,-6.1370485
5636854806,106.6846324,-6.1922413
5636854807,106.6845348,-6.1924756
3009909788,106.6340943,-6.1377265
4302047836,106.6164566,-6.1955634
4302047837,106.6094153,-6.1955961
3009909798,106.634285,-6.1376391
4302047838,106.6097632,-6.1956
3009909803,106.633577,-6.137828
3009909805,106.6338748,-6.1378226
4302047839,106.6101027,-6.1955987
3009909807,106.6337313,-6.1378433
8499205168,106.5984602,-6.2049466
8499205169,106.5984561,-6.2045794
4302047844,106.6030717,-6.1956112
4302047845,106.6019218,-6.1956463
4302047846,106.6029482,-6.1956175
6926079060,106.6359454,-6.2097236
4302047847,106.6089265,-6.1956605
4302047848,106.6027554,-6.1956273
4302047850,106.6013358,-6.1956845
10113619052,106.5945053,-6.1944031
9644905587,106.6261825,-6.1694842
4302047856,106.6088917,-6.1958113
7249171589,106.6843782,-6.2068544
4302047858,106.6027764,-6.1958676
8499074193,106.6099595,-6.2024474
4302047860,106.6096958,-6.1958572
4302047862,106.6025625,-6.1958731
8499074210,106.6098076,-6.2014382
4302047865,106.6104533,-6.195904
5636854965,106.6848502,-6.1870818
5636854966,106.6846447,-6.1867443
8548095158,106.6171284,-6.1471698
8548095160,106.6172172,-6.1475268
5636854969,106.6841089,-6.1874254
5636854970,106.6839474,-6.1871695
5636854971,106.6840712,-6.1837635
5636854973,106.6842847,-6.1839712
4302047868,106.6012404,-6.1959247
5636854981,106.6842186,-6.1811118
4302047871,106.6114435,-6.1959279
8785204436,106.6636682,-6.1526592
4302047872,106.6173523,-6.1959465
4302047873,106.6104678,-6.1959756
11888465122,106.6378418,-6.1928339
4302047878,106.6029852,-6.1960666
4302047879,106.6027917,-6.1960761
4302047881,106.6109931,-6.1961083
9657881863,106.6237529,-6.1849897
9657881864,106.6237496,-6.1845131
8488719630,106.6204517,-6.1580702
4302047884,106.6015924,-6.1961488
4302047885,106.6013949,-6.1961636
4302047892,106.6088758,-6.1962318
4302047894,106.6093992,-6.1962444
9685275975,106.6150792,-6.1674379
4302047897,106.6101215,-6.196268
4302047900,106.6147319,-6.1962799
10001421672,106.6823863,-6.1935176
8789136745,106.6497427,-6.2101575
10001421674,106.6827312,-6.1934971
10005484918,106.6416333,-6.1635427
10005484919,106.6416949,-6.1644759
8506676602,106.6841689,-6.1794932
8506676603,106.6841949,-6.1800624
4302047906,106.6143623,-6.1963463
4302047908,106.6081859,-6.1964139
4302047909,106.61407,-6.1964038
8498812320,106.5850747,-6.1501526
8498812323,106.5857522,-6.1505841
4302047913,106.6147272,-6.1964981
13651514795,106.6668987,-6.1775662
4302047915,106.6138997,-6.1964817
8498812334,106.5850586,-6.1502253
13651514797,106.6666882,-6.1775358
4302047916,106.6016125,-6.19649
4302047918,106.60369,-6.1964871
8789136842,106.6074637,-6.1974077
4302047922,106.6035054,-6.1965265
4302047925,106.6166554,-6.196525
4302047926,106.6032062,-6.1965287
4302047927,106.603019,-6.1965396
4302047929,106.6157222,-6.196598
4302047930,106.6038777,-6.1965525
10241676800,106.6338129,-6.1626083
10241676801,106.6340739,-6.1624592
4302047932,106.606582,-6.196587
6960158211,106.6531396,-6.1767036
6960158212,106.6530733,-6.1767927
4302047935,106.6070512,-6.1965889
10052933141,106.6317327,-6.1542198
10052933142,106.6316187,-6.1539747
4302047936,106.6053388,-6.1965391
9115768345,106.6082315,-6.2076064
4302047938,106.6040722,-6.1965858
8776422951,106.669056,-6.1856461
8547440174,106.6221978,-6.1486538
7231739441,106.6166426,-6.2063538
7231739447,106.6176065,-6.2076724
4302047943,106.6154111,-6.1966389
7231739462,106.6184152,-6.2097267
4302047946,106.605365,-6.1966942
8095635024,106.6577525,-6.174977
4302047951,106.6035115,-6.1967465
12722083434,106.6304213,-6.1682881
4302047953,106.6166667,-6.196767
4302047954,106.6151097,-6.1967556
7783028341,106.5907261,-6.1872181
4302047955,106.6157247,-6.1967696
7221778039,106.6008414,-6.1559648
4302047956,106.6093918,-6.1967342
4302047957,106.6031311,-6.1967669
4302047958,106.6099878,-6.1967514
4302047959,106.6030335,-6.1967701
12094903953,106.6109651,-6.1474572
12094903954,106.6112191,-6.1474521
12094903955,106.6114863,-6.147441
4302047961,106.6169774,-6.1967479
4302047962,106.6028512,-6.1967832
4302047963,106.6039031,-6.1967823
5638821537,106.6674411,-6.1856639
5638821538,106.667429,-6.1857133
5638821540,106.666595,-6.1840215
5638821541,106.6665133,-6.1840568
5638821542,106.6655247,-6.1822748
5638821543,106.665568,-6.1821646
4302047965,106.6026236,-6.1967953
5638821546,106.6577496,-6.1818796
5638821547,106.6577178,-6.1819018
4302047966,106.6037158,-6.1967938
5638821550,106.6582952,-6.1826351
5638821551,106.6583817,-6.1825311
4302047967,106.6022954,-6.1968083
5638821556,106.6633754,-6.1826637
5638821557,106.6633454,-6.1825392
4302047969,106.6035109,-6.1968013
5638821567,106.6578859,-6.183678
5638821568,106.6569045,-6.1857405
5638821569,106.6569023,-6.1863249
5638821570,106.65618,-6.1847021
4302047970,106.6107501,-6.1967286
5638821574,106.6568056,-6.1848421
5638821575,106.6607425,-6.1879021
5638821576,106.6607733,-6.1872271
12214441672,106.6612854,-6.1873478
5638821578,106.6613645,-6.1922962
5638821579,106.6621697,-6.1925669
4302047972,106.6062897,-6.1968191
2026215116,106.6782723,-6.1703495
12214441671,106.6613862,-6.1870607
5638821584,106.661574,-6.1921624
4302047973,106.602022,-6.1968233
5638821586,106.6635777,-6.1907698
5638821585,106.6639964,-6.190836
5638821588,106.6635807,-6.1903319
2026215125,106.6783016,-6.1705408
4302047974,106.6061039,-6.1968357
5638821590,106.6635812,-6.1902556
5638821591,106.6635731,-6.1914368
4302047975,106.6018361,-6.1968365
5638821595,106.6624362,-6.1928246
6320264925,106.6429876,-6.188482
5638821596,106.6602529,-6.1933157
2026215135,106.6441766,-6.1710916
4302047976,106.6054204,-6.1968719
5638821597,106.6598017,-6.1933252
5638821599,106.6567393,-6.1824755
6320264923,106.6393928,-6.1828674
5638821598,106.6567151,-6.1826995
4302047977,106.6110197,-6.1969177
2026215142,106.64419,-6.1712452
6320264934,106.6412026,-6.190462
2026215144,106.644076,-6.1712504
5638821600,106.6572516,-6.1830862
5638821610,106.6564034,-6.182675
5638821611,106.6564234,-6.1824822
6320264940,106.6345719,-6.1911649
5638821604,106.6573681,-6.1827026
5638821614,106.6666017,-6.1853981
4302047979,106.6052405,-6.1969265
5638821615,106.6634475,-6.1862914
5638821616,106.6681413,-6.1910926
5638821618,106.6683386,-6.1905664
5638821619,106.6654904,-6.1892676
4302047980,106.6084124,-6.1969244
6320264949,106.6354,-6.1861199
6919395055,106.6003337,-6.1987549
6919395057,106.6003539,-6.1986269
6919395056,106.599903,-6.1985762
4302047981,106.6051519,-6.1969092
4302047982,106.6057552,-6.196977
4302047983,106.6031464,-6.1969773
4302047985,106.6093853,-6.1969784
4302047986,106.6090975,-6.1970027
4302047987,106.6026389,-6.1970011
2026215193,106.6443482,-6.1732162
2026215194,106.6442474,-6.1732284
4302047988,106.6056358,-6.1970104
2026215204,106.6442711,-6.1736527
4302047991,106.6093819,-6.1970255
11927394092,106.6343669,-6.1558781
4302047992,106.608855,-6.1970277
7139596083,106.6835513,-6.1811162
4302047993,106.6096588,-6.1970327
4302047994,106.6134137,-6.197009
8498943803,106.6331345,-6.1805089
4302047995,106.6099427,-6.1970351
4302047997,106.6130992,-6.1970326
4302047998,106.6054751,-6.1970585
4302047999,106.6174641,-6.197078
4302048000,106.6172851,-6.1970724
4302048001,106.6169754,-6.1970788
4302048002,106.616676,-6.1970896
4302048003,106.6039229,-6.1970674
4302048004,106.606454,-6.1970917
4302048005,106.615723,-6.1970846
4302048006,106.6154148,-6.1970977
2958792568,106.5853957,-6.1733152
2958792569,106.5842926,-6.1734882
2958792570,106.5841675,-6.1727105
2958792571,106.5852855,-6.1725438
4302048007,106.6151132,-6.197099
8488982399,106.6279265,-6.1656694
8488982401,106.6285556,-6.1652375
4302048008,106.608443,-6.1970933
2026215298,106.6445211,-6.1765783
3010828164,106.5982918,-6.1608209
3010828165,106.5965265,-6.1605293
8488982407,106.6286042,-6.165665
11976808331,106.6726971,-6.1774697
6561437583,106.6307026,-6.1708563
9132021647,106.5984113,-6.2028714
9132021651,106.5979868,-6.2011441
9132021658,106.598357,-6.1998082
9132021659,106.5985511,-6.2001787
6917298077,106.6755527,-6.172955
6917298078,106.6761548,-6.1742177
9132021661,106.5982886,-6.2001735
6917298080,106.6764201,-6.1743488
6917298081,106.6736623,-6.1741801
6917298082,106.673615,-6.173893
6917298083,106.6760381,-6.1737978
6917298084,106.6762252,-6.1738665
8803555238,106.678091,-6.1382773
8721504168,106.6497328,-6.1761666
7132125100,106.6810786,-6.1874267
13021976493,106.6769846,-6.1810006
13021976498,106.6768223,-6.1808596
4302048019,106.6131002,-6.197158
7229642682,106.6756596,-6.1886647
7229642703,106.6701537,-6.1872747
7229642704,106.6700926,-6.1873261
4302048025,106.6026531,-6.1971922
4302048026,106.6169796,-6.1972106
4302048030,106.606008,-6.1972197
8555698162,106.6828546,-6.1765783
4302048031,106.6163026,-6.1972118
4302048032,106.6159654,-6.1972153
8555698170,106.6827808,-6.1772467
4302048033,106.6157394,-6.1972237
4302048034,106.6156622,-6.1972245
8505759751,106.6840785,-6.1994191
4302048035,106.6122293,-6.197191
4302048037,106.6093689,-6.1972556
7221647399,106.6643306,-6.1993496
4302048041,106.6001804,-6.1973292
4302048044,106.6116613,-6.1973396
7221647416,106.6610865,-6.1984629
6567204928,106.6749384,-6.1349715
2026215495,106.6826274,-6.1822723
9189169224,106.6313022,-6.2055345
4302048048,106.6031723,-6.1973713
7237900368,106.5892401,-6.1433652
4302048052,106.6035618,-6.1973861
4302048054,106.6112503,-6.1974219
8509167726,106.6594027,-6.1717677
8509167727,106.6595763,-6.1717509
2026215543,106.6839645,-6.1828296
4302048058,106.6109823,-6.1974607
12175251597,106.6609464,-6.1986192
4302048062,106.6106616,-6.1974791
2026215570,106.682473,-6.1830269
4302048066,106.604886,-6.1975118
8789137574,106.6553045,-6.1747819
2026215618,106.6766217,-6.1835951
8434587864,106.5961588,-6.1351758
7123343578,106.663033,-6.1805285
7123343579,106.6631638,-6.1805272
4302048077,106.6046207,-6.1975881
7123343581,106.6631603,-6.1804899
7123343582,106.6647664,-6.1802193
8434587871,106.5960281,-6.1350458
8553732316,106.6499064,-6.1500712
2026215651,106.6855989,-6.1838291
8549931245,106.6508787,-6.1508526
8549931247,106.6510302,-6.151894
2026215663,106.6431016,-6.1839775
5455845621,106.6482631,-6.1826785
8498813173,106.623323,-6.1564768
5455845632,106.6540913,-6.1807892
5455845636,106.6540175,-6.1804509
5455845638,106.6545357,-6.1801254
5455845641,106.6541838,-6.1794676
5455845642,106.6549838,-6.1805809
5455845643,106.6550214,-6.1804739
8499075343,106.5990388,-6.2025108
5455845652,106.6548422,-6.1780413
8499337494,106.6069719,-6.2055882
4302048089,106.6061139,-6.1977524
10739751193,106.6751821,-6.1537007
5455845660,106.6520231,-6.1760947
5455845661,106.6517614,-6.1757165
5455845662,106.6516701,-6.1758343
7821433118,106.6576377,-6.1757903
5455845664,106.6520159,-6.1855241
5455845663,106.6519851,-6.1861955
5455845669,106.6536219,-6.1869702
2026215719,106.6803136,-6.1850904
5455845672,106.6539175,-6.1859351
5455845673,106.6549006,-6.1811609
2026215725,106.6441842,-6.1851666
2026215726,106.6815907,-6.1851902
5455845683,106.654224,-6.1830802
2026215739,106.6814739,-6.1852661
4302048096,106.6137313,-6.1978367
5455845693,106.654102,-6.1821509
5455845694,106.6541562,-6.1820206
2026215748,106.6425408,-6.1853603
5455845700,106.6542475,-6.1816679
4302048098,106.6130969,-6.1978298
4302048099,106.61245,-6.1978356
5455845710,106.6539296,-6.1797183
2026215759,106.6817986,-6.1855048
5455845714,106.6542844,-6.1802936
5455845716,106.6544674,-6.1806322
7120197974,106.6835699,-6.1712934
7120197977,106.6831519,-6.1714026
5455845721,106.6553908,-6.1807549
5455845726,106.6555376,-6.1812222
5455845736,106.6544285,-6.1831282
2026215790,106.6384024,-6.1860828
2026215791,106.6821573,-6.1860349
5455845746,106.6549462,-6.1841882
5455845750,106.6546002,-6.1855515
5455845752,106.645183,-6.1857648
5455845757,106.6452887,-6.1847921
5455845761,106.6486088,-6.1842568
2026215815,106.6585042,-6.1866681
5455845773,106.6478933,-6.1844909
5455845778,106.6486725,-6.1832515
11072280991,106.6808759,-6.1824479
5455845793,106.653414,-6.1835888
5455845795,106.6532269,-6.1838568
11045935526,106.6238179,-6.1715703
8555698600,106.683261,-6.1824599
5455845806,106.6497863,-6.1851035
8555698607,106.6831643,-6.1830905
5455845811,106.6493898,-6.1833661
11045935539,106.6235622,-6.1710002
5455845816,106.6506171,-6.1834862
2026215865,106.6853246,-6.1891693
5455845820,106.6502264,-6.1851146
5455845821,106.6513467,-6.1829102
8509430204,106.6141216,-6.137946
2026215872,106.6661913,-6.1895962
5455845825,106.650654,-6.1830862
2026215875,106.6669751,-6.1899492
5455845829,106.6500941,-6.1828715
12158474701,106.6667862,-6.1532156
2026215886,106.6757551,-6.1928814
5455845843,106.654178,-6.1772473
5455845849,106.646387,-6.1844545
5455845854,106.646467,-6.1837441
5455845855,106.644904,-6.1864767
2026215909,106.6758846,-6.193389
5455845873,106.6460909,-6.1854501
5455845877,106.6461765,-6.1845075
2026215926,106.6760291,-6.1943752
7223876092,106.5938247,-6.1677438
7223876093,106.5940752,-6.1685397
7223876094,106.5941006,-6.1680347
5455845892,106.6541643,-6.1792963
7223876102,106.5937659,-6.1688279
7223876103,106.5933654,-6.1688037
7223876104,106.5937901,-6.1685738
5455845898,106.6531606,-6.1794803
7223876108,106.5933519,-6.1685463
5638822421,106.6666433,-6.1884914
5638822422,106.6667788,-6.188182
5638822424,106.6672775,-6.1854406
5638822426,106.6669843,-6.1855491
5638822429,106.6668711,-6.1861627
5638822430,106.6627736,-6.1855141
5455845917,106.6523337,-6.1800822
5638822432,106.6654516,-6.1842409
5638822433,106.6658427,-6.1839875
5638822435,106.6657414,-6.1843074
5638822437,106.662746,-6.1850648
5638822438,106.6628558,-6.1847044
5638822439,106.6634515,-6.1851222
5638822440,106.6634958,-6.1847435
5638822441,106.6619928,-6.1858183
5638822442,106.6626253,-6.1859515
4302048143,106.6061084,-6.1981994
5638822443,106.6604595,-6.1849541
5638822448,106.6603934,-6.1854483
12158474801,106.6668437,-6.1530751
5638822450,106.666705,-6.1831795
5638822451,106.6667344,-6.1834845
12158474802,106.6652261,-6.1524664
4309621343,106.5854976,-6.1703373
8482822756,106.6669736,-6.1498566
8482822768,106.6673139,-6.1494379
9993951857,106.6704247,-6.1860853
9993951858,106.6706063,-6.1853815
8482822771,106.667412,-6.1492265
9993951859,106.6704682,-6.1853595
12181019257,106.6753097,-6.1376472
12181019267,106.6726054,-6.1380591
12181019268,106.6712511,-6.1385222
12181019270,106.6712989,-6.1381672
5455846023,106.6524812,-6.1792749
12181019272,106.6703534,-6.1378875
5455846025,106.6524618,-6.1789659
12181019271,106.6703687,-6.1377302
5455846034,106.6523753,-6.1781443
5455846039,106.6528407,-6.177529
5455846042,106.6530663,-6.1768021
5455846043,106.6466933,-6.1834538
5455846046,106.6457822,-6.1828685
5455846050,106.6450829,-6.1826185
5455846053,106.6452996,-6.1836795
8488852134,106.6243838,-6.1612409
5455846058,106.6452989,-6.1847213
5455846059,106.6471376,-6.1838249
8488852140,106.6236073,-6.161811
5455846061,106.6471086,-6.1845621
5455846064,106.6471358,-6.1835967
12197796529,106.6447637,-6.1597355
12197796528,106.6450501,-6.1597698
12197796531,106.6447618,-6.1595778
5455846068,106.6479171,-6.1836214
12197796532,106.6449627,-6.1594404
12197796530,106.6449851,-6.1595839
12197796535,106.6447242,-6.1582983
5455846072,106.6479255,-6.1832275
5455846073,106.6475704,-6.1832119
8794380985,106.610897,-6.1475113
12197796534,106.6449573,-6.1582943
12197796541,106.6447972,-6.1570383
8434588350,106.643438,-6.1977028
8434588349,106.6436083,-6.1976023
5455846085,106.6481736,-6.1829395
8487934663,106.6268331,-6.1804239
8487934666,106.6273389,-6.1803002
5455846092,106.6481213,-6.1828129
5455846095,106.6472757,-6.1836046
5455846100,106.6480476,-6.1824155
5455846104,106.6476171,-6.1828235
4302048178,106.6147406,-6.1984698
5455846110,106.6475253,-6.183617
5455846115,106.6469405,-6.1835562
5455846118,106.6468292,-6.1837988
7131863822,106.6767043,-6.1740623
9119701789,106.6219093,-6.1619712
9992379167,106.6570085,-6.1936048
7237901103,106.5936577,-6.1425002
7237901104,106.5930944,-6.1422956
4309621560,106.5854871,-6.1721257
5455846223,106.6464249,-6.1824057
5455846229,106.6473891,-6.1820635
10027899735,106.5854488,-6.2016734
5455846232,106.6473794,-6.182463
5455846234,106.6473421,-6.1828089
10027899739,106.585646,-6.2012908
10027899740,106.5856953,-6.2012973
5455846237,106.6468635,-6.1827483
10027899742,106.5850255,-6.2093891
5455846238,106.6461938,-6.1826596
5455846239,106.6455115,-6.1822195
10027899741,106.5849734,-6.2093743
7257037668,106.6501953,-6.1773621
7257037669,106.6498896,-6.1774265
7257037672,106.6500867,-6.1780389
5455846253,106.6459923,-6.1835846
5455846259,106.6449961,-6.1832013
4302048209,106.6144027,-6.1987865
5455846262,106.6444629,-6.1831443
5455846263,106.6442,-6.1826248
5455846264,106.6434184,-6.1823976
5455846265,106.6511159,-6.1783263
5455846270,106.6474414,-6.177925
5455846273,106.6475741,-6.1775458
5455846274,106.6497481,-6.1810062
8704596866,106.6340961,-6.1800416
5455846279,106.6494938,-6.1814552
4302048213,106.6127852,-6.1988016
5455846282,106.6502376,-6.1817435
9109740429,106.6324364,-6.137208
5455846287,106.6509169,-6.1824069
5455846289,106.6507606,-6.1821042
4302048215,106.606014,-6.1988297
5455846290,106.6507479,-6.1817836
5455846296,106.6509041,-6.1820975
5455846299,106.6509514,-6.1822975
4302048217,106.6013162,-6.1989314
7244192668,106.6781507,-6.1595255
9109740445,106.6248001,-6.138046
9115769756,106.6329353,-6.1622183
6552918947,106.6405749,-6.2055545
9109740452,106.6245172,-6.137462
9109740453,106.6246875,-6.1374305
6552918950,106.6400735,-6.205966
6552918951,106.6254298,-6.2060385
5455846310,106.6498902,-6.1828169
7244192678,106.6802526,-6.1538563
5455846314,106.6498289,-6.1792873
5455846315,106.6498434,-6.1794792
9109740451,106.6237119,-6.1373493
9109740461,106.6247823,-6.1355978
9109740462,106.6246842,-6.1398679
9109740463,106.6246816,-6.1401365
7229643696,106.5985139,-6.173763
4302048240,106.6008522,-6.1991524
5455846425,106.6499761,-6.1801956
5455846432,106.650369,-6.1812636
5455846439,106.6499171,-6.1805716
5455846443,106.6497213,-6.1808142
5455846444,106.6495496,-6.1808289
5455846448,106.6488243,-6.1809775
5455846454,106.6489434,-6.1796649
10026196023,106.6061906,-6.1757982
5455846461,106.648811,-6.1810766
5455846462,106.6482766,-6.1798016
10026196031,106.6053049,-6.1755444
5455846466,106.6482514,-6.1794836
5455846478,106.6467223,-6.1791868
5455846486,106.6473583,-6.1810363
5455846491,106.6475738,-6.1810849
5455846499,106.6476466,-6.1807169
5455846501,106.6479135,-6.1807396
4302048257,106.6026607,-6.1993117
5455846506,106.6472275,-6.1810122
5455846507,106.6466837,-6.1809356
8509065430,106.6349289,-6.1737903
5455846519,106.6468653,-6.1816062
8509065433,106.6353392,-6.1737157
8798211895,106.6403239,-6.1877347
5455846543,106.6479144,-6.1807155
8798211897,106.6402102,-6.1869954
5455846552,106.6492941,-6.1839901
8556616856,106.655492,-6.1594315
8556616858,106.6555041,-6.1586728
5455846559,106.6496159,-6.1827882
5455846561,106.6497307,-6.1821075
9972325539,106.659082,-6.1390085
9972325542,106.6591037,-6.1387217
5455846567,106.6495289,-6.1813002
5455846571,106.6488093,-6.1812215
5455846579,106.6482427,-6.1807189
5455846585,106.6473328,-6.1805676
6322363578,106.6501453,-6.1851668
6322363579,106.6501557,-6.1851028
6322363580,106.6502818,-6.175401
5455846588,106.646917,-6.1801036
5455846590,106.6476774,-6.1773863
5455846592,106.6476986,-6.1770441
5455846593,106.6484606,-6.1780569
6322363584,106.6508007,-6.1752567
5455846596,106.6484331,-6.1773735
5455846597,106.6480368,-6.1784196
8488983749,106.6287902,-6.1680815
5455846601,106.6479453,-6.1774713
5455846602,106.6485027,-6.1769758
5455846605,106.6472841,-6.1771253
3010829561,106.59768,-6.1635039
3010829566,106.5982982,-6.1619353
3010829567,106.5983449,-6.1616823
8547441918,106.6116932,-6.1458123
8775769348,106.6817091,-6.1849441
8775769350,106.6814194,-6.1845237
8547441962,106.6794911,-6.1532994
4302048299,106.6044281,-6.1997322
8976309577,106.6171863,-6.1674979
7221648714,106.605501,-6.1713877
8976309578,106.6172545,-6.1671336
12696526161,106.6612655,-6.1449303
9994345859,106.6473082,-6.1632902
9994345860,106.6469881,-6.1632611
14053383574,106.6043384,-6.1521273
4302048328,106.6005396,-6.2000308
8776556009,106.6849695,-6.170717
9942048233,106.6355729,-6.1527681
4302048335,106.6047718,-6.2000691
8434851358,106.646174,-6.1617209
8434851361,106.6461076,-6.1617502
8434851364,106.6461378,-6.1619342
8434851367,106.6462438,-6.1619476
4302048358,106.6057015,-6.2002389
9065307756,106.6793074,-6.1957797
9065307760,106.6824549,-6.1967177
8499076727,106.6112383,-6.2024687
8499076731,106.6109003,-6.2024628
8499076742,106.6104086,-6.2026694
8555961997,106.6627266,-6.1839422
8487280275,106.6293128,-6.1702316
8499076757,106.6097098,-6.2025201
4302048371,106.6047477,-6.200387
6919397053,106.5999601,-6.200077
6919397054,106.600662,-6.200525
6919397055,106.6004962,-6.2004181
8547835600,106.6625235,-6.1607821
8547835601,106.6625427,-6.1610553
4302048380,106.6157913,-6.2004804
12182986508,106.6826802,-6.1795704
12182986509,106.6834541,-6.1801183
12182986510,106.6834303,-6.1798206
12182986511,106.683407,-6.1795303
12182986512,106.6834769,-6.1795267
12182986513,106.6835093,-6.1801146
4302048393,106.6038152,-6.2006304
12182986515,106.6818698,-6.1815937
8503009065,106.6021596,-6.1498879
8503009066,106.601927,-6.1501293
5623881515,106.6153327,-6.1933819
5623881516,106.6153353,-6.1931549
5623881517,106.6189235,-6.1961538
5623881518,106.6183958,-6.1950231
5623881519,106.6183961,-6.1952759
5623881520,106.6170064,-6.1914606
8552292153,106.6795474,-6.1666183
6536929085,106.592122,-6.1700266
6536929086,106.5910157,-6.1699766
6536929087,106.5907652,-6.1699183
9702842176,106.5945287,-6.1458624
6536929089,106.5908216,-6.1687261
6536929090,106.5907914,-6.1694808
6536929091,106.5907557,-6.1702386
6536929092,106.5903238,-6.1687004
6536929093,106.5902848,-6.1694568
6536929094,106.5902427,-6.1702156
6536929088,106.5907198,-6.1699157
8547442521,106.6814813,-6.1959444
8594366297,106.6476236,-6.1673954
8485314413,106.6678007,-6.1482592
8485314414,106.668133,-6.1483763
9107251057,106.5952389,-6.1985049
9107251058,106.5964419,-6.197485
9107251059,106.5957914,-6.1980423
8509431700,106.6163088,-6.1354272
8509431701,106.6168092,-6.1355478
2624743648,106.6615621,-6.1855615
4302048430,106.6037877,-6.200972
4302048431,106.6040884,-6.2009989
4302048432,106.6066315,-6.2008958
7139598299,106.6585024,-6.1867656
7217586151,106.630117,-6.1373039
6960160750,106.6531472,-6.1766935
4302048439,106.6002361,-6.2011795
8496717848,106.6625208,-6.1949643
8496717849,106.6618194,-6.1948898
8547573812,106.621269,-6.1470538
8547573813,106.6217452,-6.1469178
10580631611,106.6503976,-6.1838104
7209721941,106.6105238,-6.1765923
12069347419,106.6765232,-6.173857
8506155112,106.5868684,-6.2025981
2472255592,106.6130233,-6.1266065
4302048464,106.6061153,-6.2015281
4302048466,106.606538,-6.2016034
9106989210,106.5864298,-6.1915246
9106989211,106.5862247,-6.1914713
9106989214,106.5867944,-6.1890767
9106989216,106.5872067,-6.1893469
4302048474,106.6063978,-6.2017267
2472255658,106.6180016,-6.1278867
7133831342,106.6534993,-6.2039813
4302048475,106.602668,-6.2017445
7133831344,106.6534984,-6.2043748
9059541167,106.6723202,-6.1527713
4302048477,106.6029368,-6.2017801
4302048478,106.6150166,-6.2017794
4302048479,106.614662,-6.2017806
4302048480,106.6143583,-6.2017859
4302048482,106.6136905,-6.2017874
4302048483,106.6058404,-6.2017856
4302048484,106.6049243,-6.201791
8787960028,106.6096125,-6.1826653
8787960031,106.6096974,-6.1821129
8787960032,106.6099197,-6.1821088
4302048485,106.6029297,-6.201827
4302048486,106.6012752,-6.2017804
4302048487,106.603297,-6.2018565
2472255732,106.6281709,-6.1310791
4302048490,106.603293,-6.2019648
4302048491,106.6051057,-6.2019975
4302048496,106.6055956,-6.2020254
4302048497,106.6060754,-6.2020488
7232135453,106.5936644,-6.1908507
4302048498,106.6014569,-6.2020735
4302048499,106.6046061,-6.2020875
4302048501,106.6150203,-6.2020836
2472255794,106.627597,-6.1323515
4302048503,106.6021431,-6.2021327
7232135483,106.5913822,-6.190688
4302048504,106.6026379,-6.2021607
12086780228,106.6658776,-6.2000115
4302048505,106.6010469,-6.2022664
8509432137,106.6163331,-6.2094913
12621947209,106.6738233,-6.1776603
4302048507,106.6053666,-6.2022569
8509432144,106.6164931,-6.2095305
2472255828,106.6185213,-6.1331351
4302048509,106.6014321,-6.202298
2472255838,106.6269267,-6.133147
4302048510,106.6036085,-6.2023066
4302048511,106.6048898,-6.202332
4302048512,106.6039232,-6.2023283
4302048514,106.6021147,-6.2023823
2472255867,106.6295708,-6.134466
2472255869,106.6134457,-6.1345197
7221649793,106.6144127,-6.1493152
4302048517,106.6150246,-6.2023929
2472255875,106.6157015,-6.1346937
7221649795,106.6143376,-6.1501882
2472255880,106.6235581,-6.1348975
2472255881,106.622612,-6.1349656
7221649800,106.6145293,-6.1463364
7221649807,106.6139967,-6.1467588
2472255888,106.6229106,-6.1350883
7221649809,106.6140832,-6.1460586
2472255889,106.6192795,-6.1350264
7221649808,106.614406,-6.1460631
2472255892,106.6228677,-6.1351927
2472255893,106.6163801,-6.1352278
2472255894,106.623243,-6.1352316
2472255895,106.6223353,-6.1348277
2472255897,106.6233891,-6.1352945
2472255899,106.627579,-6.1353717
2472255900,106.6282288,-6.1353627
2472255902,106.6269543,-6.1353676
2472255903,106.6263505,-6.1353864
2472255904,106.6220438,-6.1354343
2472255908,106.6162433,-6.1356105
2472255911,106.6222597,-6.1357351
2472255912,106.625624,-6.1357352
2472255914,106.6226101,-6.1358417
2472255916,106.6224137,-6.1358532
2472255918,106.623187,-6.1361786
2472255919,106.622918,-6.1361594
2472255920,106.6228019,-6.1362025
2472255924,106.6130031,-6.137936
2472255927,106.6276623,-6.1388162
2472255929,106.6158453,-6.1390555
2472255931,106.6289476,-6.139504
2472255932,106.6283,-6.1394162
2472255934,106.6162071,-6.1393734
8434983371,106.6451347,-6.1542261
6563275214,106.6271957,-6.1544001
2472255952,106.6066597,-6.1410188
2472255953,106.6150725,-6.1412295
2472255954,106.6073003,-6.141323
8434983385,106.6458515,-6.1543301
8434983386,106.6458469,-6.1546775
2472255963,106.6130972,-6.1422272
2472255968,106.6139315,-6.1429722
2472255973,106.6136141,-6.1435059
7067902437,106.6192118,-6.207593
4302048537,106.6056354,-6.2025122
2472255976,106.6100139,-6.1438203
2472255977,106.6134337,-6.144003
2472255985,106.6190688,-6.1448419
2472255989,106.6174355,-6.1450259
2472255990,106.6093352,-6.1450377
2472255998,106.609747,-6.1452177
2472256000,106.6130353,-6.1453684
2472256002,106.6100809,-6.1452684
2472256004,106.6108721,-6.1454057
2472256006,106.6110951,-6.1455732
4302048545,106.6115614,-6.202619
7231742482,106.6378578,-6.1533567
4302048548,106.6069229,-6.2026312
2472256057,106.61371,-6.1489218
8487281225,106.6293997,-6.1714993
8487281229,106.629254,-6.171343
2472256084,106.614019,-6.149332
2472256096,106.6140341,-6.1501279
2472256102,106.6140182,-6.1503212
2472256105,106.6148157,-6.1503598
7804920432,106.635348,-6.1574669
7804920433,106.6352727,-6.1573017
4302048565,106.6068246,-6.202871
2472256117,106.6212737,-6.1499719
3010830970,106.5965611,-6.1603722
3010830972,106.5962381,-6.1624131
2472256124,106.6227215,-6.152078
2472256128,106.613632,-6.1519948
3010830977,106.5968403,-6.1628019
2472256135,106.6240056,-6.1529607
2472256137,106.6119839,-6.1534117
2472256145,106.627291,-6.1541568
4302048576,106.6051793,-6.2030412
4302048579,106.6055393,-6.2030712
8485184263,106.6531482,-6.1656831
10005488399,106.6306305,-6.1809684
7402005338,106.6300708,-6.1793217
8509301617,106.604066,-6.1979446
12142224259,106.6819099,-6.1413407
12142224260,106.6810253,-6.1412361
4302048620,106.6006865,-6.2034483
5441823630,106.625048,-6.1546053
5441823634,106.6253816,-6.15353
5441823639,106.6252723,-6.153498
5441823643,106.623445,-6.1556728
5441823645,106.6238876,-6.1552348
5441823647,106.6286793,-6.165209
5441823652,106.6284854,-6.1638472
5441823656,106.6302203,-6.1636619
4302048627,106.6150344,-6.2034526
5441823662,106.6295752,-6.1640863
5441823663,106.629444,-6.1641262
5441823664,106.6317827,-6.1568515
5441823669,106.6302692,-6.1557508
5441823670,106.6309799,-6.1556149
5441823673,106.632386,-6.1549577
5441823679,106.6204255,-6.1634649
5441823680,106.6263351,-6.1544567
5441823681,106.626097,-6.1555521
5441823693,106.628163,-6.1565288
5441823695,106.6254634,-6.1625924
5441823698,106.6273273,-6.1635131
5441823701,106.6290122,-6.1630074
5441823702,106.6241464,-6.1644703
5441823704,106.6263084,-6.1644862
5441823705,106.6187645,-6.1617503
5441823706,106.6192178,-6.1617663
5441823707,106.6205214,-6.1608342
8527782879,106.6305074,-6.2057123
5441823714,106.6220865,-6.1619756
12339356679,106.6694217,-6.174117
12339356684,106.6675206,-6.1755085
12339356685,106.6683074,-6.1748113
4302048648,106.6099689,-6.2035854
4302048658,106.6119311,-6.2036642
4302048659,106.6116553,-6.2036389
8488199275,106.6146735,-6.1578455
13070607496,106.6478455,-6.1713084
13070607498,106.6484657,-6.1708187
4302048677,106.5999937,-6.2037954
4302048681,106.5996479,-6.2038203
4302048683,106.6159938,-6.2037849
8997807304,106.6278804,-6.1473375
4302048684,106.6146857,-6.2037997
9168856266,106.6586596,-6.163271
4302048685,106.6143824,-6.2038028
12748301522,106.632818,-6.139318
9657885922,106.6328602,-6.1805929
12173681907,106.6588755,-6.1884152
12173681909,106.6590612,-6.1884807
12173681910,106.6590611,-6.1884137
8523982083,106.6234705,-6.1914406
8523982084,106.6249765,-6.1915419
8523982085,106.6243713,-6.1914348
8548230408,106.6658507,-6.1845035
8548230409,106.6658109,-6.1846732
8548230410,106.6659124,-6.1846928
12180628762,106.6684425,-6.1926499
13675242827,106.6386954,-6.1749948
13675242828,106.6386716,-6.1749588
13675242833,106.6385534,-6.1749648
13675242834,106.6393208,-6.1749428
13675242835,106.6393371,-6.1749
13675242840,106.6394498,-6.1748933
13675242841,106.6394675,-6.1749334
13675242842,106.6385366,-6.1750041
4302048719,106.6150467,-6.2040996
11104003452,106.6632638,-6.1386326
11104003469,106.6661337,-6.1385853
11104003476,106.6645664,-6.1402567
11104003486,106.665604,-6.1403614
8505894310,106.6502269,-6.2093349
7229646253,106.5945724,-6.1542334
9642681782,106.6260736,-6.1694917
7229646299,106.5954116,-6.1589405
5441824221,106.6243315,-6.1625796
5441824222,106.6263192,-6.1626089
5441824223,106.6234423,-6.1644569
4302048739,106.6050505,-6.2042989
6917170657,106.6603337,-6.1751116
6917170656,106.6595554,-6.1753151
5441824232,106.6229998,-6.1618058
5441824236,106.6304684,-6.1573075
11046200814,106.5863065,-6.2098608
5441824242,106.6283481,-6.1547594
7229646332,106.5937288,-6.1572784
5441824258,106.6228777,-6.1592515
5441824266,106.6215126,-6.1600559
5441824267,106.6307527,-6.1545354
5441824277,106.6296,-6.1541181
9684493846,106.6316681,-6.1659895
5441824282,106.6295584,-6.1549914
5441824283,106.6278626,-6.1547267
7226500643,106.6213536,-6.1603782
7226500644,106.6213488,-6.1600819
5441824293,106.6280219,-6.1550214
5441824295,106.6277184,-6.1550411
5441824297,106.6276688,-6.1552308
5441824299,106.6280175,-6.1552514
5441824301,106.6283675,-6.1552888
5441824302,106.6275528,-6.1606062
13797926445,106.6653084,-6.1801787
5441824304,106.6294545,-6.1606976
5441824306,106.6277001,-6.1609627
5441824308,106.6277017,-6.1607996
5441824311,106.6274247,-6.1602938
5441824313,106.6284219,-6.1595523
5441824318,106.6257758,-6.1600995
8552293985,106.6813455,-6.1860474
8552293990,106.6795265,-6.1881081
4302048769,106.60025,-6.2046982
6919530113,106.607825,-6.1959403
10064602771,106.650214,-6.1547499
12212636377,106.6810529,-6.1614727
10064602772,106.6576453,-6.153295
10064602775,106.6595723,-6.1543312
12180367000,106.6644089,-6.1909008
12212636378,106.6810641,-6.1616488
12212636379,106.6771208,-6.1634592
5441824425,106.6262513,-6.1591065
5441824430,106.6259716,-6.1583362
5441824432,106.6260561,-6.1585128
12212636385,106.6767827,-6.1638317
5441824447,106.6255358,-6.1604402
5441824453,106.6242021,-6.1557194
9989525009,106.6801528,-6.1745612
5441824455,106.621962,-6.1553938
5441824459,106.6220744,-6.1557994
5441824466,106.6216332,-6.1566315
5441824474,106.6209465,-6.1576248
5441824477,106.6206612,-6.1584068
8505894625,106.6496905,-6.2086339
8505894626,106.6497816,-6.2094356
8505894628,106.6494443,-6.2094509
5441824484,106.6205748,-6.1600795
5441824486,106.6278086,-6.1626979
5441824485,106.6283253,-6.1624943
5441824487,106.628943,-6.1628502
5441824497,106.6279433,-6.1612844
5441824498,106.632502,-6.1508819
7795222269,106.6178854,-6.2006163
7795222274,106.6163523,-6.2003981
5441824516,106.6248632,-6.1603135
4302048798,106.6046521,-6.2049829
7238166286,106.6528714,-6.1663971
5441824528,106.6246339,-6.1563868
5441824530,106.6236321,-6.1548534
7238166298,106.6503991,-6.1676716
7238166308,106.6540984,-6.1655283
5441824549,106.6320153,-6.1600282
5441824555,106.6325367,-6.1606255
4302048806,106.6034765,-6.2050578
5441824564,106.629655,-6.1567181
5441824565,106.6299054,-6.1592098
5441824569,106.6300047,-6.1590562
5441824574,106.6300794,-6.1580115
5441824575,106.6299494,-6.1602795
5441824583,106.6287544,-6.1592689
5441824584,106.6288369,-6.1590002
5441824589,106.6297683,-6.1577435
5441824590,106.6300312,-6.1573421
5441824591,106.6300902,-6.1572595
5441824592,106.627882,-6.1578508
4302048812,106.6079404,-6.2050895
5441824599,106.6293157,-6.1566108
5441824605,106.628162,-6.1564138
5441824606,106.6280812,-6.1562201
5441824607,106.6283581,-6.1554241
8484792163,106.6351046,-6.1548967
5441824613,106.6270646,-6.1560661
8484792167,106.6344682,-6.1549509
9252480879,106.6891106,-6.1643575
4302048819,106.6170442,-6.2053525
4302048821,106.6049733,-6.2051819
7238035333,106.6569129,-6.1700476
8482695090,106.6348819,-6.1600835
11957807027,106.6686014,-6.1818253
4302048835,106.6096463,-6.2053228
5623883721,106.6170768,-6.1910476
5623883722,106.6174918,-6.1888007
5623883723,106.6175546,-6.188579
5623883724,106.6117311,-6.1882734
5623883725,106.6117197,-6.1879967
4302048847,106.6047745,-6.2054436
9168857120,106.6508894,-6.1656636
5441824821,106.6253963,-6.1549187
5441824823,106.6255901,-6.1542587
5441824827,106.6245701,-6.1539821
5441824828,106.6243744,-6.153796
5441824829,106.6240891,-6.1530157
5441824831,106.6238668,-6.1533494
5441824837,106.6215038,-6.1541021
3010832462,106.5981683,-6.1608
3010832465,106.5983299,-6.1617806
8523851905,106.6262653,-6.1898587
8523851906,106.6259969,-6.1897438
4302048877,106.6045622,-6.2057662
8498686104,106.5856433,-6.1473858
7129114784,106.6384109,-6.1843965
8498686112,106.5860874,-6.1463189
8495671459,106.6127839,-6.1872061
8495671461,106.6126424,-6.1872427
4302048894,106.6040158,-6.2059202
4302048904,106.5987868,-6.2060178
8484661542,106.6622177,-6.1490367
8484661544,106.662242,-6.1486086
7134488886,106.6300877,-6.2089975
4302048911,106.605788,-6.2061427
4302048918,106.6078698,-6.2062093
4302048919,106.6108015,-6.2062257
4302048926,106.6067348,-6.2063587
8788093325,106.5859371,-6.1813183
13113469332,106.6651776,-6.163217
13113469343,106.6651902,-6.1623469
4302048939,106.5994239,-6.2063255
10063686097,106.6788232,-6.1454115
8509958631,106.6321704,-6.1373276
8509958632,106.6322049,-6.1365319
8523852283,106.6788906,-6.178854
7320349180,106.6494084,-6.172385
7320349181,106.6492218,-6.1718305
8523852284,106.6788326,-6.1790783
4302048953,106.6106228,-6.2065095
4302048958,106.6150676,-6.2065634
11100990012,106.590539,-6.1574248
7128984140,106.6614593,-6.1851194
8488856140,106.5973873,-6.1841755
8555702863,106.6588512,-6.1847047
4302048979,106.6069247,-6.2067001
8536304322,106.6709255,-6.163463
8536304325,106.6706613,-6.1639023
8536304335,106.6709187,-6.1637262
8536304336,106.6709295,-6.1633086
4302048991,106.598401,-6.2068327
8776428268,106.6756043,-6.1872974
8776428272,106.6812922,-6.1879621
11363920649,106.6367621,-6.1551544
10038258451,106.59912,-6.1682596
10038258452,106.5989276,-6.167871
10038258453,106.5978406,-6.1682483
9976654612,106.6319563,-6.1844338
9976654613,106.6325802,-6.1842798
4302049005,106.6062862,-6.2069628
8485317402,106.6275796,-6.1725317
8485317404,106.6272086,-6.1725196
8485317414,106.6272008,-6.172827
4302049008,106.6003029,-6.2069407
6919531332,106.6563533,-6.1913041
6919531333,106.65992,-6.1907333
6919531335,106.6595409,-6.1939215
6919531337,106.6579576,-6.1938252
6919531338,106.6594952,-6.1941327
6919531339,106.6602502,-6.1934622
9784634188,106.6513365,-6.1525307
9784634187,106.6518687,-6.1524799
4302049016,106.5994396,-6.2070179
9065442162,106.6821413,-6.2032036
9065442163,106.6818667,-6.2031547
4302049024,106.6112262,-6.2070551
8509041589,106.6330434,-6.1779158
8509041590,106.6330191,-6.1774263
7912926166,106.6485122,-6.2082771
9157192664,106.6442682,-6.1614496
9157192665,106.6442697,-6.1617053
12681587678,106.6767686,-6.1370985
4302049046,106.6121849,-6.207303
12681587689,106.6798867,-6.1494726
4302049047,106.5974973,-6.2073491
11104005111,106.6623992,-6.1381767
7131474941,106.6838624,-6.1719578
10921159686,106.6171434,-6.1849782
10921159687,106.6169031,-6.1849448
10921159688,106.6169782,-6.1838608
4302049053,106.598415,-6.2073728
10921159694,106.6171422,-6.1846225
10921159697,106.6171693,-6.1844572
10921159698,106.6172233,-6.184466
10921159699,106.6182053,-6.1855195
4302049055,106.5994436,-6.2073847
13070085141,106.6654768,-6.1604949
13070085142,106.665695,-6.1611029
6919400478,106.599613,-6.2051847
8552295479,106.6319409,-6.1458831
8552295481,106.6318389,-6.1463351
4302049067,106.6014776,-6.207456
8495934551,106.6257678,-6.1676241
8482696288,106.6686952,-6.1497926
8482696291,106.6687048,-6.1501519
8482696292,106.6688061,-6.1495596
8482696296,106.668435,-6.1504513
8482696297,106.6684591,-6.1501514
8482696298,106.6684189,-6.1499379
8482696299,106.6680729,-6.1503559
8482696308,106.6684136,-6.1501539
8482696312,106.6689634,-6.1501886
11953089669,106.6824029,-6.1832379
4302049079,106.6099313,-6.2076333
4302049082,106.6013543,-6.2076757
8484662429,106.6373764,-6.1544621
8484662438,106.6375174,-6.1554599
7641965547,106.6861009,-6.1383547
4302049094,106.5984032,-6.2077633
7641965554,106.6861993,-6.138372
6919400670,106.6001458,-6.1900994
6919400671,106.6000667,-6.1907354
6919400672,106.6009186,-6.1941951
6919400673,106.6005296,-6.1941152
6919400674,106.6003161,-6.1951604
8775773419,106.6837781,-6.1843953
8775773420,106.6840401,-6.1844902
8484793613,106.6599415,-6.1458271
4302049106,106.615076,-6.2078
4302049108,106.6028416,-6.2076571
4302049125,106.6109722,-6.2080197
7229386108,106.6275612,-6.1565001
7232269700,106.6303642,-6.1711876
8482696586,106.6584373,-6.1389842
7232269718,106.6541209,-6.1886037
4302049132,106.6049736,-6.2080942
4302049136,106.61508,-6.208127
5455588793,106.6320636,-6.1812303
8552164797,106.6789178,-6.15342
8552164806,106.6786045,-6.1543132
5455588807,106.6319939,-6.1814713
5455588808,106.6320719,-6.1810955
5455588815,106.641619,-6.1854847
5455588817,106.6416521,-6.1857751
5455588819,106.6424779,-6.1856976
10805947866,106.6402081,-6.2054525
6320795103,106.6759029,-6.2088576
1709474303,106.6792594,-6.2081299
3660688924,106.5953402,-6.1734609
9192451619,106.6289792,-6.2080476
9192451620,106.6288278,-6.2080642
6320795173,106.6711487,-6.2095612
8785473063,106.6314218,-6.1535311
9192451624,106.6286261,-6.2081163
8785473067,106.6312073,-6.152946
4302049162,106.6095613,-6.2083129
4302049163,106.6053284,-6.2083195
8499342910,106.6736758,-6.1348366
4302049167,106.5948176,-6.2083775
7238037097,106.6406305,-6.1620706
7238168187,106.6847089,-6.179821
7238168188,106.6813065,-6.1830389
3660689025,106.5956592,-6.173487
3660689026,106.5965638,-6.1736055
3660689027,106.5953031,-6.1737058
3660689028,106.5956209,-6.1737432
3660689029,106.5965375,-6.1738509
7238037125,106.640927,-6.1650363
7238037129,106.6396851,-6.1613862
8503930507,106.6730148,-6.1375995
8503930511,106.6726553,-6.1374554
9119444623,106.640654,-6.2036712
12197539475,106.6791164,-6.2064504
8503930516,106.6656287,-6.1372693
12197539477,106.6788722,-6.2066665
12197539478,106.678899,-6.2063998
4302049183,106.6127204,-6.2086384
9119444634,106.6331172,-6.1969509
6926872228,106.6048393,-6.197355
4302049191,106.5960712,-6.2085279
7287058130,106.6149019,-6.2006899
8482434770,106.6415834,-6.2076261
12508573401,106.5907717,-6.1787649
8943021790,106.6259897,-6.1759763
8943021792,106.6263148,-6.1758892
8788094695,106.6654336,-6.1835965
7139733227,106.6594577,-6.1865734
7139733228,106.6599142,-6.186808
7139733229,106.6614972,-6.1873917
8485842667,106.6180055,-6.1723883
8485842675,106.6177189,-6.1723833
8485842676,106.6181141,-6.1719703
8485842679,106.6177335,-6.1719543
8482697008,106.6338775,-6.1601689
8482697015,106.633576,-6.1604678
3010834253,106.5971137,-6.1631158
3010834254,106.5978415,-6.1632363
8484532058,106.6623639,-6.1480445
4302049225,106.5957078,-6.2088201
9987403636,106.6040441,-6.1844668
9987403637,106.6045589,-6.1844782
9987403640,106.6043776,-6.1851017
8553213833,106.6616692,-6.1781983
3010834359,106.5974587,-6.1631711
3010834360,106.5977493,-6.1634294
11363659705,106.6296162,-6.1546365
11363659704,106.6293908,-6.1545727
9109745637,106.5918307,-6.1585615
8523329540,106.5868905,-6.143851
8523329541,106.58636,-6.1437962
11083296779,106.6570993,-6.170738
11083296780,106.6573873,-6.1707313
12201996311,106.6603958,-6.1549255
12201996312,106.660603,-6.1557368
12201996315,106.6603858,-6.1548032
6917304357,106.6777272,-6.1803184
6917304358,106.6772872,-6.1801906
6917304359,106.677321,-6.175246
6917304360,106.6783595,-6.1741352
6917304362,106.6774243,-6.1747887
8811425836,106.5850445,-6.1519653
13104820271,106.6752761,-6.1605095
13104820273,106.6747047,-6.1605636
6555414580,106.6745646,-6.2067132
13104820277,106.6751628,-6.1606407
6555414582,106.6850419,-6.2028627
13104820279,106.6750279,-6.1605462
13104820280,106.6751758,-6.1608365
8811425860,106.5917386,-6.2082397
12184170597,106.684936,-6.1794703
12184170598,106.684955,-6.1792108
7064891495,106.6150205,-6.2006721
7064891499,106.6147439,-6.2001502
8548102253,106.6184682,-6.1418469
7064891501,106.6150234,-6.2007111
4302049278,106.6019874,-6.2093552
8787964051,106.6109955,-6.1836195
8787964052,106.6109727,-6.1834156
8547446944,106.6116789,-6.1458406
2958799068,106.5842139,-6.1729811
2958799069,106.5853331,-6.1728095
2958799071,106.5853753,-6.1730621
6919663850,106.6096383,-6.2054999
6919663851,106.6089534,-6.2053617
8239427824,106.6508216,-6.2057679
7128985855,106.6352692,-6.1667776
8488988962,106.6281212,-6.1767789
8488988963,106.6277727,-6.176717
8487153986,106.6338252,-6.1657583
8487153987,106.6335764,-6.1658444
12508574022,106.5906557,-6.1785103
8798318957,106.6214266,-6.1851575
8776561021,106.6808396,-6.1717643
10042978775,106.6113135,-6.1715141
10042978776,106.6112435,-6.1711055
10042978777,106.6126022,-6.1709247
10042978778,106.6126006,-6.1708781
10042978780,106.611253,-6.171149
10042978781,106.6112266,-6.1710399
10042978782,106.6103057,-6.1711832
10042978783,106.6103478,-6.171369
10042978784,106.6106036,-6.1711079
10042978785,106.6106269,-6.171218
10042978786,106.6103199,-6.1712449
10042978787,106.6102937,-6.1711303
10042978789,106.6093652,-6.1710299
10042978790,106.6093771,-6.1712053
10042978791,106.609181,-6.1706837
10042978793,106.6091621,-6.1712213
12201996804,106.6823255,-6.2072004
12201996808,106.682217,-6.206976
12201996810,106.6830644,-6.2049633
8556622355,106.6560574,-6.1713635
8434725416,106.6400315,-6.1607294
8498688578,106.5879098,-6.1475658
8484794975,106.6634649,-6.15187
8484794987,106.6634351,-6.1509195
6091158148,106.6153941,-6.1990312
6091158149,106.6150915,-6.1990322
6091158150,106.6147551,-6.1990348
8461071020,106.6813527,-6.1350781
8548233903,106.6838602,-6.1909375
8485843667,106.6505735,-6.1679036
7232139995,106.6308244,-6.1782323
7232140000,106.6321535,-6.170553
8785343217,106.6637894,-6.13834
7132394242,106.6498933,-6.1928868
7132394243,106.6499084,-6.1926803
8461071110,106.6741033,-6.1356499
7132394248,106.6514193,-6.1915522
7132394249,106.6515356,-6.1916434
7132394250,106.6518891,-6.1916664
8461071116,106.6736761,-6.1355652
8461071117,106.674026,-6.136351
8461071118,106.6740576,-6.1359845
7232140047,106.6300094,-6.1702873
8461071119,106.6742051,-6.1373459
7229649694,106.6572288,-6.2061699
12180501288,106.667192,-6.1919253
12212298348,106.656581,-6.1467778
10798740291,106.5965093,-6.1350424
5455590224,106.6389362,-6.1860173
5455590225,106.6403385,-6.1751586
8484795227,106.6358432,-6.1537827
8484795228,106.6358918,-6.1542556
8484795229,106.635632,-6.153803
8484795230,106.6356759,-6.1542607
8785474396,106.6283521,-6.2069491
5455590241,106.6398672,-6.1759844
6317781869,106.6737113,-6.17761
5455590257,106.6405671,-6.1758553
5455590258,106.6386571,-6.1756996
5455590261,106.6380919,-6.1759022
5455590262,106.642087,-6.1757517
5455590268,106.6332032,-6.1830016
5455590271,106.6330747,-6.1816698
5455590278,106.6341618,-6.1857154
6919533452,106.6070694,-6.1976092
5455590284,106.6375086,-6.1859515
6919533454,106.6070718,-6.1976896
5455590286,106.6375038,-6.1854577
5455590287,106.6376204,-6.184657
5455590289,106.6363652,-6.1854728
5455590290,106.6381388,-6.1843561
6919533453,106.6074248,-6.1976457
5455590291,106.6377466,-6.1846595
5455590294,106.6370392,-6.1846792
5455590295,106.6370612,-6.1854621
5455590296,106.6370302,-6.1843467
5455590297,106.642195,-6.1778916
5455590298,106.6425685,-6.1786769
8775775126,106.6833964,-6.1849196
8523068310,106.5907381,-6.1417175
5455590301,106.6422191,-6.1778903
5455590303,106.6420206,-6.179041
5455590304,106.6421427,-6.1801443
5455590305,106.6420006,-6.1801475
5455590307,106.642081,-6.1778863
5455590309,106.6396441,-6.180424
5455590313,106.6395887,-6.1798408
5455590315,106.6392264,-6.1797683
5455590316,106.6392148,-6.1796122
8789144494,106.6648201,-6.1834227
5455590321,106.6393042,-6.1798519
5455590324,106.6392606,-6.1804146
7221523384,106.6279403,-6.1432836
5455590331,106.6402487,-6.1794432
5455590332,106.6413251,-6.1758342
5455590333,106.6413205,-6.175745
5455590334,106.6419776,-6.1757514
5455590335,106.6419745,-6.1756505
5455590336,106.6418307,-6.1757603
5455590337,106.6418207,-6.1756736
5455590338,106.6414293,-6.1758192
5455590339,106.6414214,-6.1757299
8789144509,106.6646209,-6.1837371
5455590346,106.642283,-6.1756073
5455590347,106.644379,-6.1752341
5455590349,106.6430674,-6.1754337
5455590352,106.6422406,-6.1757236
5455590353,106.6422138,-6.1757343
5455590359,106.6344454,-6.1856968
5455590364,106.6347759,-6.1867048
7133443039,106.6810047,-6.1775391
5455590368,106.6333611,-6.1860155
5455590370,106.6346636,-6.1850049
5455590371,106.6335775,-6.1850744
5455590372,106.6310008,-6.1856579
7133443043,106.6813369,-6.1769943
7133443044,106.6813377,-6.1767756
7133443045,106.6813751,-6.1765534
5455590378,106.6315693,-6.1855263
5455590379,106.6324431,-6.1854415
12195050474,106.6489101,-6.1572161
5455590386,106.6315643,-6.1854826
5455590387,106.6310095,-6.1849835
11100730361,106.5981263,-6.1652049
5455590393,106.6320851,-6.1847128
5455590394,106.6312918,-6.1847768
5455590400,106.6318081,-6.1841395
5455590401,106.6310657,-6.1840944
5455590403,106.6315843,-6.1836476
5455590406,106.6316082,-6.1866587
6320796679,106.6829558,-6.2055485
11946931209,106.5965867,-6.1695737
5455590410,106.6322292,-6.1858007
5455590411,106.6325622,-6.1855168
6320796684,106.6803144,-6.2044555
5455590413,106.6421887,-6.1836622
5455590412,106.6429251,-6.1837099
5455590415,106.6421818,-6.1833288
5455590417,106.642178,-6.1830002
5455590418,106.642176,-6.1826662
5455590420,106.6421761,-6.1823489
5455590424,106.6421857,-6.1820276
5455590425,106.6432859,-6.1817982
5455590428,106.641678,-6.1849847
5455590429,106.6416693,-6.1841993
5455590430,106.6413554,-6.1850307
5455590431,106.641342,-6.1842018
5455590432,106.6410306,-6.1850768
5455590433,106.6410309,-6.1842041
5455590434,106.640704,-6.1851272
5455590435,106.6406956,-6.1842066
5455590436,106.6396879,-6.1853019
5455590437,106.6396952,-6.1844062
5455590438,106.6396951,-6.1835487
5455590439,106.6393647,-6.1853964
5455590440,106.639376,-6.1844088
5455590441,106.639376,-6.1835468
5455590442,106.6390491,-6.1844088
5455590443,106.6400185,-6.1844062
5455590444,106.6403665,-6.1844169
5455590445,106.6400303,-6.1852042
5455590446,106.6400224,-6.1835507
5455590447,106.6390433,-6.1835462
5455590449,106.6403679,-6.1842057
9750819889,106.5922261,-6.2037162
5455590451,106.6403681,-6.1835546
5455590453,106.6411623,-6.1814289
5455590454,106.6406876,-6.1822229
5455590455,106.6406903,-6.1815721
5455590456,106.6413233,-6.1822296
5455590457,106.6413171,-6.1816291
5455590458,106.6410013,-6.1822262
5455590459,106.6410047,-6.1815989
5455590460,106.6416302,-6.1825515
5455590461,106.6403654,-6.1825469
5455590462,106.6416314,-6.1822329
5455590463,106.640368,-6.1822195
5455590464,106.6400305,-6.1828706
5455590465,106.6400202,-6.1815083
5455590466,106.6416343,-6.1832133
5455590467,106.6416364,-6.1828842
5455590468,106.6403604,-6.1828749
5455590469,106.6390464,-6.1828721
5455590470,106.6397173,-6.1828629
5455590471,106.6397067,-6.1814765
5455590472,106.6396127,-6.1792929
5455590476,106.6399026,-6.1785862
5455590477,106.6405528,-6.1791303
5455590479,106.6407171,-6.1789316
8484664399,106.6646142,-6.1456897
5455590482,106.6406399,-6.178451
5455590484,106.6400225,-6.1785259
5455590485,106.6399477,-6.1785806
5455590486,106.6405293,-6.1782966
6320010327,106.6141024,-6.1799097
6320010328,106.6141156,-6.1795157
5455590491,106.6400072,-6.1783548
5455590492,106.639309,-6.1792289
5455590493,106.6393345,-6.1790133
5455590494,106.6392653,-6.1790196
6320010333,106.6130269,-6.1803994
5455590499,106.6398157,-6.1785507
6320010340,106.6107863,-6.1779423
6320010341,106.6104351,-6.1779154
6320010342,106.6081966,-6.1829369
5455590502,106.6397885,-6.1783827
5455590504,106.6398053,-6.1778741
5455590500,106.6391641,-6.1784009
5455590506,106.6387906,-6.1797709
5455590505,106.6387829,-6.1804054
6320010348,106.6075578,-6.1829516
5455590509,106.6410748,-6.1793042
5455590510,106.6384496,-6.1803996
6320010351,106.6066034,-6.1852328
5455590512,106.6417283,-6.1814822
6320010350,106.6069575,-6.1851021
6320796787,106.680118,-6.2053545
5455590515,106.6412026,-6.1804662
5455590517,106.6419932,-6.1804036
5455590518,106.642081,-6.1777556
5455590519,106.6421869,-6.1777596
5455590520,106.6419643,-6.1814729
6320010366,106.6075167,-6.1795343
5455590527,106.6414198,-6.177737
5455590531,106.6421065,-6.1763716
5455590532,106.642254,-6.176353
5455590537,106.639212,-6.1779611
7229518985,106.6471208,-6.2095703
5455590538,106.6391108,-6.1767223
5455590539,106.6419636,-6.1762556
6320010380,106.6051175,-6.1874417
5455590542,106.6381098,-6.1769016
6320010379,106.6050775,-6.1872188
8549938317,106.6509779,-6.1508046
5455590549,106.6380635,-6.176586
5455590550,106.6323461,-6.1853206
5455590562,106.6365418,-6.1757703
5455590564,106.6360953,-6.1757758
5455590565,106.6325705,-6.1808228
5455590566,106.6320615,-6.1807916
5455590570,106.6343595,-6.1825996
5455590572,106.6334376,-6.1826862
5455590573,106.6343283,-6.1832175
5455590575,106.6334551,-6.1833526
5455590577,106.6366416,-6.1814106
5455590578,106.6372212,-6.1837029
5455590580,106.6369221,-6.1809689
5455590581,106.6363043,-6.1809817
5455590582,106.6383129,-6.1819156
5455590583,106.6377081,-6.181923
5455590584,106.6383177,-6.1815689
5455590585,106.6377267,-6.1815569
5455590586,106.6382978,-6.1830274
5455590587,106.6376806,-6.183007
5455590588,106.6383026,-6.1826716
5455590589,106.6376973,-6.1826674
5455590590,106.6372287,-6.1831962
5455590592,106.6372925,-6.1823279
8485844160,106.6742501,-6.1488627
5455590594,106.6372996,-6.1812738
5455590595,106.6366209,-6.1831741
8485844161,106.674006,-6.1488352
5455590598,106.6366462,-6.182328
5455590599,106.6356283,-6.1831553
5455590600,106.6383228,-6.1811916
8485844169,106.6741924,-6.1491432
8485844167,106.6742715,-6.1491005
5455590603,106.6369315,-6.1813312
8485844171,106.6738705,-6.1490939
5455590605,106.6359245,-6.1815328
5455590606,106.6356102,-6.1815665
5455590604,106.6362903,-6.1814898
5455590608,106.6353057,-6.1816047
6320796880,106.6845155,-6.2103736
5455590610,106.6348552,-6.1817178
5455590613,106.6359294,-6.1823156
5455590615,106.6359427,-6.1804882
5455590616,106.6356135,-6.182332
5455590618,106.6355989,-6.1804787
5455590619,106.6333817,-6.1795342
5455590622,106.6344355,-6.1794536
5455590623,106.6343787,-6.1815295
5455590625,106.6343704,-6.1820235
5455590627,106.6334654,-6.1821264
5455590628,106.6343543,-6.1828382
5455590630,106.6343292,-6.18351
5455590633,106.6334799,-6.1836193
9059677418,106.674466,-6.1535467
9059677419,106.6748233,-6.1533563
9059677420,106.675163,-6.1574865
5455590634,106.6343192,-6.1839275
5455590638,106.6335361,-6.1844955
9059677417,106.66999,-6.1549207
6917305585,106.6741769,-6.1757501
6917305586,106.6765145,-6.174127
5455590643,106.6318256,-6.1841675
6917305588,106.6732494,-6.17575
6917305589,106.6739675,-6.1757001
6917305587,106.6741634,-6.1739865
6917305591,106.6762467,-6.1737449
6917305590,106.6760785,-6.1736283
5455590642,106.6328097,-6.1839875
5455590650,106.6335113,-6.184033
5455590649,106.6329199,-6.1840735
5455590652,106.6328364,-6.1830484
5455590655,106.6327753,-6.1817013
5455590657,106.6328344,-6.1811819
5455590658,106.6334545,-6.1816294
5455590661,106.6328434,-6.1816916
5455590664,106.6322795,-6.1817508
5455590665,106.6334247,-6.1829635
5455590667,106.6324893,-6.1830927
5455590668,106.632579,-6.1836493
5455590670,106.6325048,-6.1832222
9994351890,106.6472349,-6.1635893
9994351891,106.6469663,-6.1635939
5455590680,106.6322145,-6.1812365
5455590681,106.6333794,-6.1797529
9109878041,106.6202921,-6.1802396
9109878043,106.6157746,-6.1865961
5455590684,106.6325188,-6.1799025
9109878042,106.6163506,-6.1865241
5455590687,106.6324994,-6.1787527
5455590693,106.6379404,-6.1762994
5455590697,106.6327286,-6.1766196
5455590699,106.631773,-6.176587
8503145813,106.6055198,-6.1478218
7238169989,106.6469023,-6.1797681
7238169991,106.6474013,-6.1806679
9005806997,106.5970474,-6.2053509
9005806998,106.5967436,-6.2053612
9005806999,106.5967557,-6.2055425
9005807001,106.5970361,-6.2051728
8484533679,106.6358207,-6.1560568
8484533680,106.6358076,-6.1556279
8977102257,106.6354175,-6.1548114
8977102256,106.6359401,-6.1547794
6919402933,106.6000263,-6.1962122
6919402934,106.6006104,-6.1962674
8483091934,106.6770885,-6.172645
8483091941,106.6779702,-6.1727409
6547944955,106.5909916,-6.1923966
6547944957,106.5910998,-6.1920528
6547944964,106.5850264,-6.1820715
6547944965,106.5845307,-6.1820737
9657759265,106.6656214,-6.1882674
8505767480,106.6522365,-6.207732
8505767489,106.6523257,-6.2076291
8505767491,106.6517973,-6.2079757
11199428175,106.6474655,-6.1722949
6927791706,106.6540638,-6.1997495
6728824465,106.6794381,-6.1603302
8552298149,106.667239,-6.175583
8776431277,106.6837732,-6.1750996
7131477681,106.6486873,-6.1830982
8776431281,106.6840801,-6.1751795
10266851008,106.6099071,-6.1768123
8523986655,106.6254795,-6.1944111
8523986667,106.6243036,-6.1942123
8536700670,106.6586934,-6.1605182
11058001665,106.5896615,-6.1683966
8509306661,106.6066396,-6.196783
12040779558,106.6130561,-6.1820942
8485320519,106.6688446,-6.1483193
8485320520,106.6685812,-6.1482472
8487810893,106.6516733,-6.1789652
11169281949,106.6783679,-6.1829695
11169281950,106.6783858,-6.1830259
8482699184,106.6310705,-6.1618556
8482699185,106.6307805,-6.1620406
5442222011,106.5903131,-6.1921712
11039913917,106.6304478,-6.1597868
11039913918,106.630508,-6.1598641
5442222016,106.5895596,-6.1818502
6320273345,106.6786757,-6.1595602
6320273348,106.6794142,-6.1600946
6320273356,106.6750969,-6.1646336
6320273357,106.6752257,-6.1643976
6320273362,106.6715853,-6.1633769
6320273366,106.6729519,-6.1559741
6320273377,106.6775653,-6.1683003
7237777384,106.6381915,-6.1977014
8483092457,106.6802301,-6.1727463
8483092466,106.6796414,-6.1725624
8483092467,106.6801127,-6.1721003
8483092468,106.6803377,-6.1721076
12497696762,106.6647899,-6.170273
8555706413,106.684366,-6.1826262
13276919856,106.6621667,-6.15195
6531954743,106.5872312,-6.1491836
2026092599,106.6820455,-6.1711443
2026092601,106.6798341,-6.1711659
2026092614,106.6792729,-6.171669
2026092625,106.6841916,-6.1724136
2026092633,106.6843115,-6.1725882
8523069534,106.5920025,-6.140735
11366283359,106.6351421,-6.1571341
11366283360,106.6351823,-6.1573572
9134258288,106.5920806,-6.1767963
8787966071,106.6071747,-6.1806849
2026092665,106.6845324,-6.1738413
2026092672,106.6846826,-6.1743037
9657759874,106.6648347,-6.1868942
2026092683,106.6786756,-6.1742191
12157958301,106.672217,-6.1442164
12157958302,106.672746,-6.1439647
2026092739,106.6847607,-6.1745087
7131740358,106.6849611,-6.1743279
7131740359,106.6849681,-6.1744372
7131740364,106.6847993,-6.1746222
7131740371,106.6838899,-6.1727397
7131740372,106.6843409,-6.1727496
2026092770,106.6852245,-6.1759895
8502360300,106.654851,-6.1830502
12157958401,106.6726446,-6.1442473
2026092811,106.6778659,-6.1776176
12138559834,106.6841283,-6.1483336
12138559835,106.6842003,-6.149123
8487287149,106.638002,-6.169573
10058971530,106.6351636,-6.1515653
10058971531,106.6378276,-6.1519754
2026092940,106.6766715,-6.182738
10058971532,106.6396965,-6.15253
10058971535,106.642941,-6.1596044
10058971536,106.6431267,-6.1597542
9785162142,106.6258178,-6.1458575
8549939621,106.645482,-6.151418
2026092971,106.6810436,-6.1850059
7221655980,106.6650169,-6.2028471
2026093007,106.6822708,-6.1859847
8789408213,106.6350935,-6.1950494
2026093025,106.6832365,-6.186257
318880241,106.6289943,-6.1693014
2026093041,106.6825653,-6.1866102
8523069945,106.6316056,-6.2090186
8523069946,106.6315492,-6.209196
2026093055,106.6762905,-6.1881722
2026093059,106.6848919,-6.1887586
318880268,106.6304282,-6.1733687
2026093070,106.6759318,-6.1901833
318880271,106.6298562,-6.1717741
318880278,106.6300702,-6.1715268
318880283,106.6315019,-6.1719168
8811428380,106.5922626,-6.2090485
5442222621,106.5891458,-6.1916778
318880288,106.6312591,-6.1722716
318880293,106.6310223,-6.1725973
8794126888,106.6238721,-6.2088616
318880299,106.6322866,-6.1708769
318880307,106.6320863,-6.1711386
12739394099,106.6219403,-6.1344531
7050476089,106.6127832,-6.2080984
318880313,106.6317543,-6.1715755
318880319,106.6306957,-6.1730503
318880321,106.6313991,-6.1732897
318880323,106.6324908,-6.173637
318880325,106.6333357,-6.1739063
318880327,106.6337432,-6.1740516
318880330,106.6342074,-6.1740783
318880332,106.6347841,-6.1740943
11363924561,106.6373802,-6.1547101
318880342,106.6327334,-6.1728277
318880344,106.6335957,-6.1730343
318880347,106.6340108,-6.1731097
8496593499,106.61748,-6.1885661
318880349,106.6343495,-6.1731742
8488991324,106.6055467,-6.1838217
8488991323,106.6050048,-6.1838275
318880352,106.6348952,-6.1732289
8496593500,106.6175294,-6.188242
318880364,106.6349502,-6.172793
318880371,106.6324023,-6.1707111
318880373,106.6332639,-6.1712526
11976817273,106.63862,-6.1971962
7711341186,106.6012642,-6.1709531
7711341190,106.6014482,-6.1705053
7711341191,106.601353,-6.1705669
7711341192,106.6013959,-6.170419
8804219527,106.6015246,-6.166593
7711341198,106.6013704,-6.170953
318880398,106.6372087,-6.1716022
318880409,106.6355766,-6.169201
11481234078,106.5938924,-6.1515273
318880415,106.6350692,-6.1720182
11481234082,106.5939711,-6.1519816
318880420,106.6350248,-6.1722708
318880425,106.6347699,-6.1748767
318880430,106.6347582,-6.1754826
10304469685,106.6444236,-6.1728489
10304469686,106.6443841,-6.1723776
10304469687,106.6443429,-6.17197
8804219574,106.599977,-6.169677
318880441,106.6320825,-6.1752303
318880443,106.6318285,-6.1763922
8776432317,106.6757387,-6.1854788
8776432318,106.6757757,-6.1853017
318880448,106.6329016,-6.1754596
318880451,106.6327525,-6.176442
318880459,106.6341911,-6.1754682
318880461,106.6334018,-6.1754662
318880464,106.6311727,-6.1751557
318880475,106.6311466,-6.1762839
9991994079,106.6756316,-6.1544015
318880481,106.6360768,-6.1748357
9991994082,106.6754051,-6.153695
318880483,106.6372343,-6.1748423
318880488,106.6370599,-6.1717956
318880490,106.6370655,-6.1719243
318880496,106.6371812,-6.1733982
318880500,106.6372137,-6.1738336
318880503,106.6372034,-6.1742973
318880506,106.637312,-6.1763583
318880533,106.6348859,-6.1694335
12684344116,106.6731142,-6.1358672
12684344117,106.6730846,-6.1355691
318880632,106.635586,-6.1721703
318880633,106.6359908,-6.1721991
318880634,106.637131,-6.1727342
318880635,106.6354585,-6.1729137
318880636,106.6360118,-6.1729663
318880637,106.6365676,-6.1728649
318880638,106.6354922,-6.1734278
318880639,106.6360302,-6.1734209
318880640,106.6354197,-6.1738409
8813656957,106.6821387,-6.1795667
8976710530,106.6137059,-6.1695237
8976710529,106.6139621,-6.1695543
12170279803,106.6613471,-6.1793731
318880650,106.6360366,-6.1738677
318880658,106.6353426,-6.1743288
318880659,106.6360571,-6.1743255
12174867363,106.656078,-6.1913128
318880678,106.6305032,-6.166713
318880697,106.6344152,-6.1642596
318880698,106.6353017,-6.1667125
6748748731,106.6772401,-6.1464086
6748748730,106.6775987,-6.1464132
8785738755,106.6190864,-6.1627609
8785738758,106.619067,-6.1619389
318880776,106.6440667,-6.1710944
13249099485,106.6058493,-6.1697337
318880785,106.6441009,-6.1632696
13249099491,106.604716,-6.1698599
318880808,106.6399281,-6.1702541
318880809,106.640345,-6.1701899
318880810,106.640709,-6.1701285
13249099492,106.6046109,-6.169983
318880813,106.6416596,-6.1712737
13249099494,106.6054189,-6.1702103
8482700364,106.6715423,-6.1502672
9840606314,106.6555262,-6.1520747
8789146749,106.5969394,-6.2043733
12455907129,106.6517455,-6.1664133
12455907130,106.6521747,-6.1661782
12455907131,106.6521048,-6.1660918
8784559277,106.6592357,-6.2088183
12455907134,106.6501547,-6.1681216
12455907135,106.6500486,-6.1680573
8485977302,106.6675083,-6.1470853
8704736473,106.6088006,-6.1641145
8485977306,106.6674425,-6.1472768
6917307677,106.6070194,-6.2071723
8485584174,106.6149568,-6.1929839
8485584181,106.6146725,-6.1928995
8555707719,106.6840612,-6.1828902
9684499784,106.6271664,-6.1646263
9684499785,106.6274955,-6.1646293
7812267355,106.6253293,-6.1681763
7812267360,106.6255573,-6.1679449
7812267361,106.6264236,-6.165405
7851720035,106.6679335,-6.1956764
7851720039,106.667676,-6.1954324
7851720040,106.6676305,-6.1954313
7803354489,106.6164029,-6.1858921
8485846415,106.6479906,-6.1700157
8498822562,106.5862119,-6.1487365
7578828226,106.6328187,-6.1701358
11050532292,106.6315252,-6.1575142
11050532293,106.631521,-6.1576391
8502361600,106.649196,-6.1804341
8502361601,106.6492221,-6.180891
10171956787,106.6637806,-6.1638662
8609971776,106.6352216,-6.2062657
6545587785,106.5947869,-6.1802409
6545587788,106.5947614,-6.1805617
6545587789,106.5922866,-6.1823377
6545587792,106.5915455,-6.1805969
6545587795,106.5934443,-6.1787282
6545587796,106.5941253,-6.1789
6545587797,106.5943244,-6.178972
6545587798,106.593509,-6.1787283
6545587799,106.5947091,-6.1791547
6545587800,106.593925,-6.1788424
6545587805,106.5898785,-6.1790316
7237910109,106.5959436,-6.1507485
6545587808,106.5900636,-6.1792912
6545587815,106.5970668,-6.178563
6545587817,106.5965297,-6.1779633
9166372459,106.5864252,-6.1811869
6545587820,106.5963403,-6.1781425
6545587821,106.5963564,-6.1779998
9166372460,106.5863695,-6.1812236
9166372463,106.5864446,-6.1811669
9166372464,106.5862121,-6.1812593
6545587824,106.5955823,-6.177085
6545587838,106.5944185,-6.1779987
6545587849,106.5908059,-6.1798089
6545587854,106.5893383,-6.1795486
6545587863,106.5884095,-6.179576
6545587874,106.5887121,-6.1787872
7231749805,106.6411221,-6.152582
10126737132,106.6307119,-6.1672619
10126737133,106.6275104,-6.1697054
9702850345,106.5964057,-6.1437216
7673331623,106.6012798,-6.1697716
12850827093,106.6076611,-6.2001606
9110011913,106.6419724,-6.2062385
12850827097,106.6069186,-6.2003842
8487813178,106.6519535,-6.1781976
8487813191,106.6518389,-6.1776609
8505901134,106.6638961,-6.1843125
9059549263,106.6757922,-6.1552721
8505901136,106.6633133,-6.1842745
9059549264,106.6758111,-6.1549741
9774415954,106.5891742,-6.1374719
8505901141,106.6649086,-6.1843662
8505901142,106.664987,-6.1843632
7788150912,106.5915425,-6.1756133
7060963476,106.6402533,-6.1702049
7131199331,106.6430762,-6.1827488
12170936501,106.6568921,-6.1799316
7131199338,106.6429287,-6.183383
8488206543,106.6487369,-6.1732647
9106997457,106.6327194,-6.1388681
7131199340,106.6428663,-6.183704
8488206553,106.6479872,-6.173929
8488206552,106.6483842,-6.1738983
9106997468,106.6329474,-6.1375153
8488206557,106.6477534,-6.1740064
10739761412,106.6746991,-6.1538072
9702850857,106.5950574,-6.1434934
9702850858,106.5948366,-6.1434016
8978959605,106.616132,-6.1665156
8536047996,106.6667237,-6.1683797
8552300955,106.6717496,-6.1745496
8552300956,106.6715292,-6.1744897
7246954921,106.5876147,-6.1357518
7246954922,106.5878052,-6.1357745
7246954925,106.5875686,-6.135744
8509440443,106.6136871,-6.2093423
8811430348,106.5916441,-6.2071731
11049746916,106.6001272,-6.1778406
11049746917,106.6002727,-6.1778498
3758473791,106.588223,-6.1744534
3758473792,106.5919072,-6.176853
3758473794,106.5914394,-6.1745453
3758473795,106.5882107,-6.1747919
3758473796,106.5919362,-6.1754747
3758473797,106.5895883,-6.1747814
3758473799,106.5899357,-6.1748702
3758473802,106.5918361,-6.1754766
3758473803,106.5884066,-6.1744593
3758473804,106.5899478,-6.1745075
3758473805,106.5914294,-6.1748988
3758473806,106.5906622,-6.1745148
3758473807,106.5895932,-6.1750487
10005496394,106.6339327,-6.1922102
3758473810,106.5897363,-6.1744835
3758473811,106.5932281,-6.1773262
3758473812,106.5932026,-6.1773966
3758473813,106.59559,-6.178344
3758473815,106.588212,-6.1749637
3758473816,106.5914175,-6.1752375
3758473817,106.5885861,-6.1750331
3758473819,106.588535,-6.1744577
3758473820,106.5899349,-6.175209
3758473821,106.5895971,-6.174483
7210779230,106.6131534,-6.1791389
3758473823,106.5871531,-6.1747912
3758473824,106.5871536,-6.1744279
3758473822,106.5906809,-6.1740922
7210779236,106.6113871,-6.1798496
7210779241,106.6113985,-6.1807202
7134364277,106.681545,-6.1730363
8555840149,106.6822316,-6.1784236
8555840160,106.6817817,-6.1783236
8482046655,106.6644962,-6.1395374
8482046656,106.664637,-6.1399721
8482046657,106.664498,-6.1406843
8482046658,106.6645982,-6.1402621
7238042323,106.6623987,-6.2098916
9166373588,106.6099539,-6.1855695
9166373589,106.6103473,-6.1855168
9166373587,106.6097416,-6.1855995
11946541845,106.6483064,-6.1726657
7238042391,106.6597305,-6.209885
8485454630,106.6704073,-6.1490106
7238042406,106.6595636,-6.208733
8788099896,106.6303534,-6.209217
8788099897,106.6304216,-6.2091627
7238042436,106.6631145,-6.2073162
7238042438,106.6626897,-6.2069351
4561945418,106.6117056,-6.1470041
4561945422,106.6128865,-6.1469636
7238042455,106.660773,-6.2064328
8509571929,106.5999911,-6.197529
7238042460,106.6607753,-6.2071171
7238042465,106.6601587,-6.2072107
13000885092,106.6715714,-6.164052
4357604241,106.6819986,-6.1402277
4357604244,106.6811243,-6.1403254
4357604245,106.6799705,-6.140428
4357604246,106.6795966,-6.1428511
4357604249,106.678626,-6.1426671
4357604251,106.6815177,-6.1380671
4357604253,106.6823045,-6.1393333
4357604254,106.6836364,-6.1363986
7147471776,106.6823034,-6.1990656
7147471777,106.6823997,-6.1988532
4357604259,106.6817251,-6.1393784
4357604260,106.6782223,-6.1388587
4357604263,106.6778441,-6.1427794
4357604265,106.6829398,-6.1411741
4357604267,106.6831384,-6.1403211
4357604268,106.6818748,-6.1412425
4357604270,106.6835734,-6.1369786
4357604274,106.681611,-6.1385337
8485979058,106.6659927,-6.1519061
4357604276,106.6832804,-6.1394921
8485979060,106.6662879,-6.151782
4357604278,106.6810609,-6.1410122
4357604279,106.6834914,-6.1412776
8485979067,106.6657279,-6.1518669
4357604283,106.6810314,-6.1411744
4357604285,106.6838401,-6.1349918
9110275006,106.6415083,-6.1688818
9110275005,106.6415895,-6.1692277
7132398539,106.6511993,-6.1883051
7132398540,106.6511183,-6.1883851
7132398541,106.6511289,-6.1882437
7132398542,106.6510372,-6.1882952
7132398543,106.6501147,-6.1882703
7132398544,106.6502163,-6.1881857
7132398545,106.6500365,-6.1881734
7132398546,106.64972,-6.1881456
7132398554,106.6491429,-6.18659
7132398559,106.6496128,-6.1914665
12825839910,106.6304398,-6.1951528
12825839911,106.6294402,-6.1949195
12825839912,106.629785,-6.1949353
8788755477,106.610622,-6.2039173
8775779351,106.6823127,-6.1816293
8484799513,106.6698687,-6.1462091
4357604389,106.6837774,-6.1361018
4357604390,106.6838698,-6.1339171
8509309995,106.6047383,-6.1967649
4357604398,106.6823689,-6.140176
8509310002,106.6043963,-6.197427
8488207436,106.6128335,-6.1526193
13271680094,106.5909567,-6.1370626
8814445662,106.6600196,-6.1578942
8547452000,106.6761625,-6.1572208
13271680095,106.590423,-6.1370786
9678996579,106.6332538,-6.1764583
3727017067,106.6576761,-6.2005609
3727017069,106.6563817,-6.2005515
3727017072,106.6551561,-6.2005088
3727017076,106.655436,-6.2001851
3727017077,106.6554463,-6.1998325
3727017078,106.6551557,-6.1998252
3727017082,106.6563851,-6.1998496
9551070386,106.644766,-6.1607753
9551070387,106.6451882,-6.1607756
9551070388,106.644367,-6.1657163
9551070392,106.6448604,-6.1668716
3758474426,106.5883479,-6.1744583
6531826875,106.5944738,-6.1532321
3758474428,106.5885395,-6.1747564
3758474429,106.5870112,-6.1744248
9551070395,106.6467339,-6.1664149
9551070401,106.6504267,-6.1658192
9551070403,106.6513722,-6.1655266
9109882061,106.6234256,-6.1936432
9109882063,106.6237082,-6.1937884
9109882064,106.6581977,-6.1509114
9109882069,106.6517068,-6.147908
13765559517,106.6378586,-6.1744592
9179088098,106.614384,-6.1994895
9179088099,106.6147252,-6.198781
8804484341,106.6003505,-6.1633249
8814183675,106.6518094,-6.168349
8814183676,106.6524088,-6.168305
9673884950,106.6222766,-6.1721026
6561318180,106.6216258,-6.1494979
6561318184,106.6212133,-6.1498393
6917309743,106.6732876,-6.1929403
6917309744,106.6730491,-6.1933971
7147472177,106.6687005,-6.1903097
7147472178,106.66853,-6.190691
7147472179,106.6688534,-6.1908563
4707022112,106.5915131,-6.183145
13457278309,106.6540612,-6.1535424
4707022118,106.5914435,-6.1824924
4707022121,106.590405,-6.1823591
3517039995,106.6640571,-6.1566693
3517039997,106.6639554,-6.1566758
6563153278,106.6303785,-6.1616102
6563153279,106.6306139,-6.1669978
6563153277,106.6305931,-6.1613649
4968007067,106.5923159,-6.1581212
4968007068,106.5918403,-6.1580829
4968007069,106.5921637,-6.1581048
4968007070,106.5922354,-6.1574482
4968007073,106.5918794,-6.1576595
4968007074,106.5918097,-6.1584142
4968007075,106.591536,-6.1584061
4968007076,106.5915763,-6.1578435
4968007077,106.5900636,-6.1562728
4968007078,106.590004,-6.1569194
4968007079,106.5900978,-6.1569622
4968007081,106.5900609,-6.1574014
4968007082,106.5911064,-6.1580981
4968007083,106.5898624,-6.1578969
4968007084,106.5910802,-6.1583738
8547976617,106.6785275,-6.1582588
4968007086,106.5899113,-6.1576309
4968007087,106.5903855,-6.1577095
4968007088,106.5911156,-6.1578135
4968007091,106.5909953,-6.1590674
4968007092,106.5936466,-6.1598417
4968007093,106.5927194,-6.1596704
4968007094,106.5916125,-6.1594465
4968007095,106.5935812,-6.1601715
4968007096,106.5913829,-6.1597409
4968007097,106.5926613,-6.1599776
4968007098,106.5927889,-6.1593373
4968007099,106.5930978,-6.1583418
4968007100,106.5938121,-6.1590144
8547976631,106.6796363,-6.1580998
4968007102,106.5932595,-6.1591135
4968007105,106.5924612,-6.1592798
4968007106,106.5937054,-6.1595275
4968007107,106.5918368,-6.1591852
4968007108,106.5921382,-6.1592302
4968007109,106.5938951,-6.1586435
4968007110,106.5932038,-6.1587781
8547976642,106.6796721,-6.1586847
4968007113,106.5910198,-6.1604116
10232382922,106.6325392,-6.2044587
4968007119,106.5920967,-6.1590062
8785479153,106.6502537,-6.152562
8785479154,106.6502142,-6.152308
6548080133,106.6494368,-6.1684953
6548080147,106.6549693,-6.1658195
7912932885,106.6487407,-6.2075706
6548080155,106.6526235,-6.1672455
6548080156,106.652604,-6.1674711
6548080159,106.652387,-6.1692891
8814183980,106.6512702,-6.166469
6548080180,106.6536153,-6.1625266
8502363715,106.6531679,-6.1868408
10593879638,106.6383407,-6.1750228
10593879639,106.6382602,-6.173017
10593879640,106.6381663,-6.173201
10593879641,106.638236,-6.1748383
8555972203,106.6644211,-6.1823555
8814052973,106.6518898,-6.1608262
10593879663,106.6419938,-6.1716983
10593879667,106.6430654,-6.172061
10593879668,106.6430654,-6.1722629
10593879669,106.6432384,-6.1722637
10593879670,106.6429125,-6.1722623
10593879671,106.6429715,-6.171881
10593879672,106.642759,-6.1716657
10593879673,106.6425123,-6.1722096
10593879674,106.6423734,-6.1720708
10593879675,106.6422293,-6.1719269
8498824828,106.6528346,-6.2046706
10593879701,106.6405335,-6.1744913
10593879702,106.6401662,-6.1745128
10593879703,106.6405249,-6.1743657
10593879738,106.6434368,-6.1752879
10593879739,106.6430483,-6.1742816
10593879747,106.643465,-6.1737035
10593879748,106.6422967,-6.1735241
8814446277,106.6638297,-6.1635716
10593879750,106.6422007,-6.1722523
10593879749,106.6416371,-6.173561
12139349709,106.6174768,-6.2002728
7133972204,106.6793358,-6.1720401
9774548748,106.6634106,-6.1954238
11914299197,106.6263673,-6.1613349
8496727959,106.6169406,-6.2065451
8434599836,106.6503159,-6.2055247
8434599838,106.6499257,-6.2055152
8788363247,106.592683,-6.1942859
8788363253,106.5919693,-6.1940831
8838432832,106.6314464,-6.1673532
7122831437,106.6585873,-6.1830755
7122831440,106.6587012,-6.1828722
7122831441,106.6590929,-6.1831809
7122831442,106.6591314,-6.1829866
7122831446,106.6602647,-6.1834518
7122831448,106.6601895,-6.1832234
7122831449,106.6604897,-6.1840782
7122831450,106.6604933,-6.1832923
11997136997,106.6630863,-6.1760965
11997136999,106.6646659,-6.1751186
12965890154,106.6147955,-6.1584492
8547453058,106.6118062,-6.1455123
8776435851,106.683493,-6.173337
8488995023,106.6090737,-6.1837248
8488995024,106.6090901,-6.1841785
13038504162,106.593581,-6.1578555
10214295808,106.632126,-6.1469684
6555158790,106.6816524,-6.2001714
8434862342,106.6464731,-6.1621836
7735200019,106.611855,-6.197284
6739446060,106.6760862,-6.1454746
6739446061,106.6761212,-6.145328
12138170676,106.676515,-6.1472771
12138170680,106.6771673,-6.1455322
6253300027,106.6592498,-6.153866
8488077670,106.6528146,-6.1732118
8488077673,106.6519291,-6.173176
8488077675,106.6520897,-6.1732183
10056485231,106.6128591,-6.1424598
8488077681,106.6528051,-6.1735221
8488077682,106.6531706,-6.1735877
10005629332,106.6287506,-6.2057187
8484800919,106.659472,-6.1455564
5621270956,106.6520117,-6.2068714
5621270957,106.6520181,-6.2063667
5621270958,106.6538304,-6.1984403
5621270959,106.6414498,-6.2095915
5621270963,106.6524309,-6.2070474
8503806389,106.6727521,-6.1436003
5621270966,106.6533443,-6.2077571
5621270967,106.6535806,-6.2078897
5621270972,106.6531491,-6.208735
5621270975,106.6540279,-6.2071034
5621270976,106.6539696,-6.2071104
7590758854,106.6085824,-6.18011
5621270986,106.6538666,-6.208385
5621270987,106.6533503,-6.2063384
8484709512,106.6703689,-6.1460271
5621270991,106.6544688,-6.2069864
5621270993,106.6545418,-6.2063164
5621270994,106.6527978,-6.2066025
5621270996,106.6540698,-6.2062938
5621270997,106.654057,-6.2066718
5621271001,106.6533912,-6.2068098
6702746076,106.5863046,-6.1993044
6702746077,106.5862068,-6.1991688
5621271005,106.6527877,-6.2068338
8484709516,106.6708826,-6.1461691
5621271011,106.6533322,-6.2070404
5621271012,106.6528434,-6.2041573
5621271018,106.6434409,-6.2092819
5621271020,106.6448286,-6.207881
12205541884,106.680201,-6.1714262
8509049344,106.6343032,-6.1781932
8496728578,106.6121076,-6.2056229
6917310978,106.6632831,-6.192641
8496728580,106.6120825,-6.2055452
8496728582,106.6119343,-6.2052745
8496728586,106.612867,-6.2054665
7133579819,106.6795286,-6.1783043
7133579820,106.6795313,-6.1790496
7133579823,106.6798022,-6.1791149
7133579826,106.6799801,-6.1786218
7229262407,106.5915852,-6.1860749
5621271121,106.6459299,-6.2079757
5621271123,106.6466421,-6.2069684
5621271125,106.645191,-6.2099862
5621271127,106.6454954,-6.2100183
5621271129,106.6456275,-6.2095563
5621271130,106.6442308,-6.2074717
5621271132,106.6440591,-6.1961791
8485718624,106.6162218,-6.1927565
7229262434,106.5928625,-6.1842188
5621271140,106.6449463,-6.1966444
5621271142,106.6447877,-6.196723
7229262439,106.5922672,-6.1843348
7229262438,106.5924226,-6.1843278
7229262441,106.591731,-6.185397
7229262440,106.5926385,-6.1853848
5621271166,106.6443488,-6.1964884
5621271183,106.6444749,-6.196795
5621271192,106.6507631,-6.205294
4357606041,106.6824604,-6.1368108
5621271194,106.6495295,-6.2058478
5621271196,106.6490225,-6.2052682
4357606045,106.6822537,-6.1367918
5621271202,106.6494383,-6.2101192
5621271203,106.6496123,-6.2082333
5621271206,106.6491124,-6.208621
5621271208,106.6494678,-6.2086063
5621271210,106.6500069,-6.208613
5621271212,106.6489842,-6.2093991
5621271213,106.6498259,-6.2069224
5621271214,106.6508237,-6.2068238
5621271215,106.6508317,-6.2063808
8523991759,106.6280966,-6.1981422
7221791439,106.603771,-6.1606076
7221791444,106.604453,-6.1584108
8552172254,106.6276266,-6.1487325
10005498646,106.6456313,-6.1824622
10005498647,106.6450975,-6.1824558
7229524764,106.6432382,-6.2057951
5621271324,106.6477418,-6.2077757
5621271326,106.6480597,-6.207813
5621271325,106.6481012,-6.2077251
5621271332,106.6477833,-6.2085878
5621271333,106.6479497,-6.208819
5621271338,106.6472677,-6.2091563
5621271341,106.6472261,-6.2091396
5621271345,106.6454344,-6.2090983
5621271348,106.6444802,-6.2086017
5621271354,106.644387,-6.2096262
5621271355,106.6443309,-6.2096211
5504617282,106.6802984,-6.2074331
5504617283,106.6802079,-6.2070777
5504617285,106.6809999,-6.2069192
5504617289,106.6813838,-6.2084222
5621271370,106.6425981,-6.2049675
5504617292,106.6795729,-6.2085997
5621271373,106.6420465,-6.2055319
5621271374,106.6438311,-6.2037573
5621271375,106.6435428,-6.2035876
5621271376,106.6436885,-6.1979382
5621271377,106.6435797,-6.1980196
5621271378,106.6437674,-6.1982296
5621271379,106.6438591,-6.1981452
5621271380,106.6436192,-6.1978456
5504617301,106.6800253,-6.207121
5621271382,106.6431338,-6.1975017
5621271383,106.6432652,-6.197763
5621271384,106.6430335,-6.1972333
5621271385,106.6431961,-6.1971677
5621271386,106.6434261,-6.1970883
5504617307,106.6793483,-6.2077844
5621271387,106.6436038,-6.1971197
5621271388,106.6437392,-6.1973963
5621271390,106.6435113,-6.197663
5621271391,106.6435645,-6.1977639
8484801373,106.6700339,-6.1459018
5504617313,106.6790392,-6.2072959
5504617314,106.6791787,-6.2072978
5504617320,106.679005,-6.2076723
5504617323,106.67941,-6.2092829
5504617325,106.679097,-6.2092633
5504617327,106.6791257,-6.2097153
7232277364,106.6153155,-6.1997001
7232277365,106.6158141,-6.2047119
7232277368,106.616535,-6.2031187
7232277370,106.6197076,-6.1976419
6547688322,106.5944222,-6.1864608
6547688326,106.5878548,-6.1921406
6547688327,106.5882719,-6.1924046
6547688356,106.5909044,-6.1868968
6547688363,106.5925768,-6.1861454
5504617391,106.6833669,-6.2096682
5504617394,106.6836995,-6.2096822
5504617395,106.6845352,-6.2097898
8547978164,106.6250262,-6.152162
8547978166,106.6253279,-6.151522
8547978167,106.6252823,-6.1517513
5504617400,106.6836928,-6.2098209
5504617401,106.6838054,-6.2094836
8547978170,106.6243815,-6.1519268
8547978168,106.6251837,-6.1522073
5504617404,106.6838148,-6.2091717
5504617405,106.6832878,-6.2094449
5504617406,106.6832519,-6.2091898
6547688380,106.5953583,-6.1872087
7229524928,106.6732382,-6.1916159
7224675268,106.6576993,-6.1481443
5421648838,106.5973266,-6.1484778
5421648839,106.5974906,-6.1484985
5504617416,106.684759,-6.2088957
5504617417,106.6847563,-6.2093556
5504617418,106.6847625,-6.2092172
5504617419,106.6847038,-6.2103925
7229524945,106.6729358,-6.1880701
7229524953,106.6722947,-6.1904913
8548109280,106.6254586,-6.1506839
8548109281,106.6252622,-6.1513686
8548109294,106.6254178,-6.1508499
7229524983,106.670737,-6.1894147
9697086491,106.6834017,-6.1792401
7912934432,106.6483827,-6.2095385
7912934433,106.6489772,-6.2095732
8502627361,106.591913,-6.1932202
11083566121,106.632704,-6.1669156
11083566122,106.6325276,-6.1669737
11083566123,106.6326708,-6.167025
11083566124,106.6325606,-6.1670658
8488864818,106.6276796,-6.1622839
5504617523,106.6846789,-6.2099869
5504617524,106.6845444,-6.2099921
5504617525,106.6844444,-6.209168
5504617533,106.6851386,-6.2095516
8548371518,106.6221818,-6.1496597
8488695528,106.6516981,-6.1756723
7137250377,106.6809269,-6.1822179
7137250378,106.6809784,-6.1826472
7137250379,106.680686,-6.1844588
9193376906,106.5903098,-6.1680525
9193376907,106.5903426,-6.1672827
9524202638,106.6806963,-6.1656883
9524202639,106.6806208,-6.165673
9524202640,106.6805263,-6.1660494
9774419099,106.5861352,-6.1401369
9774419100,106.5863878,-6.1401848
2472135841,106.6254135,-6.1875617
2472135850,106.6282397,-6.1880375
2472135851,106.6271874,-6.1880727
2472135857,106.6277328,-6.1883415
6264835250,106.6235375,-6.1948699
6264835249,106.6233855,-6.1947973
6264835255,106.6237317,-6.1952382
6264835256,106.6236491,-6.1953931
8495811823,106.6142933,-6.1864745
8495811835,106.6132079,-6.1863167
7229394197,106.6438392,-6.175053
7229394200,106.6431361,-6.17527
7124405532,106.6492257,-6.1613549
7229394207,106.6425806,-6.1737587
7229394208,106.6401605,-6.1743876
7229394209,106.6423519,-6.1742556
8484670752,106.6360742,-6.1552154
8484670755,106.6360921,-6.1556003
8484670757,106.6365195,-6.1555588
8484670758,106.6365046,-6.1549687
8484670768,106.6367919,-6.155534
12146429236,106.6788914,-6.1508152
11043851573,106.6734642,-6.1803042
11043851574,106.67348,-6.1804152
8484670774,106.637623,-6.1541784
8524385652,106.5878025,-6.143757
8524385658,106.587343,-6.1434101
11234823547,106.6826291,-6.1478035
8485719434,106.6827151,-6.1829955
5504617867,106.6836713,-6.2070731
5504617868,106.6834608,-6.207075
5504617869,106.6838872,-6.2068624
5504617870,106.6834299,-6.2068635
5504617871,106.6836646,-6.2067118
5504617872,106.6834187,-6.2067148
5504617877,106.6832958,-6.2084464
5504617880,106.6838705,-6.2089316
7229263277,106.6737965,-6.176753
8549813686,106.6535494,-6.1474525
8549813687,106.6533811,-6.1477578
8549813698,106.6535655,-6.1475445
8549813699,106.6535464,-6.1474331
9398636011,106.5896381,-6.1705806
6264835588,106.6240732,-6.1956078
6316740108,106.6754631,-6.1424914
6316740109,106.6763139,-6.1421412
6316740111,106.675414,-6.1422523
6998183445,106.5972827,-6.1889874
6316740125,106.6728699,-6.1426392
6316740128,106.6727742,-6.1424996
6316740129,106.6727504,-6.1424517
5455990308,106.6200712,-6.1949093
5455990312,106.6195685,-6.1947791
5455990315,106.6192782,-6.1948271
13063147052,106.6492801,-6.2076247
5455990320,106.6193765,-6.1952862
7802703462,106.61176,-6.1387027
7229525639,106.6155092,-6.1665758
7229525674,106.6151147,-6.1688077
7229525675,106.6164578,-6.1650503
7229525680,106.616753,-6.1667186
7229525682,106.6170466,-6.1659736
11586227902,106.6195075,-6.1803713
10758377169,106.6636503,-6.1921964
9650949844,106.6820723,-6.1952042
7211044571,106.6223017,-6.1385367
11418980081,106.6244066,-6.1356865
11418980082,106.6247762,-6.1357314
11418980083,106.6249765,-6.1380226
7132401401,106.6513956,-6.1912996
7132401402,106.6513743,-6.191236
11418980092,106.6240472,-6.1356531
11418980093,106.6236502,-6.1355785
11418980094,106.6237004,-6.1354186
8495943426,106.6193122,-6.1891702
7237783298,106.6330527,-6.1816704
7237783300,106.6329516,-6.1811652
5421649670,106.6344877,-6.1480511
9119846167,106.6224928,-6.166979
9119846174,106.6222561,-6.1669772
9119846178,106.6198676,-6.1617489
9119846179,106.6226765,-6.1635691
4297445164,106.6699338,-6.1640977
9119846188,106.6223962,-6.1635646
4297445166,106.6709286,-6.1648638
4297445167,106.6715917,-6.1648418
4297445168,106.671659,-6.165793
4297445169,106.6710022,-6.1658535
4297445170,106.6708437,-6.1658644
4297445172,106.6700377,-6.16592
4297445173,106.6699124,-6.1659337
4297445175,106.6700988,-6.1666538
4297445177,106.671,-6.1673951
4297445178,106.6717342,-6.1674063
4297445180,106.6716939,-6.1682596
4297445181,106.6725155,-6.1683143
4297445182,106.6709477,-6.1690809
4297445183,106.6716644,-6.1690917
4297445186,106.6813909,-6.1714224
4297445187,106.6820601,-6.1714996
4297445188,106.6813709,-6.1715735
9645444953,106.6803608,-6.1662683
9645444954,106.6804339,-6.166279
9645444956,106.6800081,-6.1662415
9645444957,106.680473,-6.1662837
7137775459,106.6569019,-6.1862508
7137775461,106.6616035,-6.1878354
7137775463,106.6618467,-6.1876688
8488865645,106.6266136,-6.16047
7912935282,106.6492514,-6.207745
11913514941,106.6172786,-6.168597
8496730047,106.6599566,-6.1973175
9192460227,106.6291954,-6.2080195
9192460228,106.6290954,-6.2080377
7210520563,106.6071705,-6.1702518
7210520566,106.6143577,-6.170592
6320148486,106.5907751,-6.1969564
6320148490,106.5938308,-6.2056746
4297445389,106.6820465,-6.1716068
4297445390,106.6823485,-6.1716758
4297445391,106.6820332,-6.1716759
4297445392,106.680322,-6.1716784
4297445394,106.6813245,-6.1718596
4297445396,106.6819827,-6.1719584
4297445397,106.6832031,-6.1719654
4297445400,106.6806237,-6.1720603
4297445401,106.681959,-6.1720878
4297445402,106.6812769,-6.1721612
4297445403,106.6834901,-6.1722802
4297445404,106.682243,-6.1723152
12820402205,106.6338904,-6.1368083
4297445406,106.6796636,-6.1723857
4297445407,106.6831534,-6.1724523
4297445408,106.6812241,-6.1725034
4297445410,106.6837208,-6.1725481
4297445412,106.6815614,-6.1725539
4297445414,106.6791345,-6.1725704
4297445415,106.6821924,-6.1726536
4297445416,106.6838016,-6.1726351
4297445417,106.6796193,-6.1727378
4297445418,106.6817369,-6.1727504
4297445419,106.681981,-6.1727978
4297445420,106.6832014,-6.1727997
4297445422,106.6632671,-6.1728846
4297445423,106.6825748,-6.1728962
4297445426,106.6814782,-6.1730245
4297445427,106.6825535,-6.1729961
4297445428,106.6633105,-6.1730272
4297445430,106.6624929,-6.1730205
4297445431,106.6827814,-6.1730525
4297445433,106.6804112,-6.1730871
4297445438,106.6803019,-6.1731291
4297445439,106.6625209,-6.1731661
4297445444,106.6809266,-6.173195
4297445446,106.6819011,-6.173225
4297445447,106.6625452,-6.1733303
4297445448,106.6808947,-6.1732784
8548765767,106.6282891,-6.1467951
4297445450,106.6609138,-6.1732691
4297445451,106.6821293,-6.1732804
4297445453,106.6632689,-6.1732915
4297445457,106.6824757,-6.1733621
4297445458,106.6822818,-6.1733756
4297445459,106.6609347,-6.1734239
4297445460,106.6824637,-6.1734181
4297445461,106.6632929,-6.1734567
4297445462,106.6609507,-6.1735377
4297445463,106.6596776,-6.1734625
4297445464,106.6826915,-6.1734668
4297445466,106.6618218,-6.1735102
4297445467,106.6829621,-6.1735277
4297445469,106.6626283,-6.1735566
4297445471,106.6625479,-6.1735689
8502759520,106.6674037,-6.1832469
4297445473,106.6596975,-6.1736013
4297445474,106.6614718,-6.1735769
8502759519,106.6676176,-6.1832595
4297445476,106.6597188,-6.1737488
4297445477,106.6584625,-6.1736526
4297445479,106.6618466,-6.1736674
4297445483,106.6797186,-6.1737191
4297445484,106.6815411,-6.1736998
4297445487,106.6614947,-6.1737173
4297445489,106.6810087,-6.1737338
4297445490,106.6610009,-6.1737376
4297445492,106.6604447,-6.1737404
4297445496,106.6610261,-6.1737483
4297445497,106.6800149,-6.1738011
4297445498,106.6609493,-6.1737508
4297445499,106.656408,-6.1737614
4297445500,106.6584825,-6.1737882
4297445504,106.6601183,-6.173783
4297445506,106.6610521,-6.1737924
4297445507,106.6633553,-6.1738115
4297445510,106.6609268,-6.1738077
4297445515,106.6585041,-6.1739359
4297445520,106.6604705,-6.173886
7139872913,106.6587884,-6.1865547
7139872914,106.6547889,-6.1859654
4297445523,106.662671,-6.173916
4297445524,106.6626059,-6.173926
7068045461,106.5872613,-6.1946231
4297445526,106.6597633,-6.1739619
7068045463,106.586631,-6.1937745
4297445521,106.6593397,-6.1739065
7068045465,106.5863201,-6.1940235
7068045466,106.5857258,-6.1944951
4297445531,106.6597884,-6.1739725
4297445532,106.6597116,-6.1739751
4297445529,106.6601482,-6.1739594
4297445534,106.6823467,-6.1739682
4297445535,106.6590072,-6.1739657
7068045464,106.5867349,-6.1940538
4297445537,106.6598144,-6.1740166
9979285665,106.5897347,-6.1894231
4297445539,106.6596891,-6.174032
4297445540,106.6814961,-6.1740337
9979285667,106.5894158,-6.189008
4297445542,106.6796877,-6.1740305
4297445543,106.6825776,-6.1740191
4297445545,106.6619044,-6.1740332
4297445547,106.661546,-6.1740327
4297445550,106.6570029,-6.174004
4297445551,106.6816833,-6.1741002
4297445554,106.65937,-6.174079
4297445555,106.682832,-6.1740725
4297445556,106.6799753,-6.1741168
4297445559,106.6634037,-6.1741299
4297445560,106.6590349,-6.1741316
4297445561,106.6585534,-6.174137
4297445563,106.6585786,-6.1741476
4297445564,106.6585018,-6.1741502
4297445565,106.6819501,-6.1741811
4297445571,106.6586046,-6.1741917
4297445573,106.6584793,-6.174207
4297445574,106.6605276,-6.1742073
4297445575,106.682295,-6.1742202
4297445578,106.6627197,-6.1742381
5504618699,106.6858325,-6.2085051
4297445579,106.6626524,-6.1742487
4297445583,106.6803162,-6.1742685
4297445585,106.658091,-6.1742769
4297445587,106.657945,-6.1743032
4297445588,106.6567793,-6.1743518
4297445589,106.6615941,-6.1743286
5504618710,106.6835654,-6.2090463
4297445591,106.6619558,-6.1743588
4297445592,106.6562707,-6.1744221
4297445593,106.6832657,-6.1744177
5504618712,106.6837518,-6.2083221
5504618711,106.683568,-6.2091738
4297445596,106.6806273,-6.1744259
4297445597,106.6822405,-6.1744671
4297445598,106.6590911,-6.1744685
4297445599,106.6634588,-6.1744725
5504618715,106.6828144,-6.2080864
4297445601,106.6605793,-6.1744987
5504618722,106.682503,-6.2093424
4297445603,106.6627753,-6.1745778
4297445604,106.6627041,-6.1745887
4297445605,106.6634789,-6.1745981
4297445606,106.6809295,-6.1746043
4297445607,106.6602531,-6.1746268
4297445608,106.6616427,-6.1746276
4297445609,106.6581475,-6.1746283
5504618728,106.6838939,-6.2091556
5504618729,106.684067,-6.2091156
4297445612,106.6832247,-6.1746594
5504618733,106.6839664,-6.208331
4297445616,106.6620091,-6.1746958
5504618739,106.6833829,-6.2063248
4297445619,106.6821883,-6.1747123
4297445623,106.6544049,-6.1748351
4297445624,106.6594749,-6.1747556
5504618746,106.6829337,-6.207653
5504618747,106.6829055,-6.2076331
4297445628,106.6606314,-6.1747917
4297445629,106.6825731,-6.1747939
6917342760,106.6609647,-6.1835437
4297445632,106.658176,-6.1748054
5504618752,106.6818396,-6.2090368
4297445634,106.6591488,-6.1748141
5504618756,106.6822484,-6.2089289
5504618757,106.682357,-6.2089059
6917342762,106.6615867,-6.1847337
4297445642,106.6544183,-6.1749274
4297445645,106.6616926,-6.1749349
4297445647,106.6603055,-6.1749545
4297445649,106.6582031,-6.1749746
4297445651,106.6613986,-6.1749809
4297445652,106.6613446,-6.1749894
4297445653,106.6821301,-6.1750068
4297445654,106.656135,-6.1750194
4297445656,106.6620628,-6.175036
4297445657,106.6834282,-6.1750848
4297445658,106.6606949,-6.175073
4297445659,106.6825194,-6.1751005
4297445660,106.6595276,-6.1750862
12197059697,106.6773319,-6.1819289
4297445662,106.6492411,-6.1751157
4297445663,106.6754101,-6.175181
4297445664,106.6620756,-6.1751173
4297445665,106.6761297,-6.1751938
4297445666,106.6592048,-6.1751495
4297445668,106.6832073,-6.1751931
4297445671,106.6600278,-6.1752097
4297445673,106.6818489,-6.175241
4297445675,106.6592207,-6.1752443
4297445678,106.660813,-6.1752548
4297445679,106.6602636,-6.1752565
4297445681,106.6482261,-6.1752774
4297445682,106.6544703,-6.1752881
4297445684,106.6820986,-6.1752921
4297445686,106.6767467,-6.1752951
4297445687,106.658256,-6.1753033
4297445688,106.6628936,-6.1753176
12211966263,106.6432959,-6.1522948
4297445690,106.6822642,-6.1753445
4297445691,106.677039,-6.1754511
12211966268,106.6433045,-6.1523163
4297445692,106.6835863,-6.1753578
4297445694,106.6761052,-6.1753461
12211966271,106.642241,-6.1531907
4297445696,106.6600421,-6.1753502
4297445697,106.6477679,-6.1753505
12211966272,106.6421357,-6.1530229
4297445699,106.6824726,-6.1753834
4297445700,106.656193,-6.175374
4297445701,106.659871,-6.1753782
4297445702,106.6612365,-6.17538
4297445703,106.6608934,-6.1753857
4297445704,106.6608215,-6.1753869
11365765450,106.647649,-6.1572082
4297445706,106.670964,-6.1754352
4297445708,106.6621262,-6.1754398
4297445709,106.6594295,-6.1754499
4297445710,106.6568417,-6.1754521
4297445707,106.6595115,-6.1754365
4297445711,106.6829369,-6.175483
8496206160,106.6134521,-6.1835621
4297445713,106.6617815,-6.1754814
4297445714,106.649304,-6.1755097
4297445716,106.6600576,-6.175502
4297445717,106.6477265,-6.1755022
4297445715,106.6648928,-6.1754949
8496206159,106.6138963,-6.1835968
4297445722,106.6602443,-6.1755314
4297445723,106.6617902,-6.1755351
4297445725,106.6608184,-6.1755403
4297445726,106.683716,-6.175552
8553746578,106.6511308,-6.1484525
4297445728,106.6708575,-6.1755548
4297445730,106.6472424,-6.175571
4297445731,106.6586232,-6.1755763
4297445732,106.6716397,-6.1755898
8553746579,106.6511321,-6.1487045
4297445734,106.6548313,-6.1756015
4297445735,106.6727636,-6.1756038
4297445736,106.6629338,-6.1755969
4297445737,106.658477,-6.1755889
8509313384,106.6439009,-6.1885487
4297445739,106.6609343,-6.1756149
4297445742,106.6545204,-6.1756506
4297445743,106.6760628,-6.1756415
4297445747,106.6609443,-6.1756708
4297445749,106.6483064,-6.1757076
4297445750,106.6730663,-6.1757312
4297445751,106.683491,-6.1756998
4297445752,106.6502049,-6.1757078
4297445753,106.6732556,-6.1757183
4297445755,106.6562483,-6.1757122
4297445756,106.6621691,-6.1757132
4297445757,106.676373,-6.1757254
4297445763,106.6755471,-6.1757319
6748754308,106.6239763,-6.1855914
4297445765,106.6753511,-6.1754133
4297445766,106.6617192,-6.1757339
4297445768,106.6732464,-6.1757693
4297445769,106.6719153,-6.1757811
4297445770,106.6572271,-6.1758092
4297445771,106.6757003,-6.1757778
4297445773,106.6593719,-6.175782
4297445774,106.6671873,-6.1757851
4297445775,106.6457299,-6.1757859
4297445777,106.6572778,-6.1758318
4297445778,106.6594409,-6.1757961
4297445780,106.6568006,-6.1758514
6657266068,106.6520554,-6.1636825
4297445782,106.6766528,-6.1758071
4297445783,106.660813,-6.1758115
4297445784,106.6612214,-6.1758075
4297445785,106.6704038,-6.1757903
4297445786,106.6601852,-6.1758192
8482181530,106.6204128,-6.1816516
4297445790,106.6609533,-6.1758041
4297445793,106.6593623,-6.1758376
4297445795,106.670602,-6.1758414
4297445797,106.6594296,-6.1758534
4297445798,106.655311,-6.1758716
4297445799,106.6573285,-6.1759014
12186669477,106.6835582,-6.1872751
12186669480,106.6837097,-6.1872983
4297445800,106.6708122,-6.1758767
4297445803,106.6743286,-6.1758871
4297445804,106.6562837,-6.1759291
4297445805,106.6629658,-6.1758909
4297445806,106.6756715,-6.1758905
12186669479,106.6838103,-6.1874761
4297445810,106.6769797,-6.1759003
4297445811,106.6751623,-6.1758666
4297445812,106.6449142,-6.1759117
4297445815,106.6821842,-6.1759045
4297445817,106.6754635,-6.17592
4297445818,106.6493653,-6.1759291
9750972898,106.6017784,-6.1968407
4297445821,106.6712777,-6.1759393
4297445822,106.6795121,-6.1759601
9750972899,106.6017849,-6.1969377
4297445824,106.6601551,-6.1759611
4297445825,106.6471191,-6.175986
4297445827,106.6573436,-6.1759721
4297445830,106.6671215,-6.1759758
4297445831,106.6729174,-6.1759933
4297445832,106.6756637,-6.1759803
7238046154,106.6505917,-6.1781262
4297445836,106.6637956,-6.1760365
4297445839,106.6774387,-6.1760311
4297445840,106.6765969,-6.1760045
4297445842,106.6617686,-6.1760649
4297445844,106.6577055,-6.1760493
4297445845,106.6767152,-6.1760821
4297445846,106.6732022,-6.1760559
4297445847,106.656305,-6.1760592
4707022751,106.5924774,-6.1791365
4297445850,106.6590517,-6.1760822
4297445851,106.6475727,-6.1760666
4297445852,106.6802678,-6.1760679
4297445853,106.6763375,-6.176079
4297445854,106.6733674,-6.1760691
4297445855,106.6756412,-6.1760899
4297445856,106.6716247,-6.17609
4297445857,106.6593293,-6.17612
4297445858,106.6722402,-6.17616
4297445859,106.6750824,-6.1761127
4297445861,106.6765642,-6.1761235
4297445862,106.658152,-6.1761212
4297445864,106.6765085,-6.176131
4297445865,106.6612532,-6.1761409
4297445867,106.6573692,-6.1761396
4297445868,106.6761979,-6.1761412
4297445870,106.6766097,-6.1761602
4297445876,106.6480463,-6.1761724
4297445878,106.6482831,-6.1761918
4297445879,106.6596109,-6.1761803
4297445881,106.6771135,-6.1761919
4297445882,106.6506032,-6.1761425
4297445884,106.6457297,-6.1762078
4297445885,106.6631044,-6.1762107
4297445886,106.6553502,-6.1762136
4297445887,106.6470405,-6.1762246
4297445888,106.6764865,-6.1762346
4297445889,106.6448257,-6.1762318
4297445890,106.676169,-6.1762397
4297445891,106.6765902,-6.1762492
4297445898,106.6773237,-6.1762588
4297445899,106.67657,-6.1762604
4297445900,106.6814198,-6.1764024
4297445902,106.6726867,-6.1762843
4297445903,106.6719396,-6.1762687
4297445904,106.6657968,-6.1762931
4297445909,106.677084,-6.1763012
4297445911,106.6764114,-6.1763084
4297445912,106.6780288,-6.1763151
4297445913,106.6603913,-6.1763195
6309663259,106.6262023,-6.1359118
4297445916,106.6731584,-6.1763443
4297445917,106.6795039,-6.1763705
6309663261,106.6253467,-6.1358945
8487948831,106.6538103,-6.1535914
4297445920,106.6474956,-6.1763496
4297445921,106.6618314,-6.1763664
4297445922,106.6766108,-6.1763665
8487948833,106.653749,-6.1532817
4297445924,106.6580829,-6.1764055
8487948835,106.6549834,-6.1533841
4297445926,106.6780086,-6.1763964
4297445927,106.6770624,-6.1763853
4297445928,106.6638467,-6.1763908
4297445929,106.6664872,-6.1763984
4297445931,106.66686,-6.1764172
4297445932,106.6669913,-6.1764238
4297445933,106.656365,-6.1764259
4297445934,106.6480162,-6.1764304
8487948843,106.6527878,-6.1537278
8487948845,106.6531156,-6.1536967
8487948848,106.6530861,-6.1533687
8487948850,106.6527743,-6.1533707
4297445939,106.6613222,-6.1764534
4297445940,106.6720153,-6.1763289
4297445941,106.6647075,-6.1764563
8496745767,106.6292761,-6.1902033
4297445946,106.6574214,-6.1764816
4297445948,106.6770352,-6.1764905
4297445950,106.6809856,-6.1765083
4297445951,106.6494533,-6.1765237
4297445953,106.6810441,-6.176514
4297445955,106.6813305,-6.1765535
8496468547,106.6163184,-6.2060145
4297445957,106.646942,-6.1765438
4297445958,106.6457296,-6.1765464
4297445959,106.6814225,-6.1765168
4297445960,106.6726308,-6.1765538
4297445965,106.6554068,-6.1765759
4297445967,106.6638752,-6.1765905
4297445968,106.6656953,-6.1766025
4297445971,106.6592104,-6.1766189
8496745775,106.6295726,-6.1899093
13271683671,106.5934433,-6.1389561
13271683672,106.5936104,-6.1389631
4297445979,106.6661014,-6.1766785
4297445983,106.6665583,-6.1766944
4297445985,106.6606087,-6.1766945
4297445990,106.6620506,-6.1767043
4297445991,106.6712723,-6.1767044
4297445992,106.6764044,-6.1767048
12739400301,106.6208914,-6.1411716
4297446001,106.6554323,-6.1767387
4297446002,106.6647528,-6.1767381
4297446010,106.657783,-6.1767609
4297446012,106.6644724,-6.1767844
4297446015,106.6504181,-6.1768078
8488997504,106.6232535,-6.1745362
4297446017,106.6566144,-6.1768013
4297446018,106.675444,-6.1768069
4297446021,106.6574726,-6.176817
4297446022,106.6725905,-6.1768263
4297446023,106.6564306,-6.1768275
4297446024,106.6721039,-6.1768314
8488997511,106.6225039,-6.17405
4297446029,106.6768811,-6.1768458
4297446031,106.6627826,-6.1768794
4297446033,106.6727944,-6.1768524
4297446034,106.6484864,-6.1768526
4297446037,106.6795039,-6.1769002
4297446038,106.679854,-6.1769002
4297446039,106.6802687,-6.1769019
4297446040,106.6770715,-6.1769021
4297446041,106.6806505,-6.1769028
4297446042,106.6655155,-6.1769143
4297446043,106.6550564,-6.1768575
4297446045,106.6454077,-6.1769224
4297446046,106.644469,-6.1769398
4297446047,106.6457135,-6.1769151
4297446048,106.6468461,-6.1769165
4297446049,106.6710497,-6.1769498
4297446050,106.655362,-6.1769822
4297446051,106.6630572,-6.1770014
4297446052,106.6647976,-6.1770169
4297446053,106.6578224,-6.1770178
7207375525,106.6115507,-6.2008655
4297446055,106.6763063,-6.1770588
4297446056,106.6704153,-6.1770671
4297446057,106.6664899,-6.1770651
4297446059,106.6473005,-6.1770671
4297446060,106.6720624,-6.1771093
4297446061,106.6495215,-6.177112
4297446062,106.6570921,-6.1771507
4297446065,106.6844252,-6.1771617
4297446067,106.6586523,-6.1771597
8503415476,106.6092415,-6.1482263
4297446069,106.6725435,-6.1771438
4297446068,106.6569628,-6.1771727
4297446074,106.6753434,-6.1771617
4297446075,106.6843044,-6.1771677
4297446076,106.6594228,-6.1771771
4297446077,106.6728347,-6.1771857
4297446078,106.6571247,-6.1771956
8483099325,106.6851968,-6.1695283
8503415487,106.6089396,-6.1480888
8483099329,106.6821642,-6.1704928
4297446082,106.6767862,-6.177199
4297446083,106.6833268,-6.1772237
8503415486,106.6089419,-6.1481415
4297446086,106.6706246,-6.1771897
4297446087,106.6653049,-6.1772383
4297446088,106.6572071,-6.1772514
4297446091,106.6769594,-6.1772495
4297446092,106.6570347,-6.1772997
4297446093,106.6597424,-6.1772864
4297446095,106.6823779,-6.1773004
4297446096,106.6806533,-6.1772744
4297446097,106.6648441,-6.1773055
4297446098,106.6447191,-6.1773164
4297446099,106.6457112,-6.1773131
4297446100,106.6454052,-6.1773144
4297446101,106.6571354,-6.177357
4297446102,106.6467413,-6.1773179
4297446103,106.6557472,-6.1773442
4297446104,106.6485473,-6.1773504
4297446105,106.6638009,-6.1773528
4297446106,106.6795053,-6.177409
4297446108,106.6720187,-6.1774029
4297446110,106.6850129,-6.1774146
4297446112,106.676208,-6.177414
4297446113,106.6634334,-6.177419
4297446114,106.6485716,-6.1774318
4299805411,106.6847863,-6.172781
4297446116,106.6798518,-6.1774696
4297446118,106.6724982,-6.1774496
4297446119,106.6843263,-6.177459
4299805416,106.6847922,-6.1728711
4297446122,106.6592556,-6.1774592
4297446126,106.6747115,-6.1774797
4299805422,106.6876322,-6.1728979
8785613552,106.6473569,-6.1678276
4299805425,106.6848321,-6.1730564
4297446127,106.6600042,-6.1774714
4299805427,106.6851181,-6.1730593
4297446131,106.6747996,-6.1775042
4297446132,106.6801947,-6.1775157
4297446133,106.6627714,-6.1775166
4297446134,106.6746752,-6.1775023
4297446135,106.6833423,-6.1775151
4297446136,106.6752427,-6.1775172
4299805434,106.6863634,-6.1730645
4297446137,106.6557062,-6.1775128
4297446139,106.6748187,-6.1775329
4297446143,106.6471683,-6.1775503
4299805441,106.6848817,-6.1733309
3727020801,106.6635876,-6.1893061
3727020802,106.6615843,-6.1885708
4299805443,106.6863542,-6.1733474
4297446145,106.6823923,-6.1775726
3727020806,106.6614549,-6.1886293
9774813959,106.598261,-6.1737158
4299805450,106.6849209,-6.1736151
3727020811,106.6619374,-6.1886252
4299805452,106.6863514,-6.1736326
4297446157,106.6640238,-6.1776166
9166770958,106.6516815,-6.1787609
4297446159,106.6813346,-6.1776171
4297446158,106.6747922,-6.1776227
4297446161,106.6646863,-6.1776199
8552305426,106.6688052,-6.1778052
4297446160,106.6746769,-6.177619
4297446166,106.6747458,-6.1776431
4297446170,106.6643917,-6.177634
4297446174,106.6636672,-6.1776531
4297446175,106.6752037,-6.177655
4297446177,106.6716652,-6.1776624
8979469090,106.6215645,-6.1508656
4297446179,106.6602382,-6.177706
4297446180,106.6719694,-6.1777209
4297446181,106.6642634,-6.1777272
4297446182,106.6795068,-6.1777478
4297446183,106.6631505,-6.1777387
4297446184,106.6668761,-6.1777397
4297446185,106.6751768,-6.1777501
8979469089,106.6217244,-6.1508106
4297446187,106.6716478,-6.1777577
5455991621,106.616836,-6.1951714
5455991622,106.6178236,-6.1921948
5455991629,106.6165135,-6.188811
5455991634,106.6170933,-6.1895788
5455991635,106.6179384,-6.1876194
8937526098,106.6156599,-6.1697257
5455991637,106.6178459,-6.1883634
5455991638,106.6177986,-6.1886031
6926095191,106.6360272,-6.1668587
5455991640,106.6157049,-6.1938129
5455991643,106.6163116,-6.1938891
5455991655,106.6126109,-6.1952811
5455991656,106.6142222,-6.1947311
5455991659,106.6132432,-6.1946778
5455991660,106.6140049,-6.1937472
6563171687,106.6303968,-6.1664566
5455991664,106.6140144,-6.1955898
5455991665,106.6137507,-6.1956044
5455991666,106.6140599,-6.1961018
6563171688,106.6326705,-6.1700224
5455991670,106.6137743,-6.1961704
5455991678,106.6130789,-6.1952537
12786455423,106.6845952,-6.1421649
7788024704,106.6343082,-6.1364319
5455991680,106.6184339,-6.189128
5455991681,106.6190314,-6.189894
5455991682,106.6197918,-6.1928099
5455991684,106.6190495,-6.1927919
5455991685,106.6181222,-6.1925392
5455991690,106.6190422,-6.1917713
5455991693,106.6190864,-6.190534
5455991695,106.6181662,-6.1904658
4297446289,106.6761114,-6.177767
4297446290,106.6443165,-6.1777712
4297446291,106.6674421,-6.1778157
4297446292,106.6722768,-6.1777751
4297446293,106.64511,-6.1777784
4297446294,106.6454023,-6.177781
4297446295,106.6457088,-6.1777849
6563171694,106.6261079,-6.1694279
4297446297,106.6466184,-6.1777921
4297446298,106.6471002,-6.1778004
4297446299,106.6833536,-6.1778039
4297446300,106.6668502,-6.1778311
6563171695,106.624432,-6.1698037
4297446296,106.6590608,-6.1777939
4297446303,106.6824113,-6.1778505
12786455456,106.6731571,-6.1454884
6563171697,106.6244582,-6.170171
4297446306,106.68012,-6.1778449
7788024734,106.6469903,-6.1433819
4297446308,106.6641914,-6.1778488
4297446309,106.6722644,-6.1778504
12786455462,106.6784157,-6.1417472
4297446310,106.6751472,-6.1778545
4297446312,106.664546,-6.1778577
4297446313,106.6557511,-6.1778588
4297446314,106.6601486,-6.1778647
12786455460,106.684688,-6.1405619
6563171698,106.6290441,-6.164789
4297446317,106.672435,-6.1778764
4297446318,106.6640147,-6.1778765
12786455470,106.6828533,-6.1426136
4297446323,106.6674214,-6.177922
4297446324,106.6716137,-6.1779307
4297446325,106.6581953,-6.1779622
6563171701,106.6218461,-6.1675478
4297446327,106.6593516,-6.1779572
6563171702,106.6218316,-6.1685055
4297446331,106.6550863,-6.1779739
4297446332,106.6648187,-6.1779836
4297446333,106.6850991,-6.1779936
4297446334,106.6557729,-6.1779994
4297446335,106.6732935,-6.1779832
4297446336,106.6631918,-6.1780055
4297446337,106.6769642,-6.1780115
6563171703,106.6218746,-6.1664383
12188505027,106.6828411,-6.1711122
4297446340,106.6843621,-6.1780327
4297446341,106.6705185,-6.1779857
4297446342,106.6455539,-6.1780331
4297446343,106.6459429,-6.1780571
4297446344,106.6461782,-6.1780704
4297446346,106.6795158,-6.1780943
4297446350,106.6833742,-6.1780845
4297446351,106.6770363,-6.1780871
4297446352,106.6707917,-6.1780996
4297446353,106.6667769,-6.1780891
4297446354,106.6640441,-6.1780974
4297446356,106.6465413,-6.1780919
4297446358,106.6828805,-6.1781057
4297446359,106.6618784,-6.1780988
4297446360,106.6621237,-6.1780996
4297446361,106.6625075,-6.1781156
4297446362,106.6596328,-6.1781166
4297446365,106.6824241,-6.1781335
4297446366,106.6573648,-6.1781311
4297446370,106.6773025,-6.178161
4297446374,106.64511,-6.1781557
4297446377,106.6800547,-6.1781706
4297446378,106.6588571,-6.178171
4297446379,106.6557997,-6.1781722
4297446381,106.6673506,-6.178191
4297446382,106.6750488,-6.1782017
8505775087,106.5930482,-6.1509346
4297446384,106.671569,-6.1782158
4297446385,106.6640636,-6.1782172
4297446386,106.6727352,-6.1782254
4297446388,106.6661344,-6.178253
4297446389,106.6637378,-6.1782684
4297446390,106.6599149,-6.1782787
4297446392,106.6850481,-6.1782811
4297446395,106.6635093,-6.1783045
4297446396,106.6843807,-6.1783296
4297446397,106.6769758,-6.1783393
4297446399,106.6632445,-6.1783464
4297446400,106.6727138,-6.178349
4297446401,106.6666695,-6.1783403
4297446403,106.6833908,-6.1783805
4297446404,106.6708338,-6.1783898
4297446406,106.6772237,-6.178371
4297446407,106.6828929,-6.1783986
4297446408,106.6629052,-6.1783999
4297446409,106.64511,-6.1784011
8775783432,106.6818669,-6.1824675
4297446412,106.6459242,-6.1784156
4297446413,106.6795295,-6.1784391
4297446414,106.6558452,-6.1784193
4297446415,106.6773207,-6.178387
4297446416,106.6824402,-6.1784272
4297446419,106.6715344,-6.1784368
4297446420,106.6611233,-6.1784605
5455991829,106.6180462,-6.1886193
5455991830,106.6186827,-6.1877234
4297446422,106.6614771,-6.1784437
4297446423,106.673317,-6.1784504
4297446424,106.6602051,-6.1784455
5455991834,106.6177547,-6.1871567
4297446427,106.6625539,-6.1784577
4297446428,106.6672784,-6.1784657
4297446426,106.6800068,-6.1784391
4297446430,106.6799955,-6.1784951
4297446431,106.6715244,-6.1785004
5455991838,106.6136368,-6.1932799
4297446433,106.6571515,-6.1785168
4297446434,106.6805608,-6.1785424
5455991843,106.6141083,-6.1933219
4297446436,106.6641091,-6.1785346
4297446437,106.6721521,-6.1785373
4297446438,106.6739593,-6.1785455
8485590048,106.6513024,-6.1685517
4297446440,106.6718349,-6.1785496
4297446441,106.6444307,-6.1785657
8434734117,106.6407346,-6.1614394
4297446443,106.64511,-6.1785691
4297446444,106.6749562,-6.1785897
5455991853,106.6161725,-6.1950078
4297446446,106.674179,-6.1785702
5455991856,106.6162129,-6.1946412
4297446449,106.6721421,-6.1785983
5455991858,106.615069,-6.1944923
5455991859,106.6150877,-6.1937554
4297446450,106.6843977,-6.1786022
4297446452,106.6809698,-6.1786331
5455991862,106.6150523,-6.1940995
4297446454,106.6726631,-6.1786418
5455991863,106.6162467,-6.1942387
5455991864,106.6161706,-6.1951241
8434734138,106.6403604,-6.1608169
4297446459,106.6834124,-6.1786636
4297446461,106.6566177,-6.1787045
5455991870,106.6163412,-6.1935943
4297446463,106.6829049,-6.1786838
4297446465,106.6825744,-6.1786971
5455991874,106.6175498,-6.1932672
4297446467,106.6672141,-6.1787104
4297446468,106.6567585,-6.1787524
4297446469,106.6769183,-6.1787351
4297446470,106.6561954,-6.17874
4297446466,106.6824581,-6.1786764
4297446472,106.6595905,-6.1787766
4297446473,106.6614747,-6.1787585
4297446476,106.6626168,-6.1787805
5455991885,106.6149382,-6.193161
4297446477,106.64511,-6.1787891
4297446479,106.6459027,-6.1787931
4297446480,106.6739191,-6.1788441
4297446482,106.6607719,-6.1788698
4297446483,106.6846619,-6.1788846
4297446484,106.6598199,-6.1789055
4297446487,106.6844068,-6.1788961
8552305752,106.667279,-6.1741863
8552305754,106.667134,-6.1746681
9110017121,106.6414616,-6.2065998
9110017122,106.641792,-6.2061805
8499221629,106.6013732,-6.2043007
8499221632,106.6012973,-6.2048639
7237915776,106.5845463,-6.1589909
7237915781,106.5859468,-6.1601489
8503153801,106.613321,-6.1666549
8503153803,106.6132074,-6.166645
8503153805,106.6131847,-6.1668474
7229527206,106.6070192,-6.2057439
7229527207,106.6069199,-6.2056865
4297446589,106.679163,-6.1789087
4297446591,106.6726135,-6.1789282
4297446592,106.64511,-6.1789397
4297446594,106.683419,-6.1789486
4297446595,106.6571715,-6.1789626
4297446596,106.6442142,-6.1789504
4297446597,106.6642297,-6.1789429
4297446601,106.6728855,-6.1789763
4297446602,106.6825945,-6.1789905
4297446604,106.6765147,-6.1789831
4297446605,106.6609314,-6.1790523
4297446607,106.661114,-6.1790434
4297446608,106.6643496,-6.1790325
4297446610,106.6563789,-6.1790299
4297446613,106.6572987,-6.1790388
4297446614,106.6589072,-6.1790476
4297446615,106.6645965,-6.1790722
4297446616,106.6614723,-6.1790681
4297446618,106.6735127,-6.1790802
4297446619,106.6649409,-6.1790963
4297446620,106.662677,-6.1790901
4297446626,106.6498696,-6.1791477
4297446628,106.6737949,-6.1791271
4297446630,106.6458779,-6.1791654
4297446631,106.64511,-6.1791677
4297446632,106.6847277,-6.1791865
4297446634,106.6844175,-6.1791861
4297446638,106.6610227,-6.1792022
4297446639,106.6834201,-6.1792391
4297446640,106.6462354,-6.1792698
4297446642,106.6826144,-6.1792812
4297446645,106.663917,-6.1793187
4297446646,106.6656085,-6.1793222
4297446648,106.6614763,-6.1793476
4297446649,106.64511,-6.1793411
4297446650,106.6441409,-6.1794209
4297446651,106.6611935,-6.1793624
4297446653,106.6634085,-6.1793587
4297446654,106.6571138,-6.1793579
4297446655,106.6782499,-6.1793569
8523994366,106.6212215,-6.1926312
4297446657,106.6627351,-6.1793884
4297446658,106.6636819,-6.17939
4297446659,106.6466667,-6.179391
4297446660,106.6650625,-6.1793918
8523994373,106.6214548,-6.194928
4297446666,106.6847138,-6.1794611
4297446667,106.6458719,-6.1794663
4297446668,106.6566258,-6.1794672
4297446669,106.6450182,-6.1794828
4297446670,106.6844318,-6.1794826
4297446674,106.6719847,-6.1794962
4297446675,106.6725088,-6.1795004
4297446677,106.6449785,-6.179529
4297446678,106.6654501,-6.1795233
4297446680,106.6834392,-6.1795285
4297446682,106.6441216,-6.1795344
7794971931,106.6166899,-6.209213
7133975839,106.6641824,-6.1768383
4297446688,106.6634488,-6.1795556
4297446692,106.6801732,-6.1796138
8552305956,106.6793649,-6.1866311
4297446699,106.6657515,-6.1796289
8488867115,106.6249793,-6.1569368
4297446700,106.6585905,-6.1796277
4297446702,106.6613116,-6.1796625
8488867116,106.6247338,-6.1571528
4297446704,106.6649593,-6.1796423
4297446706,106.6608122,-6.1796739
4297446709,106.6627716,-6.1796823
7238047034,106.5869663,-6.1572715
4297446716,106.6782346,-6.1796984
4297446718,106.6465836,-6.1796958
7238047038,106.5876196,-6.1560446
4297446723,106.6785172,-6.1797463
4297446724,106.6608505,-6.1797718
4297446726,106.6847115,-6.1797604
4297446728,106.6844528,-6.1797674
4297446729,106.6621426,-6.1797863
4297446731,106.6607252,-6.1798016
6919804236,106.6435806,-6.2063233
4297446733,106.6724376,-6.1797982
4297446732,106.6653635,-6.1797796
4297446735,106.6849616,-6.179812
6919804240,106.6446854,-6.2063964
6919804237,106.6421556,-6.2085329
6919804239,106.6422077,-6.208303
4297446739,106.6787411,-6.1798239
4297446740,106.6834583,-6.1798186
4297446742,106.6861641,-6.1798516
9137280342,106.6366269,-6.1917002
9137280343,106.6363577,-6.1916779
8488998233,106.6237475,-6.1802792
8488998234,106.6237213,-6.1806022
4297446747,106.6607471,-6.1798651
4297446749,106.6829265,-6.179857
4297446751,106.6458638,-6.1798714
4297446752,106.6449722,-6.179874
4297446753,106.6656643,-6.1798796
4297446755,106.6730888,-6.1798981
4297446758,106.6440934,-6.1799118
4297446762,106.6628225,-6.1799496
4297446763,106.6734757,-6.1799564
4297446765,106.6618407,-6.1799663
4297446768,106.6781722,-6.180017
4297446769,106.6637816,-6.1800059
4297446770,106.6582705,-6.1800145
4297446771,106.6846124,-6.1800499
4297446772,106.6844879,-6.1800438
4297446773,106.6812984,-6.180061
4297446774,106.6621707,-6.1800556
4297446775,106.6640179,-6.1800511
4297446776,106.661377,-6.1800448
4297446777,106.6723713,-6.180068
4297446779,106.6579136,-6.1800742
4297446782,106.6603732,-6.1800996
4297446784,106.6823712,-6.1801241
4297446785,106.6576612,-6.1801187
4297446786,106.683478,-6.180117
4297446788,106.6642641,-6.1801242
4297446791,106.682188,-6.1801419
4297446792,106.6861641,-6.1801382
4297446798,106.6828621,-6.1801504
4297446801,106.6566997,-6.1796009
4297446803,106.6720332,-6.1801274
4297446804,106.6573559,-6.1801411
4297446805,106.6819738,-6.1801777
4297446806,106.6730458,-6.180177
4297446807,106.665074,-6.180201
4297446810,106.6601885,-6.1802221
4297446811,106.6723484,-6.1801906
4297446813,106.6628762,-6.1802449
4297446814,106.6647711,-6.1802493
4297446816,106.6718235,-6.1802443
4297446821,106.644992,-6.180269
4297446823,106.6458557,-6.1802784
4297446824,106.6459737,-6.1802797
4297446825,106.6618916,-6.1802831
4297446826,106.6645384,-6.1802863
4297446827,106.6602634,-6.1803155
4297446829,106.6441229,-6.180325
4297446830,106.6583912,-6.1802981
4297446833,106.6846458,-6.1802997
4297446835,106.684504,-6.1803011
4297446837,106.6464136,-6.1803197
4297446838,106.6642971,-6.1803248
4297446839,106.6743691,-6.1803284
4297446840,106.6622244,-6.1803436
4297446842,106.6803851,-6.179933
4297446843,106.6677908,-6.180001
4297446845,106.6723223,-6.180351
4297446847,106.6640664,-6.1803615
4297446848,106.6614275,-6.1803613
4297446849,106.6584053,-6.1803747
4297446851,106.6586451,-6.1804091
4297446853,106.6747256,-6.1804177
4297446854,106.6834978,-6.180393
5581690310,106.6293283,-6.2065067
4297446856,106.6638405,-6.1803975
4297446857,106.6726102,-6.1804049
4297446858,106.6846408,-6.1804131
4297446859,106.6750716,-6.1804217
4297446862,106.6589808,-6.180426
4297446863,106.6853919,-6.1804341
4297446865,106.6825548,-6.1804449
4297446867,106.6635725,-6.1804402
4297446868,106.6651045,-6.1804408
4297446871,106.6728266,-6.1804444
4297446875,106.6680349,-6.180153
4297446879,106.6632399,-6.1804931
4297446881,106.6805031,-6.1805115
4297446882,106.6782508,-6.1805178
4297446884,106.6629197,-6.1805439
4297446888,106.6598025,-6.1805566
4297446889,106.6800518,-6.1807997
4297446891,106.675596,-6.180537
4297446892,106.6672463,-6.180585
4297446893,106.6785029,-6.1805926
4297446894,106.684629,-6.1805957
4297446895,106.662605,-6.1806012
4297446897,106.6619521,-6.1805982
4297446898,106.6807723,-6.1806045
4297446899,106.6845226,-6.1805992
4297446900,106.68145,-6.1804784
4297446901,106.6584513,-6.1806238
4297446902,106.6674231,-6.1806444
4297446903,106.6622686,-6.1806596
4297446904,106.6732665,-6.1806617
4297446906,106.6742849,-6.180672
4297446907,106.6787707,-6.1806733
4297446908,106.6584612,-6.1806774
4297446909,106.6614755,-6.1806866
4297446910,106.6835275,-6.1806817
4297446911,106.6810661,-6.180688
4297446912,106.6749993,-6.1806908
4297446915,106.682593,-6.1807176
4297446916,106.6677076,-6.18074
4297446917,106.6813169,-6.1807592
4297446919,106.6598365,-6.1807651
4297446922,106.6677224,-6.1807464
4297446923,106.6574831,-6.1807893
4297446924,106.6803995,-6.1807977
4297446925,106.6738144,-6.1808092
4297446926,106.6594173,-6.1808363
4297446930,106.6590618,-6.1808968
4297446931,106.6742274,-6.1809204
4297446937,106.6820528,-6.1809719
4297446938,106.6749322,-6.180957
4297446939,106.6586874,-6.1809604
4297446940,106.6799981,-6.1809744
4297446941,106.6835427,-6.1809916
4297446945,106.6679329,-6.181049
4297446946,106.6832603,-6.1810121
4297446947,106.6583285,-6.1810214
4297446949,106.6724538,-6.180977
4297446951,106.6829551,-6.1810325
4297446952,106.6823213,-6.1810544
4297446953,106.6826073,-6.1810597
4297446954,106.6846297,-6.1810205
4297446955,106.6803033,-6.1810637
4297446957,106.6579581,-6.1810843
12199646766,106.6419268,-6.1634489
4297446960,106.662669,-6.1810972
4297446961,106.6685404,-6.1811304
12199646771,106.6419053,-6.1629516
4297446965,106.6575875,-6.1811473
4297446966,106.6671336,-6.1811477
4297446967,106.6649147,-6.1811587
4297446968,106.6630103,-6.1811653
12199646776,106.6408934,-6.1629729
4297446970,106.6758903,-6.1811925
4297446971,106.6646725,-6.1811947
4297446973,106.6748659,-6.1812199
4297446974,106.6741626,-6.1812114
4297446976,106.6644456,-6.1812285
4297446979,106.6715324,-6.181243
4297446982,106.6785756,-6.1812632
4297446983,106.6642206,-6.1812709
4297446986,106.6716974,-6.181287
4297446991,106.674508,-6.181297
4297446992,106.6677675,-6.1813484
4297446993,106.682221,-6.1813277
4297446994,106.6697702,-6.1813371
4297446995,106.6812258,-6.1813399
4297446998,106.668709,-6.1813656
4297447001,106.6802047,-6.1813635
4297447003,106.6630433,-6.18137
4297447004,106.6842533,-6.1813688
4297447006,106.6693599,-6.1814123
4297447007,106.6848343,-6.1814432
4297447008,106.668354,-6.1814143
4297447009,106.6649554,-6.1814165
4297447011,106.6686836,-6.1814123
10056357476,106.6315439,-6.1822326
10056357475,106.6316096,-6.1824569
4297447014,106.6758197,-6.1814763
4297447015,106.6728071,-6.1814754
4297447016,106.6794201,-6.1814888
4297447017,106.6740918,-6.1815001
4297447018,106.6680087,-6.181525
4297447020,106.678495,-6.1815068
4297447021,106.6747916,-6.1815148
4297447022,106.6849044,-6.1815356
4297447023,106.6681033,-6.1815594
4297447024,106.6818879,-6.1815382
4297447026,106.6832671,-6.1815884
4297447027,106.6637543,-6.1816022
4297447028,106.6821143,-6.1815884
4297447030,106.6778683,-6.1816243
4297447031,106.6829808,-6.1816354
4297447033,106.6811399,-6.181635
4297447034,106.6849696,-6.181647
4297447036,106.6634008,-6.1816545
4297447037,106.6801087,-6.1816553
7912937085,106.6495323,-6.2077284
4297447042,106.6679713,-6.1817176
4297447043,106.663073,-6.1816986
4297447044,106.6781239,-6.1817013
4297447045,106.6579369,-6.1817249
5566224007,106.6658199,-6.1973804
4297447047,106.6680496,-6.1817397
4297447049,106.6578893,-6.1817456
4297447052,106.6628321,-6.1817635
4297447054,106.6793335,-6.1817508
4297447055,106.6757095,-6.1817382
4297447056,106.6630823,-6.1817589
4297447058,106.6784061,-6.1817863
4297447060,106.6740273,-6.1817763
4297447062,106.6741482,-6.181804
4297447064,106.6747124,-6.1818291
4297447066,106.6817893,-6.1818397
8547980954,106.6660264,-6.1914619
4297447068,106.6850929,-6.1818634
4297447069,106.675765,-6.181751
4297447067,106.6786962,-6.1818737
4297447072,106.6789622,-6.1819539
4297447073,106.6810429,-6.1819336
4297447074,106.6800148,-6.1819405
4297447075,106.6650487,-6.1819637
4297447077,106.6746774,-6.181955
4297447078,106.6647612,-6.1819928
4297447080,106.6792473,-6.1820398
4297447082,106.6847799,-6.182033
4297447086,106.6844169,-6.181864
4297447087,106.6851973,-6.1820594
4297447088,106.6756244,-6.1820488
4297447090,106.6795444,-6.1820939
4297447092,106.6796354,-6.1821103
4297447096,106.6675704,-6.1821902
4297447097,106.6676084,-6.1821923
4297447100,106.6670962,-6.1821773
4297447101,106.6671336,-6.1821783
4297447105,106.6779848,-6.1821754
4297447107,106.6678646,-6.1822077
4297447108,106.6742952,-6.1821838
4297447111,106.6756939,-6.1820667
4297447114,106.6641383,-6.1821958
4297447115,106.6690434,-6.1822063
4297447116,106.6799298,-6.182199
4297447118,106.6681301,-6.1822237
11994781391,106.6229907,-6.1495051
4297447120,106.6809484,-6.1822244
4297447121,106.6848872,-6.1822277
11994781395,106.61349,-6.1438356
4297447124,106.6675818,-6.1822511
4297447125,106.6677143,-6.1822593
4297447126,106.6782719,-6.1822548
4297447133,106.6855997,-6.1822982
4297447134,106.6638633,-6.1823014
4297447137,106.6628078,-6.1823302
4297447138,106.6657831,-6.1823623
4297447140,106.678561,-6.1823328
4297447142,106.6624325,-6.1823649
4297447144,106.6738703,-6.1823864
4297447150,106.6788265,-6.182406
4297447152,106.6635565,-6.1824256
4297447153,106.6850102,-6.1824453
4297447155,106.6725422,-6.1824475
4297447156,106.6585464,-6.1824422
4297447157,106.671944,-6.1824782
4297447158,106.6798458,-6.1824675
7231887095,106.6668089,-6.1482898
4297447160,106.6791038,-6.1824816
4297447161,106.673846,-6.1824863
4297447159,106.6808652,-6.1824807
4297447163,106.6679919,-6.1824943
4297447164,106.6676298,-6.182505
4297447165,106.6755908,-6.1825057
4297447166,106.6584031,-6.1825045
4297447167,106.6633394,-6.1825145
7231887104,106.6671402,-6.1471591
4297447169,106.6810157,-6.1825296
4297447170,106.6745392,-6.1825377
4297447173,106.6589636,-6.1825994
4297447174,106.6612662,-6.1826014
4297447177,106.6745133,-6.1826516
4297447178,106.6855294,-6.1826502
4297447179,106.6679356,-6.182665
7231887115,106.66378,-6.1469031
7231887117,106.6638436,-6.1466269
4297447181,106.6593418,-6.1827043
8488998669,106.6024366,-6.1851475
4297447184,106.6666294,-6.182721
4297447180,106.681507,-6.1827032
4297447186,106.6663759,-6.1827429
4297447187,106.6797594,-6.1827437
4297447188,106.6737802,-6.182757
4297447189,106.6775141,-6.1827691
7229396756,106.6734534,-6.1620609
4297447192,106.6809339,-6.1827878
4297447193,106.6597421,-6.1828104
7229396763,106.6767962,-6.1619542
4297447196,106.6741288,-6.1828365
4297447197,106.6777778,-6.182849
2967066398,106.5898595,-6.1735497
2967066399,106.5898599,-6.1739562
4297447198,106.6751469,-6.1828205
4297447201,106.6744538,-6.1829132
4297447202,106.6717202,-6.1829323
4297447203,106.6668506,-6.1829769
4297447204,106.6780799,-6.1829406
4297447205,106.660191,-6.1829417
4297447206,106.6666529,-6.1830021
4297447207,106.6747482,-6.1829839
4297447209,106.6664093,-6.1830348
4297447210,106.6670639,-6.183225
7229396779,106.6729713,-6.1687443
7229396777,106.672858,-6.1691997
4297447213,106.6796837,-6.182997
4297447216,106.6737145,-6.1830275
4297447217,106.666175,-6.1831634
4297447218,106.6724207,-6.1830374
4297447219,106.6606968,-6.1830467
7218124596,106.6112933,-6.1643209
4297447222,106.6808451,-6.183068
4297447223,106.6716344,-6.1830696
4297447225,106.6609642,-6.1830883
4297447227,106.6786141,-6.1830923
4297447229,106.6736876,-6.1831385
4297447231,106.6845046,-6.1831644
4297447233,106.6788919,-6.1831732
4297447234,106.6821477,-6.1831754
8775128900,106.6773815,-6.1632063
4297447237,106.6743908,-6.1831902
4297447238,106.6779967,-6.1832378
4297447240,106.6795975,-6.1832642
4297447241,106.6751111,-6.1832581
4297447242,106.6791912,-6.1832603
4297447243,106.6824174,-6.1832418
4297447244,106.6753954,-6.1832862
4297447245,106.6747376,-6.1832677
4297447246,106.6792733,-6.1832842
4297447247,106.6743675,-6.1832923
4297447248,106.6816169,-6.1833146
4297447249,106.6807629,-6.1833275
4297447252,106.6795613,-6.1833749
4297447254,106.6739833,-6.1834226
4297447256,106.6778823,-6.1835595
4297447258,106.6726912,-6.1834336
4297447259,106.6682658,-6.1834928
4297447260,106.6788061,-6.1834557
4297447261,106.6820588,-6.1834559
4297447263,106.6663592,-6.1835235
4297447265,106.6614062,-6.1835304
4297447266,106.6795149,-6.1835306
4297447267,106.6751158,-6.1836083
4297447268,106.6735935,-6.1835399
4297447269,106.6806813,-6.1835856
4297447271,106.6815217,-6.1835859
4297447273,106.6747864,-6.1836213
4297447274,106.6735687,-6.1836433
4297447275,106.6772188,-6.1837006
4297447276,106.6742589,-6.1837212
4297447278,106.6727426,-6.1837329
4297447279,106.6819704,-6.1837347
4297447280,106.6581868,-6.183771
4297447283,106.6794298,-6.1838126
4297447284,106.6742342,-6.1838246
4297447285,106.6814405,-6.1838171
4297447287,106.6711293,-6.1838375
4297447289,106.6805971,-6.1838485
4297447291,106.6668552,-6.1839046
4297447293,106.6735018,-6.183922
4297447297,106.6666152,-6.1840128
4297447300,106.6738439,-6.1840085
4297447301,106.6793555,-6.1840585
4297447302,106.6741712,-6.1840876
4297447303,106.6786106,-6.184095
4297447304,106.681356,-6.1840821
4297447305,106.673064,-6.1841056
4297447306,106.6751199,-6.184117
4297447307,106.6805098,-6.1841265
4297447308,106.6796183,-6.1841372
4297447309,106.6789019,-6.1841894
4297447310,106.6580761,-6.1841927
4297447311,106.6734343,-6.1842032
4297447312,106.6686363,-6.1842461
4297447313,106.6789851,-6.1842164
4297447314,106.6798948,-6.1842199
4297447315,106.6748593,-6.1842315
4297447316,106.6792791,-6.1843118
4297447318,106.6802377,-6.1843226
4297447320,106.6812711,-6.1843479
4297447321,106.6683473,-6.1843884
4297447322,106.6741043,-6.1843666
4297447323,106.6804296,-6.1843801
4297447324,106.6731284,-6.1844096
4297447326,106.6805626,-6.1844181
4297447328,106.6733694,-6.1844738
4297447330,106.6681028,-6.1845092
4297447331,106.674946,-6.1845519
4297447332,106.6733413,-6.1845906
4297447333,106.6624022,-6.1846164
4297447335,106.6678402,-6.1846387
4297447336,106.6740392,-6.1846386
4297447337,106.6578808,-6.1846548
4297447338,106.679732,-6.1846903
4297447339,106.6676085,-6.184753
4297447345,106.6800592,-6.1847543
4297447347,106.6791311,-6.1847623
4297447349,106.6631492,-6.1847816
7791040439,106.5898592,-6.173767
4297447352,106.6586444,-6.1847476
4297447354,106.6679525,-6.1848653
4297447355,106.6673571,-6.184877
4297447357,106.673797,-6.1850704
4297447359,106.6689791,-6.1849389
4297447360,106.6578015,-6.1848811
4297447361,106.6739731,-6.1849142
4297447362,106.6580912,-6.184959
4297447363,106.6615593,-6.1850717
4297447365,106.6686632,-6.1850931
4297447366,106.6621586,-6.1851529
4297447368,106.6754071,-6.1850992
4297447370,106.6783238,-6.1851089
4297447371,106.65774,-6.1850571
4297447378,106.6684362,-6.1852005
4297447380,106.6584169,-6.1851068
4297447381,106.658073,-6.1851268
4297447383,106.6752392,-6.185259
8789415900,106.6410671,-6.2018603
7968511985,106.6691375,-6.1392439
7968511991,106.6663907,-6.140043
7968511992,106.6664075,-6.1401358
7968511993,106.6665904,-6.1405118
8484542462,106.6624121,-6.1477924
7968512000,106.6666326,-6.1405738
8484542467,106.6619884,-6.148067
7968512039,106.6724988,-6.1383525
7968512040,106.6726027,-6.1383028
8502630439,106.5896706,-6.1922072
7968512042,106.6735366,-6.1379934
8502630443,106.5895916,-6.19229
8502630444,106.589735,-6.1921379
8502630441,106.5895928,-6.1919246
8502630440,106.5896666,-6.1919846
8502630442,106.5893152,-6.1916219
8502630451,106.5894105,-6.1914899
8502630457,106.5895084,-6.1917686
8502630459,106.5895043,-6.1918499
8502630461,106.5894346,-6.1919339
4297447490,106.6681834,-6.1852958
4297447498,106.6575747,-6.1856788
4297447501,106.6676332,-6.1855698
4297447503,106.6620219,-6.1856327
4297447504,106.6674592,-6.1855899
4297447505,106.6580797,-6.1859941
4297447506,106.6630593,-6.1855814
4297447508,106.6631654,-6.1855988
4297447509,106.6633939,-6.1856066
4297447512,106.6738909,-6.1856996
4297447514,106.6627166,-6.1856822
7122835549,106.6612927,-6.1817362
7122835550,106.6610091,-6.1811083
7122835551,106.6611085,-6.1810936
8788367455,106.5923206,-6.1948485
4297447524,106.6614495,-6.1858532
4297447525,106.6682065,-6.1859363
4297447529,106.6739692,-6.1859482
4297447530,106.6633737,-6.1859008
4297447531,106.6687778,-6.1860178
4297447532,106.6742294,-6.1860216
4297447533,106.6702577,-6.1860602
4297447535,106.6739987,-6.1860762
4297447536,106.6734636,-6.1860816
4297447539,106.6737741,-6.1861282
4297447542,106.6625195,-6.1862101
4297447543,106.6702409,-6.1862318
4297447545,106.66251,-6.1862448
4297447550,106.6742388,-6.1863296
12197288067,106.6687191,-6.1606873
4297447555,106.6716144,-6.1863897
12197288069,106.6703248,-6.161799
12197288070,106.6707147,-6.1618347
12197288068,106.6687193,-6.1609119
4297447563,106.6722526,-6.1864776
4297447564,106.6618589,-6.1864228
4297447567,106.6621869,-6.1864841
4297447568,106.6672643,-6.1865114
4297447569,106.6633348,-6.1865108
4297447570,106.668922,-6.1865071
4297447572,106.6687027,-6.1865802
4297447576,106.6692016,-6.1866442
4297447578,106.6634024,-6.1866592
4297447581,106.6715928,-6.1866869
4297447582,106.6666709,-6.1867176
4297447583,106.6711535,-6.1867674
4297447584,106.6717054,-6.1867909
4297447585,106.6701778,-6.1868361
4297447586,106.6677277,-6.1867949
4297447587,106.6717004,-6.1868409
9134659743,106.6812484,-6.1524042
4297447590,106.6680496,-6.1869415
4297447592,106.6718221,-6.1870709
4297447594,106.6687542,-6.1871434
4297447595,106.671656,-6.1871366
7122704556,106.6598312,-6.1969162
4297447597,106.6715512,-6.1871829
4297447598,106.6692444,-6.1872454
7221532847,106.6319691,-6.1432989
8547981486,106.6689585,-6.1871699
8547981485,106.6690305,-6.1868434
4297447602,106.6697641,-6.1873301
7221532851,106.6269657,-6.1441392
4297447606,106.6720783,-6.1873869
4297447608,106.6696782,-6.1874687
4297447609,106.6663912,-6.1874594
4297447612,106.6662102,-6.1881794
4297447616,106.6658945,-6.1886655
4297447618,106.6664415,-6.1897184
4297447620,106.6664012,-6.19075
4297447622,106.6664023,-6.1910573
4297447623,106.6672005,-6.1911486
4297447624,106.6675464,-6.1911811
4297447626,106.6679397,-6.1912504
4297447627,106.6664036,-6.1913676
4297447628,106.6671851,-6.1914373
4297447630,106.6664157,-6.1916403
4297447631,106.6667509,-6.1916759
4297447634,106.6669735,-6.1918026
4297447635,106.6676223,-6.1918179
4297447637,106.6672325,-6.191948
4297447638,106.6663,-6.1920999
4297447639,106.6674691,-6.1920826
4297447640,106.668354,-6.1921347
4297447641,106.6717646,-6.1921551
4297447642,106.6676919,-6.1922122
4297447643,106.6683083,-6.1922131
4297447644,106.6662151,-6.1922931
4297447645,106.6679201,-6.1923448
4297447646,106.6663359,-6.1923647
4297447647,106.6681527,-6.19248
4297447648,106.6665685,-6.1925009
4297447652,106.6683803,-6.1926144
4297447653,106.666817,-6.1926443
4297447654,106.668595,-6.1927371
7066867941,106.6039829,-6.2059012
4297447656,106.6670748,-6.1927931
4297447657,106.6658886,-6.1928228
4297447659,106.6688244,-6.1928636
4297447660,106.6679253,-6.1928689
4297447662,106.6672808,-6.1929204
4297447663,106.6690519,-6.1929875
4297447664,106.6662804,-6.193008
4297447665,106.6675021,-6.1930493
4297447666,106.6715285,-6.1930976
4297447667,106.6692586,-6.1931228
4297447668,106.6643685,-6.193138
4297447669,106.6645293,-6.1931639
4297447670,106.6677398,-6.1931878
4297447671,106.6652305,-6.1932832
4297447672,106.6688606,-6.1933285
4297447673,106.6679889,-6.1933341
7968512246,106.6543034,-6.1655538
4297447675,106.6667284,-6.1933612
7968512248,106.6542643,-6.167098
4297447677,106.6644816,-6.1934333
4297447678,106.6682012,-6.1934455
7968512249,106.6541767,-6.1674558
4297447680,106.6669333,-6.1935439
8788367617,106.594461,-6.1765519
4297447682,106.668426,-6.1935708
4297447683,106.6636238,-6.193569
4297447684,106.6709109,-6.1936093
8788367621,106.5949734,-6.1772903
7968512253,106.6529104,-6.1716631
4297447687,106.6686465,-6.1936794
8788367620,106.5941358,-6.1764834
8788367625,106.5943819,-6.1772023
4297447690,106.6658667,-6.1937721
4297447691,106.6649735,-6.1937914
8788367627,106.5940239,-6.1771076
4297447689,106.6644345,-6.1937005
4297447694,106.6713888,-6.1938252
7968512271,106.6530599,-6.1797797
4297447695,106.6637847,-6.1938802
4297447697,106.6664415,-6.1939298
4297447698,106.6643848,-6.1939767
4297447699,106.6676328,-6.1939913
4297447700,106.6692335,-6.193978
4297447701,106.6649788,-6.1940711
8488212754,106.6062045,-6.1504534
4297447703,106.6699835,-6.1942361
4297447704,106.6643322,-6.1942798
4297447705,106.6650363,-6.1944049
4297447706,106.6699742,-6.1944844
4297447707,106.6703506,-6.1944975
4297447708,106.6654289,-6.1944896
4297447709,106.6707356,-6.1945267
8488212766,106.6131681,-6.1581208
4297447710,106.6657014,-6.1945499
4297447712,106.664279,-6.1945813
4297447711,106.6713119,-6.1945734
4297447714,106.6694265,-6.1946413
4297447715,106.6699553,-6.1946629
4297447716,106.6662796,-6.1946692
4297447717,106.6649801,-6.1946968
4297447718,106.6699526,-6.1947304
4297447713,106.6659883,-6.1946122
7229790500,106.6295906,-6.2042213
4297447721,106.6707115,-6.1947829
7968512291,106.6540285,-6.1791185
7968512297,106.6542061,-6.176651
4297447722,106.6709692,-6.1948024
4297447725,106.6688474,-6.1948781
4297447726,106.6659241,-6.1949185
4297447727,106.6691696,-6.1949106
4297447728,106.6699336,-6.1949716
4297447729,106.6649197,-6.1949879
4297447730,106.6664904,-6.195014
4297447731,106.6706908,-6.1950425
4297447732,106.6665936,-6.1950346
4297447733,106.6688482,-6.1950854
4297447734,106.6691546,-6.1951479
4297447735,106.6643101,-6.1951512
4297447736,106.6699115,-6.1952168
7870732592,106.6829666,-6.1875502
4297447738,106.6636463,-6.1952707
4297447739,106.670677,-6.1952968
4297447742,106.6691309,-6.1954208
4297447743,106.6636441,-6.1954295
4297447744,106.6639684,-6.1954348
4297447745,106.6650464,-6.195438
4297447746,106.6653526,-6.1954337
4297447748,106.6698925,-6.1954766
7968512325,106.6537563,-6.1732683
4297447750,106.6706561,-6.1955374
7968512329,106.6531125,-6.1732414
4297447754,106.6687959,-6.195638
4297447755,106.6691048,-6.195679
4297447756,106.6698684,-6.1957533
4297447757,106.6639649,-6.1957322
4297447758,106.6659427,-6.1957584
4297447760,106.6687803,-6.1958557
4297447761,106.669087,-6.195927
4297447762,106.6698494,-6.1959854
4297447763,106.6703694,-6.1960262
7221533012,106.5998295,-6.1996442
4297447764,106.6636296,-6.196016
4297447765,106.6639606,-6.1960529
4297447766,106.6659288,-6.1960645
4297447767,106.6690659,-6.1961746
4297447768,106.6698306,-6.1962398
4297447770,106.6639565,-6.1963463
4297447771,106.6656346,-6.1963671
7067392348,106.6101606,-6.1939806
4297447773,106.6690576,-6.1964274
7067392349,106.609799,-6.193975
4297447775,106.6639523,-6.1966473
4297447776,106.6650963,-6.1966897
4297447777,106.6636137,-6.196957
4297447778,106.6639471,-6.1969629
4297447779,106.6646075,-6.1969764
4297447780,106.6636119,-6.197084
4297447772,106.6689007,-6.1964278
5446949214,106.6561505,-6.1742277
5446949215,106.6540996,-6.174524
9665239395,106.6676292,-6.1599066
12189030761,106.6791201,-6.1758211
12189030762,106.6791309,-6.1757489
12189030763,106.6797659,-6.1758959
7221533040,106.5998684,-6.2007895
8788498802,106.5956493,-6.2060238
8788498808,106.5958394,-6.2065464
12154165701,106.6826289,-6.1477843
8810387964,106.6315513,-6.1728597
8810387974,106.631076,-6.1725235
8789416522,106.6354586,-6.1948685
9992395390,106.6773205,-6.1501959
4307159924,106.6006854,-6.1693864
7229397719,106.6444407,-6.196745
7229397721,106.6433846,-6.197102
12680682220,106.6082837,-6.2004829
7229397743,106.6412502,-6.2024894
12680682226,106.6085695,-6.2009335
12680682227,106.6082935,-6.2003749
7679367962,106.6578263,-6.1620923
7221533487,106.6278787,-6.1436496
8434735923,106.6511241,-6.1602755
8434735924,106.6500673,-6.1603542
8434735925,106.650593,-6.1603155
8434735926,106.651065,-6.1595795
8434735927,106.6505367,-6.1596275
8509053752,106.6334537,-6.1751962
8434735928,106.650025,-6.159664
7221533518,106.6327446,-6.144007
12154166101,106.6827015,-6.1475963
7805328214,106.6120255,-6.2031695
6316743516,106.682152,-6.1467178
9673628511,106.6611426,-6.1718614
11310717848,106.6578545,-6.175605
8488999843,106.6270217,-6.1657903
8488999845,106.6270432,-6.1656037
5421783977,106.5997772,-6.1820315
8548375481,106.6786905,-6.1934245
12154166201,106.6840088,-6.1483294
12180595641,106.6654393,-6.1944456
12180595643,106.6676323,-6.194651
8962038731,106.6142772,-6.1750983
8962038732,106.6138881,-6.175014
12180595645,106.6676077,-6.1948654
6552100194,106.6150369,-6.1599655
8505908247,106.6475004,-6.2085829
8505908248,106.6474843,-6.2089169
5430565919,106.6236823,-6.2013615
6552100209,106.6128315,-6.1608149
6552100213,106.6127886,-6.1600489
6552100215,106.6111534,-6.1602192
6702750788,106.6296563,-6.1609862
6702750789,106.6295697,-6.1608752
7237786702,106.6364427,-6.2005342
7237786714,106.636501,-6.2021474
8509316191,106.5954052,-6.1437896
8509316192,106.5950426,-6.1435355
7237786721,106.6357631,-6.2015607
13202087012,106.6242456,-6.1746156
7229529192,106.6201643,-6.1633646
12317875306,106.6469064,-6.178186
8498830444,106.6447601,-6.160053
8788368495,106.592618,-6.1946058
8788368500,106.5918614,-6.1947391
6552100228,106.6093647,-6.1594289
7229529234,106.622962,-6.1644565
7229529238,106.6230046,-6.1619419
8498830486,106.6401155,-6.1627318
8498830487,106.6400908,-6.1622956
6552100233,106.6086446,-6.1588809
8498830496,106.6391525,-6.1628745
5648800934,106.6847902,-6.1967658
5648800935,106.6846892,-6.1973443
5648800939,106.6845202,-6.2044346
5648800940,106.6851042,-6.2041659
5648800950,106.6805103,-6.1962929
5648800951,106.6803192,-6.1959591
5648800953,106.6802898,-6.1962624
5648800959,106.6802233,-6.1967977
5648800960,106.6800684,-6.1967784
5648800968,106.6783029,-6.1998082
5430566130,106.618625,-6.203072
6552100251,106.6037887,-6.1520138
5430566133,106.6203967,-6.2099436
5430566136,106.6192417,-6.2098964
5430566140,106.6169185,-6.2093396
5430566145,106.6165444,-6.2075024
5430566146,106.6165697,-6.2081605
8810781973,106.6010955,-6.2071824
8810781974,106.6010046,-6.207405
10883030293,106.626833,-6.2026887
10883030298,106.6263702,-6.2024536
10883030299,106.6263016,-6.2028227
10883030300,106.6262979,-6.2026199
10883030303,106.6262816,-6.2024498
10030275874,106.5934686,-6.189218
7221533987,106.5997021,-6.2034627
10030275877,106.5954629,-6.1894247
10030275878,106.6028832,-6.188322
10030275879,106.6040795,-6.1882367
10030275880,106.6040164,-6.18855
10030275883,106.6040767,-6.1881747
8536317237,106.6651186,-6.1530214
7231757623,106.6440818,-6.1576463
7231757624,106.6502094,-6.1574261
7231757632,106.6477797,-6.1587799
5636480345,106.6848335,-6.1719526
5636480346,106.6853276,-6.1776953
5636480347,106.6843443,-6.1777468
7231757663,106.6464931,-6.1608489
8505777505,106.6012323,-6.1477938
7231757668,106.6457114,-6.152988
9065192843,106.6829115,-6.1874782
5436464534,106.6330331,-6.195647
9065192854,106.682581,-6.18828
8527797665,106.6298541,-6.2048846
8789155237,106.6250131,-6.2073708
8789155238,106.6235901,-6.2074915
8527928766,106.6347203,-6.2063138
8527928773,106.6350364,-6.2061146
12084960709,106.5926304,-6.2047573
8555935542,106.6626729,-6.1852428
9529449931,106.6672629,-6.1640329
9529449932,106.6678164,-6.164081
2967068127,106.586963,-6.1738979
2967068128,106.5869058,-6.1740273
2967068129,106.591802,-6.1741193
2967068130,106.5906732,-6.172749
2967068131,106.5906631,-6.1735717
2967068132,106.5903512,-6.1727491
12170157539,106.6630764,-6.1817209
6553460202,106.6262439,-6.1356558
6553460204,106.6332876,-6.1362009
6553460205,106.633124,-6.1362659
6322380287,106.6552292,-6.1863767
6322380288,106.6552446,-6.1861744
6322380289,106.6602162,-6.1912
6322380290,106.6605761,-6.1920205
6322380299,106.6658574,-6.1864541
6322380300,106.6659382,-6.1861876
8509185548,106.601007,-6.1400468
8509185552,106.6012868,-6.1395155
6322380305,106.6648757,-6.188734
6322380308,106.6650474,-6.18883
8498830869,106.6528709,-6.2043995
6322380310,106.6652754,-6.1886834
6322380311,106.6652004,-6.189073
6322380312,106.661525,-6.1870248
8498830875,106.652962,-6.2037318
6322380316,106.6614885,-6.1874332
12157967901,106.6711861,-6.1454877
6322380318,106.6639712,-6.1767533
6322380319,106.6643407,-6.1790506
6322380317,106.6638458,-6.1770036
8523865636,106.6272899,-6.1901793
6322380329,106.6630872,-6.1795451
6322380330,106.6623451,-6.1814482
6322380333,106.6622491,-6.1759751
6322380334,106.6625905,-6.176569
6322380335,106.6625342,-6.1763071
6322380336,106.6629023,-6.1765536
6322380337,106.6628809,-6.1762656
6322380338,106.6634441,-6.1766773
6322380340,106.6634203,-6.1760927
6322380341,106.6512354,-6.171745
6322380342,106.6508505,-6.171761
6322380343,106.6513157,-6.1720853
6322380344,106.6508612,-6.1720783
6322380345,106.6493227,-6.1740978
6322380347,106.6484995,-6.1741596
13055942250,106.6244307,-6.1926272
12175269495,106.6552332,-6.2012228
7129521789,106.6447964,-6.1849979
12157968001,106.6713113,-6.1454471
5648670370,106.6787092,-6.2063805
5648670371,106.6785282,-6.2060431
5648670375,106.6839393,-6.2060021
11299184325,106.6204597,-6.1837062
11299184327,106.6203005,-6.1844687
11299184328,106.6217663,-6.1857542
11299184333,106.6216023,-6.1854098
11299184334,106.6217606,-6.1858381
11299184335,106.6217901,-6.1854088
11299184336,106.6215339,-6.1854101
11299184337,106.620736,-6.1853115
8497127129,106.6377643,-6.1930495
7803232003,106.6228013,-6.178992
8785485606,106.6274489,-6.1578248
7231889237,106.6189783,-6.1963359
7231889238,106.618911,-6.1963211
7231889250,106.619275,-6.1974052
8484544374,106.6562987,-6.1454363
8484544375,106.6565626,-6.145548
8785354637,106.6311281,-6.1950381
8785354642,106.6308293,-6.1949149
7912939423,106.648485,-6.2084312
7912939424,106.6482324,-6.2084102
7238311861,106.6475291,-6.1844873
7238311867,106.643296,-6.1845589
6917447697,106.6671031,-6.1720616
409460848,106.6887729,-6.1653254
6555033719,106.6821319,-6.1944453
6555033748,106.6826494,-6.2014748
8495685906,106.6351649,-6.190006
8495685911,106.635157,-6.1894314
8552440088,106.637371,-6.1488472
8552440087,106.6373872,-6.1492219
8552440090,106.6376863,-6.1488219
8552440089,106.6377117,-6.1492072
10096052879,106.6536668,-6.1644356
10096052880,106.653294,-6.1645129
3727024426,106.6603889,-6.1889534
3727024428,106.6602581,-6.1890125
3727024433,106.661534,-6.1887006
3727024438,106.6616826,-6.1893202
3727024439,106.6613042,-6.18932
3727024440,106.66035,-6.1893193
6687940940,106.6089562,-6.1764758
12197814616,106.6442663,-6.1650556
12197814617,106.6447018,-6.164977
12197814618,106.6441862,-6.16507
8485674621,106.6553016,-6.1673363
8485674626,106.6553526,-6.1669183
8485674627,106.6557831,-6.1669583
6541402506,106.676587,-6.1431313
6541402507,106.6764886,-6.1433443
6919414157,106.5997333,-6.197375
6919414158,106.60046,-6.1975019
6919414159,106.6002309,-6.1975126
6919414160,106.6005067,-6.1971102
6919414161,106.600225,-6.197109
11142685079,106.5860284,-6.1613636
6541402521,106.6810076,-6.1445448
8485069210,106.6117395,-6.1774846
6541402523,106.6800805,-6.1432536
6541402524,106.6811889,-6.1430936
8491229596,106.6844345,-6.1492659
8491229598,106.6843553,-6.1488766
6541402530,106.6824031,-6.1426322
7243817385,106.6810634,-6.1741568
6541402540,106.6823105,-6.1426465
6541402543,106.6824127,-6.1431322
7243817395,106.6808684,-6.1736264
6541402558,106.6779935,-6.1456784
6541402560,106.6757226,-6.1453923
6541402563,106.6771585,-6.1456118
6541402571,106.6756622,-6.1478857
8925471181,106.6206333,-6.1845221
7229137366,106.5899415,-6.2050306
12617638403,106.6706909,-6.1803703
8555717173,106.6593886,-6.185365
8555717174,106.6593806,-6.1854501
8508924472,106.6297265,-6.1779195
8508924473,106.6288404,-6.1778349
8508924474,106.6286469,-6.1778135
8555717190,106.6586181,-6.1849555
12216951416,106.6566212,-6.169609
12216951417,106.6568278,-6.169601
8555979387,106.6632751,-6.1836708
13716415104,106.669201,-6.1468552
9137283723,106.6389683,-6.1880207
10030408335,106.595896,-6.1781449
10030408337,106.5957992,-6.1780251
10030408338,106.592204,-6.1841648
10030408340,106.5903117,-6.1875874
10030408341,106.5906307,-6.1876519
10030408342,106.5899214,-6.1889627
10030408343,106.5899539,-6.1889767
10030408344,106.5896961,-6.1894007
10030408345,106.5906107,-6.190242
9144230565,106.6733543,-6.1781601
8811438760,106.5939146,-6.1425009
8962302663,106.6180739,-6.175319
5504618716,106.68272,-6.2076602
5504618717,106.6831248,-6.2084683
8407343836,106.6372517,-6.1488473
11068760797,106.6070312,-6.1717777
11068760798,106.6071258,-6.171779
5504618721,106.6836646,-6.2076371
5504618724,106.6829431,-6.2092169
8682201876,106.6032164,-6.2024755
8776442648,106.6810589,-6.1740348
7120479007,106.638459,-6.1852589
7120479009,106.6383611,-6.1855311
7120479010,106.6382147,-6.1855195
4357612324,106.6835693,-6.1380026
7120479012,106.6387088,-6.1854594
4357612326,106.6838524,-6.1347823
7120479015,106.6382198,-6.1852588
7120479014,106.6383635,-6.1852608
7120479019,106.6385204,-6.1842918
7120479020,106.6385131,-6.1840707
4357612333,106.6820162,-6.1372713
4357612341,106.6820163,-6.1365665
4357612350,106.6836766,-6.1380612
8483758911,106.6148366,-6.1921789
8483758913,106.6147858,-6.192542
4357612357,106.682275,-6.1366078
4357612362,106.6819813,-6.1376726
7231890251,106.6569674,-6.1796849
4357612366,106.6819989,-6.1368319
4357612369,106.682978,-6.1356144
4357612376,106.6838152,-6.1356453
8509580123,106.6000602,-6.1948818
8509580124,106.6001681,-6.1945974
8509580125,106.600721,-6.1953607
8509580126,106.6001809,-6.1952844
7231890277,106.6507559,-6.1822612
8498832263,106.6418165,-6.1597823
4968014747,106.5944592,-6.1580843
4968014748,106.5945281,-6.1585082
239068060,106.6348212,-6.1894086
4968014750,106.5944114,-6.1585582
239068066,106.6345105,-6.1879954
4968014754,106.5945925,-6.1592869
4968014755,106.5942959,-6.1589523
4968014757,106.5954099,-6.1586332
4968014760,106.5942374,-6.1592772
4968014761,106.5940413,-6.159598
4968014762,106.5939018,-6.1603183
239068075,106.6312864,-6.1830029
4968014764,106.5943443,-6.1607845
4968014765,106.594429,-6.1600788
4968014766,106.5941054,-6.1600088
4968014767,106.5947494,-6.1601268
4968014763,106.5935525,-6.1604142
239068077,106.6308077,-6.1819672
4968014770,106.5941754,-6.1596222
4968014772,106.5894433,-6.1563001
4968014773,106.590043,-6.1563978
4968014774,106.5891865,-6.1565275
4968014775,106.5900001,-6.1566576
4968014776,106.5893581,-6.1568374
8699634617,106.6516867,-6.1745117
239068084,106.6298601,-6.177021
8482055146,106.6275153,-6.1856884
8482055148,106.6273195,-6.1860621
8788763629,106.5994731,-6.204192
8482055156,106.6271706,-6.1860141
3727025157,106.6613055,-6.1896887
7249060967,106.6756776,-6.2084296
8646681722,106.6309458,-6.1358993
7117858073,106.6230943,-6.2010775
7117858074,106.6230666,-6.2011749
8487822617,106.6542567,-6.1786567
8482186524,106.6264186,-6.1816719
12140274984,106.6752215,-6.1422928
8794400057,106.6006711,-6.1421948
8794400059,106.6006898,-6.1423569
8794400061,106.6007093,-6.1422328
8794400062,106.6006469,-6.142184
8506303809,106.5899952,-6.2042739
11596195197,106.6616377,-6.1630147
8434607523,106.644908,-6.2075584
9106744741,106.6298316,-6.1603694
9106744745,106.6296194,-6.1602869
9106744746,106.6321924,-6.1598342
9106744751,106.6322734,-6.1580582
8820090290,106.6757239,-6.1871047
9106744754,106.6318282,-6.1579382
9106744755,106.6320796,-6.1584477
8820090293,106.6757403,-6.1868399
9106744759,106.6318115,-6.1583882
8788633134,106.6070768,-6.1895367
8788633135,106.6063591,-6.1895862
7137519230,106.6710419,-6.19194
7137519231,106.6759854,-6.1936509
7137519232,106.6760468,-6.1936427
7137519233,106.6758343,-6.1922696
7137519234,106.6757658,-6.1922647
7137519235,106.6758695,-6.1915648
7137519236,106.6759532,-6.1915746
7137519238,106.675802,-6.1909195
7137519239,106.675752,-6.1901753
7137519240,106.676338,-6.1881644
7207380617,106.6090429,-6.2032147
8547985032,106.6773415,-6.1605569
8547853964,106.6118033,-6.1474403
3727025813,106.6616546,-6.190214
3727025814,106.6612722,-6.1902207
3727025815,106.6612541,-6.190054
3727025817,106.6602516,-6.190056
8502503067,106.6375466,-6.1929124
8502503069,106.6372241,-6.1927606
3727025823,106.6612571,-6.1903743
8794400425,106.6076441,-6.1477792
7207380659,106.6066651,-6.2047019
9096914614,106.663072,-6.1922979
8555849406,106.6753625,-6.1795688
8548116162,106.6138192,-6.1418975
8555849414,106.6754443,-6.1791489
8555849416,106.6754598,-6.178953
9069520600,106.6623715,-6.1645447
9069520602,106.6598921,-6.1656719
8496211699,106.6139902,-6.1837142
8484546298,106.6573857,-6.1461631
12205156127,106.6557428,-6.1655855
12205156132,106.6572854,-6.1720271
12205156133,106.6571795,-6.1724401
6866069286,106.6647402,-6.1716119
12205156135,106.6573244,-6.1721477
12205156136,106.6570359,-6.1724613
12205156137,106.6573567,-6.172414
12205156134,106.6569916,-6.1721657
12170279802,106.6614136,-6.1794556
8499357518,106.6067841,-6.2056447
7067527042,106.5933572,-6.2096757
10962593670,106.6532914,-6.207039
9119065991,106.6013061,-6.1882394
9119065992,106.6019726,-6.188146
9119065993,106.6026311,-6.1881487
7067527051,106.5958126,-6.2007045
7028729756,106.6381341,-6.203904
1838671798,106.6310957,-6.1594302
8814192586,106.6601537,-6.1599809
1838671835,106.6323473,-6.1576992
8484808690,106.6705986,-6.1461028
1838671861,106.6327015,-6.1431041
239069207,106.641357,-6.1854226
239069211,106.6368738,-6.1865483
8484546597,106.6568446,-6.146333
11056048166,106.6443676,-6.1700343
11056048167,106.6443812,-6.1704956
1838671920,106.6326086,-6.1607572
1838671924,106.6341414,-6.1634863
7237789802,106.6779758,-6.1447144
8548247665,106.6835411,-6.1913187
5475133556,106.5973867,-6.1986896
7237789815,106.6767984,-6.1513466
5475133560,106.5977582,-6.2015868
5475133565,106.5974128,-6.1983763
7237789822,106.6745613,-6.1505105
5475133567,106.5976676,-6.1988749
5475133568,106.5975807,-6.1986507
5475133569,106.5982137,-6.1985069
5475133570,106.6006905,-6.1990429
5475133571,106.6003246,-6.1990388
5475133572,106.6011621,-6.1977992
5475133573,106.6011645,-6.1982172
5475133574,106.6008276,-6.1978236
5475133576,106.6003205,-6.1979051
5475133579,106.608947,-6.2018441
5475133588,106.6070741,-6.2082957
5475133591,106.6070388,-6.2079263
5475133592,106.6052492,-6.1995666
5475133593,106.6050499,-6.1995776
5475133594,106.6050464,-6.1995016
5475133596,106.6050725,-6.1998622
5475133597,106.6061347,-6.1966777
5475133601,106.6050719,-6.196587
5475133602,106.5989685,-6.2019134
5475133603,106.5992099,-6.2019015
5475133605,106.599859,-6.2019579
5475133606,106.5990007,-6.2013601
5475133616,106.5995325,-6.2010845
5475133617,106.6003027,-6.2010109
5475133618,106.6002004,-6.202227
12173043890,106.6553445,-6.1783783
12173043891,106.6562817,-6.1831092
5475133623,106.6001393,-6.2022174
5475133624,106.5998342,-6.2021966
5475133625,106.6005122,-6.2022625
5475133626,106.6063748,-6.2055245
8505780409,106.5969085,-6.1484276
8505780412,106.5958875,-6.1483237
8505780408,106.5969327,-6.1481072
8505780410,106.5959229,-6.1477578
5475133635,106.6070654,-6.2038133
5475133636,106.6096356,-6.1982003
5475133640,106.6074121,-6.198051
5475133643,106.6074258,-6.1984093
5475133644,106.6074523,-6.1977043
5475133645,106.6081632,-6.1976973
5475133647,106.6070621,-6.197067
5475133651,106.6071469,-6.1965963
5475133652,106.6103771,-6.1960492
5475133653,106.6118024,-6.2031463
5475133654,106.6117948,-6.2036493
5475133655,106.6096356,-6.2055919
5475133656,106.601357,-6.2050839
8789158100,106.6604139,-6.1865688
5475133659,106.6047741,-6.2064958
5475133660,106.6053763,-6.2069104
5475133661,106.6051027,-6.2067211
5475133662,106.6053773,-6.2063372
5475133670,106.6060898,-6.2044159
5475133673,106.6057673,-6.2050275
5475133677,106.6064385,-6.2046366
5475133678,106.606299,-6.2046019
5475133679,106.6061521,-6.2045621
5475133680,106.6101587,-6.2046833
5475133682,106.6093227,-6.2046808
5475133688,106.6078335,-6.2051923
5475133689,106.6071908,-6.2050479
6722152697,106.6075918,-6.1889207
6722152699,106.6082317,-6.1888647
5475133693,106.6102934,-6.2021977
5475133705,106.6047379,-6.2004935
5475133706,106.6008184,-6.2065734
5475133708,106.6010123,-6.206023
8548247826,106.6659929,-6.1868728
5475133715,106.6011545,-6.2058955
5475133723,106.6012879,-6.2068048
5475133728,106.5951571,-6.2070531
5475133731,106.5994346,-6.1997608
8523082020,106.6372979,-6.2076931
8523082021,106.6370982,-6.2079771
5475133735,106.5984359,-6.199502
5475133736,106.5985528,-6.1986856
11779959082,106.6291714,-6.1732735
11779959083,106.6293126,-6.1732496
5475133741,106.5981732,-6.1982496
5475133747,106.6023071,-6.1969451
5475133748,106.6103324,-6.1967828
5475133752,106.6101875,-6.1962034
5475133753,106.6125351,-6.196667
5475133760,106.6111787,-6.1964479
5475133761,106.6118807,-6.2012721
5475133762,106.6117276,-6.2008045
5475133763,106.6109438,-6.200907
5475133764,106.6110259,-6.2008708
5475133766,106.6092143,-6.2091226
5475133771,106.6100296,-6.2096865
5475133773,106.5934592,-6.2093703
12172781901,106.6599421,-6.183169
5475133775,106.5933403,-6.210598
5475133776,106.5936229,-6.2099462
5475133777,106.5935372,-6.2106167
5475133778,106.5946341,-6.2097356
12172781902,106.6599812,-6.1829896
12172781903,106.656744,-6.1800049
12172781904,106.6566793,-6.1800391
12172781905,106.6566456,-6.1800557
12172781906,106.6567842,-6.1799924
5475133784,106.5931786,-6.2105827
5475133786,106.600264,-6.2080557
5475133788,106.6009013,-6.2084195
5475133789,106.6045126,-6.2066345
5475133797,106.6054929,-6.2073557
5475133798,106.6067324,-6.2083168
8434870630,106.6447766,-6.1626312
5475133800,106.6065672,-6.208317
5475133801,106.6066631,-6.2082557
5475133803,106.6068985,-6.208177
5475133804,106.6071787,-6.2076922
5475133805,106.6106783,-6.2030134
8434870639,106.6441019,-6.1629769
5475133809,106.6101285,-6.2036353
5475133810,106.6101622,-6.202924
5475133811,106.6097133,-6.2027665
5475133812,106.6097089,-6.2024507
8786012532,106.6146618,-6.1673003
5475133817,106.6080404,-6.2001049
5475133818,106.6081712,-6.1995642
5475133831,106.6091012,-6.1987063
5475133832,106.6100782,-6.1986083
5475133842,106.6082135,-6.1985613
5475133843,106.6020772,-6.1974083
5475133844,106.6023379,-6.1973835
5475133845,106.6006663,-6.1981603
5475133846,106.6003698,-6.198191
5475133853,106.6006529,-6.1965484
5475133858,106.5994073,-6.2089876
5475133864,106.5997783,-6.2095367
5475133868,106.5945355,-6.2070678
5475133870,106.5938144,-6.2070212
5475133871,106.5951121,-6.2076811
5475133874,106.5936343,-6.207543
5475133875,106.5964204,-6.1974563
5475133876,106.5956131,-6.2050639
5475133877,106.595605,-6.2055705
5475133879,106.5976983,-6.205532
5475133880,106.5979679,-6.2059411
5475133884,106.5977081,-6.2056169
5475133886,106.5976287,-6.2043599
5475133887,106.597086,-6.2043712
5475133888,106.5960476,-6.202648
5475133889,106.5960744,-6.2032053
5475133890,106.5970408,-6.2031642
5475133891,106.5960033,-6.2031967
5475133893,106.5957698,-6.2013076
5475133894,106.5958665,-6.2038746
5475133895,106.59509,-6.1990642
7788554698,106.6139166,-6.1899969
5475133899,106.5956834,-6.1994083
5475133900,106.5955957,-6.2013815
5475133901,106.5951864,-6.2013951
5475133902,106.5938004,-6.2014422
5475133903,106.5952111,-6.2018775
5475133904,106.5938144,-6.2019602
5475133905,106.59526,-6.2033787
5475133907,106.5938656,-6.2034294
7788554710,106.6059716,-6.2046452
5475133911,106.5958882,-6.2046879
5475133912,106.5956318,-6.2046913
5475133915,106.5952751,-6.2038906
5475133918,106.5951353,-6.2003958
6547958309,106.584328,-6.1867811
6547958315,106.5851423,-6.1856734
6547958316,106.5842033,-6.1856046
6547958318,106.5851377,-6.1838115
6547958325,106.5842586,-6.1840742
7241198147,106.6619816,-6.2069518
7241198151,106.6620782,-6.2063423
7241198157,106.6661425,-6.2071071
7241198163,106.6663499,-6.2095716
6547958359,106.5866566,-6.1817063
6547958362,106.5870729,-6.181878
8960469598,106.592735,-6.2010881
6547958367,106.5903177,-6.1844001
8502635104,106.6756269,-6.143319
10003409505,106.61768,-6.1724703
8960469602,106.5926953,-6.201252
8502635105,106.675681,-6.1435409
10003409506,106.6178352,-6.1725385
6547958373,106.5874684,-6.1810174
6547958374,106.5866985,-6.1833271
8548117129,106.6649434,-6.1929623
8548117130,106.665272,-6.1930052
6547958418,106.5856346,-6.1857456
6735260317,106.6358138,-6.1887468
6322252456,106.6499667,-6.166253
5475134121,106.5954179,-6.1999377
6547958440,106.5856916,-6.1853928
5475134123,106.5954657,-6.2003836
5475134124,106.5957275,-6.2003739
5475134125,106.5948272,-6.1994016
5475134128,106.5947358,-6.1991786
5475134129,106.5938703,-6.1989103
5475134133,106.5942371,-6.1965657
5475134134,106.5949774,-6.1960469
5475134136,106.596539,-6.1975896
5475134137,106.5946662,-6.1969164
6547958458,106.5878891,-6.1843734
5475134142,106.595487,-6.1981176
5475134143,106.5957626,-6.1979803
5475134145,106.5952107,-6.1984749
5475134146,106.593474,-6.2002162
6547958467,106.5854613,-6.1852694
5475134148,106.5941136,-6.1996285
5475134152,106.5936323,-6.1979843
6547958474,106.5857749,-6.185534
5475134158,106.5928886,-6.1989389
5475134163,106.5936179,-6.1976936
6520171222,106.6641509,-6.1424149
6547958487,106.5977923,-6.1833512
5475134169,106.5950873,-6.1983763
5475134170,106.5953482,-6.1986279
5475134172,106.5994687,-6.2008091
5475134173,106.5991589,-6.2034907
5475134174,106.5991437,-6.2038107
5475134175,106.599411,-6.20346
5475134176,106.5994073,-6.2038145
6520171237,106.6643037,-6.1389567
5475134182,106.5987001,-6.2051094
5475134183,106.5988703,-6.2056436
5475134184,106.5993209,-6.2051215
5475134185,106.5983355,-6.2051002
6520171241,106.6649474,-6.1407708
5475134190,106.5997911,-6.2055502
3727026926,106.6614949,-6.1907248
5475134193,106.5989422,-6.2045757
5475134194,106.598196,-6.20392
3727026931,106.6602192,-6.1910526
5475134195,106.5982772,-6.203932
5475134197,106.5988981,-6.2040255
3727026934,106.6605361,-6.1910393
6520171255,106.6589376,-6.1469714
6520171256,106.6589674,-6.1468296
6520171257,106.6591591,-6.1462391
5475134201,106.5984616,-6.20392
5475134202,106.5985347,-6.2043918
5475134205,106.5989443,-6.2043912
3727026942,106.661493,-6.191054
6520171263,106.6611942,-6.1417464
5475134206,106.5965652,-6.2039899
6520171265,106.6619787,-6.1397046
3727026946,106.6633164,-6.189727
3727026947,106.6623561,-6.1901134
5475134212,106.596348,-6.2036
5475134213,106.5960171,-6.2036109
3727026950,106.6635793,-6.1905297
3727026951,106.6631461,-6.189726
3727026952,106.6630839,-6.190527
6919416584,106.6620378,-6.1979062
5475134215,106.5960261,-6.2040033
5475134216,106.59707,-6.2039687
5475134220,106.5971097,-6.2024267
3727026948,106.6631342,-6.1901269
8550214421,106.6406909,-6.1493259
7131753248,106.684463,-6.1724653
7131753250,106.6843553,-6.1725677
7131753252,106.6821505,-6.171041
7131753254,106.6822,-6.1711298
7225076549,106.6639347,-6.1834675
9126153162,106.5975577,-6.1723397
7225076566,106.6593055,-6.1859881
7225076567,106.6593041,-6.1857786
7225076568,106.6595294,-6.1857588
7225076569,106.6592042,-6.1857841
7225076571,106.6605342,-6.1865718
7225076580,106.6606231,-6.1856548
5475134327,106.5970467,-6.2030027
5475134329,106.5970487,-6.2035849
5475134332,106.5975898,-6.2035893
5475134335,106.5976723,-6.2051239
5475134336,106.597671,-6.2051546
5475134337,106.5971473,-6.2051679
5475134339,106.5961307,-6.2052159
5475134343,106.5958987,-6.2048119
5475134344,106.5975845,-6.2017121
5475134356,106.5998296,-6.1970254
5475134362,106.5988365,-6.1971197
5475134368,106.5979377,-6.197144
5475134375,106.6003116,-6.1993934
5475134377,106.599521,-6.2008046
5475134397,106.5978217,-6.1965362
9107270589,106.6552513,-6.1580147
8775789518,106.6851573,-6.1845728
7229271002,106.672394,-6.172949
8523293632,106.6319858,-6.2095661
12294810594,106.6618835,-6.1399008
12294810595,106.6616312,-6.1405203
8555850729,106.6582601,-6.1861488
8555850730,106.6582102,-6.1865423
7229271035,106.66941,-6.1723503
8499358739,106.6080217,-6.2018188
3848468306,106.6664249,-6.1724034
7231892584,106.6510168,-6.1586675
7064513643,106.626769,-6.2046148
7064513652,106.6286912,-6.2094164
7064513655,106.6281202,-6.2055667
8519543947,106.63884,-6.1488112
7298477243,106.5930247,-6.1367009
7298477244,106.592738,-6.1369469
5421657307,106.5776195,-6.1476618
9164287201,106.6412712,-6.1526165
2967072017,106.6286074,-6.1621622
2967072018,106.6286975,-6.1620666
2967072019,106.6297406,-6.1608196
11368000791,106.5991757,-6.1613876
11368000793,106.598703,-6.1614695
12165573916,106.6741717,-6.1388747
12165573929,106.6762781,-6.1380523
12165573933,106.6763447,-6.137451
12202536301,106.6387041,-6.1528051
12202536302,106.638869,-6.153874
12202536303,106.6386408,-6.1538808
12202536304,106.638169,-6.1544728
12202536305,106.6379423,-6.1549727
12202536309,106.6361289,-6.1567475
12202536310,106.6360742,-6.1564768
12202536311,106.6361343,-6.1567746
8521510264,106.6109206,-6.174987
8521510263,106.6108708,-6.1754176
12202536314,106.6331489,-6.1587886
12202536315,106.6330731,-6.1586674
12202536313,106.6330804,-6.1586798
12202536312,106.6331383,-6.1587715
12202536326,106.6328745,-6.1563537
12202536327,106.6326789,-6.1564034
12202536328,106.6328736,-6.1559289
12202536329,106.6326888,-6.1559418
9742846222,106.6825899,-6.2014821
9742846223,106.6825409,-6.2018258
8523214261,106.5866706,-6.1383706
8523214262,106.5873875,-6.1384706
9144233404,106.6508183,-6.1825275
9144233407,106.6523329,-6.1855129
9144233408,106.6524108,-6.1850648
12697202114,106.6659558,-6.1493008
7232155089,106.6505152,-6.1671783
7232155094,106.6499784,-6.167657
7232155097,106.6477834,-6.166545
7232155101,106.6421386,-6.1644383
7232155103,106.6440611,-6.1617089
7232155105,106.6498946,-6.1657863
7232155106,106.6475364,-6.1662294
7232155107,106.6484794,-6.1649503
10046008833,106.6340717,-6.1351327
8499359285,106.6051507,-6.2061649
8499359286,106.6053825,-6.2058637
8523345538,106.5869401,-6.1404054
8535666405,106.6567922,-6.1690259
8535666406,106.6572921,-6.1693225
8535666408,106.6568117,-6.1693597
8535666412,106.6568747,-6.1696023
8535666415,106.6572666,-6.1695657
8535666416,106.6573129,-6.1695539
239070992,106.6888974,-6.1988797
5460717349,106.6242697,-6.1812829
5463469877,106.6539076,-6.1962784
5463469881,106.6181583,-6.1779756
5460717370,106.6179221,-6.1769136
5460717376,106.6229206,-6.1849915
5460717377,106.6231846,-6.1842919
5460717381,106.6217968,-6.1851678
5460717382,106.6218343,-6.1851751
5460717395,106.6213314,-6.1845322
5460717396,106.6184722,-6.1846162
8548118391,106.6654437,-6.1934575
11078332294,106.6312348,-6.1584515
11078332295,106.6311046,-6.1585098
11365773291,106.5866826,-6.1715996
8552312831,106.6721194,-6.1749622
10739773457,106.6335844,-6.1353818
8810393628,106.6285217,-6.1784879
8810393629,106.6286584,-6.17817
8810393630,106.6291784,-6.178885
8485990434,106.665777,-6.1455985
8810393639,106.6285261,-6.1787854
8810393640,106.6291749,-6.178599
8547856424,106.667568,-6.1542647
8485990441,106.6655101,-6.1459687
8485990446,106.6653478,-6.1459631
8810393657,106.6300459,-6.1791622
8503291961,106.6093762,-6.1465044
8503291971,106.6090718,-6.1459946
8496345157,106.6739759,-6.1637315
7131754585,106.6751727,-6.173253
7131754586,106.6752133,-6.173043
7131754587,106.673609,-6.1746703
7131754588,106.6741321,-6.1747664
7131754589,106.6738229,-6.174503
7131754590,106.6741536,-6.1745411
7813722215,106.6842433,-6.1483375
7813722229,106.6766157,-6.1432399
12182745267,106.67577,-6.1853291
12182745268,106.6758412,-6.1811804
12182745269,106.6757691,-6.1814627
12182745270,106.6766198,-6.1843894
12182745271,106.6765403,-6.1843836
4298502328,106.648524,-6.1985538
8789291199,106.6366899,-6.1933712
9109762241,106.6138118,-6.1716137
4298502338,106.6426003,-6.1994302
4298502339,106.6610899,-6.1995364
9109762244,106.6093232,-6.1709423
9109762245,106.6098094,-6.1709917
4298502341,106.6431033,-6.1997333
4298502343,106.6610393,-6.1998214
9109762246,106.6082028,-6.1712945
12989100230,106.6704293,-6.193881
4298502342,106.6423932,-6.199789
8485859529,106.6759505,-6.1809568
4298502346,106.6421527,-6.2000718
4298502347,106.6421151,-6.2001361
4298502348,106.6609822,-6.2001569
4298502349,106.6421799,-6.200174
4298502344,106.6418147,-6.1998783
4298502351,106.6430609,-6.2001841
4298502352,106.6614743,-6.2001824
4298502355,106.6485967,-6.2003131
4298502356,106.6486245,-6.2003184
4298502368,106.6419367,-6.200441
4298502370,106.6410712,-6.2004693
4298502371,106.6486177,-6.2004687
4298502374,106.6419932,-6.2004739
4298502376,106.6429942,-6.2006539
4298502377,106.6614472,-6.2008015
10005508331,106.6077688,-6.185211
4298502383,106.6408623,-6.2008328
4298502384,106.6417153,-6.2008275
4298502386,106.6417794,-6.2008745
8598843641,106.6373593,-6.2006165
3727028486,106.6622133,-6.1926866
3727028487,106.662078,-6.1916612
3727028489,106.6631336,-6.1915579
3727028491,106.6631216,-6.1919779
3727028493,106.6621253,-6.1921103
3727028494,106.6620461,-6.1912988
3727028496,106.6624191,-6.1911931
3727028500,106.6631444,-6.1909673
3727028501,106.6620578,-6.1914021
3727028503,106.6610881,-6.1914023
3727028504,106.6616314,-6.1914214
3727028507,106.6615961,-6.1918663
3727028509,106.661582,-6.1922626
3727028511,106.662136,-6.1921954
3727028512,106.6620963,-6.1918223
8548512070,106.6689392,-6.1876607
6547697991,106.597061,-6.1858396
6547697990,106.5970561,-6.1860754
6547698000,106.5944416,-6.1841908
6547698001,106.5940527,-6.1844822
8502636882,106.6569014,-6.1535392
8502636880,106.6559966,-6.1536032
6547698004,106.5964986,-6.1850832
6547698011,106.596812,-6.1853555
7061762397,106.5989954,-6.2051126
7061762398,106.5985786,-6.2055858
6547698022,106.5972746,-6.1837717
6547698023,106.5975075,-6.18372
6547698024,106.59706,-6.1837623
6547698025,106.5968066,-6.1837176
8498966887,106.6375682,-6.1809755
6547698028,106.5963712,-6.1837714
6547698029,106.5965873,-6.1837142
8496738672,106.6615096,-6.1896873
6547698043,106.5924583,-6.1839151
6547698045,106.5924139,-6.1826063
7231893890,106.5902646,-6.1698218
6547698051,106.5919007,-6.1839594
7231893892,106.5887063,-6.1704142
7231893891,106.5902158,-6.1698177
6547698060,106.5900439,-6.1836808
8485859732,106.649209,-6.1688337
6547698070,106.5883637,-6.1817409
6547698080,106.5879339,-6.1815522
6547698084,106.5911573,-6.1787416
6547698089,106.5890282,-6.177021
6547698090,106.5890077,-6.1778188
9994629571,106.634378,-6.1641541
8461087247,106.6768813,-6.1426662
8461087248,106.676823,-6.1424716
8461087249,106.6768458,-6.1425449
8461087250,106.6767018,-6.1425817
8461087252,106.676291,-6.1433948
8461087253,106.6742521,-6.1443377
8461087260,106.6741953,-6.1434527
6563164761,106.6250356,-6.191722
6563164763,106.6294703,-6.1887065
9979556447,106.6202383,-6.1817966
9979556449,106.6201516,-6.1814536
6563164770,106.625977,-6.1827369
8785359492,106.6260688,-6.1523953
5618791054,106.5879822,-6.1515633
5618791055,106.5913108,-6.1525393
5618791056,106.5912417,-6.152086
5618791057,106.5951028,-6.151492
5618791060,106.5949463,-6.1520317
5618791061,106.5959477,-6.1582082
5618791063,106.595965,-6.1579788
5618791065,106.5950552,-6.1626863
5618791067,106.5923746,-6.1609669
5618791068,106.5923259,-6.1614796
5618791070,106.5907308,-6.1592435
5618791071,106.5906298,-6.1593089
5618791074,106.5878629,-6.1536514
5618791075,106.5878289,-6.153021
5618791076,106.5876684,-6.1544994
5618791077,106.5859625,-6.1552941
5618791079,106.5853778,-6.153766
5618791080,106.5849888,-6.1544181
5618791083,106.5853726,-6.1534581
5618791084,106.587258,-6.151854
5618791085,106.585886,-6.151902
5618791086,106.5852369,-6.1515846
6541406893,106.6673808,-6.1462436
5618791088,106.5850519,-6.1513277
6541406901,106.6674136,-6.1451956
6541406906,106.6674733,-6.1448646
12168852156,106.6639304,-6.1767263
6541406909,106.6700487,-6.1410268
7229141712,106.662621,-6.1614898
6541406928,106.6742809,-6.1422802
6563295969,106.623508,-6.1563668
6563295970,106.6232143,-6.1552741
4298502892,106.6603998,-6.2010728
4298502893,106.6609002,-6.2011014
4298502897,106.641494,-6.2011982
6541406962,106.6661894,-6.1474225
4298502898,106.6415452,-6.2012268
4298502900,106.6425012,-6.2012725
6541406965,106.6710675,-6.145746
8552182517,106.6268924,-6.1500767
7133983479,106.6790204,-6.1752157
7133983480,106.6785597,-6.1751484
4298502905,106.6596394,-6.2014368
7133983482,106.6785869,-6.1749782
4298502907,106.6420676,-6.2015288
7133983481,106.6789949,-6.1750143
4298502911,106.6602831,-6.2019254
4298502918,106.6489713,-6.2020974
4298502922,106.657083,-6.202415
6541406991,106.6693926,-6.1469377
8502375187,106.6783577,-6.1500195
8502375188,106.6783753,-6.1498381
4298502935,106.6577142,-6.202678
4298502938,106.6600303,-6.202822
4298502942,106.6491183,-6.2028525
4298502944,106.6491899,-6.2028468
6541407008,106.6674946,-6.1466498
4298502950,106.6589139,-6.2031107
4298502954,106.6430913,-6.2032616
4298502958,106.6495241,-6.203372
4298502959,106.6494657,-6.2033831
4298502966,106.6494286,-6.2034539
4298502970,106.6495447,-6.203522
4298502973,106.6435691,-6.2035409
4298502975,106.65837,-6.2035553
4298502976,106.6445732,-6.2034441
6541407041,106.6662356,-6.1422342
4298502978,106.6587362,-6.203694
4298502979,106.6589367,-6.203708
4298502982,106.6597219,-6.20368
9991877456,106.6368136,-6.2067057
5455590503,106.6398923,-6.1783139
4298503089,106.6443438,-6.2038152
4298503091,106.651395,-6.2038306
4298503092,106.6510555,-6.2038356
4298503096,106.6565599,-6.2038793
4298503100,106.6580442,-6.2039443
4298503107,106.6562987,-6.2039787
4298503111,106.6432365,-6.2041138
4298503112,106.6425177,-6.2042319
4298503113,106.6579342,-6.2042599
4298503115,106.6436103,-6.2043467
4298503118,106.6441548,-6.2044081
4298503122,106.6430001,-6.2045211
4298503127,106.6428866,-6.2047183
4298503128,106.6509039,-6.2047383
4298503132,106.6438329,-6.2048134
8498836445,106.5913138,-6.144337
4298503133,106.6483775,-6.2048386
4298503135,106.6450104,-6.2048667
8785490912,106.6365248,-6.1569808
4298503137,106.6451082,-6.2049017
4298503138,106.6576812,-6.2049051
4298503142,106.6435459,-6.2049493
4298503143,106.6469928,-6.2049966
4298503146,106.6439637,-6.2050131
4298503150,106.6456202,-6.2051162
4298503151,106.644612,-6.2051149
4298503153,106.6586968,-6.2051687
4298503154,106.6458231,-6.2051707
4298503155,106.6446617,-6.2051917
4298503162,106.657637,-6.2052689
4298503167,106.6573213,-6.2053325
4298503169,106.6590441,-6.2053532
4298503170,106.648447,-6.2053602
4298503171,106.6585327,-6.2052967
4298503173,106.6467889,-6.2054725
4298503175,106.6448119,-6.205424
4298503176,106.6565502,-6.2054746
4298503177,106.6437739,-6.2054687
4298503178,106.658748,-6.2054649
4298503185,106.6469184,-6.2055179
4298503187,106.6585529,-6.2055095
4298503189,106.6468419,-6.2055959
4298503190,106.6575727,-6.2055518
4298503193,106.6478214,-6.2056393
4298503194,106.6483581,-6.2056324
4298503197,106.6474892,-6.2056901
4298503198,106.6476115,-6.2057273
4298503199,106.6477746,-6.2057641
4298503200,106.6584952,-6.2057565
4298503202,106.6465542,-6.2058065
4298503206,106.6445163,-6.2058582
9793827879,106.6015602,-6.1710946
4298503210,106.6482916,-6.2059205
4298503211,106.6575587,-6.2059205
4298503213,106.6473772,-6.2059591
4298503214,106.6578584,-6.2059745
4298503216,106.6462545,-6.2059952
4298503218,106.6441067,-6.2060088
4298503220,106.6446135,-6.2060053
4298503222,106.6476978,-6.2060094
4298503224,106.6461324,-6.2060506
4298503225,106.6451418,-6.2060892
4298503226,106.6460693,-6.2060932
4298503231,106.6487087,-6.2062131
4298503233,106.6459459,-6.2061765
4298503235,106.6482928,-6.2062203
4298503239,106.6476325,-6.2062919
4298503242,106.6469995,-6.2063225
4298503243,106.6473334,-6.2063162
4298503244,106.644784,-6.2063312
4298503247,106.6456443,-6.2063802
4298503248,106.6479899,-6.2064162
4298503249,106.65779,-6.2064538
4298503253,106.6486502,-6.206504
4298503254,106.6476278,-6.2064659
4298503255,106.6468775,-6.2065151
4298503257,106.6423042,-6.2065169
4298503259,106.6444497,-6.2065294
4298503263,106.6431619,-6.2066158
4298503264,106.6466844,-6.2066362
4298503268,106.6559078,-6.2066878
4298503269,106.6477775,-6.2067346
4298503270,106.6464861,-6.2067533
7221671015,106.6059624,-6.1563591
4298503271,106.6468712,-6.2067558
4298503272,106.6471857,-6.2067519
4298503273,106.6476225,-6.2067359
4298503274,106.6450676,-6.2067696
4298503275,106.6463836,-6.206813
4298503276,106.6456601,-6.2068285
4298503277,106.6439357,-6.2068731
4298503279,106.6476863,-6.2068808
4298503280,106.6566655,-6.2069021
4298503284,106.6422399,-6.2069561
4298503289,106.6460809,-6.2070218
4298503291,106.6452685,-6.2070706
4298503292,106.6434699,-6.2071037
4298503293,106.6458553,-6.2071252
4298503294,106.6441417,-6.2071884
4298503295,106.6461597,-6.2071612
4298503297,106.6425848,-6.2073011
4298503304,106.6462999,-6.207416
4298503306,106.6439704,-6.2074285
4298503310,106.6426939,-6.2076685
4298503314,106.6439712,-6.2078323
7221671059,106.611823,-6.1537154
4298503315,106.645386,-6.2078386
4298503319,106.6450413,-6.2078885
4298503320,106.6442919,-6.2078952
8498836633,106.6417095,-6.1621422
4298503324,106.6439428,-6.2081705
4298503327,106.6442036,-6.2083152
4298503330,106.6434219,-6.208439
4298503337,106.6435459,-6.2086585
13152548038,106.6753891,-6.1869157
11039798541,106.6500239,-6.1676523
7133852958,106.6635669,-6.1804001
10153358623,106.6813261,-6.1472328
10153358624,106.6779534,-6.1464429
7133852961,106.6648963,-6.1810423
10153358625,106.6795932,-6.1472771
8556639620,106.6555041,-6.1804732
8556639624,106.6554826,-6.1802962
5481952704,106.5893259,-6.2108729
8787981783,106.6061688,-6.1805929
9107011097,106.6212939,-6.1579328
9107011103,106.62109,-6.1582775
8522954285,106.5857774,-6.1397068
8522954286,106.586218,-6.1398317
8496739900,106.6627246,-6.1909639
5421790785,106.5890738,-6.1722717
5421790786,106.5888484,-6.1722821
5421790787,106.590423,-6.1653017
8496739910,106.6637566,-6.1929784
8496739911,106.6638586,-6.1931546
8496739912,106.6637366,-6.1931278
8496739913,106.6636415,-6.1931198
7132018263,106.6621151,-6.1921972
7132018264,106.6621908,-6.1921025
7132018265,106.6620501,-6.1918267
7132018266,106.6621253,-6.1916576
7132018267,106.6620352,-6.1914018
7132018268,106.6621278,-6.1912862
7132018269,106.6624289,-6.1905234
8502769280,106.6625053,-6.1540514
8502769281,106.6619897,-6.1539447
8502769282,106.6595462,-6.1615996
8555853448,106.6818032,-6.1805969
12166231701,106.6747611,-6.1365182
8499099296,106.6081624,-6.2048456
8499099297,106.6081886,-6.2044346
8488875724,106.6256807,-6.1580202
8488875739,106.623539,-6.1547377
5539100380,106.6398386,-6.1780723
5539100381,106.6398622,-6.1782124
4307158971,106.5970749,-6.1614524
8498968298,106.6378553,-6.1837078
4307158975,106.5970302,-6.1617199
12166231801,106.6747247,-6.136884
4307158978,106.5969854,-6.1619873
4307158982,106.5969398,-6.1622595
4307158985,106.5968909,-6.1625261
7133722419,106.6828072,-6.1713748
11080955701,106.615782,-6.2008398
4307158988,106.6085272,-6.1628299
9857791820,106.6332424,-6.1765173
8503162718,106.604914,-6.1490769
8503162733,106.6018571,-6.1495952
6520174454,106.65779,-6.1476762
6520174456,106.6576566,-6.1469044
12182484867,106.6768822,-6.1944049
12182484874,106.6779984,-6.1937834
8434874250,106.6481307,-6.1626383
12182484877,106.677916,-6.1937665
12182484880,106.6795661,-6.1889588
12182484882,106.6771394,-6.1904084
7249196958,106.62085,-6.168109
7249196959,106.6218372,-6.1681358
7249196966,106.6211262,-6.164713
7249196968,106.6206676,-6.1642089
7249196969,106.6213247,-6.1642089
7249196970,106.6202086,-6.1642089
8811444142,106.5877142,-6.1491833
8775661487,106.670429,-6.177165
8775661488,106.6716242,-6.1764118
8775661489,106.6715772,-6.1766076
7249196974,106.6213331,-6.1617292
8811444147,106.5874636,-6.1491645
8775661491,106.6737767,-6.176847
7249196982,106.6213227,-6.1612259
7249196983,106.6211627,-6.1612347
6919419847,106.6003763,-6.2012909
6919419848,106.6002442,-6.2015869
7218132938,106.6115722,-6.1634729
6919419850,106.5995625,-6.2016736
6919419852,106.5998983,-6.2016487
6919419851,106.6004882,-6.2011367
8509061093,106.6332492,-6.1742131
11386877926,106.6816469,-6.1475513
8509061094,106.6327334,-6.1740583
7807956968,106.6690063,-6.1447883
7807956976,106.6705912,-6.1482898
6709049347,106.6179847,-6.1788823
12082477115,106.6732925,-6.1646694
12082477117,106.67413,-6.1645799
3726768193,106.6742153,-6.2032682
12082477123,106.6730913,-6.1659067
3726768197,106.6749126,-6.2010108
12082477126,106.6736499,-6.1654743
3726768200,106.6749826,-6.2003259
3726768201,106.6753478,-6.1995868
12082477146,106.673145,-6.1654541
12082477148,106.6732716,-6.1652236
12082477149,106.6731597,-6.165195
8814327968,106.6551199,-6.1601969
7814117588,106.6747705,-6.1772222
7814117598,106.6740268,-6.1767457
8498706672,106.5884931,-6.1460257
8498706675,106.5890832,-6.1464764
8498706677,106.5890644,-6.1465884
9510320383,106.6586696,-6.1634248
7134116101,106.6473356,-6.2067595
7134116105,106.6484257,-6.2049072
7134116115,106.6484385,-6.2047999
7134116116,106.6484906,-6.2050065
7134116117,106.6506528,-6.2012806
6322387240,106.6323727,-6.1930664
8495954222,106.6281674,-6.1625565
8509192577,106.6637586,-6.1744141
7229274605,106.6445272,-6.209637
5621414382,106.6234129,-6.1702182
5621414383,106.6282395,-6.164681
5621414384,106.6283024,-6.1652761
5621414385,106.621259,-6.1705783
5621414386,106.6213781,-6.1703193
5621414388,106.6229823,-6.1695303
5621414391,106.6227665,-6.1702513
5621414392,106.6207641,-6.1714183
5621414394,106.620379,-6.1703718
5621414396,106.6294089,-6.1651138
5621414397,106.622042,-6.1669756
7229274649,106.6417518,-6.2095563
7229274661,106.6430661,-6.208683
7229274663,106.6438318,-6.2085243
7229274666,106.6460161,-6.2076976
8785361461,106.623767,-6.1954528
6532102723,106.5947316,-6.1671266
6532102727,106.5951859,-6.167145
9107536488,106.6588032,-6.1596009
9107536489,106.6584845,-6.1599661
9107536490,106.6576304,-6.1534654
9107536491,106.6589883,-6.1581195
9107536492,106.6594751,-6.1544747
9107536493,106.659404,-6.1535314
9107536494,106.6592432,-6.1523285
11045698166,106.6425681,-6.2050152
8934783608,106.6114944,-6.1866028
8934783609,106.6115044,-6.1868804
8496085642,106.6112772,-6.1864301
8496085643,106.6117443,-6.1864014
8496741027,106.6617344,-6.1910526
8496741030,106.6634247,-6.1977077
13152549583,106.6709787,-6.1908468
8509323986,106.6085641,-6.196689
12156402402,106.667444,-6.1462842
8246655726,106.6807155,-6.1652945
12182616821,106.6779262,-6.1938044
12182616822,106.678001,-6.1940839
8510241528,106.6843224,-6.1999895
4039375616,106.6829529,-6.198441
4039375617,106.683722,-6.1982647
4039375621,106.6825586,-6.1967241
4039375627,106.6837617,-6.1955707
4039375628,106.6848563,-6.1957462
4039375629,106.6866817,-6.1960263
4039375631,106.6865504,-6.1968364
4039375639,106.6845333,-6.1973236
4039375640,106.6842205,-6.1981453
4039375643,106.684306,-6.1981215
4039375646,106.6842903,-6.1972855
4039375648,106.6848635,-6.1981588
4039375649,106.6846564,-6.1981464
8555854628,106.6751741,-6.1789569
8555854633,106.6750762,-6.179522
4039375658,106.6843045,-6.1960879
12486572858,106.6485476,-6.1814442
12486572861,106.6467962,-6.18148
12486572886,106.6485488,-6.1813209
12486572890,106.6479141,-6.1814662
8547859392,106.6233383,-6.1492306
8666291550,106.6745861,-6.191474
8547859416,106.6235724,-6.1494379
12138183646,106.6792972,-6.1470211
5620966337,106.6110123,-6.1850075
8485469157,106.6524013,-6.1707252
8485469158,106.6526918,-6.1710957
8485469159,106.6523928,-6.171093
8485469160,106.6521344,-6.1710843
8485469161,106.6528589,-6.1707225
7137262570,106.6422302,-6.1883519
8485469164,106.6521661,-6.1707215
8485469165,106.6513292,-6.1709411
9702865901,106.5940768,-6.1430681
8485469168,106.6513451,-6.1701428
8485469169,106.6519177,-6.170953
9702865905,106.5942136,-6.1432729
8485469171,106.6519231,-6.1701167
5620966341,106.6109755,-6.1854901
5620966342,106.6103679,-6.1844542
2033581060,106.641754,-6.1897644
8485469189,106.6517786,-6.1693235
8552184860,106.6747596,-6.155466
8552184861,106.6747463,-6.1557088
8552184862,106.6749837,-6.1554528
8552184863,106.6744861,-6.1554821
5620966349,106.599918,-6.1889687
5620966351,106.6001286,-6.188646
5620966352,106.600162,-6.1885587
5620966353,106.5999757,-6.1883694
13485341785,106.6066463,-6.153554
13485341787,106.6069132,-6.1532567
13485341791,106.6044573,-6.1520076
5620966362,106.6103062,-6.1799129
2033581158,106.634707,-6.1947933
5620966363,106.6106924,-6.1784969
13485341798,106.6059932,-6.1522367
13485341800,106.6050678,-6.15208
5620966364,106.6103841,-6.1785309
5620966365,106.6076106,-6.1784356
5620966369,106.6062627,-6.1796476
5620966371,106.6078842,-6.1798276
2033581203,106.6291023,-6.1982997
8434694022,106.5902104,-6.1373259
5620966373,106.6056043,-6.1841768
8434694023,106.5913738,-6.1370713
9664986312,106.6624068,-6.1901143
9664986313,106.6624148,-6.1897214
10011016398,106.6509579,-6.1419481
10011016405,106.6515666,-6.1423226
8434694025,106.5913323,-6.1368072
8434694032,106.5909392,-6.1368641
8434694033,106.5904351,-6.1368826
7122714084,106.6714069,-6.1938265
7131889148,106.6844267,-6.1800447
7131889149,106.6843565,-6.1794841
3914858027,106.6115541,-6.1897409
3914858030,106.611455,-6.1906698
3914858031,106.6105894,-6.1910243
3914858032,106.6114379,-6.1910404
11848777265,106.6390695,-6.1894567
3914858035,106.6097766,-6.191104
3914858036,106.6114508,-6.1912573
6917324393,106.6165662,-6.2053018
8488091242,106.6489874,-6.1579848
8434694041,106.591054,-6.1365852
3726769786,106.6746182,-6.2017181
3726769802,106.6762456,-6.2028654
7256931982,106.6109262,-6.1378779
12082478769,106.6482719,-6.1826485
5477367506,106.6035856,-6.1976117
5477367515,106.6059355,-6.2000116
5477367518,106.6069964,-6.1999269
8789163749,106.6664141,-6.1728504
8789163761,106.6657948,-6.1729
8552316709,106.6325711,-6.1463906
12140543786,106.6690174,-6.1449121
12140543787,106.6686262,-6.1448218
12195594037,106.6840688,-6.1626897
12195594041,106.6833213,-6.1612005
6548225883,106.6372275,-6.209133
7064518509,106.6068932,-6.2087328
9702866809,106.5946153,-6.1441563
12180914059,106.6714617,-6.1930817
12180914060,106.6693312,-6.1964921
8499232655,106.6019097,-6.2016882
12180914063,106.6689435,-6.1964277
7229407139,106.6192284,-6.1619366
5477367731,106.6102519,-6.2051659
5477367735,106.6108764,-6.2052038
5477367738,106.598677,-6.2008787
5477367741,106.5947678,-6.1968314
13070761972,106.6114592,-6.1822632
13070761973,106.6117637,-6.1823086
13070761974,106.611742,-6.1823897
